account_id,snapshot_end,tenure_months,plan_tier,arr_eur,licensed_seats,churned,active_users_level_3m_mean,active_users_trend_pct_3m,active_users_trend_pct_6m,dashboard_views_level_3m_mean,dashboard_views_trend_pct_3m,dashboard_views_trend_pct_6m,reports_created_level_3m_mean,reports_created_trend_pct_3m,reports_created_trend_pct_6m,connector_syncs_level_3m_mean,connector_syncs_trend_pct_3m,connector_syncs_trend_pct_6m,alerts_configured_level_3m_mean,alerts_configured_trend_pct_3m,alerts_configured_trend_pct_6m,api_calls_level_3m_mean,api_calls_trend_pct_3m,api_calls_trend_pct_6m,exports_run_level_3m_mean,exports_run_trend_pct_3m,exports_run_trend_pct_6m,logins_level_3m_mean,logins_trend_pct_3m,logins_trend_pct_6m,mix_share_shift_dashboard_views,mix_share_shift_reports_created,mix_share_shift_connector_syncs,mix_share_shift_alerts_configured,mix_share_shift_api_calls,mix_share_shift_exports_run,seat_utilisation_level_3m_mean,seat_utilisation_trend_pct_3m,seat_utilisation_trend_pct_6m,ticket_count_lifetime,unresolved_count_lifetime,resolved_rate_lifetime,mean_resolution_days_lifetime,mean_csat_lifetime,csat_response_count_lifetime,ticket_count_3m,ticket_count_6m,has_tickets_6m,tickets_per_month_trend,unresolved_count_6m,resolved_rate_6m,mean_resolution_days_6m,mean_csat_6m,csat_response_count_6m,plan_tier_Enterprise,plan_tier_Professional,plan_tier_Standard
ACC0001,2025-10-01,12,Professional,36602,33,False,39.00641139819786,0.03113263900391173,0.07752935409785111,169.53985160308704,0.06416258340382591,0.11321339165232704,40.668668233675426,0.09477852146459374,0.08348573186444859,103.05682072402249,0.10755480052349736,0.08868735963924576,17.50229340790063,0.09614999946269298,0.07029192588840395,293.733388346488,0.06928088573586025,0.09586126974050514,51.80687500289764,0.13081229004634368,0.06573348018053002,265.3711173024007,0.1639528553303895,0.12176864122167406,0.016317654441679513,-0.004464011075112795,0.0025316333206825137,-0.0030115511934270776,0.0026788755517743734,-0.014052601045596441,1.1820124666120564,0.031132639003911774,0.0775293540978511,17,2,0.8823529411764706,6.4,4.0,2,8,11,1,0.37142857142857133,1,0.9090909090909091,6.9,5.0,1,False,True,False
ACC0002,2025-10-01,13,Standard,27253,28,False,19.19363625743894,-0.02059005147987135,0.010184923315981486,82.44779895884075,0.028964392447273474,0.018177636841714896,22.87420920338756,0.12307739570184022,0.030600890898553862,67.63067867377121,-0.09537478720549411,0.005681147361716637,11.709177000525676,-0.006201512027011713,0.020839860198827373,145.36008538843137,0.012373755180316406,-0.0026126465278862336,24.760984839920624,0.057202715045383656,0.01812770696091833,132.285851052631,-0.024627730347576544,0.022050192279662244,0.010632772226315285,0.001795096154441872,0.006721665494043405,0.0018310143885927506,-0.02417871240870323,0.003198164145309962,0.6854870091942479,-0.020590051479871647,0.010184923315981384,5,1,0.8,4.0,,0,0,3,1,-0.2571428571428571,1,0.6666666666666666,4.0,,0,False,False,True
ACC0003,2025-10-01,15,Standard,24197,33,False,11.319765926041583,-0.0477297771201162,-0.005013963004956871,100.14586062796415,-0.011894365583126993,0.0013281262615328668,28.45496347551517,0.020585678536383788,0.023463802913456126,49.48927068954032,-0.01631381138364855,-0.013696788797249018,9.660279501677424,-0.047652002725374364,-0.006060250162133408,105.72548638167052,0.029292373985300504,0.0452735514257138,19.35614049406962,-0.09996249422717937,0.015159896566733092,114.51897100705195,0.1224828622540616,0.012930501674159609,-0.016782484122192742,-0.00028631371372950243,-0.00971824333970614,-0.0017803530515677866,0.02618227605166512,0.002385118175531109,0.34302320988004803,-0.04772977712011611,-0.005013963004956967,14,0,1.0,1.3571428571428572,2.8,5,0,2,1,-0.17142857142857149,0,1.0,1.0,2.0,2,False,False,True
ACC0004,2025-04-01,5,Standard,28637,33,True,11.693845219732006,-0.0007649069111152584,0.024844437205281227,74.60743017079345,0.09878901720292331,0.029537730386854366,20.77546876372342,0.040180269599396,0.022287377350893204,39.3994997626489,-0.043042665248861536,0.019065412264162855,8.116888867615339,0.04121512998264445,-0.02029443428803437,113.34729284368156,0.03304891372733279,-0.008122314681803066,22.00302062166102,0.01623033372841395,-0.002984076424373734,87.18916043877705,0.06542374653825186,0.02109966004324268,0.014775429171258347,0.002219198748236492,0.009055378087102384,-0.003165773396776775,-0.01951927640456519,-0.0033649562052551346,0.354358946052485,-0.0007649069111153027,0.02484443720528127,2,0,1.0,3.5,3.0,1,0,2,1,-0.057142857142857155,0,1.0,3.5,3.0,1,False,False,True
ACC0005,2025-10-01,10,Standard,13693,39,False,14.732916677976606,-0.013488768498124125,-0.014553788340265373,113.99399340094874,0.08342602804160702,0.008057078447383173,17.872676561435224,-0.053914057432823216,0.0032491174732996804,47.362314128973765,-0.02025931497026968,0.0016018827323092777,8.965632329655087,-0.05134402663593493,0.008199795298646135,106.24480642196956,0.0903717634199998,0.015729969855635066,26.866248048653432,0.0085830059381596,0.023401532536778607,90.99907818256156,0.07445080384014428,-0.014949816435599613,0.003178373539777346,0.0011599734022691571,-0.002520445293534568,0.0013931551247579228,-0.006930897247729717,0.0037198404744599317,0.3777670943070925,-0.013488768498124012,-0.01455378834026542,7,0,1.0,3.7142857142857144,,0,1,2,1,-0.057142857142857155,0,1.0,4.0,,0,False,False,True
ACC0006,2025-10-01,11,Enterprise,101414,112,False,39.1288836629044,-0.07645588464605073,-0.07817034208424659,185.6799978973648,-0.055914243839554255,-0.10102416430897725,67.30844299375475,-0.03136830726136373,-0.10681298021842778,239.69087852721032,-0.04598599968894763,-0.09794659549537063,36.884797191821555,-0.019191017671534374,-0.06864652144180838,922.9063134838965,-0.12496436405889245,-0.08380219544036853,63.2270383191678,-0.08716836139282537,-0.0708055022728408,322.7489606196677,-0.08664795232439014,-0.09743512613203743,-0.010663877247644074,-0.0055283216148616365,-0.004265446789080196,0.0013793033443137252,0.01829278957036662,0.0007855527369055454,0.34936503270450364,-0.07645588464605058,-0.07817034208424646,4,0,1.0,4.5,4.0,2,0,2,1,-0.2857142857142856,0,1.0,5.5,4.0,2,True,False,False
ACC0007,2025-10-01,15,Standard,25203,37,False,13.000719281710909,0.029876686963353986,0.07851236652507787,82.17403089978616,-0.0038135337457548585,0.03223092040189272,14.37690942122778,0.05027032670599299,0.07474490188161055,27.232205008888936,0.08169508597673221,0.06855195639382514,5.847863309426007,0.04006132879139292,0.05443897445851283,125.94355052105676,0.1404252429722008,0.07254113462973455,15.101115305868055,0.1202499213251057,0.05511920733799279,112.9985307927924,0.06830652263679458,0.08593056889836201,-0.01371949208001294,0.0035490218058699396,0.0018374893788212776,-0.0007143945095857002,0.012377329053461172,-0.0033299536485536865,0.3513707913975921,0.029876686963354236,0.07851236652507787,11,3,0.7272727272727273,5.375,4.0,2,5,7,1,0.1428571428571428,1,0.8571428571428571,4.333333333333333,5.0,1,False,False,True
ACC0008,2025-10-01,13,Professional,56698,66,False,26.266144294083137,0.12825455337637603,0.15013290447632088,181.49109005578907,0.085837404602817,0.053296122967209765,37.502539180367684,0.16374174717352974,0.10253977398881678,101.96497957146426,0.011606714836516254,0.04857131808825448,21.99590639050072,0.06953119304260326,0.06204979316081163,322.97635693353374,0.036373085492171144,0.08522632570167941,44.46167657039496,-0.011661560299844848,0.06617765518449581,240.5430053036861,0.009388820691997105,0.07576093715958292,-0.03045780801422826,0.0047954639533709514,-0.008683317374907212,0.0008394465082024079,0.029493210887733767,0.004013004039828287,0.3979718832436839,0.12825455337637598,0.15013290447632088,17,1,0.9411764705882353,5.4375,4.5,4,9,10,1,0.28571428571428564,0,1.0,4.9,4.5,4,False,True,False
ACC0009,2025-10-01,15,Enterprise,175772,184,False,99.31881232496458,-0.00957831415692881,0.01629987964545416,452.0132173058634,0.015450356113479254,0.019207097328543633,99.21529695216134,0.06913054281467207,-0.0077009920090217645,505.24077218140746,0.054404112892984746,-0.006053885195246315,53.509360547841844,-0.06706437982433365,-0.005966977896097176,1528.1851045670744,0.04247044817435239,-0.01595491913627172,130.68358095095348,-0.10703181328505589,0.0017696934330555369,504.1489754343914,-0.012243551522018252,-0.0016090377361759243,0.012820958383788522,-0.0005914115567194969,-0.002165541503045959,0.0009626918448433601,-0.014616692124972186,0.0035899949561056035,0.5397761539400249,-0.009578314156928882,0.016299879645454138,3,0,1.0,4.666666666666667,,0,0,0,0,0.0,0,,,,0,True,False,False
ACC0010,2025-08-01,16,Enterprise,125258,199,True,24.043033706167506,-0.28212210736123505,-0.1716358689119242,128.09053242682197,-0.0731769734737694,-0.11736542861850054,19.494727184391454,-0.32041862673446403,-0.18580866942297194,64.41260509053733,-0.1666022862493701,-0.16089490657280817,13.178011308531765,-0.08926391073319506,-0.15870059597354808,265.9515820097561,-0.2261914235161982,-0.18775286752121517,28.634478667703377,-0.1587312984657664,-0.1273803841024126,180.96494107045305,-0.14860403533611372,-0.16840662397908168,0.030275424579566196,-0.0004632648676005033,0.004081215132458654,-0.0005849117469808075,-0.039320642401297956,0.006012179303854448,0.12081926485511311,-0.2821221073612349,-0.17163586891192445,6,2,0.6666666666666666,7.0,1.0,1,1,2,1,0.057142857142857155,0,1.0,10.5,1.0,1,True,False,False
ACC0011,2025-10-01,19,Professional,59050,70,False,61.55196227521856,0.05302411845600902,0.04280606030310705,413.8953731589083,0.03057058658117914,0.02290508630984871,76.83944988611405,-0.000244480631700522,0.012666264907232263,160.44512260400168,0.05191620902288368,0.020040276821631803,38.892398170292424,0.016966972388935887,0.021097428230822952,843.8414761326867,-0.07942956680109582,0.007355223227384075,94.85394520170932,0.0779550789244307,0.021278956883851605,480.3071396680776,-0.006693324378831628,0.033241316219223,0.007300165872839243,0.0009346457538436936,-0.0009191967528036499,0.0011233794977197134,-0.006297683500095297,-0.002141310871503925,0.8793137467888364,0.05302411845600906,0.04280606030310707,4,1,0.75,4.333333333333333,4.5,2,2,3,1,0.08571428571428572,1,0.6666666666666666,3.5,5.0,1,False,True,False
ACC0012,2025-10-01,18,Standard,18085,38,False,3.7903366555459854,-0.1808234763986624,-0.10729324850765785,29.018510922642985,-0.02524327964698147,-0.11085030422613788,3.4553373937899416,-0.20642208629111145,-0.143352729409515,9.713187492009109,-0.10284563050073767,-0.07388660857681768,2.7776433127329443,-0.23165568961452157,-0.12595258339120174,42.60192359801406,-0.14581244734548873,-0.14315145699995468,8.281664588433765,-0.04824058776407191,-0.10588927632581745,30.688214880539146,-0.04832402821541223,-0.10124914732192508,0.0002556502447221831,-4.184689751017545e-06,0.013929990681801022,0.0033646811791378135,-0.02158425391752944,0.0040381165016193515,0.09974570146173645,-0.18082347639866203,-0.10729324850765776,3,1,0.6666666666666666,4.5,3.0,1,0,1,1,-0.028571428571428577,0,1.0,4.0,3.0,1,False,False,True
ACC0013,2025-09-01,14,Standard,12426,31,True,13.542003828397133,-0.028113027787981373,0.0002619414682213664,102.31042215464204,0.0760257371922601,0.012892948639764971,20.416093748052933,0.015592031292729201,-0.014390631693601195,48.63544362106135,0.016204515729640212,0.010984476792531186,8.996734487969455,-0.03211021780483102,0.0029873421499763374,105.85571256282014,0.004019201518775266,0.017092472723286407,23.693936265692773,0.05115029968706816,0.005077384267635745,99.24950063413833,-0.026366974898450742,-0.006998116737821509,-0.0023780491211435884,-0.006724580681453374,0.0044594301083097365,0.0011212672332704815,0.008707417674268303,-0.005185485213251545,0.4368388331741011,-0.0281130277879815,0.00026194146822123074,4,0,1.0,1.5,,0,1,3,1,-0.08571428571428569,0,1.0,1.3333333333333333,,0,False,False,True
ACC0014,2025-10-01,17,Enterprise,113374,121,False,89.30132886535473,0.024971813698173178,-0.0025269061459877447,755.9651159802248,0.035783543847197806,-0.018591484980937725,157.39909464426364,0.18840619371805845,-0.00086753661574439,549.0373273513914,-0.011825691173680779,0.03311670747453111,47.40121310983424,0.06839336434766849,-0.0046490377071497216,1569.3678031989848,-0.018411585026349084,0.0195120265747018,150.0370309064534,-0.034119924068213896,0.007814733100052675,558.6446778489664,-0.017238348625479197,0.024038241871656506,-0.023975606821444867,-0.004499320884059993,0.007097596654899757,-0.0012754335778722044,0.02327890696675966,-0.0006261423382822456,0.7380275112839234,0.02497181369817332,-0.002526906145987698,15,0,1.0,1.4666666666666666,3.0,2,1,3,1,-0.1428571428571429,0,1.0,1.3333333333333333,,0,True,False,False
ACC0015,2025-10-01,16,Standard,14303,26,False,16.428115678467964,0.011684198466807873,0.006754589942220512,128.19596142280838,0.062673483201844,0.04035523238926183,19.22545391178389,-0.030710360453573105,-0.014967176950328683,49.55915919843826,-0.06999490757048209,0.013323329872482118,12.38317591235932,0.03370689310178896,0.052416830271550266,219.42445191212582,0.0185068844584637,0.02109366190356673,37.248512752799655,-0.03234771988331271,0.000184313073234756,157.21967240192797,0.019148963017364327,0.007942951809042715,0.009934886430258416,-0.00429105360176326,-0.0009420253670475165,0.00350615357468469,-0.0037734955364365774,-0.004434465499695603,0.6318506030179986,0.011684198466808005,0.006754589942220461,5,0,1.0,3.4,4.0,1,1,3,1,-0.14285714285714282,0,1.0,4.333333333333333,4.0,1,False,False,True
ACC0016,2025-10-01,21,Standard,13992,37,False,11.990148849957935,-0.004284943483428484,-0.008464635028564853,92.83614264168837,-0.119298137601192,-0.01977545965229877,22.990214519264786,-0.009449791268165175,-0.03658260444891405,54.213989224488735,0.03578622342906717,-0.006465344099593976,7.229959774955648,0.025328662630578515,0.0017075970853632323,133.63890070139922,-0.05222722768516874,0.015610069365367046,28.528636293468907,0.07370865794808934,0.00717483093730013,103.97588392110413,-0.10266347080694893,-0.0001822758864754239,-0.004876109897188563,-0.0056672550501391805,-0.007950270515058477,0.001206554455530827,0.019502944787372356,-0.0022158637805167053,0.3240580770258901,-0.004284943483428423,-0.00846463502856483,1,0,1.0,5.0,3.0,1,0,0,0,0.0,0,,,,0,False,False,True
ACC0017,2024-07-01,5,Enterprise,92627,172,True,52.528919203134684,-0.1416883602709185,-0.09009462968053229,480.4217657264472,-0.09415221358038674,-0.05183729406716903,78.90604223588518,-0.15776054483529506,-0.1295611271188269,246.11541443825936,-0.15214113071581065,-0.08926879505406934,29.306810218045488,-0.1583729284256835,-0.09233672841137378,1083.964202276816,-0.15250931496141323,-0.11879468842526351,119.57908639822153,-0.06388595476309869,-0.07751044944052529,507.4472969764606,0.015207870020601696,-0.06367957531544724,0.02464363313548576,-0.00511703161098865,0.013588669750990323,0.0005298432465774931,-0.03540707784936847,0.0017619633273037172,0.30540069304148076,-0.14168836027091847,-0.09009462968053232,6,1,0.8333333333333334,6.2,,0,2,6,1,0.057142857142857106,1,0.8333333333333334,6.2,,0,True,False,False
ACC0018,2025-10-01,21,Standard,16002,14,False,12.279092317198186,0.11526595263098782,0.02643404273002113,107.53212349279842,0.059798978465207424,0.009665564344301276,22.280861572589686,0.01208564202025797,0.009872597062395407,47.63751971090363,0.06063182347260134,-0.042330158253358306,10.660953739333541,0.04874745027813053,0.003121278542353993,120.29424124466675,-0.0031059730638686132,-0.00014716618586795008,29.5893652426068,0.04280519071217343,0.014214869335885682,93.91049479031904,0.020130731951636446,0.031540575747712234,0.0050374040666580355,0.0035294052066495857,-0.021004297141655637,-4.279686805063604e-05,0.009426442937236768,0.0030538417991618355,0.8770780226570133,0.11526595263098803,0.02643404273002108,7,0,1.0,3.5714285714285716,4.0,3,0,0,0,0.0,0,,,,0,False,False,True
ACC0019,2025-10-01,11,Professional,38266,66,False,43.83580977514089,-0.00244717533775503,0.04394222645422163,181.2568943267021,-0.00064409172839106,0.00439999403580152,37.480487294682156,-0.06893595799541759,-0.01328386468164667,158.6164679564474,0.01937295209497073,-0.004020263206934715,23.690282424822772,0.07876523716673257,0.00173964894923347,423.6020342980767,-0.04310553924108018,0.00565721538456547,75.68480045355334,0.04632988822827383,0.010991580471787644,211.12965648820668,-0.015118122298212052,-0.0034704216442094904,0.0023097770954807195,0.0011289002791174951,-0.004210110615842616,-0.0003079259537852319,0.0004380188371775895,0.0006413403578519467,0.6641789359869831,-0.0024471753377551626,0.04394222645422154,17,0,1.0,1.588235294117647,3.0,4,2,3,1,0.257142857142857,0,1.0,1.6666666666666667,,0,False,True,False
ACC0020,2025-09-01,10,Professional,66991,90,True,49.47056449386364,0.02464311563136327,0.02494405460003705,260.0186633184365,-0.04065966411105466,0.016184092970660827,57.05320597198148,-0.05507476323155121,0.005971761296580449,103.39806238339482,0.007156977844236415,-0.012341472289432292,19.802308681979984,-0.06095714748527886,0.008849452778294978,661.2365954451961,0.014318257034894397,0.009453437689324037,53.1525458510874,0.0302469540071503,0.02366109541501951,320.57696174613534,-0.04034842762008482,-0.001527248731457109,0.004004900704588588,0.00034780225540136794,-0.007106955287094985,0.0005644649277833577,0.00022505034098463383,0.0019647370583369475,0.5496729388207071,0.02464311563136339,0.02494405460003719,4,0,1.0,2.5,3.0,1,1,3,1,-0.19999999999999996,0,1.0,2.0,3.0,1,False,True,False
ACC0021,2025-10-01,21,Professional,40341,33,False,30.704111122593172,0.11764154530114504,0.05715863825678265,239.54987454088032,0.1597351715437518,0.08475451446957331,50.159245379617225,0.13796349700212243,0.05963946073503927,120.92449525829403,0.05325895067048712,0.02637663512978677,21.88641258639862,0.20888647023932164,0.05113117404272081,350.5847002273012,0.14012616273590225,0.07308891879881854,47.84837536157406,0.027248213750343735,0.07617805286218278,213.5003607580854,0.0888469754850583,0.03543251640136491,0.017818244208281375,0.0007461741970760175,-0.0250975677667315,-0.002336127965664233,0.008460155731640384,0.0004091215953977573,0.9304276097755505,0.11764154530114519,0.057158638256782676,14,2,0.8571428571428571,6.333333333333333,3.3333333333333335,3,1,8,1,-0.6857142857142856,0,1.0,6.75,4.0,2,False,True,False
ACC0022,2025-10-01,21,Standard,27237,15,False,24.730415954072658,-0.08919207807645613,0.0019254020652551475,99.88161587199166,0.08060708043183361,0.013821496172259732,37.72926588874685,-0.001000117979567838,0.0040709287836870915,90.94503401608085,-0.01067480303248131,0.04356025317877523,12.396626294032979,-0.009983568259073535,0.031665678255853764,232.1726441836178,-0.06860714461916796,0.017814448211248717,42.68820416027501,0.02484187154395636,0.007759563051999108,164.89079472004514,-0.05751376796310957,0.01631406476803014,-0.010539592151966759,-0.007045919179964305,0.009827881478088552,0.0006844136305896274,0.015763558006495537,-0.00869034178324278,1.6486943969381773,-0.08919207807645613,0.001925402065255107,8,1,0.875,4.857142857142857,5.0,1,1,2,1,0.057142857142857155,0,1.0,3.5,,0,False,False,True
ACC0023,2025-10-01,18,Professional,72567,39,False,8.94993044856874,-0.16413515592366829,-0.1120225644687531,63.81275139096284,0.033557384015479204,-0.1411139363830947,17.20375336117763,-0.08429089428650499,-0.08357758570510829,37.13400302999014,-0.10350799379021311,-0.16102862211442429,6.535312602933311,0.0280208802697994,-0.10780116582508556,152.00326326123306,-0.0609506334750176,-0.11098829762051131,15.545544634125491,-0.08311370686135701,-0.11799206453920623,89.21563292267966,-0.13824962502095298,-0.11157569121195055,-0.025285587330058035,0.007958617281922958,-0.015529927034929447,0.0016582751655221557,0.025289581403976635,0.005909040513565833,0.22948539611714716,-0.16413515592366837,-0.11202256446875311,3,0,1.0,3.3333333333333335,,0,1,1,1,0.1428571428571428,0,1.0,4.0,,0,False,True,False
ACC0024,2025-10-01,15,Standard,14902,19,False,11.645707789056175,-0.004411677770950506,0.003738255240591923,116.07052137930994,0.08344604282432225,0.010138232171876793,27.09690220179122,0.003662170857977233,-0.0017664578126655743,46.13594734274189,-0.09320659136869797,-0.006054070022650548,8.638957003832614,-0.11000687391474537,-0.000809302000626922,88.07902766364477,-0.05219394864556488,-0.02346605084350214,31.678759284867535,0.01811305577019885,0.016883427975425545,133.54302944098472,-0.07339859298456611,-0.015812225968771992,0.011430976502742385,0.0016032083733759916,0.00493276687648031,0.0009307409765953387,-0.021145901992963734,0.002248209263769632,0.6129319888976933,-0.004411677770950344,0.003738255240591897,19,0,1.0,1.6842105263157894,3.25,4,0,2,1,-0.17142857142857149,0,1.0,1.0,3.0,1,False,False,True
ACC0025,2025-10-01,17,Standard,20128,34,False,9.261626666761295,-0.04772977712011602,0.018623513635403103,108.4104904554211,-0.005878404940260904,0.06144947925676538,16.059324858476156,0.10559562367317188,0.07135203077427414,31.726036155066698,0.08082621550811489,0.017249803807185923,8.604858361970257,0.009393447629848973,0.06831450292897023,109.90205007785879,0.023247083650863146,0.06922951046137517,14.477043863287024,-0.014237957694727884,0.09949279749824093,79.37954209715534,0.05785525407447121,0.04093470138762317,-3.232606506348157e-05,0.000827716974649742,-0.018829769599990484,0.0009822366202486138,0.009552854812889866,0.007499287257265931,0.27240078431650866,-0.04772977712011618,0.018623513635403023,22,3,0.8636363636363636,8.68421052631579,3.7777777777777777,9,4,12,1,-0.2285714285714286,0,1.0,8.083333333333334,4.6,5,False,False,True
ACC0026,2025-10-01,16,Enterprise,90730,95,False,73.00844611078871,-0.02767607684593441,0.002389744605336126,403.7033301266715,0.0494678844967256,-0.008904805937170778,108.6584392869151,0.10737719210916719,0.014426979611819794,465.37259590718764,-0.050246547678525724,-0.0011359763881096476,44.863205665494185,-0.05994612620658494,-0.017945811145894545,1581.8810215725223,-0.03853770299815618,0.0016359598931214299,144.40723502438416,-0.010123916778399055,0.010716796198948544,516.2634475264086,-0.11811589674616119,0.008732353014115094,-0.011469177180113671,-0.0007795298614879514,0.009619130750636168,-0.0002235147653946723,0.0018093893812435313,0.0010437016751164777,0.7685099590609338,-0.0276760768459345,0.0023897446053361276,4,0,1.0,5.25,4.0,1,1,2,1,0.11428571428571424,0,1.0,5.0,4.0,1,True,False,False
ACC0027,2025-06-01,15,Standard,16557,15,True,2.8243387259266974,-0.1535820409407048,-0.1672431458352991,34.00143122524762,-0.10274866709485185,-0.13783047909222787,2.4627227905969282,-0.16720552098167515,-0.1994327108616969,12.25493451236917,-0.2193601240182096,-0.14295066883153507,2.4548087044278035,-0.17620570701038857,-0.052449610532648926,43.99429355230665,-0.2316760831053436,-0.15353185048302956,7.363341373015192,-0.101676736277336,-0.1424885857033201,25.21254331626827,-0.18932462018442675,-0.15875222905198666,0.0030012518079489126,-0.00789109121039775,-0.0015928970657429764,0.006002366138120215,0.002054894520843953,-0.0015745241907723223,0.18828924839511318,-0.15358204094070463,-0.16724314583529923,9,0,1.0,4.666666666666667,5.0,1,3,3,1,0.2571428571428572,0,1.0,4.0,,0,False,False,True
ACC0028,2025-10-01,18,Professional,53251,35,False,40.48814870862427,-0.0618136590820406,-0.020625409982050803,270.5429673599944,0.016433801273643547,-0.0038898619349559287,43.83479728698316,0.03577753972806131,0.005642910529813756,118.72071034714894,-0.021718677875300185,-0.0011292088502033255,29.613540896488526,0.0030068667265071166,-0.01004880442259726,458.1563359556562,0.06277072525324738,0.013057059841483615,57.30152754137925,-0.059151787291894735,0.0004143182151471392,228.76094106665744,-0.07075414090401326,-0.011817389939855427,0.0020270094593115573,-0.000940805574200218,0.00312603442995614,-0.001840425254905697,-0.003683712621940727,0.0013118995617788579,1.1568042488178365,-0.06181365908204075,-0.020625409982050813,6,1,0.8333333333333334,3.8,3.6666666666666665,3,0,0,0,0.0,0,,,,0,False,True,False
ACC0029,2025-10-01,21,Professional,70846,43,False,27.058999482706028,-0.012873371053559493,-0.020158898642221274,203.76353436359798,-0.014558628638460414,0.0030022331816304134,61.05876552136954,-0.0060327095812197145,0.004078896137752023,158.85091827178192,-0.022494073219147495,-0.009485281089105593,23.350156717326637,0.0821030325294994,0.01316485733743225,506.51408728246514,-0.09031104480966617,-0.009946793413861404,65.53092153737647,-0.032963273411792796,0.005530251606368097,288.0987856952731,0.07382344805446751,-0.017823965204270337,-0.0042062612364664465,0.002946564355345481,0.0029149603400926705,0.0005985993215841638,-0.003981652329632268,0.0017277895490764722,0.6292790577373495,-0.012873371053559454,-0.020158898642221305,4,2,0.5,3.5,,0,0,0,0,0.0,0,,,,0,False,True,False
ACC0030,2025-10-01,13,Standard,12901,27,True,10.97957841820496,-0.044735109302889355,-0.04172923418386447,63.809582685048184,0.02874426713044364,-0.011357837470803357,21.23486547424433,0.04360069031580286,0.052458722503261744,33.23794442699782,-0.03251373570472706,-0.015607577516421455,7.896760808274259,0.07876523716673275,0.016718869787945546,128.56019246270952,0.013958929539635992,-0.01829215572980972,18.28919408757127,-0.04914939512208975,-0.011185820290914049,83.01034618941934,-0.141807851430885,-0.010288536837071045,-0.007769058224254083,0.013697591393875996,-0.004462676471570379,0.0008681948742673869,-0.002888854169095345,0.0005548025967762882,0.4066510525261096,-0.04473510930288941,-0.041729234183864414,2,0,1.0,9.5,,0,0,1,1,-0.028571428571428577,0,1.0,12.0,,0,False,False,True
ACC0031,2025-10-01,21,Professional,71367,74,False,37.874853687364975,0.11340508717671341,0.046445623063987786,188.01873977485948,0.15056707167250644,0.060948414969860254,41.98710471019274,-0.09146199054084786,0.04818667080017979,88.37058469836921,-0.08005427502081122,0.03595500266822528,15.426495145705056,0.15411474344743198,0.030258407830943114,310.252723053823,0.06789254493364785,0.022389427253916072,46.816276016700066,0.026782218070596202,0.06338251302448669,293.7190924430674,-0.08172727441450278,0.034846378393192046,0.013990007603635335,0.006161083462791296,0.007054005898420257,-0.0016107874946712439,-0.03241519965977735,0.006820890189601643,0.5118223471265537,0.11340508717671316,0.046445623063987744,13,2,0.8461538461538461,4.7272727272727275,3.3333333333333335,3,3,4,1,0.34285714285714264,0,1.0,3.75,4.0,1,False,True,False
ACC0032,2025-10-01,16,Standard,29881,27,False,4.47496522428437,-0.16413515592366829,-0.09008534357699623,29.407960703288325,-0.07853270802242539,-0.11031703865469,5.841821854338137,-0.05821643847564626,-0.09024646134192132,13.158190411292454,-0.05011333361395701,-0.09616004389258888,2.4303197267217764,-0.2647622327381031,-0.09784935423849044,50.632866318475216,-0.18021673029855967,-0.11329855712038252,10.402796963638634,-0.1997864490749742,-0.11229194977076418,36.22216948509151,-0.06298304871408533,-0.0925408143415449,-0.012215245738466607,0.0025109878102594282,0.007076880486816262,0.00047819331007004084,-0.0036829325593266127,0.005832116690647385,0.16573945275127297,-0.1641351559236682,-0.0900853435769962,3,0,1.0,5.666666666666667,,0,0,2,1,-0.22857142857142848,0,1.0,5.5,,0,False,False,True
ACC0033,2025-10-01,12,Standard,23381,34,False,14.714417480089438,0.019721058787625603,0.04593026655326509,94.30037628783164,-0.01990163743575014,-0.015105593670971636,13.783561790429905,-0.13227986167269984,0.00823917960587829,35.306300774008925,-0.03491895569789163,0.009504569675382052,9.605532599626374,0.1104421074885657,-0.001881148209922089,93.69608563801914,0.023271576934914412,0.005984629768300345,18.60045262669173,0.007369843723745623,0.02871781850355318,76.87568223163315,-0.04216460217106356,-0.005268041137959139,-0.018944410318644744,0.0023574355064648195,0.007159930328946629,-0.0007040556613606974,0.004618309349522565,0.00551279079507129,0.43277698470851284,0.01972105878762563,0.04593026655326504,7,0,1.0,3.5714285714285716,4.5,2,2,5,1,-0.028571428571428543,0,1.0,4.0,4.5,2,False,False,True
ACC0034,2025-10-01,13,Standard,17452,19,False,13.377905185321872,-0.047729777120116286,-0.013993105611106973,104.65457970799388,-0.017383243579919362,0.021260024996543194,24.725348691076494,-0.0353414229221277,0.005196662218571161,61.74591893492499,-0.09953569189437245,0.016123183186537358,8.244084394285426,0.07544685475852601,0.0320141598221991,136.5197961269848,-0.008677565370859001,0.01305014099039627,30.349716203005034,-0.03147341545391943,0.03801271366040548,136.7356523316374,-0.015888051174039203,0.028619595190693382,-0.001124335530461984,-0.0011536776042575941,0.0018889587038773692,7.429378509422532e-05,-0.003143185256428982,0.0034579459021770037,0.7041002729116775,-0.04772977712011611,-0.013993105611107047,3,0,1.0,6.0,4.0,2,1,1,1,0.08571428571428572,0,1.0,6.0,5.0,1,False,False,True
ACC0035,2025-06-01,7,Standard,15190,27,True,5.6587102708364405,-0.05616776632169533,-0.09025997686764443,46.63783897057251,-0.08761768773515304,-0.08902891744470415,10.946871822337732,-0.053502010836663554,-0.11979582920687701,33.66125260842662,-0.16646671313525505,-0.12440079878961223,4.204170854961008,-0.21495702308204426,-0.10677244998578238,77.91214738511171,-0.050752002283157634,-0.10784702113191186,17.17595466023857,-0.1115211197039391,-0.1093566789622233,53.70428961287494,-0.11824990295809526,-0.08312045747495116,0.025540538924056166,-0.00475054294939805,-0.012795435503304808,-0.00023380777637954653,-0.007927514141044922,0.0001667614460712924,0.20958186188283112,-0.056167766321695234,-0.09025997686764442,5,0,1.0,4.6,3.5,2,1,2,1,-1.1286362135477398e-17,0,1.0,5.5,2.0,1,False,False,True
ACC0036,2025-10-01,17,Enterprise,169569,84,False,93.45312079406303,0.01863076736345507,0.008306316061077094,450.5631155671255,0.02688355782606361,-0.036972806407416785,107.30807215609106,-0.08235807018589895,-0.008631076880743825,481.7612363700384,0.09286745333412381,0.012291459242775922,80.5427367684855,0.022469878143395173,0.014013923537682334,1922.752002053785,-0.07635415020105336,-0.007717943614152297,155.68383212922427,-0.12861038796167165,-0.018160426539821944,855.1664912622837,0.12056765261682924,0.012640993284670434,-0.021847386116802092,0.0009846319575580118,0.0034736079882192183,0.0014473006497110127,0.016698374488017587,-0.0007565289667035013,1.112537152310274,0.01863076736345517,0.008306316061077058,4,0,1.0,3.0,4.0,4,0,1,1,-0.08571428571428574,0,1.0,4.0,3.0,1,True,False,False
ACC0037,2025-10-01,13,Standard,29056,21,False,15.776231952438783,-0.049813937028187746,-0.00903853231365793,74.9886125936362,-0.03493581328458922,-0.00799212791071082,24.979411208516478,0.07148102551012805,0.01899920506179002,34.84547838804071,0.0522005239906479,-0.011756679281673704,6.896086570618142,-0.05191868400843579,0.015913559462493003,168.4400152580176,0.07798065841686841,0.017376498056097766,22.72386139009643,0.02113586189972202,-0.016026556773531098,89.15220091272617,0.002590898729344069,-0.01710646902003357,-0.0006321417982355082,0.003201843402088733,-0.0097028256173253,0.002036587047627176,0.011831298417691594,-0.006734761451846746,0.7512491405923231,-0.04981393702818787,-0.009038532313657954,6,0,1.0,5.0,4.0,2,2,3,1,0.028571428571428577,0,1.0,5.666666666666667,,0,False,False,True
ACC0038,2024-10-01,8,Professional,59479,58,True,16.17617060700205,-0.13925512182787309,-0.16067724088614738,133.93552469751526,-0.08936878392665479,-0.11003291033457942,15.196983760404828,-0.19146651319975652,-0.15180731348649673,72.35670247621503,-0.1681061006620507,-0.1390659686916878,10.381827437047084,-0.14859171735906637,-0.1657844079574214,195.82510887145392,-0.11553468814429249,-0.11682249104748837,25.69900536019181,-0.2462556136406293,-0.11379176993258834,202.47858059386127,-0.00535218677248081,-0.06338066703675664,0.0016572127028914307,-0.003506237036984862,-0.010637116462987456,-0.006183785303151789,0.018059118474175295,0.000610807626057211,0.2788994932241733,-0.13925512182787303,-0.16067724088614738,11,2,0.8181818181818182,4.777777777777778,2.75,4,6,9,1,0.19999999999999982,2,0.7777777777777778,4.285714285714286,2.75,4,False,True,False
ACC0039,2025-10-01,14,Standard,19347,31,False,10.569647671884795,0.147849116081127,0.01600360221214568,63.90914915330637,0.17035637624333946,0.0183548589623162,19.532235163787206,0.02249223114864645,-0.020175685577186093,51.92603378404946,-0.06319566187508928,0.01446046023328842,6.1745386352484815,0.1173020700469877,0.026074374743827164,124.71120145746583,0.02267615103426537,-0.006030874309833902,27.24564634668249,-0.03139331415483681,0.012471221581763163,87.58473246380187,0.06671172774126435,0.006655652952295361,-0.002304368870323481,-0.007826154009513753,0.0088356320092082,-0.0003212901534501329,-0.0058679898068694225,0.007484170830948725,0.3409563765124127,0.147849116081127,0.016003602212145758,6,0,1.0,4.0,4.0,3,1,2,1,0.057142857142857155,0,1.0,6.5,5.0,1,False,False,True
ACC0040,2025-02-01,5,Professional,66654,36,True,31.133144532471807,0.060954424884336604,0.016027817252939766,228.17435574959623,0.06389679111594779,0.010922320006118985,39.90393983602847,-0.02859492572760905,-0.002036105744687922,104.85240271268698,0.0854714651108102,0.028516489973849146,24.916455169468076,0.1466722086558946,0.033228515482394486,622.8792165494683,0.01768025066391001,0.030755944745323623,59.83236928105268,0.04088540561580051,0.013888037986033303,292.50872243206663,-0.04106990079725024,0.008401544760085613,-0.014882036779875069,-0.001874312242531019,0.00020178930585594557,-0.0008206706447184478,0.02061999129297798,-0.003244760931709327,0.8648095703464392,0.06095442488433651,0.0160278172529398,1,0,1.0,2.0,,0,1,1,1,0.1428571428571428,0,1.0,2.0,,0,False,True,False
ACC0041,2025-10-01,15,Enterprise,170150,174,False,140.2308928640147,0.1155611168337246,0.03693346241759111,751.2840231838309,0.06020167341510946,0.03273798342892743,107.48139105177755,0.05454098553542193,0.03589557216422011,395.2931297775796,-0.03520555150518181,0.021336546060687644,82.24961780912481,0.011692902384870101,0.006466143263234556,1922.2467437595687,-0.07011564263837547,0.00495199271692498,237.737436514594,-0.046239909117093914,-0.024609240390703162,883.9244301010662,-0.032027693590653765,0.005622410363512943,0.01199181773714536,0.001098422032031053,0.007260289239313086,-0.0010570283307066684,-0.009765636496807062,-0.009527864180975731,0.8059246716322682,0.11556111683372469,0.03693346241759113,5,0,1.0,4.6,,0,0,0,0,0.0,0,,,,0,True,False,False
ACC0042,2025-10-01,17,Standard,17060,14,False,13.330914697790634,0.06949624237092697,-0.003915732463438398,125.83443046014258,0.04772158178231159,-0.005712131772417015,16.824038501402228,-0.021617515384606375,-0.031013965530803902,62.91967295770889,0.008755191665232075,0.012337643648585497,10.361179176858391,-0.10159467001725583,-0.0039401676089851735,106.14937659030859,0.01065964188908432,-0.012971406716224317,29.709775593951946,-0.0836161680095178,-0.0004160972049927746,90.89333683395897,-0.003992277982636664,0.008233147374154355,0.0041290202697428224,-0.00322270478644876,0.01224418652505263,0.0009607261694201188,-0.015878298953982628,0.0017670707762156984,0.952208192699331,0.06949624237092684,-0.0039157324634383674,15,0,1.0,1.4,3.3333333333333335,3,1,5,1,-0.3714285714285713,0,1.0,1.2,4.0,1,False,False,True
ACC0043,2025-10-01,15,Professional,77647,84,False,37.43069311270898,0.21536901467591577,0.09319994371698063,132.32963435335742,0.06380356553832983,0.08084150077701398,30.859020847584475,0.013471577780785554,0.030399203874797606,126.77826643280419,-0.033974712128597206,0.02801151098340497,18.905038133618966,0.0603904917921338,0.0979231597326778,303.8914587017469,0.004651571753547091,0.08581162361891552,45.02071698274761,0.07830995694798794,0.08446292986210419,205.35603459855793,0.022604995152825248,0.06061440900511041,0.004522570775934515,-0.0017205253353733546,-0.021427164259304993,0.0031023843444573304,0.014858139023857742,0.0006645954504287538,0.4456034894370116,0.21536901467591585,0.09319994371698061,13,2,0.8461538461538461,7.545454545454546,,0,3,9,1,-0.14285714285714296,1,0.8888888888888888,7.125,,0,False,True,False
ACC0044,2025-10-01,10,Enterprise,127962,142,False,108.87642615792059,-0.08464611854267329,-0.044901708034711114,469.78430154228323,0.02928521379455491,0.01849735978288649,119.6177990990828,0.10093551227453806,-0.00043934832247714654,350.8152383647352,0.010911663999457807,-0.03125119082955929,59.56095499731455,0.012075845545308763,0.019741324702314336,1177.249891633119,-0.004810631915672468,0.008620601104721959,145.16997672934357,0.12173607740486395,0.0054875360915499685,585.7838498158173,-0.029235865674125647,-0.007876320481841401,0.0047828750594105796,-0.004044429827807568,-0.012137505295086753,0.0012231273775922258,0.011704741733321367,-0.0015288090474297883,0.7667353954783139,-0.0846461185426734,-0.044901708034710976,1,0,1.0,2.0,,0,0,1,1,-0.028571428571428577,0,1.0,2.0,,0,True,False,False
ACC0045,2025-10-01,21,Professional,48129,58,False,57.87410579262221,0.005706555068567056,-0.005680085334639688,249.29326274646385,-0.05384889149539259,-0.027007582721625262,46.93856057926937,0.03461935897580586,-0.014855368537027267,113.79236319672695,-0.013571022239701584,0.010150993078158857,23.745029326873823,0.014520250954297953,-0.024664904059841532,451.9922232905908,0.09277940022636011,0.01024426825376318,90.98411757878675,-0.009271906326337466,0.013899760179294283,387.7061479534,0.07518226880072844,0.02124127343026783,-0.013212966561255313,-0.001449852100407517,0.008087749895804464,-0.001974774535148518,0.003336278157521022,0.005213565143485921,0.9978294102176243,0.005706555068566874,-0.005680085334639763,15,0,1.0,1.4666666666666666,2.8,5,0,0,0,0.0,0,,,,0,False,True,False
ACC0046,2025-10-01,10,Standard,19970,26,False,12.316090712972525,0.0355255327797371,0.015610773295052935,72.57082512313234,-0.03247102058737759,0.01671787526427796,19.83901641579052,0.07404942286616628,0.00917897340017074,50.20502918693467,-0.05051599231544941,0.0022146663019920712,8.584210101781563,0.06649910339457735,-0.00397701992052634,90.193603888319,0.04332878497651059,-0.010416030796995537,22.823739481949165,-0.11512869628929588,0.025444959291262986,87.90924320845977,-0.04385293915781147,0.011827400226162701,0.008458974783695616,0.0009236079208606168,-0.0014290983751881758,-0.0016698542418263698,-0.01729699384441824,0.011013363756876574,0.47369579665278944,0.03552553277973718,0.015610773295052878,12,0,1.0,1.4166666666666667,3.0,2,3,6,1,0.17142857142857135,0,1.0,1.1666666666666667,2.0,1,False,False,True
ACC0047,2025-10-01,16,Enterprise,181199,118,False,94.65165317594092,-0.04309478626675216,0.009303203844784015,765.5108234844844,0.07216649439551806,0.012400319429831684,161.25321383669032,-0.006765257601840721,0.016402030896814863,455.9509182040133,0.03779837949277672,0.006495485507200009,83.06190203912068,-0.0166867388275521,0.014000011909066488,2266.9422983878903,0.025272784422306818,0.02793603416349541,217.20057491015186,0.028692438926754618,-0.002215837111919106,923.086458479674,-0.04077107686954293,-0.021826458422268515,-0.012686095537815162,0.0007394911510643781,-0.00664298812083991,-5.036055643574053e-05,0.023530905398728263,-0.0048909523347017494,0.8021326540333978,-0.04309478626675227,0.009303203844784018,5,1,0.8,3.25,5.0,2,1,1,1,0.02857142857142855,0,1.0,4.0,5.0,1,True,False,False
ACC0048,2025-10-01,12,Standard,23272,33,False,15.026113698281995,0.08765584845858558,0.01388619619210886,74.51138300918237,0.027743615303187617,0.009501577422718892,22.60785769780175,0.03593845335153875,0.01900171569223056,41.921837096631,-0.04718787377927604,-0.008469499166729691,9.292307655477561,0.0031941821872853837,-0.01022237917100627,144.60764167202953,0.03703176300275132,-0.005704455694554014,18.962427393908612,-0.021404417975836445,-0.006789714453388972,98.75298971797265,-0.08901688362308224,-0.016716643532103673,0.010193230226353961,0.0041355458787292465,-0.0003109739770811304,-0.0013261814351712524,-0.012263928257989942,-0.0004276924348409761,0.455336778735818,0.08765584845858558,0.013886196192108773,6,0,1.0,4.333333333333333,5.0,1,1,1,1,0.02857142857142855,0,1.0,5.0,,0,False,False,True
ACC0049,2025-02-01,8,Professional,48127,48,True,31.727958953370806,-0.013663277040364552,-0.0007442171985703241,285.50071880608357,-0.08562334082301346,-0.013557413451617203,49.45845557516818,-0.002646342424240104,-0.0010383543992257408,165.56514742783745,0.09769055382569762,0.0028483394637640537,26.067760185554146,-0.06928116549172622,-0.024411855963936576,451.08684676388594,0.011743802271989118,-2.6984127044843383e-05,56.43070221224267,0.0010291418102047042,-0.0009167376766411343,260.812772568177,0.04380494603439258,0.016649293765634367,-0.002197329435290274,-0.000862181375673933,-0.0064891698712853385,-0.0026047377330889777,0.011512109993881636,0.0006413084214568834,0.6609991448618918,-0.01366327704036433,-0.000744217198570453,1,0,1.0,8.0,,0,0,0,0,0.0,0,,,,0,False,True,False
ACC0050,2025-10-01,12,Standard,12135,21,False,8.902939961037502,0.010780111112898607,-0.005658062359032768,106.81255007833427,-0.05025789548693927,0.00812809065860672,21.310441043704056,-0.05319615579851135,-0.0348023700279701,48.333744803779496,0.02189164473547163,-0.011873420494829144,6.535312602933311,0.0280208802697994,0.006296924899078458,88.76411945634437,-0.17603263899381477,-0.002449996622556768,20.01505899827501,-0.049901472616865415,0.02267179434773312,122.75555617392486,0.03385102949469186,0.0038254769405013244,0.011282658422904712,-0.00885827204632375,-0.011417771083342465,-0.0005522458179045286,0.006225487745565139,0.003320142779100796,0.42394952195416674,0.010780111112898692,-0.0056580623590328115,4,0,1.0,3.0,,0,1,3,1,-0.08571428571428566,0,1.0,3.3333333333333335,,0,False,False,True
ACC0051,2025-10-01,13,Professional,35786,72,False,42.05088335265219,0.06375872977457249,0.05269010805917423,283.29874393040177,0.01625468188043129,0.009925800694831653,38.85876344161486,-0.06649087796311565,0.002409165066838619,95.7386886683541,-0.09142091161495901,-0.012516731333557123,17.24381536580287,-0.05042476673778741,0.02232385633755682,559.3785280520194,-0.026980536748412862,0.012397397342622166,54.73285710923671,0.02735416471702771,0.0012618078280136596,214.64704690380066,-0.024269362018538725,0.01033018554169181,-0.001936795318301543,0.00027016957392546337,-0.010752705479078348,0.0010049298262603725,0.013180055470407792,-0.0017656540732137321,0.5840400465646138,0.06375872977457253,0.05269010805917425,7,0,1.0,4.571428571428571,4.0,2,0,2,1,-0.22857142857142848,0,1.0,3.5,,0,False,True,False
ACC0052,2025-10-01,20,Standard,23154,22,False,9.228881824052094,0.06337576834162255,-0.006828824867089804,77.17277325959094,0.0706751770326657,0.028606840113090132,24.380779654343325,-0.03584089669719583,-0.0049300968514605125,50.101325253122006,0.023144127203525454,-0.015828074615292384,6.1745386352484815,0.1173020700469877,0.016889649358309076,141.2937146944461,0.005167161136972859,5.049447197148624e-06,28.230138192140288,0.023863759395191617,0.01862697551378125,102.15311475264502,0.027129623210954606,0.0028296371459557747,0.013983619821824278,-0.002996450114461119,-0.012123039693143961,-0.00011828836972107085,-0.0008973057542681628,0.0021514641097701986,0.4194946283660042,0.06337576834162258,-0.006828824867089786,6,0,1.0,3.6666666666666665,,0,0,0,0,0.0,0,,,,0,False,False,True
ACC0053,2025-10-01,13,Professional,43532,47,False,36.25939001711405,0.03620047255086828,0.07336512307474935,209.7244458869001,0.09217062643762819,0.04692659886184611,43.90256284246147,0.2148641455284377,0.10983757859630552,127.7132711477044,0.12266684816620456,0.09343846279331226,13.76527237788896,0.026606841760234028,0.04658670626675414,394.69607545632243,0.11734210538804511,0.10921303560559537,43.6916739008851,0.04569662523327679,0.10577980369360308,221.80679835958213,0.07624571399338717,0.09256024148995629,-0.04010162145094481,0.0002980959693517776,0.0019338546008008661,-0.0019678657638135325,0.03525245096934604,0.00458508567525967,0.7714763833428523,0.03620047255086835,0.07336512307474942,10,1,0.9,5.333333333333333,3.6666666666666665,3,5,5,1,0.37142857142857133,0,1.0,4.2,4.0,2,False,True,False
ACC0054,2025-05-01,7,Standard,14803,13,True,13.218758874682727,-0.023123210782056515,0.00237172446211963,97.82353837689293,0.013660813155084795,-0.0075177805699338405,21.995686513895844,-0.022974157270725583,-0.005730568454221383,33.36755478045982,0.0012021152809736052,-0.021482670696587373,10.114038690625234,-0.05620101976068108,0.021345494076668785,142.86354939079726,0.08853126135855956,0.012115791052157156,18.857360197962485,-0.007469640378819176,0.022091923700450367,125.93536063758263,-0.02762092064193218,0.007877996860193796,-0.007623478127229577,-0.0019643231311858023,-0.008494104962127408,0.0015244235264188187,0.011858985127133959,0.004698497566989958,1.0168276057448253,-0.023123210782056532,0.0023717244621196494,3,0,1.0,4.666666666666667,,0,0,2,1,-0.17142857142857149,0,1.0,4.0,,0,False,False,True
ACC0055,2025-10-01,10,Professional,79603,30,False,22.182610618231763,0.11442651418217323,0.013224845730491262,143.85004000635237,0.19144355402825974,0.07249983281875785,26.94310910118413,0.15445613435085825,0.07854076034924287,76.4847677240262,0.11318104472471652,0.050262306248459565,17.856814872426835,0.09710541756450514,0.05100369424895378,402.81953482356676,0.16394224937683263,0.04939365347120332,39.877969312260745,0.06869157155782905,0.0593118983003249,158.3934200810713,0.05657247688513529,0.019917234798572363,0.019963506747209148,0.003974182937575836,-0.000368531034201966,0.000825964875352192,-0.026313975940504997,0.0019188524145698216,0.7394203539410588,0.11442651418217306,0.013224845730491291,10,3,0.7,11.428571428571429,2.0,1,6,7,1,0.5999999999999998,1,0.8571428571428571,11.166666666666666,2.0,1,False,True,False
ACC0056,2025-10-01,14,Enterprise,118456,91,False,71.4739797741393,0.05453373789727618,0.06891539856141271,368.06125876556433,0.05790954127225497,0.053166625986095596,79.1020031457221,0.04066759121824309,0.09427254956461974,338.85297622987656,0.08689408852464477,0.10510131372807308,58.93989690104814,0.14124869529427275,0.12346255904480041,1475.7062112982812,0.0774252355918214,0.10116348538512769,131.11952047339128,0.0351625364758815,0.12986151902344176,457.6654707048344,0.057122707506137925,0.10294804598950028,-0.023390558910368314,-0.000826062298425613,-0.0045387608897736464,0.001250629966096043,0.021600392154210835,0.005904359978260804,0.785428349166366,0.05453373789727607,0.0689153985614128,10,1,0.9,4.111111111111111,3.6,5,3,4,1,0.2285714285714285,0,1.0,3.25,4.666666666666667,3,True,False,False
ACC0057,2024-09-01,4,Standard,17827,30,True,10.71568330376869,-0.12603757993739095,-0.07984888781161843,93.230397863356,-0.19422622872334086,-0.04993110450170279,17.61686753432942,-0.1264860444716511,-0.07425844261734736,42.679034342648116,-0.1933418736256857,-0.09089709789038793,4.689377771481891,-0.1496018988374533,-0.10606986647876648,78.27726617141784,-0.2587047771812732,-0.09700112410949902,12.948733859015485,-0.042937098448396244,-0.12428557072218223,70.92313283706052,-0.04117512576565087,-0.08814658655896536,0.034143417973608314,-0.005847352268233436,-0.004634628487549253,-0.0019544731792122717,-0.007382358917121579,-0.014324605121491932,0.35718944345895626,-0.12603757993739095,-0.07984888781161839,5,1,0.8,3.5,2.3333333333333335,3,4,5,1,0.1999999999999999,1,0.8,3.5,2.3333333333333335,3,False,False,True
ACC0058,2025-03-01,6,Standard,25479,17,True,6.285011661724085,-0.05380312285861609,-0.12847736959695863,72.53126332944682,-0.0730580185292452,-0.10338263709365914,14.432780008287454,-0.20518088570409074,-0.07830589667751665,27.838717053508134,-0.16695076243405046,-0.09842716479036892,6.275586789559697,-0.12764605149489203,-0.08305730984848259,68.32143922778334,-0.13478808662773456,-0.11306769557159366,16.263257886300707,-0.12128215409244514,-0.11603315136917024,66.5190666834088,-0.17155091624887941,-0.06908236691977386,0.012374340739832512,0.005616408390768379,0.00030109708092332377,0.0034206080497533736,-0.01509687761179812,-0.0066155766494794405,0.3697065683367109,-0.053803122858616034,-0.1284773695969585,9,1,0.8888888888888888,4.625,3.0,2,2,9,1,-0.48571428571428543,1,0.8888888888888888,4.625,3.0,2,False,False,True
ACC0059,2025-10-01,12,Enterprise,91532,190,False,111.58642756477924,0.0155626781730475,0.03187831887002702,537.0589719471482,0.009816536500629598,0.0009404718867189085,127.43101761709647,-0.10389990633265377,-0.015562073909940511,367.75808839056936,0.0899871907768274,0.019056451730657543,72.74552042395808,0.0971599497291863,0.0383606380026728,1876.250741132667,-0.012294156036889492,0.010866730092141647,130.3979359544563,-0.03920985949784908,0.0012467061221939837,642.3511048428021,-0.04623506319255866,-0.06210359595920986,-0.006076355892589785,-0.002137381244598606,1.5921622423406556e-05,0.0008070056386951761,0.009408304783742771,-0.002017494907672862,0.5872969871830486,0.015562678173047286,0.03187831887002698,8,0,1.0,3.5,4.333333333333333,3,0,4,1,-0.17142857142857149,0,1.0,4.25,5.0,1,True,False,False
ACC0060,2025-10-01,15,Standard,19854,12,False,15.077357738878367,-0.01318061863445321,0.026935077531109405,69.25347697473832,0.07012527034294587,0.0161852098179232,15.77011651799395,0.007789247087122492,-0.006993155944240693,60.479916138146,0.019754834376959338,0.017537037663175,7.896760808274259,0.07876523716673275,0.005888805049675773,93.12811643046376,-0.022061569566827872,-0.010509302069571323,31.35163157927501,0.0009835846263442514,-0.013743208780009505,111.54653026280563,-0.005441683096812918,-0.007450237951725973,0.010323272083845564,-0.0014610388213611297,0.011618763440579744,0.0014466923441912062,-0.018620136351693795,-0.0033075526955615997,1.2564464782398639,-0.013180618634453137,0.02693507753110932,3,0,1.0,6.666666666666667,4.5,2,0,0,0,0.0,0,,,,0,False,False,True
ACC0061,2024-12-01,6,Standard,12474,30,True,11.905710305217497,0.04150203993712798,0.0075028351194906815,77.00868050108149,0.1393518055281323,-0.004790557203022423,13.738834846204071,-0.03767599336719432,-0.019604374899800863,31.89875992155211,0.029988574399625805,-0.02405686631661793,6.888324676038853,-0.03990814286264555,-0.06378804051625647,109.17650638045212,-0.06646451754235926,-0.002741956823694906,20.77108538155755,-0.06677933832938718,-0.020299893899532597,98.48137372613321,-0.06501626089046862,0.004231995594328852,-0.005496606714245622,-0.0005157494277524682,-0.011301673188155462,-0.004344669406211494,0.023300530911259776,-0.0016418321748948167,0.39685701017391656,0.04150203993712788,0.0075028351194906095,2,0,1.0,2.5,,0,0,2,1,-0.11428571428571425,0,1.0,2.5,,0,False,False,True
ACC0062,2025-03-01,6,Professional,34638,33,True,18.524181099777937,-0.13086047795157205,-0.09791250107467751,120.69171878947934,-0.06182168935101551,-0.057593600137886655,29.177015349547407,-0.2029906451907632,-0.12579428136740417,88.29216058085433,-0.10823164860009805,-0.08882803143057737,16.62488870247498,-0.1204600356785466,-0.09799222307867358,268.70999750373517,-0.12458989006311118,-0.0854859325677067,46.29287496050234,-0.12782374938007712,-0.0824655240705222,160.15796447050516,-0.08828394809374572,-0.07260257358935203,0.01753050139599638,-0.004280815623988868,0.002839836073350671,-0.0019771589788568147,-0.015164711950106491,0.0010523490836051586,0.5613388212053919,-0.13086047795157202,-0.09791250107467754,7,1,0.8571428571428571,5.166666666666667,3.0,2,3,6,1,0.057142857142857106,1,0.8333333333333334,4.0,3.0,2,False,True,False
ACC0063,2025-08-01,14,Professional,56940,48,True,8.01032414637665,-0.2832348057326454,-0.14630292231848877,94.60274291724407,-0.12563182601442308,-0.08120842700424655,13.240418785107517,-0.2589596914705512,-0.17577053770297454,35.90520749823914,-0.18754675820794584,-0.19502704128262988,4.030289649312402,-0.14144980792259285,-0.18652504831733704,154.2670954197158,-0.1221646565628825,-0.15367294323754851,15.81165824394729,-0.1782739007145333,-0.1295645593375473,118.94654842349047,-0.11395876552010455,-0.12822449114127413,0.05442480457769,-0.009653737449709175,-0.025266037468649832,-0.002890102454522937,-0.0198349670267986,0.0032200398219904072,0.16688175304951355,-0.28323480573264587,-0.14630292231848885,7,2,0.7142857142857143,4.4,4.0,3,2,4,1,0.22857142857142848,2,0.5,4.5,,0,False,True,False
ACC0064,2025-10-01,10,Professional,78092,44,False,35.122093767589405,0.1432061605536511,0.05258664705115427,169.1643527813328,0.07017379493905022,0.031756024281311065,38.58896502513054,0.11690110161687621,0.048916117897716056,79.21232368835686,0.005477981779292426,0.05418301487746747,18.15564405954558,0.14666907274120744,0.08047809060770196,441.32526567552446,0.05491458895895311,0.011945251534636823,51.54166959885327,0.08365775630354999,0.0302461259404285,240.5867264751021,0.05275491997430993,0.06353160472801739,-0.0032524540557136716,0.003775195341640253,0.009371035655339685,0.004124507821339569,-0.014358899982574336,0.00034061521996864297,0.7982294038088501,0.143206160553651,0.052586647051154255,11,1,0.9090909090909091,5.6,3.5,2,6,7,1,0.42857142857142844,0,1.0,5.428571428571429,4.0,1,False,True,False
ACC0065,2025-10-01,10,Standard,24585,35,True,13.703847048336463,-0.010917491838595333,-0.0012567574858535471,83.58462500480633,-0.018252312355454797,-0.010351918455907338,18.2172455981684,-0.052894303116184156,-0.01857766213800568,37.36263275969229,-0.02255135270259858,-0.012776004479980648,8.625506622158952,-0.04743880217969827,0.006070559446612912,110.5335247539992,0.02971201485926368,0.0137404436503664,24.778408370732805,0.0352497786035111,-0.0035441808468650057,98.76913671297793,-0.09605038432382342,-0.01329223725170319,-0.005384272264313372,-0.0033695229645619162,-0.0066877319442050775,0.0012185117603186087,0.017257973237230106,-0.0030349578244682207,0.3915384870953275,-0.010917491838595412,-0.0012567574858535257,6,0,1.0,2.8333333333333335,,0,2,4,1,0.05714285714285712,0,1.0,2.5,,0,False,False,True
ACC0066,2025-01-01,6,Standard,27752,15,True,7.701839165246239,-0.1275432867734989,-0.08285305214621937,71.8078626576512,-0.18057648837608656,-0.06701756031524318,11.038477522185397,-0.08740214408233273,-0.0998096320735696,30.689629689408264,-0.20486628628426715,-0.10441379122311854,5.8405031453891425,-0.08583231615756567,-0.11267840941399976,70.59270576407677,-0.1788900155363978,-0.08794247576506757,11.983292192398224,-0.0883659973345891,-0.06479180822306016,65.58531895178415,-0.021692077967696195,-0.0756991290880099,0.02674524316067639,-0.002866829752848632,-0.011902313718287344,-0.0032707216535576115,-0.010506188227947078,0.0018008101919643263,0.5134559443497493,-0.12754328677349874,-0.0828530521462193,5,1,0.8,7.75,,0,3,5,1,0.02857142857142855,1,0.8,7.75,,0,False,False,True
ACC0067,2025-09-01,10,Professional,44455,97,True,18.604173709517326,-0.259686624327718,-0.12276002875083518,84.17109903818245,-0.16024059448376302,-0.12196372306467014,16.213490379059717,-0.19886794346618591,-0.14782122418899685,55.262020205553135,-0.1158738801181464,-0.12927829920356107,7.927862966588624,-0.10215520706788607,-0.13931474898422636,170.58911080645282,-0.131568903711459,-0.15747451297549803,22.36166670014187,-0.10950005865890773,-0.11168518306317249,120.56548770075722,-0.10331716199656514,-0.10516365422706547,0.0115765612647111,0.0002898396069444045,0.009236054950899436,-0.0006306186506518652,-0.024810090316519984,0.004338253144617006,0.19179560525275596,-0.2596866243277178,-0.12276002875083514,9,3,0.6666666666666666,8.333333333333334,3.0,2,4,6,1,0.28571428571428564,3,0.5,12.0,1.0,1,False,True,False
ACC0068,2025-10-01,10,Professional,53208,69,False,28.059577822702106,0.024184337936816305,-0.023248622876769244,244.553296475517,0.08075778485756561,0.014980175983456674,47.94676889288487,0.04167435712012942,-0.0006664017774104699,142.7066728581688,0.09137535983016451,0.038569030378894524,22.710256447355352,0.017434050049356352,-0.028573632185645,611.2968929343386,-0.0033369099031411347,0.012798822122762782,64.33235870608127,0.04616453692768111,-0.0026528652384603807,231.01848844014964,0.0881863535681873,0.02665524267510318,-0.011030381604438033,-0.0022815809921212515,0.0059176773723388365,-0.0036851864227010374,0.016884021947276562,-0.005804550300355177,0.40666054815510294,0.02418433793681625,-0.023248622876769195,3,1,0.6666666666666666,3.0,5.0,1,0,1,1,-0.028571428571428577,0,1.0,3.0,,0,False,True,False
ACC0069,2025-10-01,14,Standard,19536,18,False,9.247381021939262,0.010378579814517432,-0.0028060125110474137,72.00264702895538,0.07129410326562678,-0.031136969131196714,22.590284786280638,0.06001271672570657,0.002303234689612957,57.58458831673715,0.10640954362752474,-0.029486289210255825,10.313630153322372,0.050389077812548866,-0.013879636417236236,98.00693311188552,0.08603053811553013,0.008347561065292547,24.102066335715236,0.019927270528576964,-0.0048877744360501215,111.08552486123524,0.03287794726290586,-0.008329071618086586,-0.01427996323544145,0.002914055771288518,-0.0111521147048384,-0.0012433336236381959,0.02018236225155634,0.0035789935410733137,0.5137433901077367,0.010378579814517314,-0.0028060125110474037,2,0,1.0,3.0,,0,1,1,1,0.1428571428571428,0,1.0,3.0,,0,False,False,True
ACC0070,2025-10-01,20,Standard,21395,14,False,21.54497253702462,0.04745530119002216,0.005758100093034385,146.901669129689,0.03708640832993061,0.011206803588936548,21.28758420880766,-0.03306077226991503,0.0030611379322828705,84.8460934324038,0.10023391956391887,0.028037264590221597,8.625506622158952,-0.04743880217969827,-0.004902026123864056,163.6615963575596,0.0099659803931669,0.02766841427929075,33.78402249360034,-0.01811516849308874,0.0193225095979618,147.10134817237468,0.04907311523939843,0.048644035693533545,-0.019238105509259973,-0.0019228235473181463,4.515658199125139e-05,-0.0010972314631262324,0.02093838402323539,0.001274619914477429,1.5389266097874728,0.04745530119002218,0.0057581000930344,6,2,0.6666666666666666,4.75,,0,3,3,1,0.2,1,0.6666666666666666,4.5,,0,False,False,True
ACC0071,2025-10-01,15,Standard,15821,10,False,9.932009590677646,0.00471781843541788,0.015348550634586046,100.04503520981159,0.025896556486456862,0.008372602548128565,14.739051369482064,0.012179821261622287,0.023659748744583875,56.29436993282758,0.02212466122810688,0.03243385986248725,8.918083306119069,0.12469083192835863,-0.004173962227184916,121.68730098056879,-0.019766155142889222,-0.03434688426864051,27.27583031528651,-0.06567859816830333,-0.005481820116295895,101.52727017690114,-0.09545575524384277,-0.02505678318234583,0.013753461999596817,0.003754127668089781,0.013887538074627365,-0.000802364779323949,-0.03384338849204244,0.0032506255290523506,0.9932009590677646,0.004717818435417719,0.015348550634586037,6,0,1.0,4.666666666666667,,0,0,0,0,0.0,0,,,,0,False,False,True
ACC0072,2025-10-01,16,Standard,26941,15,False,20.53014855220651,0.025986678323183778,0.03226464548894901,138.5933757364646,0.0466914738263343,0.016488868645895164,18.559172673213933,-0.05497390458459477,-0.010638732395158817,67.80895329909391,-0.010119562290081572,-0.0012586569363659543,9.63963124148873,0.0030790932607623984,-0.0008516939620235975,175.19413314168835,0.0451917937779738,0.019162033634966085,38.46491730501757,0.09944658541474985,0.021897836340327003,147.00969957650977,-0.006967786142172567,0.02267995943514552,-0.007718925041172664,-0.0010940011566359098,-0.005694327878749406,-0.0009253400658937212,0.01629880685558932,-0.0008662127131376374,1.3686765701471006,0.025986678323183975,0.032264645488949084,4,0,1.0,4.0,,0,0,0,0,0.0,0,,,,0,False,False,True
ACC0073,2025-10-01,11,Standard,17421,28,False,12.674777418696317,-0.007928689469176029,0.022723181225947083,70.46639522698887,-0.019351905513323046,-0.00948972895543105,21.27265325897419,-0.004883705523850398,-0.0010448730186801791,40.09413484064979,0.01577798467164693,0.01582779573422431,9.63963124148873,0.0030790932607623984,-0.013110793350276316,113.6995262775481,-0.08151997577205122,-0.009257048257827263,24.12104423086753,-0.004668653624791408,-0.006583750117326735,124.99615421354123,-0.006901706405505662,0.033381385503815676,0.000617207589537927,0.0002206250232866941,0.006400301843550421,-1.8745760011179557e-05,-0.0035495892875344603,-0.0036697994088295133,0.45267062209629705,-0.007928689469175907,0.02272318122594706,24,0,1.0,1.6666666666666667,3.7142857142857144,7,13,14,1,0.9142857142857141,0,1.0,1.7142857142857142,3.6666666666666665,3,False,False,True
ACC0074,2025-10-01,17,Standard,13400,23,False,9.261626666761295,-0.04772977712011602,0.011622142436657552,110.25203361241266,0.07023848791895326,0.02186743023720222,25.660623396919902,0.06295672842981183,0.02188584556464387,61.26629921042354,-0.012603002887011392,0.03398181760904748,8.278183036147782,-0.0494291682802277,-0.004547032578137093,143.72222193370848,-0.004579285399592119,-0.0021928973718880647,19.29110946384125,0.004517282082019278,0.012016871906380688,76.1684611889464,-0.03677359705981291,0.02592814140947814,0.0061371402335347325,0.0008938007405459858,0.012141974038268222,-0.0009975858087005775,-0.017312640304293858,-0.0008626888993543691,0.40267942029396936,-0.04772977712011606,0.01162214243665748,4,0,1.0,5.25,3.0,2,0,0,0,0.0,0,,,,0,False,False,True
ACC0075,2025-10-01,18,Standard,18160,11,False,14.374229972252813,0.023604823136215352,-0.015159853532161023,112.58827962401114,-0.015647634092859235,-0.0051531414029879685,17.852461688226473,-0.026722211964721312,0.013006242232722894,43.24513483947003,-0.01280474538323495,-0.03344955301529999,8.584210101781563,0.06649910339457735,-0.01042379323196663,128.07949256027453,0.02460758677409119,-0.0030243266563548406,26.50427328143655,0.029186060268431353,0.029040126131709535,74.42809560856394,-0.02759335648972883,-0.003002189611606321,0.003135145395413763,0.0030298294953066407,-0.01217464634707277,-0.0009245590837147384,0.00039964112764268034,0.006534589412424463,1.3067481792957103,0.023604823136215314,-0.015159853532160998,3,0,1.0,4.666666666666667,4.5,2,0,0,0,0.0,0,,,,0,False,False,True
ACC0076,2025-10-01,21,Enterprise,91980,164,False,116.83428537262353,-0.09940295686910626,-0.04056558602395711,679.0841921936101,-0.040811255059254065,-0.009096086823161079,100.73679835295059,0.025509899797107202,-0.009854666373766299,402.3382644492738,0.023220855126971755,-0.0427829234815399,52.07876968341978,-0.05008847402362368,0.005806200926280287,1730.754442970173,0.01664514705609399,-0.0029389379772326507,205.5550161384906,-0.08435495466339761,0.006414630111976683,670.6087792850616,-0.0312569518088231,-0.004943204539519475,0.0047382906667403635,0.00047331897557541247,-0.02125755556374273,0.001753037210121081,0.008045259724686615,0.006247648986619211,0.7124041791013629,-0.09940295686910633,-0.04056558602395711,8,1,0.875,3.857142857142857,5.0,1,0,0,0,0.0,0,,,,0,True,False,False
ACC0077,2025-10-01,11,Enterprise,170513,196,False,97.98783716507404,-0.00419457040109266,-0.01680796631256015,607.0562258429112,-0.10942468071058302,-0.017807303418249553,112.8291026288848,-0.0768209664431162,-0.06358544216951592,343.09934999367823,-0.017416426592504232,-0.001120166648566616,53.28848218892484,0.022692743950280685,0.015225469522440178,1839.9814893689556,-0.06895688620996514,-0.013836445900376181,172.85963421417298,0.017390283804561663,-0.005436197531125476,577.6646588788,-0.019489278739719264,-0.017832725324529827,-0.00512339087650468,-0.005518394752227235,0.004269523286005827,0.0009510387987141378,0.008243040258220424,-0.002821816714208461,0.49993794471976544,-0.00419457040109254,-0.016807966312560013,6,1,0.8333333333333334,7.8,4.0,1,0,2,1,-0.057142857142857155,0,1.0,9.5,,0,True,False,False
ACC0078,2025-02-01,4,Standard,17831,11,True,11.404934670042522,0.056766491673937686,-0.0013559539096211594,97.1148146632326,0.1327718674914052,0.033853573076535005,16.89805673845465,0.016148642413024012,0.04439581747211478,53.60847039584042,0.04641955403356778,0.03589183631117462,9.83137973912631,0.06511336891619603,0.008761361469653586,110.52070524977655,0.029262897029660992,0.029237262457834427,25.470444351639568,0.05349391055767929,0.03352787980080734,106.17501507937902,0.02902702451629214,-0.00837509189808008,-0.014426188377650806,0.004072567272415756,0.005507334107375889,-0.0025758206237521813,0.004257540721773534,0.003164566899837795,1.036812242731138,0.05676649167393754,-0.0013559539096211506,4,0,1.0,4.0,4.333333333333333,3,2,4,1,7.367764149277412e-18,0,1.0,4.0,4.333333333333333,3,False,False,True
ACC0079,2025-04-01,10,Enterprise,139837,119,True,27.832479948460133,-0.1493619952972256,-0.12421780535020809,239.53241722575024,-0.13444066409359098,-0.09998162128131496,41.271907422524265,-0.2088181433404514,-0.1436054712678236,120.31885300494882,-0.16170848819559527,-0.14044199947869287,17.06506138941116,-0.26978773347434065,-0.14456777138408577,758.1046403401498,-0.15956394612319275,-0.14948618552362153,63.47923356183596,-0.14568319964379298,-0.11334966215077504,437.2625851693443,-0.22599698476581495,-0.11733159806657435,0.028955839086938218,0.0004046737511536544,0.0010741460306114559,0.0005192479865666639,-0.03684927998948173,0.005895373134211707,0.23388638612151372,-0.14936199529722566,-0.12421780535020813,8,1,0.875,4.428571428571429,1.5,2,4,7,1,-0.08571428571428567,1,0.8571428571428571,4.166666666666667,1.5,2,True,False,False
ACC0080,2025-10-01,16,Professional,36403,63,False,31.13827960549226,0.013906227241701062,0.042301417351638476,219.7575963040521,0.08150958624769562,0.05526019936588573,48.213120398470686,0.08298482642842246,0.1153893674017695,86.07885000577822,-0.10091086487879919,0.0360320638822369,23.799776228924873,-0.04942916828022783,0.07067312570164888,429.3632331742024,0.13727729442099385,0.10023320574418598,42.31502331960642,0.04600311779185421,0.07705964960819493,214.37624159876134,0.06063618091764419,0.05638492733681271,-0.02562552008868829,0.009065355083885007,-0.011154255776509359,0.0015600709207390685,0.024538327297033313,0.0016160225635404937,0.49425840643638513,0.013906227241701423,0.042301417351638525,14,2,0.8571428571428571,7.25,2.0,1,6,6,1,0.39999999999999986,0,1.0,4.5,,0,False,True,False
ACC0081,2025-05-01,5,Professional,58871,37,True,29.62139427547371,0.10055217349737285,0.015026544206177309,231.9667377414977,-0.0896597713969428,-0.00971270811601966,44.20023414672704,0.1374537798398003,0.0321087059608031,149.41270539232738,-0.043079768514207105,0.034340398793645005,27.651069363879103,-0.047383801639635015,-0.011527188785449545,460.88793411135845,-0.06337036238281135,-0.019801238497009727,50.777957870325686,-0.051797295900362965,-0.01859040881325256,259.6394891607742,-0.024384439329541943,0.0064498266512848824,-0.0020876528146278606,0.002073756742153217,0.023144567445750497,-0.0007914954280528116,-0.019291244652971218,-0.003047931292251893,0.8005782236614517,0.10055217349737276,0.015026544206177272,5,0,1.0,4.6,5.0,1,2,5,1,0.08571428571428566,0,1.0,4.6,5.0,1,False,True,False
ACC0082,2025-10-01,18,Enterprise,191934,177,False,143.0234197470031,0.10646796889522168,-0.0017319171727222377,637.6827817070446,0.10892521537174733,0.006015772545366869,194.07340648633632,0.060484391295492615,0.016867972193384782,777.6640410522846,-0.04736787105075797,0.0185439150362751,104.75708849178984,-0.019783123521292956,-0.00609209932616435,2644.9363107345166,0.030590482256899743,0.013533768691376244,226.2304810673339,0.01775443307485659,0.03169229593853835,969.543545002888,-0.07354001898094623,-0.014061729938745533,-0.011808231229178595,0.0008546075180990292,0.005009795462824845,-0.00187078454973515,0.004321960202716579,0.003492652595273066,0.8080419194745937,0.10646796889522171,-0.0017319171727222904,11,0,1.0,3.727272727272727,4.75,4,1,3,1,0.02857142857142855,0,1.0,3.3333333333333335,5.0,1,True,False,False
ACC0083,2025-10-01,19,Standard,17242,23,False,17.559673389300855,-0.16451782053418085,-0.015327839749966314,119.31620497722804,-0.06494308602746383,-0.01922762620868824,17.52810752470205,-0.05497390458459488,-0.012176499061338733,60.20245289714763,-0.03421676538181476,-0.001279640241904228,10.695052381195898,-0.047823947906476,0.029336151965540437,111.13153350315173,0.039167428999194086,0.003996904109526956,23.101705323785378,-0.024054365327854512,0.034911427361703225,107.54723655660013,-0.0384068904089998,-0.016000127659354903,-0.019147767235361657,0.00046324864955349376,0.004716793579908368,0.004440775140117845,-2.432038515748358e-05,0.00955127025093954,0.763464060404385,-0.16451782053418082,-0.015327839749966411,17,0,1.0,1.5294117647058822,2.0,1,0,0,0,0.0,0,,,,0,False,False,True
ACC0084,2025-10-01,19,Standard,17502,21,False,11.990148849957935,-0.004284943483428484,0.03449979253712871,68.86936019444907,-0.08721980888729046,-0.03637810652902963,16.821396539714588,-0.024990528416446983,-0.006749176408176652,60.2993838537548,-0.06593964791961493,0.002636875670033849,10.327080534996036,-0.0020786745226676743,0.01968755020945315,103.23566911561456,-0.055333169932216396,-0.014767780330434958,20.672423138140285,-0.0006160239970107246,0.008180166468722175,77.77348808248398,0.010202619189888561,-0.017400530632899203,-0.01116397589320789,0.002001363395800239,0.01148827109596498,0.0041877600577745755,-0.010948882209913302,0.00443546355358132,0.5709594690456159,-0.004284943483428419,0.03449979253712868,5,0,1.0,3.4,,0,0,1,1,-0.1428571428571428,0,1.0,3.0,,0,False,False,True
ACC0085,2025-10-01,11,Professional,56622,69,False,38.28903798675027,0.05981954006946149,0.02364191298872847,179.0249960445182,-0.03914971938735859,0.008295866944050068,40.29240028479853,-0.10316363280575601,-0.02369733421903213,96.31241248888408,-0.047398691876961045,-0.0021160474889161717,28.606614155673782,-0.010440700557765784,0.018565204065586774,404.01985203704095,-0.07765514501436316,-0.008696782700277149,40.30808383838623,0.0018459987999470868,-0.016534034993296313,295.30838996883716,0.10846999689541371,0.00048704056897410584,-0.00014663982703247425,-0.003063037947354741,-0.005584564513272827,0.003493976965845247,0.009188910910227666,-0.003888645588412898,0.5549135940108735,0.0598195400694614,0.02364191298872846,6,0,1.0,4.5,4.0,2,0,2,1,-0.1714285714285714,0,1.0,4.5,,0,False,True,False
ACC0086,2025-10-01,10,Professional,32629,100,False,30.439405391931853,0.03351456119538709,0.00987539336113547,187.43557193964193,0.006853868334736815,0.0010719857232087816,32.89829430971185,0.022256652782549124,0.0056665080185914025,151.65374674840413,0.10901602961282557,-0.0070625458045629735,19.981107533514827,0.005530754979020973,-0.0084945745771041,418.4560672664715,-0.019387324673887055,0.01298176387716905,47.50071539648912,0.02955030970786895,0.009885304825341397,310.8095358347055,-0.06283427153876303,0.009855515079514819,0.00016448539031546638,-0.00047555645337689356,-0.00663401647418807,-0.002082406557254935,0.008317483823697736,0.0007100102708067144,0.3043940539193185,0.033514561195387156,0.009875393361135522,4,0,1.0,3.5,,0,2,4,1,-0.11428571428571423,0,1.0,3.5,,0,False,True,False
ACC0087,2025-10-01,21,Standard,23099,38,False,8.558498900135742,0.011213962066400079,0.04755085979637021,108.87160478654236,0.073547878329251,0.0767661305136641,19.207881000262784,-0.002457725406169001,0.07497096638674791,40.7354895110092,0.06755004450304294,0.07039403024896314,7.917409068462952,0.016669247229459047,0.046244488126552914,121.87342650274097,0.1188450459248938,0.06377119745391481,28.195291130515926,0.0624076381767332,0.06318089473307967,114.36042340861495,0.07089728718525574,0.05373592282934393,0.018410932192531315,0.006245494013847996,-0.0003577345969246748,0.00011964536876686929,-0.021698015580523256,-0.002720321397698164,0.22522365526673005,0.011213962066400265,0.047550859796370235,14,2,0.8571428571428571,4.75,4.25,4,1,6,1,-0.457142857142857,0,1.0,3.3333333333333335,4.5,2,False,False,True
ACC0088,2025-03-01,7,Enterprise,108739,169,True,62.773753449996775,-0.1510658120543419,-0.11172978440961363,281.54469087683225,-0.04671646674143692,-0.06941630439007544,61.82937124130253,-0.16758815653245784,-0.10448225610557542,219.98213574963052,-0.12256685626553238,-0.1586837719212468,24.727776586872196,-0.2835488674902034,-0.13268396078864206,670.9757707730495,-0.12720489723009024,-0.11741946790073232,104.78003650844452,-0.11183469046697772,-0.0986417386062644,548.5477650879642,-0.034809351260804415,-0.07148147789688701,0.025301701710112506,-0.0009542774218260636,-0.014703975606403713,-0.0006466357953177279,-0.012785276630201736,0.0037884637436368385,0.37144232810648975,-0.1510658120543422,-0.11172978440961362,9,0,1.0,6.777777777777778,3.0,3,5,8,1,-4.514544854190959e-17,0,1.0,6.875,3.0,3,True,False,False
ACC0089,2025-10-01,19,Standard,27818,37,False,10.956825667252653,-0.004689050619242625,0.022712227123905224,109.4352561579841,0.000717900398551956,-0.012893794644823525,15.790331391202704,-0.023032696535925455,-0.008246063322961045,53.08099046830014,0.10808518207410996,0.004162696689762099,8.604858361970257,0.009393447629848973,-0.029656050641109745,121.38218437040064,0.07396246012494094,0.012244965003453194,30.97223328124595,0.036056853709643275,-0.004198585371052747,101.72311943966797,0.0529151509916207,0.00994918738466985,0.007477721515563696,-0.0002748401975147738,-0.010021492222872491,-0.0010339588643308514,0.0071021749268114776,-0.003249605157657029,0.29613042343926094,-0.0046890506192426695,0.022712227123905183,3,0,1.0,3.3333333333333335,3.0,1,0,1,1,-0.028571428571428577,0,1.0,5.0,,0,False,False,True
ACC0090,2024-11-01,7,Professional,54830,40,True,20.94132202347549,-0.0005043663605388068,-0.07677194800535249,180.01061188232916,-0.0071116814127638985,-0.06762118847113323,33.8217435752513,-0.19903896273742874,-0.13233784568114526,58.05947006604905,-0.028256444766344757,-0.12271719904800589,11.919713502629994,-0.25824355689280093,-0.15723743347362773,337.39855017027475,-0.22562981341912083,-0.10754618511986312,33.30331739652013,-0.13835201617796994,-0.13165205787961107,210.0653221127857,-0.2496487751429585,-0.1339095646560128,0.030094631773824543,-0.00405207491555544,-0.006360864926604065,-0.0013989724044107532,-0.012643822569902485,-0.005638896957351744,0.5235330505868871,-0.0005043663605390622,-0.07677194800535247,8,2,0.75,4.5,,0,2,6,1,-0.11428571428571412,2,0.6666666666666666,5.75,,0,False,True,False
ACC0091,2025-10-01,16,Standard,28760,39,False,11.678452631765376,-0.09233414710734121,-0.030369278776306612,94.24321443544655,0.0034835089315521225,-0.021983430524225717,22.587642824593,0.05751032520856747,-0.01641454636026772,55.57635377636473,0.06419035534501386,0.008519809037289461,5.861313691099668,-0.05235819014894431,-0.030360610781201593,112.25373711111945,-0.057071356545407945,-0.008781438333874268,29.17978297597372,0.1127016568454922,-0.005506778843512799,124.06592644133025,0.048518183125016365,-0.02196201959901548,-0.0038049617769410626,-0.004347176125550384,0.005020601934835139,-0.001140636135898699,0.009649441836421191,-0.005377269732866077,0.29944750337859943,-0.09233414710734125,-0.030369278776306637,5,0,1.0,3.8,3.0,1,1,2,1,-0.057142857142857155,0,1.0,3.5,,0,False,False,True
ACC0092,2025-08-01,8,Standard,16400,35,True,14.910850590519116,-0.010172932719326152,-0.012400784097453854,84.94516817687663,-0.012009798252161868,0.005609938232862916,15.797996713335197,-0.07949634987241887,-0.03011572354943061,46.83173480885704,0.029436974276720446,-0.022626911583153574,8.410729722654887,-0.006877582848132932,-0.0033480294803442064,160.0163499572852,-0.07755212844652638,-0.020290383338889557,23.871964977734496,-0.07449657405468905,-0.023296582682191237,90.46921794212297,-0.010012877408423585,-0.0018273961584476847,0.003329346016181789,0.0001100852922725909,-0.004573402160889722,0.0011084480019415734,0.0015600124242716173,-0.0015344895737779002,0.42602430258626045,-0.010172932719325987,-0.012400784097453849,1,0,1.0,4.0,,0,1,1,1,0.1428571428571428,0,1.0,4.0,,0,False,False,True
ACC0093,2025-10-01,13,Standard,19517,13,False,15.110102581587569,-0.08111604463708227,0.03030988698206302,85.17984934825202,0.03453799394157706,0.02415492860306787,23.601135061583772,0.07565542611254891,0.016742219945072783,80.84842169019221,0.013139610126959227,0.05248298056676138,12.417274554221672,-0.04942916828022794,0.027356454981935455,171.31191001760985,-0.0014508228875805417,0.007360075938574632,34.14599726081722,-0.033824327983430255,0.03273718802108453,148.1220694879672,0.12084554221957855,0.009858372231744763,0.004710090986470156,-0.0020314002769418263,0.01326771126934595,0.0006078807378114247,-0.019174049451221642,0.002619766734536108,1.162315583199044,-0.08111604463708258,0.030309886982062995,7,2,0.7142857142857143,3.8,4.0,1,2,2,1,0.2285714285714285,0,1.0,4.0,,0,False,False,True
ACC0094,2025-10-01,16,Standard,27738,32,False,12.660531773874284,0.034559028969446806,0.02750009679051146,151.19604536441682,0.0008795692939080933,0.03415547238031233,19.55245003699596,-0.002414413387769395,-0.010466754376253001,82.15517975356651,0.05131233856371477,0.03470687211285317,8.625506622158952,-0.04743880217969827,0.005441728963407425,205.96589367543956,-0.08294144838583416,0.01394608801767913,29.265346265694507,0.021313200053096365,0.009895375709812035,119.01503017987277,0.025531379419587566,-0.004738370867372283,0.014087264077070283,-0.006443530531481292,-0.00025514802731826935,-0.001044266162624933,-0.00023147480550750332,-0.006112844550138413,0.3956416179335714,0.034559028969446806,0.02750009679051146,4,1,0.75,2.6666666666666665,,0,3,3,1,0.2571428571428571,1,0.6666666666666666,2.0,,0,False,False,True
ACC0095,2025-10-01,21,Standard,23280,24,False,12.269100225441287,0.16321560336452173,0.041795841257504254,108.16869836461046,-0.03801510876025518,-0.019550480859683774,16.803823628193474,0.007310082328242959,0.005413898819560766,51.20801762758662,-0.018737847784656717,-0.027724641891596347,8.264732654474122,0.0159687257527349,-0.0012012050259893536,165.8536942126948,-0.06575900643176817,-0.010584643068403345,24.416433603515923,0.05800992819185053,0.01484972258910799,74.66622221195969,-0.1258413161320505,-0.027088236367725744,-0.011809718958553261,0.002166701260521396,-0.0095384118918595,0.001331858392065198,0.011230668189087079,0.006618903008739248,0.511212509393387,0.16321560336452173,0.04179584125750418,4,0,1.0,4.5,4.333333333333333,3,0,0,0,0.0,0,,,,0,False,False,True
ACC0096,2024-10-01,9,Professional,76575,62,True,33.2561700114992,-0.03256056410420784,-0.008744677220451082,191.46967840193278,-0.038438971826389806,-0.024365492112600428,56.69101025663258,-0.045408951193122195,-0.004758002915811537,122.90946660310895,0.03779437517802055,-0.006732318513544914,25.119927913888432,0.009653206808059233,0.007368791876330658,431.8925894921077,0.021549805328087496,0.027926931829862937,75.45133338245309,0.0007330103898802006,-0.02405710318563981,254.2678007418639,0.014805281182113675,0.01684151191953748,-0.01570567339269982,-0.0001247784256083323,-0.01006927977835595,0.00010996558589321248,0.03397168689259977,-0.008181920881829077,0.5363898388951484,-0.032560564104208094,-0.008744677220451112,3,0,1.0,2.3333333333333335,,0,0,2,1,-0.1714285714285714,0,1.0,1.0,,0,False,True,False
ACC0097,2025-10-01,19,Enterprise,103850,91,False,164.8716029745408,0.04309768867258539,0.006496304951515656,896.6934576826683,0.033099024311167534,0.018503839209596064,171.1866765526399,-0.06197297482684585,0.0126733186415093,722.2999745047731,0.017602254977383786,0.02283106224330358,84.07508128309406,-0.01891909104036169,0.0052331332251309435,1886.9916552778097,-0.03929679551219486,0.018763721787877725,173.31951451879195,-0.06518573128054932,0.025742568832485307,787.2471033152069,0.013191037602002204,0.010534556326771707,-0.009014572569157359,-0.0003652119776474949,-0.005211463267632582,-0.0012997155644461217,0.015488318449693395,0.0004026449291904474,1.811775856863086,0.04309768867258533,0.006496304951515606,5,0,1.0,4.2,,0,0,0,0,0.0,0,,,,0,True,False,False
ACC0098,2025-10-01,11,Enterprise,186101,158,False,112.28104822527455,0.009799686512988424,-2.753567812024259e-05,568.099129542473,0.03196915220131652,0.004762427040638404,140.6187010580144,-0.001711681109959245,-0.019626146432945957,432.8573306722927,0.07032434962679893,0.01625012302215141,64.33994678535974,0.031641990281571594,0.025105311721392236,1871.9894637024152,-0.08610773332951523,-0.006518277649836308,128.18035973914985,-0.003273623356577543,-0.040800532283087367,824.8133808885013,0.05022368096834462,0.006878642874982778,-0.0032209054800132475,-0.0018622314572026843,-0.0018695160094366614,0.001518717204047209,0.013143228839662457,-0.007709293097057306,0.7106395457295857,0.00979968651298861,-2.7535678120194366e-05,4,0,1.0,4.25,4.0,1,0,1,1,-0.1428571428571428,0,1.0,7.0,,0,True,False,False
ACC0099,2025-10-01,11,Enterprise,137424,144,False,79.20411007550445,0.10104595377894979,0.018432773072951523,530.233109866253,-0.02363135430891784,-0.028606946668931446,89.89780695974302,-0.01886177515191559,-0.00595948566885649,340.5033450849396,-0.14416009237087746,-0.03271872511036455,62.623031740136184,0.014409620230392176,0.012858407167284034,1355.6776412957915,-0.0032789071431354785,0.015175983132321028,155.19875647209255,-0.031739064052961556,-0.02207768404933359,799.832948871046,-0.0989942266285594,-0.014687312983548993,-0.018193421947106492,0.0009782504968734312,-0.0047291340255103675,0.001341122930391913,0.025186276820188258,-0.004583094274836753,0.5500285421910031,0.10104595377894983,0.01843277307295145,1,0,1.0,2.0,,0,0,1,1,-0.1428571428571428,0,1.0,2.0,,0,True,False,False
ACC0100,2025-10-01,11,Standard,17597,37,False,5.504034853924513,-0.14237126030297115,-0.09035481028916219,44.286644851465496,-0.07425874302698839,-0.09821129444798439,8.610663136349368,-0.11574791898807596,-0.08860747872239486,18.015912986831257,-0.08078786399557818,-0.09334590163966443,3.104318638555418,-0.04942916828022794,-0.08303218897420557,47.39510566901407,-0.10103370091700163,-0.07623875509200255,7.937113352029063,-0.05033471864286954,-0.1018693729561506,54.56516921998141,-0.09659004163919392,-0.07280758608834752,-0.017172088683947484,0.001570078368802949,0.0013076263295738189,0.0002621801232968006,0.017561268476615655,-0.0035290646143418536,0.14875769875471656,-0.14237126030297126,-0.09035481028916231,3,0,1.0,8.333333333333334,,0,0,0,0,0.0,0,,,,0,False,False,True
ACC0101,2025-10-01,14,Standard,24999,35,False,16.08792817063134,0.014984317777274261,-0.009961017384267402,88.18883650263253,0.07375633076262825,0.021160585877659333,16.766035843463616,0.0687450219348526,0.0026753108022351075,61.28283888988827,-0.040809754120231655,0.007732681681707028,7.590733742640478,-0.047167474409423524,0.03549705253984543,132.11141651045264,0.05027521433352096,-0.002822365540812147,25.534096238110703,-0.04693869291696203,0.02007931513115998,135.7064883471272,0.06246835077199005,0.01745104969134083,0.006019361846196336,-0.003627654159209945,0.002870527054898264,0.002666247039827204,-0.0140110702951588,0.00608258851344691,0.4596550905894669,0.014984317777274325,-0.00996101738426737,15,0,1.0,1.4666666666666666,3.0,2,4,5,1,0.19999999999999998,0,1.0,1.6,,0,False,False,True
ACC0102,2025-07-01,12,Standard,15098,23,True,11.242203571556042,-0.08411654900242291,0.0096021837026487,93.74645661366428,-0.02256107591244249,0.018143604491960747,21.852124158808383,-0.07897641309042672,-0.022296617322914755,49.41938257954635,0.13595344998032405,0.02038210698374601,6.534142023293582,0.026674044667961957,-0.0411452494154528,147.45495530824266,0.019178177004256478,0.010737698683750335,16.739665603930707,0.02927153158349077,0.055665469330930126,119.49010260115814,0.05204568759154331,-0.018203826140972316,0.013231487782375984,-0.006969726962027814,-0.0034796940927033226,-0.00383745058623048,-0.004147115958659353,0.005202499817244972,0.4887914596328713,-0.08411654900242271,0.00960218370264872,4,0,1.0,5.25,4.5,2,1,3,1,-0.028571428571428553,0,1.0,6.0,5.0,1,False,False,True
ACC0103,2025-10-01,17,Standard,24131,39,False,14.798406363395012,-0.15222008054587174,-0.04255155253561366,83.54277212813292,0.002716109645663872,-0.05243112083902584,23.29435380958046,0.03244604973094519,-0.019981376490193676,41.37910184043711,0.10337560823309096,0.03986921768908314,10.021053469362254,-0.09993885570324096,-0.03748406656834937,153.73842505046858,-0.0738074679655758,-0.014918823432972574,17.579559355269456,-0.014565927326262077,-0.003720821289054388,77.9782935747354,-0.06875207943249108,-0.01915560366135116,-0.0327568988360063,-0.003320211716548463,0.02049852924754479,-0.0022337985629489326,0.017262372312503993,0.0005500075554549649,0.3794463170101285,-0.15222008054587155,-0.04255155253561366,8,0,1.0,3.875,3.6,5,0,0,0,0.0,0,,,,0,False,False,True
ACC0104,2025-10-01,13,Professional,77170,55,False,18.47200929292622,0.034200117835741166,-0.08453217565847436,80.70798656454882,-0.12003000545710563,-0.12100034169443877,20.56330031229909,0.01860799897135032,-0.09719777892713131,40.28500302881037,-0.12486070156327132,-0.11029388992795768,6.229285537299532,-0.1279281164305696,-0.11855336945532668,195.79460171355063,-0.0019458643875439165,-0.08626326644676312,29.676482896667697,-0.048800672805715074,-0.12415458948737225,101.21941998781541,-0.0058013622670393125,-0.10857507103025026,-0.010109071255899271,0.000610530097797525,0.0009135075280703869,-0.00021239232704935163,0.016148240351227194,-0.007350814394146671,0.3358547144168404,0.034200117835741305,-0.08453217565847439,3,0,1.0,3.6666666666666665,,0,0,0,0,0.0,0,,,,0,False,True,False
ACC0105,2025-10-01,12,Enterprise,105865,146,False,74.26947662838097,0.020858555347462417,0.07993134665815374,282.09771140952716,0.12745602696304312,0.06241557791273268,77.7369368072276,0.04502745358526812,0.06209250223998383,372.35039123340965,-0.03878996713813037,0.07469302315219167,38.87894778861876,0.03089196765180161,0.09430364931402173,821.3738500134174,0.12988454247290937,0.08648756928686009,86.32605310438346,0.05485994390280861,0.08962174587870905,444.78801697066,0.1199891573589409,0.10456008070176744,-0.019342124665051558,-0.001394720142261413,0.00682043563197357,0.0021764573491619803,0.009368343055549455,0.0023716087706279754,0.5086950453998696,0.020858555347462327,0.07993134665815373,4,2,0.5,6.5,4.0,2,1,2,1,0.11428571428571424,1,0.5,6.0,5.0,1,True,False,False
ACC0106,2025-10-01,12,Standard,18509,18,False,9.21463617923006,0.12186238428491636,0.07818436377025702,72.04902662836399,0.0530158329344519,0.0748734213066852,19.19295005042931,0.02879634974774743,0.08355112397868485,41.959598638172565,0.15933194050559102,0.11011781039566178,7.209311514766955,0.09337066366565187,0.08648022767944431,103.53835647583814,0.05936431205171958,0.07017634359358173,12.355911488082157,0.11919007041711387,0.059378442944842146,91.77897624299003,0.16028926897932677,0.08400060308681583,0.002992687108944625,0.008231035008033807,0.006558725978172086,0.0004219616539337667,-0.010744239290339908,-0.007460170458744302,0.5119242321794477,0.12186238428491618,0.07818436377025705,16,1,0.9375,5.133333333333334,3.2,5,7,7,1,0.7714285714285715,0,1.0,4.285714285714286,4.0,2,False,False,True
ACC0107,2025-10-01,14,Standard,15485,12,False,15.747740662794717,0.01842701746010394,-0.009408944958549334,155.4571866810063,0.054204148862798576,0.05512588188025957,24.710417741243024,-0.011085786099640749,-0.0007911014846182634,84.4872865226899,-0.028767630296628956,0.015682482181988817,12.743949880044148,-0.009711476108557366,0.014917499656918893,156.71409642983568,0.02747764680179935,0.01063779730139989,23.80823132740696,-0.046146183446872546,0.004376606434871129,126.6870516877741,0.0021619229677156686,0.0074631494814250705,0.033782208571103534,-0.003751109168681384,-0.0034603581468446165,-0.0013710283997047795,-0.021191583122325552,-0.004008129733547042,1.3123117218995597,0.01842701746010404,-0.00940894495854933,5,1,0.8,4.75,3.0,1,0,2,1,-0.22857142857142848,0,1.0,5.5,3.0,1,False,False,True
ACC0108,2025-10-01,21,Enterprise,178192,104,False,85.93219862969768,0.019716078047255788,-0.006876314694048949,722.8001066804336,-0.027513764610988537,0.0004087982410638075,121.11196469081123,-0.008695968364871205,0.005402139261302322,516.4130276891433,-0.11089751726222934,0.005526919562113246,75.9351835651085,-0.05292964647990111,0.0036664597748926196,1373.3966998322537,-0.10719028623286435,-0.005729592920048431,125.65618807774327,0.024573830881904322,0.009546000059875322,660.6447973184964,0.03162189529579864,0.02002454832222051,-0.002806451620224748,-0.0013834963665949052,0.00827706645760587,0.00018881751670909996,-0.0031160958478248513,-0.001159840139670465,0.82627114067017,0.01971607804725589,-0.006876314694049006,7,1,0.8571428571428571,4.5,4.0,2,0,0,0,0.0,0,,,,0,True,False,False
ACC0109,2025-10-01,13,Standard,12884,27,False,15.780485505503918,-0.04668797805366012,-0.01809336474309897,92.39452758900484,0.04558361109249208,0.019724626461522857,23.31456868278921,0.01154979620395147,0.008097522498240105,48.226094753339986,-0.10251859178838622,-0.03214028323475202,5.847863309426007,0.04006132879139292,-0.020962437569238507,116.87378145842422,-0.08641316022782533,-0.007714037931316312,21.082005404773366,-0.09651672766343808,-0.030484692480242336,94.7202469692732,-0.01691000899595813,0.014902148193405603,0.017044116889590122,0.0033710464255021083,-0.012381535796912091,-0.0022972799407008394,-0.0007258171405933878,-0.005010530436885888,0.5844624261297748,-0.04668797805365996,-0.018093364743098885,1,0,1.0,3.0,,0,0,0,0,0.0,0,,,,0,False,False,True
ACC0110,2025-10-01,17,Enterprise,111299,103,False,124.03327466632301,0.0825953378346108,0.00260528516615373,659.1486275181874,-0.005642470616576946,-0.01217050879705551,168.15067881583198,-0.016656750024798536,0.009627102539727516,429.6478670102515,0.022226905808155985,-0.009795559455078156,57.65384385794693,0.10190332857700046,0.005551277717433525,1695.3923819197273,-0.00020592446932282015,0.01709551685823652,133.13455729938295,0.04686522793470541,0.03434355267674018,673.3558063439032,0.07618254955724454,0.020846308453547235,-0.013750238727712444,-0.0004978573034317632,-0.013970588932803008,-0.0011793188422328064,0.027186278267989028,0.002211725538190823,1.204206550158476,0.08259533783461082,0.002605285166153735,15,0,1.0,1.6,3.0,9,2,3,1,-0.08571428571428569,0,1.0,1.6666666666666667,3.0,1,True,False,False
ACC0111,2025-06-01,9,Professional,73207,76,True,15.536031044442387,-0.1346258554338135,-0.09820551886365642,113.24701903612332,-0.09363755414580009,-0.07139448931648605,25.002539927824273,-0.14822604566636655,-0.11818072690148974,42.72927897236992,-0.20783012023897288,-0.13733306422172786,10.875330019664572,-0.1590945019808412,-0.10302792811212477,319.3707485463445,-0.12284280841962021,-0.0741446129157089,38.22542893748845,-0.09678432129922457,-0.12784948526474654,177.97063465935904,-0.22053302400997582,-0.10615654786199849,0.012312375919255325,-0.005698529959156082,-0.013080117007152975,-0.001292820045322527,0.019099244397208226,-0.01134015330483204,0.20442146111108397,-0.13462585543381367,-0.09820551886365654,12,1,0.9166666666666666,4.454545454545454,5.0,1,4,8,1,0.17142857142857135,1,0.875,5.0,,0,False,True,False
ACC0112,2025-10-01,11,Standard,29023,29,False,16.073682525809307,0.04847032939846914,-0.0006890674107852339,60.29727471752568,0.07135526605343152,0.013240138613633906,15.121408190945104,-0.05622658588973435,-0.02437652724710627,51.70717075660655,-0.12052226201402494,0.0031322667354676333,8.604858361970257,0.009393447629848973,-0.016149537498710263,150.26786766384438,0.015680214499774102,0.020698651804987464,26.864693684313313,0.01044241247492188,0.021627868544868853,95.60164904483533,0.032198174527021235,-0.02986654674335434,-0.006567655023901192,-0.004675472519662993,0.00808973304736782,-0.00179981723722078,0.00028392404132160376,0.0046692876920955,0.5542649146830795,0.04847032939846925,-0.0006890674107851449,8,0,1.0,3.75,3.6666666666666665,3,2,5,1,-0.02857142857142855,0,1.0,3.0,3.5,2,False,False,True
ACC0113,2025-10-01,17,Standard,23758,15,False,13.703847048336463,-0.010917491838595333,-0.010094636647771795,114.19110032918053,-0.0833242914377281,-0.024151727842198732,23.603777023271416,0.07804833968319741,0.04608157393023722,47.3119590245943,0.038118235052768484,0.023129445052618193,8.278183036147782,-0.0494291682802277,-0.012031142336136696,90.97445245161931,0.007207399875609296,0.00040843981687330025,18.56715992940748,0.06317970487861051,0.0027327198539457594,112.18608196206993,0.010013981311597874,0.004887099160609141,-0.019159603795100955,0.008207648581712926,0.009261612395900926,0.0003360885972944587,-0.001180773063886531,0.002535027284079311,0.9135898032224308,-0.010917491838595382,-0.010094636647771799,4,0,1.0,3.5,3.5,2,0,1,1,-0.1428571428571428,0,1.0,5.0,,0,False,False,True
ACC0114,2025-09-01,9,Standard,24872,17,True,9.96291387361392,0.023199191204017578,-0.007027571541343905,120.85189297990014,-0.03415680178349006,0.00742600057838034,24.749235594509827,-0.012585427894607194,0.00295380186819661,47.568066369833424,-0.006791816734042246,-0.014072519855155625,8.983284106295793,0.02583668426039814,0.022522665815533482,157.91972762157852,-0.015351063274542626,0.014943025649468936,17.99103975057729,-0.04041190315293748,0.008771072383637758,119.00845401186616,-0.06437442217592121,-0.006678488026091473,-0.007501199675307657,-0.0029238881314593707,-0.012088425853456264,0.00042493771033705677,0.02309528967068447,-0.0010067137207980595,0.586053757271407,0.023199191204017606,-0.007027571541343969,6,0,1.0,2.6666666666666665,,0,3,4,1,0.2285714285714285,0,1.0,2.0,,0,False,False,True
ACC0115,2025-10-01,17,Professional,55410,32,False,26.755810370643744,-0.047729777120116286,0.029911963711005417,253.75072189900243,-0.0010031888646018152,0.015047875818668408,56.24800881554328,-0.0015101230442273845,0.0009640309631438175,140.23141215613285,0.03156846258994336,0.012851071761333337,19.93261313462241,0.0521451260620635,-0.006516571645158284,386.73869846179133,-0.05116748864358005,0.006279637428946314,80.29059433552005,-0.005530957288823691,0.01704480834164961,232.22783625496808,-0.07115406156967581,-0.048057194390545885,0.006141116181760775,0.001162674163122747,-0.0035651546490633734,-0.0016346636887385295,-0.0021894716842193462,8.549967713748774e-05,0.836119074082617,-0.047729777120116286,0.029911963711005417,3,1,0.6666666666666666,3.0,4.0,1,0,0,0,0.0,0,,,,0,False,True,False
ACC0116,2025-10-01,16,Standard,29520,25,False,12.008648047845105,-0.044991734502436556,-0.015336415816149172,114.46134607697313,0.0506917554533189,-0.012602607861406968,16.47682750298141,-0.02551313887057421,0.02615094290151321,44.69166992064021,-0.06094078756230397,0.00717977287866532,12.056500586536844,-0.006022858911171526,0.028308694716027174,156.18409348226487,0.05968023596187886,0.01392127510957739,28.34433108612497,-0.10151457065231981,0.013243763601552482,135.04822185002317,0.051327507998662196,0.017253938144578332,-0.027470648025828603,0.00467737632299884,0.002854743416942182,0.002846821292606761,0.012079852023135496,0.00501185497014521,0.48034592191380415,-0.04499173450243643,-0.015336415816149212,16,0,1.0,1.375,2.5,4,2,3,1,0.028571428571428612,0,1.0,1.3333333333333333,,0,False,False,True
ACC0117,2025-10-01,15,Standard,29665,28,False,8.902939961037502,0.010780111112898607,0.03052561502073438,62.34182672764294,0.08423602880812212,0.07400845541368564,11.61071010090419,0.12367804163688248,0.08113533341137603,31.318562598531688,0.14953990640970286,0.10395240210460109,8.918083306119069,0.12469083192835863,0.08492362637763229,90.33294874608657,0.11134070502740054,0.07931186072871987,24.844993765301297,-0.04824058776407199,0.09170332647525044,63.63664178831856,0.024522836340827678,0.07074291986861599,-0.007796859460564909,-0.0008978931957928024,0.002170168620527879,0.0014750309830074693,-0.006229580956151115,0.01127913400897336,0.31796214146562507,0.010780111112898698,0.030525615020734313,14,3,0.7857142857142857,6.363636363636363,3.0,2,3,8,1,0.17142857142857143,2,0.75,3.8333333333333335,,0,False,False,True
ACC0118,2025-10-01,12,Professional,62410,81,False,30.792353558963878,0.036320635275413723,0.0889058449406856,247.92711645093956,0.1903771099652306,0.14696002382175394,45.26315020679156,-0.002607402319399805,0.1016365144257144,116.0872584788468,0.13098306250980085,0.0790603842998198,12.988977540468246,0.22863687667036414,0.09563787893429362,494.5748833850662,0.07322457507541585,0.07614179917622872,47.670705801701104,0.14320985792823046,0.10204579035192646,254.8635344187986,0.10831107970318786,0.08020964496030816,0.033317344450235126,0.0019558245315454623,-0.007586655625900024,-0.0012855937208527037,-0.026904692215667603,0.0005037725806397927,0.38015251307362813,0.036320635275413536,0.08890584494068554,15,4,0.7333333333333333,8.363636363636363,3.5,2,6,9,1,0.37142857142857133,2,0.7777777777777778,6.285714285714286,3.5,2,False,True,False
ACC0119,2025-10-01,13,Professional,45083,75,False,52.61202391840672,0.07879547558068661,0.0005993479882556686,246.8836405622216,-0.005463040725836393,0.04002287078230587,57.96557007583388,-0.0034210785511882575,0.01974375355903046,218.22114831040957,-0.009575600292149655,0.015016714880223866,36.89104969498019,-0.03524339154862567,0.034990704534826486,855.846909906531,0.06301756572167215,0.0299872841254363,56.70339516449243,0.07945290138359958,0.03880931802283626,277.9084259398945,0.027625529521324937,0.024036643514478612,0.006629705653796558,-0.00030687720336741026,-0.001740836877787616,0.0011742197356375793,-0.007047283133331139,0.0012910718250521633,0.7014936522454228,0.07879547558068654,0.0005993479882557004,3,0,1.0,4.333333333333333,4.0,2,2,2,1,0.2857142857142856,0,1.0,4.0,4.0,2,False,True,False
ACC0120,2025-06-01,7,Standard,19651,28,True,12.763217025031764,0.03633271750650497,0.0126738156418924,90.95495955421062,-0.027176275748602558,0.01699297167880168,22.339891717947026,0.09436593225020437,0.05472549704293163,60.25554607252499,0.0289163208780281,0.013183949910511292,9.177452462241762,0.09341363521378687,0.011679681295383956,137.4432137785772,0.014208029529465717,0.01858419008015172,29.895437217646542,0.004245713111561815,0.03996678149720357,77.669602737674,-0.047385522474520825,0.01214295079629156,2.6468496894416216e-05,0.006208424768131472,-0.003749695939907899,-0.0025511376736249737,-0.00396667466979761,0.004032615018304445,0.4558291794654202,0.036332717506504957,0.012673815641892471,3,0,1.0,1.6666666666666667,,0,1,2,1,0.057142857142857155,0,1.0,2.0,,0,False,False,True
ACC0121,2025-04-01,9,Standard,22764,32,True,10.072854133192292,-0.005041987858638806,0.0091488727695516,73.86179282150316,0.04753707027640754,0.01854479333343895,22.385229340346168,0.018196445251755355,0.028551482860112262,33.629552759596585,0.012842954886764752,-0.005094673837916204,6.157783846732105,-0.035249189869335174,0.009351655788346111,87.76970437610676,0.03666252517606956,0.01231023927891054,19.41116630656931,0.01259983647814328,0.022522718575300193,88.43230823150793,-0.06150796308531251,0.01181738044562909,0.0029018470122031403,0.004989787688533406,-0.0072557014109881635,0.000644579159615119,-0.005716643259141174,0.00443613080977763,0.31477669166225913,-0.005041987858638806,0.0091488727695516,5,0,1.0,3.0,,0,2,3,1,0.08571428571428572,0,1.0,3.3333333333333335,,0,False,False,True
ACC0122,2025-06-01,7,Professional,74735,45,True,37.20028730308461,0.007843232031064322,0.022756817877762056,204.94813688131356,0.016191108349916626,0.01754057342468055,43.910598616346554,0.0455063058951511,0.021707678520347336,101.81684395235641,0.02252243546255196,0.009384802148564445,28.149780531565238,-0.036773402378918435,0.02335411377857369,406.7939521699164,0.013922171789811666,0.020265310124119633,53.830662149214,0.021877067179971527,0.028143679280487867,325.9413080420693,-0.01440087683294252,0.020625933682795052,-0.0007325203112935885,0.0002945779121860531,-0.008551607647932002,0.0006015765957247191,0.008409453227081087,-2.1479775766303222e-05,0.826673051179658,0.007843232031064299,0.022756817877761987,6,0,1.0,2.1666666666666665,,0,2,4,1,-0.1142857142857143,0,1.0,2.75,,0,False,True,False
ACC0123,2025-10-01,14,Standard,17244,22,False,10.29069629640144,-0.04772977712011613,-0.0038878491229683023,97.37469058085877,0.11597340121209697,-0.003443469325507603,15.445762354469528,-0.023546517341698457,-0.02860823747304522,37.40621488686625,-0.048816298332181624,0.006808896729385862,8.584210101781563,0.06649910339457735,-0.03668316290776893,127.71812700340229,0.028921310147059,-0.006240267588068856,22.72541575443655,0.018936918685816366,0.03986201570123729,111.20291909109073,-0.0031592244263973857,0.014613133822064615,-0.017654057318633565,-0.005246511206188506,0.00628722207321665,-0.0044711687368035255,0.012318000899611381,0.008766514288797628,0.4677589225637018,-0.04772977712011602,-0.0038878491229683994,5,0,1.0,7.8,4.333333333333333,3,0,0,0,0.0,0,,,,0,False,False,True
ACC0124,2025-10-01,20,Standard,25523,33,False,20.8560904152211,0.04902276220135101,0.020937209862690046,166.83786742589947,-0.02152694823950261,-0.002892007744665619,22.28350353427733,0.014627870050265314,0.007183601373616348,77.11918255270501,-0.009756637646507249,0.0017066821150950216,15.474044169241074,0.052030060214354086,0.045417680783550095,246.94125937592926,0.06770551595027012,0.03488555790116654,37.613596248696766,-0.04912438276464043,0.010556987985421375,149.0530676010285,0.07494755672511828,0.02901881994645137,-0.022701189139209044,-0.0018456100318179763,-0.006981133999077044,0.0024545890971666463,0.026580490498340104,0.002492853574597234,0.6320027398551847,0.04902276220135085,0.020937209862689966,5,0,1.0,5.2,,0,0,2,1,-0.1714285714285714,0,1.0,3.5,,0,False,False,True
ACC0125,2025-10-01,11,Standard,24728,19,False,7.892369529284527,-0.043563703799079374,-0.025268004577445418,89.88034235615744,-0.047517914584709456,-0.0016602602815203983,20.887654475823513,0.041611810332820985,0.015760417829382627,45.279675761566416,0.007249738766567456,-0.03922375919289561,10.021053469362254,-0.09993885570324096,-0.014854787838358807,98.01320881694726,-0.0391045795573947,-0.029089706100722236,19.61823716943377,0.03211835643063499,0.0005777762435864351,85.89139511808419,-0.06205304958629616,0.006520751416707189,0.01980148591484987,0.005232904483441228,-0.008943546738807873,0.0025812650901782044,-0.02212199452018343,0.0034498857705220765,0.4153878699623436,-0.0435637037990793,-0.02526800457744544,2,1,0.5,2.0,,0,0,2,1,-0.1714285714285714,1,0.5,2.0,,0,False,False,True
ACC0126,2025-02-01,9,Professional,67400,71,True,19.694328564278116,-0.10102652437680944,-0.112733783088421,159.9664305192216,-0.1765611240416327,-0.08742869326865756,15.629820509040359,-0.18886462618911662,-0.13540772160141096,56.78824816257997,-0.1964695051037293,-0.12222583826062369,10.120394529768747,-0.07206138619253119,-0.15829789008964362,205.17594721412834,-0.11534810925905804,-0.10791047121453293,29.70128563090665,-0.13796255296356855,-0.10340794295840408,148.4377281442337,-0.07531982703267814,-0.10379822982440749,0.01059069331269985,-0.0008173021727926819,-0.005075990293181731,-0.0049380560118905854,0.00023488621953238198,5.76894563277669e-06,0.27738490935602983,-0.10102652437680945,-0.11273378308842108,11,4,0.6363636363636364,5.285714285714286,2.0,1,5,6,1,0.28571428571428564,4,0.3333333333333333,9.0,2.0,1,False,True,False
ACC0127,2025-10-01,14,Standard,15174,15,False,13.037717677485247,-0.04520784874667872,-0.0018182774739570451,81.74091755337336,0.03475071550130677,-0.007674391885528475,14.817268900629434,-0.12305153258828427,-0.0440167721060596,53.536561470146104,0.027054154647371726,0.025529390486346115,12.056500586536844,-0.006022858911171526,0.02609306908621478,127.83778828790476,0.017088398790997963,-0.0011250389116172904,16.923749579744296,-0.07634524687527112,-0.0010587189950789899,110.41136814940938,0.025847515273576534,0.0036073451853324643,-0.01017662176836509,-0.002025705124103397,0.01940252870214057,0.00465587601338318,-0.01306778126328284,0.0012117034402276683,0.8691811784990163,-0.04520784874667885,-0.0018182774739570475,2,0,1.0,3.5,3.5,2,0,0,0,0.0,0,,,,0,False,False,True
ACC0128,2025-10-01,15,Standard,15304,17,False,9.554823687066682,0.1123830544888763,-0.010896498706036008,86.66698833183068,-0.006147934290068816,0.04325288267442338,21.690155903479454,-0.10235331624806793,-0.02387917701259618,42.06104491291673,0.08518499149883994,0.00047682357824040757,7.24341015662931,-0.04942916828022782,0.014407469377781465,102.81145196803675,-0.029693233449705456,-0.016164967133072194,18.287639723231155,-0.0464228185592373,-0.03130445208572537,107.27078116774078,-0.057313070542077967,0.006177848433680404,0.03754576155253764,-0.0023642671154454897,-0.008907608466004302,0.0024308870920475636,-0.022142632137263252,-0.006562140925872054,0.5620484521803931,0.11238305448887644,-0.010896498706036008,4,0,1.0,4.5,5.0,1,0,1,1,-0.1428571428571428,0,1.0,2.0,5.0,1,False,False,True
ACC0129,2025-10-01,11,Standard,21708,21,False,13.345160342612667,0.029105564137573498,0.017688551318161584,86.2329696408708,0.029377697044804647,0.013802727399549146,22.30107644579844,-0.009741804569183632,-0.01293928325168729,55.39057010785129,-0.05128121424469625,-0.0065046417842662945,9.986954827499899,0.0029720093967153076,0.042512791583383384,132.9401672323432,-0.047661760123728414,-0.013432178717126013,23.41607259158606,0.016245692048864484,-0.03281867244904217,80.46292508185097,0.03175711434012665,-0.013671702064084046,0.006332623989198594,-0.0006146255023029845,-0.0032262578983143775,0.00506540659539793,-0.002878589730956116,-0.004678557453023119,0.6354838258386984,0.029105564137573713,0.017688551318161553,8,1,0.875,4.0,3.6666666666666665,3,1,3,1,0.02857142857142855,0,1.0,4.666666666666667,3.0,2,False,False,True
ACC0130,2025-05-01,10,Enterprise,199860,155,True,77.2807361731979,-0.027024935129683413,0.03249063588444605,602.7223137644372,0.035428485525558925,0.00957397348540951,108.65068624898517,-0.011909309327218018,0.01882174323610928,330.40286692001655,0.0437400646539612,0.015436593942180695,64.31579124754295,0.08309969469742128,0.01782013437784646,1599.1341120591212,-0.013065018084733336,0.04421393326595377,131.43258585701656,0.018228407034808373,0.02091177403263771,556.5501542299561,0.03971487525500361,0.025019858928022925,-0.022007420286082102,-0.0012976291384524247,-0.01186521331746257,-0.0021787468522501616,0.04058149762133123,-0.0032324880270837852,0.49858539466579294,-0.027024935129683635,0.03249063588444605,4,0,1.0,3.5,4.0,1,1,3,1,-0.14285714285714282,0,1.0,4.333333333333333,4.0,1,True,False,False
ACC0131,2025-10-01,20,Standard,25684,38,False,17.121251353336618,0.014079965483347941,0.031664704184053885,97.80870927181861,0.08411035288288449,0.025235887847680678,15.063405533006488,0.04421644594732358,-0.02938518304431614,36.04910171911251,-0.061480427611944784,-0.0007986364771934508,6.88263618894448,0.026606841760234028,0.019447361255125726,93.31569038576129,-0.06777762479374722,-0.020407143728304464,26.11056018127553,0.0881851504525528,0.047918757859639484,144.32283037997726,-0.015761452235628005,0.028023395894640122,0.010280202489803103,-0.007972662391789231,0.0034518072079902373,0.0010765685259833228,-0.016326779249631884,0.009490863417644546,0.45055924614043735,0.014079965483347973,0.03166470418405384,3,0,1.0,5.0,,0,0,0,0,0.0,0,,,,0,False,False,True
ACC0132,2025-10-01,21,Standard,22227,23,False,3.0872088889204323,-0.04772977712011626,-0.12543666298023393,22.105955331000548,-0.01923884611461021,-0.10012723762218598,3.4377644822688307,-0.04946383970205989,-0.14610959302040358,6.9456123270683925,-0.12191718163871695,-0.10490653737178335,2.0695457590369455,-0.0494291682802277,-0.13771313529768628,26.410161581623665,-0.24362854846712945,-0.12484244819112636,5.538015134987986,-0.14313023007996611,-0.12875054352844656,25.962985333807172,-0.16875292037423742,-0.11681953334650429,0.014911707304869237,-0.006094842215012726,-0.003236471474972441,-0.003343254061867952,-0.004973189995616301,0.0027360504426000853,0.13422647343132313,-0.04772977712011588,-0.12543666298023387,6,0,1.0,4.666666666666667,5.0,1,0,1,1,-0.1428571428571428,0,1.0,3.0,,0,False,False,True
ACC0133,2025-10-01,17,Professional,72392,34,True,48.659469613392154,-0.01628985621230849,-7.262700215979308e-06,273.6730854885861,0.05582922634865439,0.003256578261911704,48.711482535810944,-0.0012592013739809494,-0.012677985499874634,157.46224733818195,-0.0223703211957653,-0.017397557989288492,26.127800030059586,0.04874738010670401,-0.018997677000981254,409.11051971080866,0.002284165691649897,0.015111968328095802,66.35164043498274,-0.09425713696803589,-0.010390912944153376,245.32181144110282,0.016676542839344943,0.015081023054797933,-0.0005244845589416625,-0.002795156150464863,-0.010953987975308471,-0.0022452209030650212,0.01762136967921385,-0.0011025200914340921,1.4311608709821222,-0.01628985621230835,-7.26270021602703e-06,6,0,1.0,2.6666666666666665,4.0,1,3,4,1,0.11428571428571424,0,1.0,2.5,4.0,1,False,True,False
ACC0134,2025-10-01,10,Standard,16825,33,False,11.287021083332382,0.04311615481292675,0.0071422648141356735,99.86040497138605,-0.03093289220748283,-0.009034846611062311,18.17945781343854,0.0036390335583976006,0.005685856631321123,38.53469832491785,-0.11513882658258338,-0.03378034069786899,10.021053469362254,-0.09993885570324096,0.02049252843533487,103.80837246431969,-0.013743202063546515,-0.012610776490036932,22.741284920908612,-0.0027559460634607623,-0.005591459550901036,116.01748621113659,0.08903705596712745,0.025334614931692815,0.006220333998770811,0.004314844625827388,-0.009901531566219146,0.005488481455986197,-0.006906233126909911,0.000784104612544495,0.3420309419191631,0.043116154812926674,0.0071422648141356015,4,0,1.0,2.5,3.0,1,1,2,1,-2.1871923332469143e-17,0,1.0,2.0,,0,False,False,True
ACC0135,2025-07-01,11,Standard,15878,20,True,17.78142625824852,0.043202187695885824,0.034829123338976066,79.2741501823706,-0.017292272580408705,0.0023538701352965063,24.02540735547321,-0.13827848649220595,-0.017856473272706733,51.1807708478594,0.03512401134131377,0.026539835975813435,9.801213034940373,0.026674044667961905,0.04032023153622976,109.36125204499525,-0.018191709991869892,0.039891727400602976,22.586477931545918,0.07666905062656285,0.026751270418183815,100.58394499963526,0.059858142996148306,0.02024034942139071,-0.018000966417934916,-0.0063382429359352815,-0.00442897225871447,0.0023528855928124336,0.026819104218134826,-0.00040380819836247084,0.889071312912426,0.04320218769588585,0.03482912333897605,3,0,1.0,2.6666666666666665,,0,2,2,1,0.2285714285714285,0,1.0,3.0,,0,False,False,True
ACC0136,2025-10-01,17,Standard,27015,11,False,15.0916033837004,-0.048819130891870566,-0.02235351101767779,110.83099395956607,-0.005750022984561106,-0.02627755338245571,14.434912079166395,-0.05497390458459479,-0.014683757648683031,46.945073870179506,0.023619694590697557,0.011860136538170038,11.001079446829678,0.042590943170318134,-0.00034634513801882284,122.21135516201757,0.03395739493264434,0.01639761095725974,22.38241888237196,0.016995942499153524,-0.0021992928125198568,136.77924557170374,0.1300347935280881,0.032800308679002695,-0.026405169968238218,-0.0020073283270398423,0.003455272043478508,0.000883130276295184,0.023564261597394387,0.0005098343781101411,1.3719639439727638,-0.048819130891870455,-0.02235351101767775,5,0,1.0,3.6,4.0,1,0,1,1,-0.1428571428571428,0,1.0,3.0,,0,False,False,True
ACC0137,2025-10-01,19,Standard,28585,15,False,3.0872088889204323,-0.04772977712011626,-0.12543666298023393,26.370618958852024,-0.18003260495127654,-0.10051337031604081,3.093195445535656,-0.05497390458459498,-0.17272766920476654,14.624258896981116,-0.18652276002931417,-0.13372847734697588,2.0695457590369455,-0.0494291682802277,-0.1612499227570086,38.145782500258115,-0.18462174468602272,-0.09079842692404132,6.901905278474843,-0.05064881469393693,-0.12087568935162837,25.239360515831706,-0.1305854150972987,-0.079871494674203,-0.005664980242911899,-0.008770968786530699,-0.0037703307450935586,-0.0027196971766181924,0.024748721948662844,-0.00382274499750844,0.2058139259280288,-0.04772977712011594,-0.12543666298023404,3,1,0.6666666666666666,5.5,,0,0,0,0,0.0,0,,,,0,False,False,True
ACC0138,2024-11-01,10,Standard,16972,39,True,6.882337682588774,-0.048260537629135965,-0.08312096392627202,46.53269240651582,-0.0375308751054036,-0.0815740870294808,6.892728341749394,-0.19386852632573198,-0.1171964595660509,13.279846530027712,-0.20307756232054458,-0.1484045001105569,3.306121675772586,-0.20529779337829776,-0.12813052003968822,44.34216393865987,-0.20777060060685518,-0.11913220448733343,7.922560928247411,-0.17206896129848215,-0.12218665524763792,43.092497700343415,-0.07883285072579392,-0.13228869441557797,0.031786440011439654,0.0017395614387491001,-0.021887674366265625,-0.0012409472922978657,-0.007469271031736169,-0.0029281087598891503,0.17647019698945576,-0.048260537629136006,-0.08312096392627204,7,3,0.5714285714285714,4.5,2.0,1,3,5,1,0.14285714285714277,2,0.6,5.0,2.0,1,False,False,True
ACC0139,2025-10-01,18,Standard,25961,23,False,10.225206610983035,0.15282948550874026,0.10989979955532606,70.69378368663483,0.03750527526771053,0.05552986550067403,17.855103649914113,-0.02354372153040319,0.03478439449537243,31.060632762051807,0.04926226950055995,0.08328748644613158,9.265406892130237,0.120016664091773,0.05547710467256179,112.05482637067068,0.09612679949045803,0.06320696874457764,15.478959239557,0.05038598911318202,0.043977093103517016,63.58614656103518,0.05095204137243542,0.03768143553850426,0.008655117671319212,-0.0005146122593988334,0.012986677827221474,-0.00045132419994706185,-0.021155112612870286,0.0004792535736753631,0.4445742004775233,0.1528294855087403,0.10989979955532615,9,2,0.7777777777777778,7.857142857142857,3.0,2,0,5,1,-0.5428571428571427,2,0.6,4.333333333333333,4.0,1,False,False,True
ACC0140,2025-10-01,19,Standard,12077,30,False,9.261626666761295,-0.04772977712011602,-0.00852480472795424,113.610329292933,-0.0115239102429675,-0.013211299416769308,21.976722282274014,-0.03202406458362937,-0.019554090135485605,48.37281161281646,0.02606831559763047,-0.00983149486324853,8.986280589843782,-0.10575506121515861,0.027479117601910866,139.80433744085056,0.037327468275559626,-0.0011650832332570505,24.760984839920624,0.057202715045383656,0.016790229756954527,80.67094078643755,0.08169231804687391,0.004139951259587271,-0.016767102498968345,0.0003254631411827996,-0.0011336610432280958,0.003497615181824041,0.011917772546379879,0.002159912672809697,0.3087208888920432,-0.047729777120116085,-0.008524804727954294,3,1,0.6666666666666666,4.0,,0,0,0,0,0.0,0,,,,0,False,False,True
ACC0141,2024-08-01,4,Professional,70498,81,True,22.563362126716303,-0.15548294698636317,-0.05543849770505671,134.11933885897062,-0.07873949608441119,-0.08571454639487235,41.50937847055136,-0.12975358916465,-0.09482021470156828,93.35104785991531,-0.09895357855772811,-0.08794864090852797,14.635568551891291,-0.1558077350384816,-0.11676242669657466,337.86075533578713,0.008794732019873136,-0.09586506178557892,48.474123711090364,-0.12991609326858303,-0.03859994347755993,206.9635977484876,-0.18293962358236468,-0.07056554673974252,0.0031852419901159668,-0.0007619569072076088,0.002236648364393995,-0.0010121653395069492,-0.020461406584882824,0.016813638477087507,0.2785600262557569,-0.15548294698636295,-0.05543849770505657,6,0,1.0,5.166666666666667,2.6666666666666665,3,5,6,1,0.39999999999999986,0,1.0,5.166666666666667,2.6666666666666665,3,False,True,False
ACC0142,2025-10-01,14,Standard,15519,15,True,2.761267025905841,-0.23042486682524688,-0.14931786400830352,28.14230825446174,-0.22785321575100548,-0.1960970570276661,3.093195445535656,-0.05497390458459498,-0.17272766920476654,12.208550800073704,-0.2595526336773483,-0.18736492796302823,1.3955468472033035,-0.42442782591482053,-0.21048256573013258,42.313204853086624,-0.1980489095964579,-0.1607013656278141,7.263880045691725,-0.12287310179898576,-0.15807690134387314,47.5496167472,-0.027718628010563403,-0.09467795100271674,-0.016739277634313432,-0.0014891227833518442,-0.006999031328595945,-0.0011031807623479925,0.022210747570002576,0.004119864938606652,0.18408446839372275,-0.23042486682524702,-0.1493178640083034,4,0,1.0,4.0,,0,2,2,1,0.17142857142857143,0,1.0,4.0,,0,False,False,True
ACC0143,2025-10-01,13,Professional,36714,91,False,15.124348226409603,-0.11661340956067981,-0.09801300945713283,77.51039418820727,-0.08202631035710925,-0.07614179067328586,20.638875881758818,-0.08124698621591792,-0.10565614067825699,60.774488260119256,-0.13432537576523862,-0.09606769735853168,11.709177000525676,-0.006201512027011713,-0.09349807918196502,206.01501045900207,-0.18653902532582886,-0.13770762026943406,17.33799493939772,-0.19978644907497414,-0.11220875969648576,140.45207022431322,-0.14984150663917545,-0.088868440935778,0.021356001900453392,0.002537096240720592,0.005828514884011676,0.0009966032634199894,-0.03219290620448978,0.0014746899158841476,0.166201628861644,-0.11661340956067977,-0.09801300945713289,3,0,1.0,3.3333333333333335,3.0,2,1,2,1,-0.057142857142857155,0,1.0,3.0,3.0,1,False,True,False
ACC0144,2025-03-01,9,Standard,25137,40,True,11.322970949114975,-0.018843528774356383,0.014036577650667787,95.82270171014288,0.019874130758476122,0.005786304642059883,19.21626549656948,0.025616007786999014,0.014279203087845653,48.26811999156223,-0.0004240201802547279,-0.0019134072472778724,7.235874641576202,0.08696803292743026,0.03463163393424989,147.85229035113778,-0.03295004674383394,-0.0027944805152951527,23.210221210450626,0.02612627701605169,0.021023648686969515,75.82650298173371,0.045472951431717534,0.014956742318812092,-0.005443199643351382,0.002064570463565875,-0.0012794502083154358,0.0006462370497889967,0.000911104802488294,0.0031007375358235723,0.28307427372787436,-0.018843528774356348,0.014036577650667834,4,0,1.0,3.75,,0,2,3,1,0.08571428571428572,0,1.0,4.0,,0,False,False,True
ACC0145,2024-10-01,6,Standard,20349,22,True,9.606067727663055,-0.0460183489338965,-0.09980890132608398,55.73491609637287,-0.09832424618749082,-0.08791364634066492,11.741646366614887,-0.18706537988892435,-0.12779852519516463,37.09792994600692,-0.05974226033482702,-0.09259384314797031,3.812416192251417,-0.18219543850422343,-0.10145866462487724,96.59263192017931,-0.13491767239939176,-0.06180547566787555,15.578837331409737,-0.14943561229382576,-0.08466542056147029,87.52601934986406,-0.15098271817594316,-0.07766148737739152,-0.007399244710206365,-0.007749267444774277,-0.00854924437401014,-0.0007873989882400782,0.023722265419870547,0.0007628900973604136,0.4366394421665025,-0.04601834893389649,-0.099808901326084,12,3,0.75,4.444444444444445,3.3333333333333335,3,5,12,1,-0.34285714285714275,3,0.75,4.444444444444445,3.3333333333333335,3,False,False,True
ACC0146,2025-10-01,14,Standard,22825,38,False,9.587568529775886,0.0048873098327404125,0.008993374441016014,89.82908242866627,0.10605411790870833,0.001581808918072807,18.2172455981684,-0.052894303116184156,-0.006966965953160854,41.509112155973746,-0.026408505004946,-0.0005377065096993524,7.930859450136615,-0.05159386632948423,-0.015617734781990238,92.65998425677934,0.031569843441731464,-0.010319606888950481,26.899540745937674,-0.02994073753129966,-0.007046099428019637,71.27405828365833,-0.0038184103320568923,0.010399144133263743,-0.012504876441650381,0.0013696136641250384,0.0063110330644283175,-0.0008766097717602117,0.003691641877673124,0.0020091976071840434,0.2523044349941022,0.00488730983274028,0.00899337444101602,3,1,0.6666666666666666,2.5,3.0,1,1,1,1,0.02857142857142855,0,1.0,3.0,,0,False,False,True
ACC0147,2025-10-01,15,Standard,16044,38,False,13.30816194683833,0.10266211177618487,0.020738762822980348,68.11348222285811,0.1242463649587398,0.03947371421680801,17.52810752470205,-0.05497390458459488,-0.007238113331148139,39.32502751382224,0.08376687806773651,-0.0066951593319789695,10.334278413511067,0.00287212347144574,0.005101187353850574,169.57805598413316,-0.005558852921628555,0.006025171783199213,19.964342770178586,0.02906013459600855,-0.01085189087456227,78.4299571176039,0.025260817903436317,0.005716485987195574,-0.0007212948616045212,-0.001172525294440098,-0.00911356334207035,0.0010066465527005415,0.01738959354445513,-0.007388856599040566,0.35021478807469286,0.10266211177618505,0.02073876282298034,4,1,0.75,6.333333333333333,,0,0,0,0,0.0,0,,,,0,False,False,True
ACC0148,2024-12-01,11,Professional,69146,60,True,11.662004177974985,-0.2002839646932065,-0.11790135836621012,111.23582449310715,-0.0630819340306959,-0.13718449800156496,17.203297044793057,-0.11693841387088053,-0.1714970934766821,53.47035712808542,-0.15887892186237088,-0.12516672993477826,7.5678563034224355,-0.2901324560813322,-0.17058542191404924,177.72522734093468,-0.13346680779624942,-0.11798752776330944,24.56034351892464,-0.0831689556892404,-0.12049855085794656,159.65669731277356,-0.17050021698131598,-0.1228675552456152,-0.02265074945577422,-0.006383321437656284,-0.0018461345135395435,-0.0011237768462330731,0.03237728410561391,-0.0003733018524107179,0.19436673629958312,-0.20028396469320647,-0.1179013583662101,13,2,0.8461538461538461,7.909090909090909,2.6666666666666665,3,2,6,1,-0.2857142857142858,1,0.8333333333333334,10.6,1.0,1,False,True,False
ACC0149,2025-10-01,18,Standard,21414,36,False,20.874589613108267,0.02555788526823788,0.0260132288268898,96.54350949526555,0.04317003113494531,0.024856980289560265,24.669987994825522,0.02833921464443869,0.01358593915323825,86.2105487788732,-0.04371873366512886,-0.004214522347093422,11.021727707018371,-0.0019476655359544673,0.005892407990254773,125.40013970528263,0.022147349656466975,0.014924085969008738,30.97534200992618,0.03282879628267658,0.055694709164267484,122.5129354567767,0.008590944310028124,0.03712339485735006,0.00014212184024259278,-0.0009730558763940411,-0.003961294919051228,-0.001304160172609075,-0.003652516657702276,0.009748905785513934,0.5798497114752297,0.025557885268237716,0.0260132288268898,6,0,1.0,5.0,4.5,2,1,3,1,-0.02857142857142859,0,1.0,2.6666666666666665,4.0,1,False,False,True
ACC0150,2025-10-01,19,Professional,36415,72,False,35.295810072892316,-0.019610299004220056,0.005838906141899695,213.03354686744456,-0.007694969693225542,-0.014266354985899456,39.119831023825384,-0.017748287136500954,0.0024542933498252623,107.89557909655298,-0.006464483696366317,0.012055109798760934,19.57183916693758,0.08075631332841066,0.007276692551940045,639.6463288031026,-0.07310426392492231,-0.013839151947089236,51.727110980426794,-0.02824373936419843,-0.03145341451766309,328.84879386504485,-0.03830396745136824,0.002006510021902843,-5.911946178929761e-05,9.880974110548085e-05,0.002811002273154631,-0.0003537168977916713,0.002852134129913364,-0.00534910978459241,0.49021958434572666,-0.019610299004220004,0.00583890614189971,6,0,1.0,3.5,4.0,2,0,0,0,0.0,0,,,,0,False,True,False
ACC0151,2025-10-01,13,Enterprise,102477,168,False,122.0663693931175,-0.02944791164834169,-0.0047349101467212855,523.9830477182776,0.007109731064271216,0.01868256170391183,140.74263225895456,-0.022048757502441927,0.02308578902266876,302.824329992715,0.015023212353804492,0.003303965588962996,76.55793661620949,0.08324866825313575,0.03230181328312107,1590.614900421676,-0.029117351785140577,0.02005892444187635,211.69109671238814,-0.02153225973038138,-0.004285341329753174,938.0214022363722,-0.07351067429591901,-0.015403236174035986,-0.003296612727367504,0.0021859434304042358,-0.01265645953855446,0.00041078994383493203,0.016449775224329666,-0.0030934363326469982,0.72658553210189,-0.029447911648341582,-0.0047349101467212724,17,0,1.0,1.5294117647058822,3.0,2,5,8,1,0.514285714285714,0,1.0,1.5,2.0,1,True,False,False
ACC0152,2025-10-01,15,Standard,14121,23,False,17.820125566897037,-0.019420777550842608,0.029532906695661373,94.96268878298451,-0.008846129711340444,-0.011435576297422695,14.397124294436532,0.016406101906908586,-0.04036076614739771,41.13319636528497,0.014146275003751685,0.0012038489713654013,7.590733742640478,-0.047167474409423524,-0.00742406828662993,154.32477007553015,0.021535211204927553,0.00023474579950176014,20.34218670386753,-0.022407559931370453,-0.002851614585980816,126.99554428636054,0.006677030273496962,-0.002289534047681387,0.004150281064626393,-0.006427555969844845,0.0014509556625932202,-0.00037237866521221824,-0.0008458708995158215,0.0020445688073532503,0.7747880681259581,-0.019420777550842653,0.029532906695661384,22,0,1.0,1.5454545454545454,2.75,4,4,8,1,0.45714285714285696,0,1.0,1.875,3.0,3,False,False,True
ACC0153,2025-10-01,14,Standard,26979,25,False,13.689601403514429,0.028373245416656406,-0.03481233839093903,107.52804944233674,0.05612769924894982,0.007534900360728328,19.876804200520382,0.022102323075764915,0.014243579377890767,57.445380500451414,0.00985941161810432,-0.0302892723920028,9.63963124148873,0.0030790932607623984,0.01257123297154722,93.24313670460316,0.05608979563051802,0.005632082900993783,20.67086877380017,0.0017998439061288024,-0.003300858169724757,78.18656605960543,-0.016308515391191526,0.006861423609348571,0.012096321691306144,0.0043410830895681055,-0.013887762626442424,0.0024888203963803895,-0.0062782672323142275,0.0012398046815016578,0.5475840561405771,0.028373245416656312,-0.03481233839093901,4,1,0.75,3.0,5.0,1,0,0,0,0.0,0,,,,0,False,False,True
ACC0154,2025-10-01,13,Professional,56155,47,True,14.439719657671219,-0.11874084751291922,-0.13874381404471542,63.11029764130448,-0.15740761557144178,-0.15907160037457097,12.792926388335523,-0.21415494604672008,-0.20336561698034672,33.77842202412321,-0.19963360399862687,-0.13186594178772623,5.207963039454721,-0.24710500909456717,-0.1814911026305432,129.8252441259952,-0.1486200410393206,-0.1407471431536119,16.25051627340696,-0.10984702975504637,-0.14816724171070694,90.86768805088201,-0.22735876537059688,-0.1372667287281652,-0.010692169503775745,-0.011273061404757895,0.005765336569517249,-0.0008748366701575999,0.014848970365715142,0.002225760643459085,0.3072280778227919,-0.11874084751291922,-0.13874381404471528,13,6,0.5384615384615384,7.285714285714286,3.3333333333333335,3,5,8,1,0.057142857142857155,5,0.375,13.0,2.0,1,False,True,False
ACC0155,2025-10-01,12,Enterprise,98811,196,False,65.67823288553603,0.03776170659613577,-0.01683965733793578,683.2231589052844,0.03380989316449781,0.02705146869352952,133.4320277383905,-0.000777378364925215,0.0209477095415934,294.8349244972866,0.004032875140621957,0.00394222719479825,54.67436015588007,0.06825761502898413,0.008431054204997885,1875.887040865938,0.06463236997112311,0.01026187798430287,109.38015092875264,0.051738956636526334,0.012514046597091415,725.7067317345709,-0.04387940937234555,-0.027087141333554443,0.006722786662944014,0.002619782257927715,-0.0037129016004348314,-0.00017085012804112995,-0.004102655555458745,-0.0013561616369369561,0.33509302492620424,0.037761706596135626,-0.016839657337935788,4,0,1.0,4.25,,0,0,1,1,-0.1428571428571428,0,1.0,5.0,,0,True,False,False
ACC0156,2025-09-01,13,Enterprise,91257,106,True,76.04049191197915,0.10364623935273919,-0.0010895117044116048,673.2140072649086,0.047801405546660236,0.025431483054843572,130.5189208023646,0.007290637591326387,-0.03224922795254584,350.7718369448456,0.13737435898066833,0.046826123677978046,41.838656108035266,-0.135868138621503,-0.011065959488585677,1763.8171608395185,-0.01823243067582093,0.010861040801390179,165.41714071167917,-0.017686688388834325,-0.004961654235427075,849.2395361044088,-0.014395463129239418,0.0001624404833072299,0.0037356587356828785,-0.0077551707521157365,0.007666258299109968,-0.0005834218789073798,0.0011095182856050156,-0.00417284268937472,0.7173631312450862,0.10364623935273921,-0.0010895117044116462,6,2,0.6666666666666666,5.25,,0,2,3,1,0.028571428571428498,0,1.0,6.0,,0,True,False,False
ACC0157,2025-10-01,16,Standard,22981,18,False,13.638357362918057,0.13962635068393187,-0.0010826366319379446,84.4918982966845,0.038974865074105566,0.016248484501540792,16.17268821266574,-0.08615995439224855,-0.016440572772698635,35.034088917132806,-0.0927808446770676,-0.004066874042152103,9.278857273803899,0.061520751777350106,0.009446806900407785,132.22282413762795,-0.049837151027985735,-0.00037045297812820247,17.252431649676932,-0.04631374585604304,-0.015447893681926117,84.1159109645733,-0.04461467865962246,-0.02745264241634032,0.007056519508794823,-0.0003269716745379764,-0.005190924005600492,0.00023483114210828132,-0.00019197238292911756,-0.0015814825878354422,0.7576865201621142,0.1396263506839319,-0.0010826366319379168,5,0,1.0,4.0,5.0,1,0,1,1,-0.08571428571428574,0,1.0,2.0,,0,False,False,True
ACC0158,2025-09-01,9,Standard,22915,17,True,10.687192014124621,-0.029685590738702576,-0.019673037712039466,73.7275502482264,0.05298869099632767,0.022748282112189138,23.275566793155676,0.03264706331048962,-0.002552749525195802,56.23646489766204,-0.018951134493704874,0.04792938341258274,5.744798911189058,0.05925898265831653,0.005793043879684915,124.16433949247293,-0.0014304060471748209,-0.011250409001356572,24.09551120060893,-0.017599301683258736,-0.019133147820012117,132.3861613258778,-0.11002443163013922,0.023898368675431554,0.006463117958700554,-0.003277631527359437,0.026659165222763737,0.00021855889546290933,-0.02299589240142652,-0.007067318148141238,0.6286583537720366,-0.029685590738702635,-0.019673037712039522,1,0,1.0,6.0,,0,1,1,1,0.1428571428571428,0,1.0,6.0,,0,False,False,True
ACC0159,2025-10-01,14,Professional,58177,52,False,30.363923614756544,0.12057718198989416,0.07042045072012083,189.91913922106588,0.05619376408938159,0.05018804197929962,44.48878953740729,0.05967182010958614,0.06869464939984785,95.34435872919505,0.1468298891390391,0.06912664330235094,19.273009979818827,0.033812651069395044,0.07557922615948662,290.79358091610067,0.12550018026133444,0.09469722231090166,43.56005747608824,0.1398199262794216,0.11151946802924048,153.5159345116388,0.07130741325000854,0.10691435460190622,-0.024718059849586027,-0.0023265050281303934,-0.004863926604115276,0.0022198869822173603,0.022068771022170197,0.007619833477444209,0.5839216079760875,0.12057718198989432,0.07042045072012089,9,1,0.8888888888888888,7.75,4.0,1,3,5,1,0.08571428571428565,0,1.0,7.2,4.0,1,False,True,False
ACC0160,2025-10-01,11,Standard,27142,20,False,8.921439158924672,-0.04404425177493419,0.017532898149017356,86.33208343685548,0.13370009229874252,0.11187856056742167,17.75931320724564,0.11969179030670299,0.09480696636658614,42.91731649409221,-0.024360107857482903,0.0368132273988563,5.847863309426007,0.04006132879139292,0.05168257610305815,93.6533852368848,-0.07602726438656442,0.07675223613202437,23.347932832677458,0.1071752210195448,0.07691251670487428,76.01864503773076,0.15943005346452524,0.12018884308357476,0.017924583872336974,0.0010679027163593147,-0.02526514543216868,-0.00154633540893925,0.009096410605440086,-0.0012774163530286237,0.4460719579462336,-0.04404425177493416,0.017532898149017366,11,3,0.7272727272727273,4.875,5.0,1,6,7,1,0.48571428571428577,2,0.7142857142857143,2.8,5.0,1,False,False,True
ACC0161,2025-10-01,15,Standard,27599,26,False,11.301266728154415,-0.004546137297332338,-0.02745875039072186,89.02987731131702,0.018289547015536662,-0.009860965427940049,15.448404316157168,-0.01987339454336891,-0.022768766335840854,43.22560143495155,-0.015157434336991469,-0.010534309317458475,7.222761896440616,0.018272407573619354,-0.008707967766062174,139.01026727092025,0.044862983952702044,-0.01485135931717112,15.11698447234012,0.08750983537580159,-0.026619595444485875,91.51096352304837,-0.09438510454547668,-0.033877399799064525,0.0007388126140179252,-0.0025585002967824927,0.008913887785170105,1.5606798676178618e-05,-0.003657693973805831,-0.0034521129272759993,0.4346641049290159,-0.004546137297332348,-0.027458750390721865,4,0,1.0,4.0,5.0,2,0,0,0,0.0,0,,,,0,False,False,True
ACC0162,2025-10-01,13,Professional,69953,45,False,32.82625508166524,0.065354414954039,0.008850666517469508,194.0459058152478,-0.06991319599261855,-0.018969677174759583,33.57514339503237,0.041363403093190275,0.0016038273973817826,168.21392715331612,0.037524058911123905,-0.027249785678649482,25.16842231278085,-0.02727187850662453,0.006999977054878469,529.8732200680996,-0.009649637146621263,-0.0025990637654299533,82.31683723496344,0.010223869935501265,-0.004557646423778934,219.73806941270593,0.03408278976726287,-0.02013783526241946,0.00250467279150815,-0.0004873701812210876,-0.016226419445720064,0.001096890417295264,0.012564912469333889,0.000547313948803696,0.7294723351481164,0.06535441495403911,0.008850666517469461,12,0,1.0,1.6666666666666667,3.2,5,2,6,1,0.11428571428571421,0,1.0,1.6666666666666667,3.0,3,False,True,False
ACC0163,2025-10-01,18,Professional,61779,37,False,49.03665551700312,-0.0371069070125714,0.01964873881695415,186.40173560627036,-0.06078836376776118,-0.034624500915567784,53.3104434830915,0.09817634432136114,0.03446813030464036,109.00978051420833,-0.019930980100420475,0.011583817974124576,21.743680851561592,-0.07428678618024631,-0.014201649076214719,560.0344660267816,0.052529949441684716,-0.015625179692942432,65.64397825713158,0.07680588828469635,0.012211299973163343,267.67832556628554,-0.0224315089554793,-0.05505331019585847,-0.004605926237352703,0.004581673818179567,0.011502149009840604,0.0006873793398216137,-0.013648991388304998,0.001483715457815768,1.3253150139730572,-0.037106907012571265,0.01964873881695419,4,2,0.5,5.5,,0,0,0,0,0.0,0,,,,0,False,True,False
ACC0164,2025-10-01,10,Professional,45523,63,False,38.916683976200524,0.11289337023255379,-0.021311367738615652,149.25458213381975,-0.029335490039102234,-0.0076490267302696075,39.58304733812343,-0.09272098510268097,-0.04086024813016158,105.8311688661687,0.08648269789577019,0.0001514927455970022,24.099550791400024,0.016429009443537052,-0.003703888887015418,432.5170251358932,-0.030765866282135134,-0.018917961677229474,49.50920924204942,0.0651583045359656,0.027760261214290018,265.27917992823217,-0.026029587464879562,-0.01925763897604688,-0.0033810329756906454,-0.0016996563194986505,-0.0006027860533738549,0.00019398303426526944,0.001516371038204345,0.003973121276093415,0.6177251424793734,0.11289337023255379,-0.021311367738615826,5,2,0.6,4.0,3.0,1,0,1,1,-0.08571428571428574,1,0.0,,,0,False,True,False
ACC0165,2025-08-01,12,Standard,16736,27,True,4.362974683367783,-0.010697505952217391,-0.12801250861628358,31.739471076140955,-0.12531727251234295,-0.1359808855872901,4.043802883298993,-0.28263286337827304,-0.15772938635187472,13.180590064166354,-0.17106575459697637,-0.16128052566044038,2.9325237450630937,-0.1919346813150667,-0.15972161917508837,48.03317272164514,-0.16772463380081795,-0.11351177537218027,8.453124407706758,-0.1996165787164737,-0.13297176549842188,50.73040127414145,-0.08979546228526586,-0.13355082774991245,-0.006840962513251836,-0.0010054041833383182,-0.012957103801589695,-0.0010488448873169666,0.020189299621890977,0.0016630157636057102,0.16159165493954755,-0.010697505952217329,-0.1280125086162836,8,1,0.875,4.571428571428571,4.0,1,2,2,1,0.1142857142857143,1,0.5,4.0,,0,False,False,True
ACC0166,2025-10-01,16,Standard,14397,15,False,14.081032951947426,-0.08355597884261969,-0.0024699429953966407,124.90106593957624,0.02025806565447378,0.03576526852371082,24.690202868034277,0.008610574846660876,-0.005330075294406824,55.39057010785129,-0.05128121424469625,-0.0008488192006141567,15.126720583229906,0.053224718831507256,0.027602928367704872,216.67914801997725,0.010534701179872739,0.04555527873861182,24.087751533583287,0.03833369228567133,0.01874316225616483,147.85598307894347,0.03033585726795152,0.026062966066673344,0.003211077163531695,-0.008353602674855222,-0.006384231225867634,-0.0024468424663213265,0.018229758656185258,-0.004256159452672617,0.9387355301298284,-0.08355597884261975,-0.0024699429953966697,4,0,1.0,4.25,5.0,1,0,2,1,-0.22857142857142848,0,1.0,3.5,,0,False,False,True
ACC0167,2025-10-01,11,Standard,14385,10,False,14.42122045978405,-0.08499084795887694,-0.0016341874543135178,97.76130807559866,-0.1486921291181464,-0.005832551569254109,19.53487712547485,0.02539075224597092,-0.015303249871792136,41.78883305604061,0.03745824970993867,0.02924755226555545,9.986954827499899,0.0029720093967153076,-0.00076063387690929,160.30904924211214,-0.06771723054247845,-0.028836435553382944,25.7629002161906,0.09325199219337704,0.008286692545813403,87.29084617852003,0.04887007459223775,0.021487535219657742,0.015983758838340523,-0.0027917411582736584,0.00972526328291852,-0.0006571241020776088,-0.02163645229839334,-0.0006237045625143017,1.4421220459784048,-0.08499084795887703,-0.001634187454313533,18,0,1.0,1.6111111111111112,2.5,4,4,10,1,-0.17142857142857143,0,1.0,1.8,2.6666666666666665,3,False,False,True
ACC0168,2025-10-01,21,Enterprise,116904,173,False,93.25815830188525,-0.0306201720690789,-0.017407120750010916,670.674012566191,0.023647289545826306,0.016519403061083966,97.44225912453828,-0.015898554207647714,0.009417237733429364,400.09146661246496,-0.023936794947428813,0.0032940392093751924,73.15754025237555,-0.04614378138914607,0.002238049516214477,1815.9799626763115,0.05016533905810151,0.005537131973901455,206.13918496537875,0.035804023810473325,-0.007161973759924584,937.3492065862371,0.04224938493678296,0.014086609467794048,0.0009086643122850069,-0.00013247381235438616,0.003052166313756016,8.770497144494974e-05,0.0012385373169035985,-0.005154599102035126,0.539064498854828,-0.03062017206907916,-0.01740712075001084,20,0,1.0,1.5,2.7142857142857144,7,0,0,0,0.0,0,,,,0,True,False,False
ACC0169,2025-10-01,20,Standard,20418,15,False,10.630883804238065,-0.0508226704995551,-0.013043128739387712,114.03187129408661,0.1782779427086771,0.012461782692175008,22.263288661068575,0.03649467298474467,-0.008002475181557726,57.45892645486239,-0.05208355410718936,0.004002824689110523,11.069276730554387,-0.1439842520686546,0.008018398477727888,130.6276610840394,0.0019464660504431074,-0.02729738023232254,27.67265214412775,-0.12359945601333709,-0.03912903677058859,105.77624651684164,0.07460785232790612,-0.002848330608071633,0.015424124362375391,-0.00019965703728169748,0.016693500809229822,0.003682685255742637,-0.03216321156189822,-0.003437441828168075,0.7087255869492043,-0.05082267049955534,-0.013043128739387748,6,1,0.8333333333333334,6.0,5.0,2,1,1,1,0.02857142857142855,0,1.0,5.0,5.0,1,False,False,True
ACC0170,2025-10-01,15,Standard,27158,34,False,4.47496522428437,-0.16413515592366829,-0.09297991552795644,29.695227048960522,-0.007951699396351415,-0.06496624631331388,6.855314091328911,0.02136170287268132,-0.11935531857520573,16.012929830581097,-0.17351479708066816,-0.0885514919261812,3.104318638555418,-0.04942916828022794,-0.08303218897420557,48.31056494893221,-0.04019260202043215,-0.07669828387454912,9.66142389839269,-0.04652020427466044,-0.13641062879802404,32.11829040035102,-0.09845702061931781,-0.09243729800564515,0.009648411333635698,-0.011084151730445503,0.0038691910162921284,0.00040059267077243235,0.01771079709185025,-0.020544840382104912,0.13161662424365794,-0.1641351559236682,-0.09297991552795651,7,1,0.8571428571428571,4.666666666666667,4.0,4,0,2,1,-0.1714285714285714,0,1.0,4.0,3.0,1,False,False,True
ACC0171,2025-10-01,13,Professional,45384,44,False,38.614979849764865,0.07197583547640653,0.0016863234778533064,236.42487409345426,-0.09290166456520052,-0.004766121842776922,57.988426910730276,-0.010832408639963195,0.00012351820504016858,123.46365701912043,0.07071940246372423,-0.0036114466712404716,16.89023927663307,-0.016412227715021557,-0.0012903656264827321,391.2459179767482,-0.11366054659756523,-0.005880670295185194,66.00439866000835,0.06891693656831138,0.007912623548132741,259.87199249267314,0.005027856582620179,0.0024114619475243035,0.0019999100345260423,0.0007730565738129497,-0.011914476172476068,-0.00046153827027776984,0.010478260719927301,-0.0008752128855126912,0.877613178403747,0.07197583547640643,0.0016863234778533999,4,0,1.0,3.75,4.0,1,2,2,1,0.1142857142857143,0,1.0,4.0,4.0,1,False,True,False
ACC0172,2025-06-01,8,Professional,44492,47,True,14.823165621745988,-0.14110018890539683,-0.11466447364922024,134.29201076430238,-0.08807679338444552,-0.11430287299088761,22.521139013992137,-0.16667025725055837,-0.15974224430370945,65.97590029802467,-0.12829480705909013,-0.11971003985888805,12.284840041528076,-0.13769750056205193,-0.16613454517920295,350.4899996305715,-0.05592648180512053,-0.09170608730790208,40.39408941794733,-0.036094250567682805,-0.08455214087639873,171.9027761170165,-0.12224747537794992,-0.07725603398869967,-0.007938099444697033,-0.006498530528772112,-0.009573793759604848,-0.006085182726433266,0.02988267494534036,0.00021293151416700018,0.3153865025903402,-0.1411001889053967,-0.11466447364922024,6,1,0.8333333333333334,7.0,,0,4,6,1,0.22857142857142845,1,0.8333333333333334,7.0,,0,False,True,False
ACC0173,2025-10-01,14,Standard,17894,28,False,16.385378744001866,0.1102226300653013,0.03439966461314541,78.59912901259632,0.048770834399675785,0.02195236329017018,25.283550498832145,0.10910716121632673,0.020791553507744958,57.00109779394793,0.03314656852445967,-0.01264708841618312,8.244084394285426,0.07544685475852601,-0.03674538629390707,117.74147925711856,-0.13512567275099985,-0.01277194146179646,17.27140954482923,-0.08059133378551041,0.001668563554772524,94.26961054753849,-0.09270799109493533,0.007616893929521407,0.014086229262696232,0.005620249160535037,-0.016461969593178166,-0.0032726091131146037,-0.0027315885987816424,0.0027596888818432266,0.5851920980000666,0.11022263006530152,0.03439966461314548,2,0,1.0,4.5,4.0,2,1,1,1,0.02857142857142855,0,1.0,4.0,3.0,1,False,False,True
ACC0174,2025-10-01,15,Standard,19833,23,False,4.47496522428437,-0.16413515592366829,-0.13178837559996423,34.131022628619924,0.05125694499910381,-0.11584751043033192,6.530959927804488,-0.05207351849165131,-0.08546468214308003,16.6587998190775,-0.11079719976856507,-0.10179048986995724,3.104318638555418,-0.04942916828022794,-0.08303218897420557,30.48567361896868,-0.14991342622605516,-0.1359383733855333,7.27974921216379,-0.19033053705939681,-0.08718201932575467,43.1695390538836,-0.09648526453838584,-0.07721437427549359,-0.012974483000437964,0.003142629718798459,0.009879065973253914,0.00276589392138692,-0.011247860255238551,0.008434753642237003,0.19456370540366827,-0.16413515592366829,-0.1317883755999642,5,1,0.8,3.5,,0,0,1,1,-0.028571428571428577,1,0.0,,,0,False,False,True
ACC0175,2025-10-01,10,Standard,26936,36,False,11.319765926041583,-0.0477297771201162,-0.01580753579748933,67.26789750610025,0.027918957804725354,0.019054251315225663,18.156600978542148,0.027318176228833074,0.01130803123004862,34.08613776347241,0.1329339668576464,0.017024831126045373,6.195186895437175,0.037815352259765365,0.04059138964709192,119.45944862586752,0.1283300506970543,0.011389457816055252,23.08739052165343,-0.00487767556392187,-0.0035348534639793737,75.04841894942165,-0.003208685410928716,0.008374884579134333,0.013646319867411716,0.0005645155768356225,-0.0022870022512686272,0.0022168186705197324,-0.009496229757134378,-0.004644422106364066,0.314437942390044,-0.047729777120116085,-0.01580753579748935,1,0,1.0,2.0,,0,0,0,0,0.0,0,,,,0,False,False,True
ACC0176,2025-10-01,14,Professional,66073,63,False,49.18462752164965,0.08828080481563642,0.019159304542875805,233.5277099293933,0.028928199377559007,0.006871791489959374,53.34903621703222,-0.09278993995378272,-0.0315622630301067,180.2442033280671,-0.01454003409440509,-0.002480734058270156,15.521593192777091,-0.04942916828022774,-0.013676336121923992,494.55552675074085,0.056337318162861784,-0.008702911574589554,47.13874062927224,0.0412956090075963,-0.005718522361723939,213.080734424944,0.04778981625963015,0.0022177761424045017,0.011314499749981416,-0.0037956559640415916,0.0028632377598080405,-0.0001445396463366777,-0.010285680645978068,4.8138746566950275e-05,0.7807083733595185,0.0882808048156364,0.019159304542875778,3,1,0.6666666666666666,3.5,,0,0,2,1,-0.2857142857142856,1,0.5,1.0,,0,False,True,False
ACC0177,2025-10-01,16,Professional,33593,38,False,41.13004034289656,-0.022799581561960852,0.022490781511312494,349.83050009643176,0.02278865093546958,0.00025405625400932584,80.43020251977912,0.060962278088355026,0.02238377134475709,151.4970963221933,-0.020005357229090796,0.02012350909748679,37.877328175606245,-0.011152731132490412,0.005806827269641987,718.5367493873665,0.11898690503093809,0.04203116425576911,71.05462187023251,-0.035320531430472216,0.020004311267063767,269.8497135807789,-0.03393913582677165,0.0016779987029860758,-0.018418164649742275,-5.836945608504035e-05,0.004343040031197273,-0.0018634453807025268,0.014852076300701733,0.0011448631546308596,1.082369482707804,-0.02279958156196087,0.022490781511312462,6,0,1.0,5.5,4.0,2,2,3,1,0.028571428571428498,0,1.0,5.333333333333333,,0,False,True,False
ACC0178,2025-10-01,10,Standard,29427,38,False,6.5331044835646574,-0.1274636958682396,-0.09001213751699783,35.25480306024141,-0.042327754949994925,-0.08642164802934364,8.286308972824946,-0.17899375817273736,-0.08256142897514743,23.966045916438436,-0.13498215424639975,-0.12504011592073344,4.84718907176989,-0.15385263328073182,-0.11078979843787105,61.481852873816386,-0.06710036232273425,-0.08144832803406149,11.74926357631331,-0.09296681863682504,-0.10152688789544191,44.54834900556176,-0.09694267073850378,-0.07276896229658884,0.0003294417723521126,0.0040433300907515846,-0.01739065971719886,-0.0023957215304552665,0.01749676359106045,-0.0020831542065098407,0.17192380219906991,-0.12746369586823936,-0.0900121375169978,6,1,0.8333333333333334,2.6,,0,3,4,1,0.17142857142857146,1,0.75,2.6666666666666665,,0,False,False,True
ACC0179,2025-10-01,20,Standard,23631,12,False,17.768881526300664,0.06583278476674109,0.0037112929499674633,96.8469901611965,0.06067736758784431,-0.011773383948000295,15.790331391202704,-0.023032696535925455,-0.022725954111892353,47.09761131528838,-0.049541033057834985,-0.03352702377123376,8.604858361970257,0.009393447629848973,0.020467474788987212,124.98131057673402,0.03279922361737451,0.029187117455731222,29.298638962978753,-0.014070519680498019,0.011570768041701006,87.5680719082297,0.073506067652556,-0.0020086661124848804,-0.020780144382139598,-0.004565130071997291,-0.010204444048822814,0.0034293032134960176,0.028134586168923392,0.00398582912054031,1.480740127191722,0.06583278476674119,0.003711292949967406,20,0,1.0,1.75,3.0,8,4,4,1,0.1142857142857142,0,1.0,1.75,3.0,2,False,False,True
ACC0180,2025-10-01,10,Standard,13900,27,False,9.899264747968443,0.10847272988386245,0.09493674472945832,51.00878453205279,0.061177164291302114,0.051996707106970554,14.321548724976807,0.16029614308914772,0.08342488222480535,35.834184808296435,0.12644924202951405,0.09103625023196803,6.535312602933311,0.0280208802697994,0.07892737523195009,117.25272827755673,0.1668638800179503,0.06491760272372035,16.43015838773055,0.20358393444174488,0.02713844389308793,96.08689047913161,0.09662086917944522,0.06627117865306131,-0.0022438789652751423,0.0013044216792073363,0.008592019412333896,0.0028885419668581505,-0.0003511976425067398,-0.010189906450617708,0.3666394351099423,0.10847272988386225,0.09493674472945826,18,3,0.8333333333333334,6.133333333333334,2.1666666666666665,6,8,10,1,0.34285714285714297,1,0.9,7.444444444444445,3.0,2,False,False,True
ACC0181,2025-10-01,20,Standard,17212,29,False,15.780485505503918,-0.04668797805366012,-0.006744327329637602,112.14121531870721,0.017623879616644095,0.011350038892778844,22.683433267261478,-0.05497390458459501,-0.01649372024693088,46.36457707244406,-0.028018936602838385,0.027818363854801284,9.660279501677424,-0.047652002725374364,-0.009156994147717328,108.48620732224056,-0.06077912077528537,-0.00042329952248437226,25.892962276647353,-0.06340028397160215,-0.0012985274724966866,94.80830064116986,0.06249888245963565,-0.0017077915319831354,0.015593945195796266,-0.004562923010106343,0.015591518826176848,-0.002696899312782993,-0.021189194251565457,-0.002736447447518303,0.5441546726035834,-0.04668797805365996,-0.006744327329637565,17,0,1.0,1.588235294117647,2.6666666666666665,3,0,0,0,0.0,0,,,,0,False,False,True
ACC0182,2025-10-01,18,Professional,72487,64,False,34.949884026363925,-0.00019397885107015015,0.005016180691549664,225.5858447271145,-0.022670087137285976,0.024696977911003615,55.84807908255914,0.026643990271277583,-0.025736551815722666,199.8218104896988,0.0020020177434437202,-0.0007698802027690574,18.93193889696629,0.003135582018665594,-0.01012342929286625,516.8551688041194,0.06233456117052129,-0.0007473901703340914,55.768065182790934,0.02595091900946596,-0.025010145177052117,357.82049448629436,0.018464032728234304,-0.011268309102347293,0.0237908288380054,-0.007224116907169245,0.005227586586355443,1.1947868139107476e-05,-0.016994421906504853,-0.004811824478825916,0.5460919379119363,-0.00019397885107015015,0.005016180691549664,17,0,1.0,1.588235294117647,2.6666666666666665,3,2,4,1,1.1668859654100222e-18,0,1.0,1.75,,0,False,True,False
ACC0183,2025-08-01,10,Standard,22484,29,True,5.461497178817179,-0.20984530452264002,-0.08015509241909134,53.2430812767987,-0.09744766334240808,-0.12614088978848387,8.08007099859221,-0.0784139287169412,-0.13500693286165297,15.019090003370529,-0.1505294316934651,-0.1500510192122755,2.9325237450630937,-0.1919346813150667,-0.1748317022914973,58.6830240356013,-0.27899364125524806,-0.14615805464720066,11.028879003371145,-0.15417552209383784,-0.12499145784689714,59.10576551138482,-0.08697629729734445,-0.10711841524702746,0.006711457370945251,-0.004094311653702623,-0.007606897697050974,-0.0026096680245622436,0.0032547473808459126,0.004344672623524559,0.1883274889247303,-0.20984530452264008,-0.08015509241909118,6,1,0.8333333333333334,2.6,,0,2,4,1,0.05714285714285712,1,0.75,3.0,,0,False,False,True
ACC0184,2025-10-01,10,Enterprise,128238,143,False,81.66369455342543,-0.05290061165028969,-0.0238601218275176,645.1470685680765,0.021777364246847536,0.010604742444278049,117.74724968739598,0.060256252617356995,0.021489789370751643,483.5165458183246,0.010049887802252121,-0.00030373240029925503,63.71349689706212,-0.00041598579443131355,0.020664440040271563,1134.4750953475152,-0.06124877855871346,-0.01626192792320714,138.59591714058033,-0.02085990091196976,-0.007206756147907082,671.9294225989731,0.03147629560632405,0.006547755208477221,0.008337511487668148,0.0022749379857359767,0.0006723899201631911,0.0007720531872212055,-0.012776789177570858,0.0007198965967822879,0.5710747870868912,-0.05290061165028968,-0.023860121827517563,5,1,0.8,7.0,,0,2,4,1,7.367764149277412e-18,1,0.75,6.666666666666667,,0,True,False,False
ACC0185,2025-10-01,12,Standard,19917,39,False,8.902939961037502,0.010780111112898607,0.062447595006219034,52.088901397906795,0.027948920853608266,0.08497764781046,17.10796291850915,0.06405787935973263,0.11284380658714022,43.982115198941216,0.1843923070548266,0.08253451108591223,6.501213961070955,0.18678037048228874,0.09967215616005057,112.5268049994723,0.1490236825024535,0.10707646004037699,15.44411217793264,0.12081283481250404,0.06399197763817356,89.63294823327006,-0.04472116902116949,0.018626600240172125,-0.00015548048044086715,0.003489205482981206,-0.013996204541700669,-0.0006142443973612202,0.01811039070720155,-0.006833666770680112,0.22828051182147444,0.010780111112898588,0.0624475950062189,13,2,0.8461538461538461,4.7272727272727275,3.0,3,8,9,1,0.6571428571428571,1,0.8888888888888888,4.625,2.0,1,False,False,True
ACC0186,2025-04-01,8,Standard,12679,38,True,14.934667181207127,-0.023611470111525583,0.025136177443560115,104.35158952411136,0.052126387669221966,0.0087875358363948,19.762118410633594,-0.032703295072074236,0.015561654923309251,35.844647342756744,-0.05077526645448175,0.01153849261512294,10.09337039916208,0.13829992254867732,0.033389157458882046,136.52916001945894,4.819526986926851e-05,0.0005585477340336979,18.474829294669394,0.08926107044672493,0.024634452795770655,91.8533010999599,-0.0027461874486778308,0.03030937115809186,-0.0014646039334733074,0.004635941209273672,0.0035845781553155015,0.0006038012403851503,-0.008957692895204372,0.0015979762237034525,0.39301755740018757,-0.023611470111525697,0.02513617744356009,2,0,1.0,4.5,4.0,1,0,2,1,-0.2857142857142856,0,1.0,4.5,4.0,1,False,False,True
ACC0187,2025-10-01,21,Professional,50417,59,False,60.43615677328514,-0.08193446688801533,-0.007580693667835458,377.00983029037707,0.03194799942298301,0.011089912322801154,61.24689949580799,0.0593869003434764,-0.000980157881958272,159.84283474267923,0.040123885423087,0.02543315173058645,41.328970400172835,-0.013934040455501815,0.041246595826569685,756.2118629769548,0.008437185847175784,0.029750410716785178,101.57465400152046,0.019342672594387947,0.008495768167034443,483.6640881723369,0.04348944805987681,0.015506383331990599,-0.01813611924867714,-0.003861105108771107,-0.0009489955849680543,0.0035782010001010126,0.02157836446315048,-0.002210345520835044,1.024341640225172,-0.08193446688801509,-0.007580693667835417,3,0,1.0,5.333333333333333,,0,1,1,1,0.1428571428571428,0,1.0,5.0,,0,False,True,False
ACC0188,2025-10-01,20,Standard,27310,26,False,8.558498900135742,0.011213962066400079,-0.012377650730409738,97.7582384366102,-0.019197685319914632,0.01453457665347008,18.90374170994711,-0.05397186458432294,-0.004752754197096426,55.7379218577476,-0.04031944186511343,-0.006742533984981015,6.555960863122006,-0.046810495542687576,-0.005441878335130846,165.4541285876849,-0.060897386207961146,-0.011582518090135907,23.10325968812549,-0.026214305412167675,0.015052770207790101,105.98002488795926,0.014460524553996625,0.0017346125615513605,0.019661481205448306,-0.0015204925193030086,-0.006347801838243211,0.0006718093645057231,-0.016477356803292376,0.004012360590884535,0.32917303462060543,0.011213962066400173,-0.012377650730409738,5,1,0.8,4.5,4.5,2,0,1,1,-0.028571428571428577,0,1.0,3.0,,0,False,False,True
ACC0189,2025-10-01,18,Standard,29570,33,False,7.529429270495598,0.019269979285654985,0.06356044587008738,81.19292876299066,-0.03209863545428307,0.06763683682740977,19.879446162208023,0.024950656130015923,0.05670700871856592,47.63001066771289,0.047122659099518995,0.04331771337741556,7.896760808274259,0.07876523716673275,0.04160726440022612,76.75759486319583,0.04537457811586764,0.043412522693358144,22.068051614571274,-0.025181056726723255,0.06475996421959693,76.3434125626721,0.032390303464385165,0.05246343471618332,0.028329479517055722,0.002426477327317364,-0.007911755512881258,-0.0032608794044742123,-0.025576259850113747,0.005992937923096034,0.22816452334835147,0.019269979285654902,0.06356044587008744,21,2,0.9047619047619048,6.315789473684211,3.0,3,7,12,1,0.28571428571428553,1,0.9166666666666666,7.363636363636363,4.0,1,False,False,True
ACC0190,2025-10-01,21,Standard,28617,12,False,12.627786931165081,0.11597269936786785,0.0058067592724524225,60.96446754076113,-0.11719675589419955,-0.025882431598538105,18.845739052008497,0.026319223877588,0.025204764235845827,44.91804199127387,0.019384559912789773,0.010391945327698953,9.660279501677424,-0.047652002725374364,0.013206707327541218,142.90659968766133,0.03995547455124846,0.021564069764182955,29.295530234298525,-0.01066268409513034,0.006477625119441159,115.56556588798463,0.025408464135572396,0.015845488601641894,-0.01788730750816983,0.006109686733963622,-0.0011539254558737277,0.0015088233107027685,0.010933779702126722,0.0004889432172504732,1.05231557759709,0.11597269936786786,0.0058067592724521675,4,0,1.0,5.0,5.0,1,0,1,1,-0.08571428571428574,0,1.0,5.0,,0,False,False,True
ACC0191,2025-10-01,15,Standard,24148,28,False,3.7903366555459854,-0.1808234763986624,-0.13372792789187796,33.79964004490673,0.03577455792334069,-0.07573081805379338,7.599812861046234,-0.1877040834312383,-0.11256870259131647,12.852163129501612,-0.12782718406362503,-0.13359240532887065,2.4168693450481142,-0.0423257987845562,-0.07753589663259286,51.13831087426477,-0.0677866292267634,-0.12736248021454102,5.538015134987986,-0.14313023007996611,-0.12066087659809543,41.70511530179361,-0.0360331938977639,-0.11928438847596531,0.03539702613179713,0.0025070860887515117,-0.006148938370276413,0.0013478109611649441,-0.0331529901514121,5.000533997468609e-05,0.13536916626949946,-0.1808234763986624,-0.1337279278918779,3,0,1.0,5.0,3.0,1,2,2,1,0.1142857142857143,0,1.0,6.0,,0,False,False,True
ACC0192,2025-10-01,12,Standard,15215,26,False,9.228881824052094,0.06337576834162255,0.01989146555425354,95.46917830204116,-0.06875240082329036,-0.000715591340380725,22.72122105199134,-0.10020328830672508,-0.019406023433009924,58.131838891068035,-0.02261394145345523,0.024603759464474784,9.605532599626374,0.1104421074885657,0.03503635004662689,155.94008431868994,-0.09579721018396657,0.013010524333181539,25.502357905166573,-0.008332205720941503,-0.013873313507348798,76.20306620150795,-0.048987713742962714,-0.03534622615777515,-0.0018032579459191234,-0.003674783551892262,0.006747853776286561,0.0012915883531808316,0.007112505939580294,-0.009673906571236277,0.3549569932327728,0.0633757683416226,0.0198914655542535,8,2,0.75,5.0,,0,2,5,1,-0.14285714285714282,1,0.8,6.5,,0,False,False,True
ACC0193,2025-10-01,10,Professional,66241,40,False,25.745239938890766,-0.06668589611874359,-0.0015923641888317133,143.46002130116918,0.03543377505551638,-0.021671479468074635,50.481762530664874,-0.03574240669539967,0.014113251004891095,117.8048861608449,-0.05196724826854096,-0.00886812087670354,19.64003645066229,-0.024531436362339072,-0.015874513807866083,585.9763567197274,-0.028930012012371983,-0.04148428450380877,42.426107484910865,-0.03546256824741397,-0.0053572717385073935,261.8727953158435,0.04906530154988624,0.008681928077173322,-0.0001846935110743353,0.009051391766505677,0.010362709820075255,0.0004728893083306984,-0.024560131648362682,0.004857834264525275,0.6436309984722692,-0.06668589611874348,-0.0015923641888316365,2,0,1.0,8.5,3.0,1,0,0,0,0.0,0,,,,0,False,True,False
ACC0194,2025-10-01,16,Standard,18474,33,False,13.340906789547532,0.025433140457900065,-0.029901279891759336,71.54787010966344,-0.040486649305423984,0.00256342081473946,16.803823628193474,0.007310082328242959,-0.003701243430832536,59.8896526381513,-0.021103259214549246,-0.028612537652424132,9.27165939528887,0.05605192017619634,-0.0016110600860621469,181.9760951251648,0.07273725640857627,-0.014314664130033003,33.14252752020713,-0.06309333448596526,0.0058193507537872115,93.00103605821532,0.09674049379074084,0.032281505928431584,0.017673354712898992,0.0023493308423816334,-0.010440543738871155,0.0008401519806018297,-0.020579193448440725,0.010156899651429505,0.4042699027135616,0.025433140457899878,-0.029901279891759325,14,0,1.0,1.5,3.3333333333333335,3,0,1,1,-0.1428571428571428,0,1.0,2.0,,0,False,False,True
ACC0195,2025-10-01,11,Standard,17857,20,False,12.297591515085356,0.07533576617237142,0.03640086952478257,60.39945815249882,0.010798182996701235,-0.0106335676673135,18.50117001527532,0.026809397721273456,0.002302735865530822,34.604824297010815,-0.018485438743534317,-0.00725988428587598,6.187989016922143,0.029593654977686183,0.016605792477522648,159.22856521845958,0.0708826314091081,0.028510821979793616,26.52014244790861,0.010578080906430086,-0.02708372711778282,110.95580426019019,-0.12527050805106824,-0.026425367297876718,-0.014677232360173598,-0.0019277552148451518,-0.007592535793293803,-0.00010949017849895895,0.03205546452613278,-0.007748450979321211,0.6148795757542677,0.07533576617237135,0.03640086952478249,6,2,0.6666666666666666,3.0,3.6666666666666665,3,1,3,1,-0.1428571428571429,2,0.3333333333333333,5.0,5.0,1,False,False,True
ACC0196,2025-10-01,10,Professional,65586,45,False,37.6599070116734,0.02317614651297859,0.0019398501198628125,303.05574405546895,-0.03163691458068562,0.013467274384509226,47.733136121862394,-0.034238157987669084,-0.0025444324848950192,141.58457920725976,-0.034472069629980465,0.009347552239544905,28.905443342792527,0.021802292212898672,0.00867233897309236,418.34662127293456,0.0022806389692087304,0.022894517747857036,70.51031445012234,0.05256287052753856,0.01778621281019782,195.3670462584166,0.1836319022828161,0.019304504879077884,-0.0042339395554417125,-0.0028433473426923636,0.0032892110501595018,-0.0008352229415032365,0.006025607224883767,-0.0014023084354060078,0.836886822481631,0.023176146512978314,0.001939850119862815,5,1,0.8,3.75,4.0,1,1,2,1,0.057142857142857155,1,0.5,6.0,,0,False,True,False
ACC0197,2025-06-01,7,Standard,16024,36,True,11.358912429205914,0.08241401632435054,0.03843826924822831,91.40550671221928,0.011843573471641805,0.019835151883021308,24.403103069661572,0.001344650637698758,0.025861573260700464,57.40950617747967,0.009840711788744821,0.010832741027004805,8.10779456904796,0.038100072224529456,0.011212313492870113,128.18485820833743,-0.023153230013250294,0.010052520514861956,28.851158718866596,0.023444094899229467,0.017584506046794724,87.27543846906337,0.0046497168428530486,0.012889325740068241,0.0025425881292180375,0.004421246445276861,-0.00041859567249499796,-0.0015427163136917457,-0.008291662204934103,0.0032891396166257747,0.3155253452557198,0.0824140163243505,0.03843826924822829,4,0,1.0,3.25,,0,1,3,1,-0.028571428571428546,0,1.0,3.0,,0,False,False,True
ACC0198,2025-10-01,18,Enterprise,132319,101,False,92.29732534665119,0.06443425387598994,0.0317482445384853,680.3214384963665,-0.08165729525836377,-0.0050218748531500835,117.7014201465217,-0.018178299426277286,-0.0075147348365792,473.5633037509363,0.05827246912693283,0.03345342749629343,52.663923051340014,0.008237664996892798,-0.004654911812932522,1707.1555219616002,-0.031060976922593814,-0.00986607583927181,216.51021786701088,-0.11951935385570209,0.01699492622061786,688.5452493988499,-0.01601533557967087,-0.02039062827828413,-0.007774842987816388,-0.0012783142488673946,0.014149698172596481,-0.0008690655801374576,-0.009316356128560077,0.005088880772784805,0.9138349044222892,0.06443425387598992,0.031748244538485244,15,0,1.0,1.4666666666666666,3.0,3,5,8,1,-0.28571428571428564,0,1.0,1.625,3.5,2,True,False,False
ACC0199,2025-10-01,10,Enterprise,81447,141,False,64.36021978865564,0.016508660846147338,-0.025051016700386834,660.9940637771264,-0.014908752407265538,-0.015601452722941273,135.40881956841486,-0.055673353313582544,0.03396241673875276,442.5801068349174,-0.1397251210740603,-0.00040170853818921766,46.502834797765196,-0.017883197080877485,0.02732888873423645,2046.8766078063375,-0.001116000445523587,0.03112349551407411,135.30640590268425,0.02203597419485223,-0.014026392010268604,722.2133534870237,0.05788846981317668,-0.003363791163373361,-0.027493093902561855,0.0033852591851048913,-0.005933379026278274,0.0004877336596595776,0.03531727813666097,-0.005763798052585041,0.45645545949401156,0.016508660846147518,-0.025051016700386886,4,2,0.5,6.5,4.0,1,1,2,1,0.0571428571428571,2,0.0,,,0,True,False,False
ACC0200,2025-10-01,19,Professional,69468,94,False,38.410025265830186,-0.032027873952107475,-0.023898105710499353,266.7875264701789,0.05371336880873193,-0.028269950573810057,51.417037236508286,0.0133223976579103,-0.017127320896567638,128.41210677557106,-0.02402957412941029,-0.02432493629036477,25.44035073655228,0.052075137482571365,-0.0048052767019165525,540.1010879156323,-0.021604018008908838,-0.004583891761328825,82.52281087602938,-0.06754582183382916,0.012302811976073004,319.0065403127178,0.009727216258436429,0.010989279961088998,-0.020789984642520243,-0.001155682755393475,-0.007129632408784281,0.0004175746157242255,0.02139770837362548,0.0072600168173481,0.40861729006202324,-0.03202787395210722,-0.023898105710499343,2,0,1.0,4.0,,0,0,0,0,0.0,0,,,,0,False,True,False
ACC0201,2025-10-01,17,Standard,22293,29,False,9.536324489179513,0.16386953562142895,0.0575888027781772,72.46773634361216,0.0166432012115032,0.05653093098815442,18.810593228966273,0.08412446384596232,0.045581960464355475,45.92103043192583,0.05329465131923386,0.07860480717948283,9.63963124148873,0.0030790932607623984,0.08963963012535428,135.04912162983513,0.09659545393150738,0.07091607145515687,23.676614902610094,0.12651060883962928,0.08647786975179966,74.65379898985647,0.021323734450979525,0.0786621736262173,-0.0053444493931006365,-0.005183132779538968,0.0041165217775301355,0.0025787844360107004,-0.0012096342328581922,0.005041910191956822,0.32883877548894874,0.163869535621429,0.05758880277817717,18,2,0.8888888888888888,5.875,3.3333333333333335,3,9,12,1,0.514285714285714,1,0.9166666666666666,7.0,3.5,2,False,False,True
ACC0202,2025-10-01,21,Professional,56193,35,False,6.174417777840865,-0.04772977712011626,-0.13349545523161313,48.38924715831762,-0.04172281252877682,-0.13791508213899076,11.417292203090463,-0.23499326597357487,-0.13735771102888378,29.513220607647614,-0.13830337395243858,-0.11186197229068183,5.173864397592364,-0.04942916828022756,-0.1303310316839097,67.29628002472752,-0.032850370875148735,-0.13407110807801403,13.819679723421752,-0.08626609094620377,-0.15020474543223614,42.25353196575993,-0.18727706640963723,-0.13219645741832212,-0.014149702180428603,0.005197758390162559,0.022412426412017877,-0.0010496138724028319,-0.010169643594201805,-0.0022412251551472695,0.17641193650973896,-0.04772977712011605,-0.133495455231613,9,0,1.0,5.555555555555555,5.0,1,1,3,1,-0.19999999999999996,0,1.0,7.333333333333333,,0,False,True,False
ACC0203,2025-08-01,10,Professional,48450,31,True,11.281681063358151,-0.15548294698636317,-0.12814141189707295,137.6220885499002,-0.15926453858705644,-0.10172437063787035,19.849327693450082,-0.14821698899167082,-0.1525175637001241,66.26391205783325,-0.1866894641185927,-0.14164184760561543,6.9570103082608155,-0.24167397640134677,-0.13047346304314944,302.0109756533306,-0.08922999525510875,-0.09294000800299437,22.04666968829875,-0.12962521081360778,-0.08408971749270916,171.45632418162145,-0.04533559625357142,-0.07555609044729358,0.0004099099005442086,-0.00800657630699568,-0.013679394688131286,-0.00020953206035441603,0.018695071080619075,0.002790522074317965,0.36392519559219844,-0.15548294698636297,-0.1281414118970728,12,1,0.9166666666666666,6.090909090909091,2.25,4,2,5,1,-0.19999999999999993,0,1.0,7.4,1.0,2,False,True,False
ACC0204,2025-10-01,20,Professional,34896,62,False,33.97779697601192,-0.06209297530728439,-0.009218639928736139,235.4884571192376,-0.0074625757363358716,-0.00311312666171021,57.50844263412199,-0.1089128158131745,-0.012117440838719486,171.433294067951,0.03197035743817,0.021137436126363204,17.583941073299005,-0.05235819014894425,-0.01910256295881381,675.4960030202975,-0.0899549344467973,0.022195723922681234,61.506254691594926,0.08359673627039522,-0.004255362578137138,390.91716486556857,-0.12201152353362599,0.014058409727033571,-0.017098080869983212,-0.0022112951545176507,-0.0003832954386281118,-0.0017523675600253554,0.026272696269027618,-0.004827657245873411,0.5480289834840631,-0.0620929753072844,-0.009218639928736092,4,0,1.0,6.0,3.0,1,0,0,0,0.0,0,,,,0,False,True,False
ACC0205,2025-10-01,19,Standard,23136,28,False,9.27587231158333,-0.10565965143095399,-0.04836752064758298,95.35758781625026,0.09576306607062146,-0.0027176853025538024,22.263288661068575,0.03649467298474467,-0.02532754395132901,52.278636918068024,-0.027760011417300196,0.020527211321027927,11.001079446829678,0.042590943170318134,-0.02443297325925578,98.85152095192393,-0.07956393725900109,-0.013938219927334737,22.018889750814964,0.04420347765410979,0.0017383365037253497,94.37586545670797,-0.015888022484452133,0.01545549534901376,-0.014212963186732375,-0.0032817911274335004,0.017192264653375117,-0.00250363574777019,0.0033707578530315363,-0.0005646324444705114,0.33128115398511887,-0.1056596514309539,-0.048367520647582866,6,1,0.8333333333333334,3.4,4.5,4,0,0,0,0.0,0,,,,0,False,False,True
ACC0206,2025-10-01,15,Standard,20116,31,False,11.352510768750788,-0.1380516424722035,-0.04204842500772849,97.71366952629565,-0.003966152323778766,0.01891232489156996,19.57266491020471,-0.027269610186877125,-0.029046723804805392,55.094309528319684,-0.0684867025996298,-0.020943379860978894,9.299505533992592,0.008691783244816467,0.010100572974370503,136.38926567363725,-0.04285383674552007,0.03971855259950859,18.894287635,0.09082267978288086,-0.035612508282611664,77.46217090077964,-0.004429015079111585,-0.013711898213382463,0.002205618228378392,-0.00847315457115018,-0.02069229962975816,-0.0010199903867174863,0.040609394508546615,-0.01262956814929922,0.3662100247984125,-0.13805164247220367,-0.04204842500772851,7,1,0.8571428571428571,3.3333333333333335,4.0,1,0,2,1,-0.22857142857142848,0,1.0,2.5,4.0,1,False,False,True
ACC0207,2025-10-01,15,Professional,37013,63,False,46.437606140565855,0.09561847389065317,0.020950156711500623,185.78320292914927,0.054064127295755895,0.04622363924756368,57.61835907741307,-0.004425437476378703,-0.008190212292007875,120.28109925445398,0.08612016418956414,0.02905167163430083,24.453126880569823,-0.008030758918603163,0.006954546004585129,619.6214292182434,-0.034080487592895746,-0.02684837870708798,76.72966023621915,0.04122607044960319,0.026612323585702292,300.961888978842,-0.07976046718181258,0.009442641616692112,0.02769951582289082,8.869109246349705e-05,0.01092650914852869,0.00020898016720715534,-0.04414411196889256,0.005220415737802422,0.7371048593740611,0.09561847389065327,0.020950156711500575,3,0,1.0,4.666666666666667,,0,0,0,0,0.0,0,,,,0,False,True,False
ACC0208,2025-04-01,6,Professional,52320,32,True,29.234032943527865,-0.008074378092505724,0.01169436517379887,276.1068458201882,0.05741611197764171,0.023173678105205,50.58710729430221,0.0015626613910205858,-0.013796599676240414,126.62836564860716,0.05854662715887897,-0.019999001289944814,27.557667261830243,-0.011489798582061922,0.0258849090913882,429.8887762082016,0.04559836515506306,0.015673541809174737,59.80421843310827,-0.025618327742521905,0.019029313119505425,307.3261185645324,-0.08948565438766526,-0.005056490027310787,0.0004509998199321297,-0.003972032552392313,-0.018509244341956166,0.002489828978480293,0.017277614438908184,0.002262833657027806,0.9135635294852458,-0.008074378092505724,0.01169436517379887,4,0,1.0,3.5,4.0,2,1,4,1,-0.11428571428571425,0,1.0,3.5,4.0,2,False,True,False
ACC0209,2025-10-01,10,Standard,17091,13,False,8.544253255313707,0.07420247523712502,-0.015706977208930068,79.95925228240803,-0.09357705176117202,-0.026983798832224903,14.79705402742068,-0.09033936074244077,-0.01286394071101143,58.04015931858311,0.0316792317287065,0.024345229615605285,8.952181947981424,0.009029003974127396,-0.005923707552385094,136.63978435042702,-0.024795180693832297,0.022214796695588707,27.850739894111225,0.0631797048786106,0.02044676019829212,99.17300168033132,0.0970240752354462,0.016307512096105238,-0.017928022064997606,-0.003114840953463101,0.0009455954196687932,-0.0012149651053875513,0.019912973661514788,0.0013992590426646218,0.6572502504087469,0.07420247523712503,-0.015706977208930117,4,0,1.0,4.5,,0,0,0,0,0.0,0,,,,0,False,False,True
ACC0210,2025-08-01,14,Standard,15779,18,True,2.9144184023463793,-0.385234002060986,-0.16462619120739086,25.553600572632988,-0.17540547084608932,-0.13963518091380497,5.884631683023876,-0.2903697120734667,-0.15441342219979226,8.058399171169954,-0.14065340596869397,-0.14987976362370467,2.1955318084986164,-0.006586728811773767,-0.14573526678144752,32.63217774832323,-0.19287090525148645,-0.14070966511617858,7.706998236385906,-0.2189417620163384,-0.17248317790847523,39.4089369135864,-0.1837989085176848,-0.11402631755304522,0.007636006799209283,-0.003408434495871429,-0.0057927359929727945,-0.0026626561066255237,0.011335223815278461,-0.007107404019017938,0.1619121334636877,-0.3852340020609861,-0.1646261912073908,8,3,0.625,4.4,3.0,1,3,3,1,0.2,1,0.6666666666666666,2.0,,0,False,False,True
ACC0211,2024-08-01,5,Professional,45307,32,True,38.56408229253303,-0.08095291973916365,0.006429648836032967,254.12513716255467,-0.035546575085051074,-0.00661737835518597,35.25505672888766,-0.009933656036831974,0.009779494538528366,98.01049282446733,0.05555683148282697,-0.02001736778714815,21.944694541331415,0.018070300526550422,-0.03767343640313336,625.425511041649,0.06366292397598608,0.0007094719492384599,68.26610427049168,0.058106647684295215,-0.02094089226825393,300.62170915612637,0.041423875660187404,-0.020144507435914078,0.007391256417109471,0.002215047723379448,-0.0029434652679965617,-0.0011504386061068107,-0.0018617756915233485,-0.0036506245748622462,1.2051275716416572,-0.08095291973916365,0.006429648836032967,2,0,1.0,4.0,3.0,1,2,2,1,0.2857142857142856,0,1.0,4.0,3.0,1,False,True,False
ACC0212,2024-12-01,11,Standard,17827,17,True,15.692142493980478,-0.03522886508599081,-0.007168178151680632,77.70750314599344,-0.038051144484085704,-0.034974622365021545,22.44324472621491,0.02659538132344,-0.040264068300941154,60.12337100185124,-0.014395513666140187,-0.030899507946152135,9.368186964192828,0.05850010037958299,-0.022922338427306822,121.17671028891554,-0.07668454849036459,-0.026124920016630773,26.145623755920173,-0.09853733727991122,-0.010194510699264442,127.2384156971462,-0.010933499964282943,-0.011615477177941437,-0.004484304033657183,-0.0035407142746988612,0.007752705544917832,0.0005345477443883979,-0.004351023869128501,0.004088788888178332,0.9230672055282635,-0.03522886508599076,-0.00716817815168054,3,0,1.0,3.0,,0,1,2,1,0.11428571428571424,0,1.0,3.0,,0,False,False,True
ACC0213,2025-10-01,10,Professional,31092,40,False,43.08994507404924,0.04745530119002216,-0.00018043142581772073,189.69562667802927,-0.09953543822970304,-0.02008848993227527,49.1114122687951,-0.03327728892914872,0.014314322510073857,147.6836866554119,-0.0070985470834060045,0.0017454826559192569,25.583943182516734,-0.10743996796857697,-0.023621122085236305,600.2820414958103,0.0027470914306832414,0.0015620062015073914,56.670102467208174,0.09778056291764047,0.03344011069616153,261.6860622119311,0.03492946917043783,0.0025786151745962296,-0.018583919804835175,0.0016073722701787016,-0.0023533624496926975,-0.002061458894574434,0.018423253292689457,0.0029681155862339853,1.0772486268512307,0.04745530119002206,-0.00018043142581784005,7,0,1.0,5.857142857142857,,0,0,2,1,-0.1714285714285714,0,1.0,6.5,,0,False,True,False
ACC0214,2025-10-01,21,Professional,77121,89,False,46.55008631351549,0.017646248964080374,0.02111308634820894,205.29388424067062,-0.03927119423935795,0.0012500059893598664,42.235883304257435,-0.030642299674315567,0.010182381127210411,162.5226764517619,0.11759890407191576,0.014878056723212716,29.286865570666052,-0.013691086777125666,-0.01565797096807549,518.082161076634,-0.013445155744558141,0.006836579029199559,79.75904735320172,0.06743664639720034,0.025790048503377423,375.0440623931401,-0.07002678668803893,-0.03227201557074918,0.00025067690090616046,0.0007494866020821278,-0.006044200906683506,-0.0019197615565339742,0.003433897165345534,0.0035299017948838274,0.5230346776799494,0.017646248964080402,0.021113086348208913,19,0,1.0,1.4210526315789473,2.5,4,3,3,1,0.0857142857142857,0,1.0,1.3333333333333333,,0,False,True,False
ACC0215,2025-10-01,17,Professional,61618,65,False,35.17333780818578,0.09990079902552118,0.017948989329943814,183.05841248145248,0.11588993364315449,0.09620226164974197,33.1672877769853,0.08417010964829776,0.040395878035119806,139.81360269582845,0.1243046348208423,0.042371565457793484,13.812821401424978,-0.08731630076088376,0.04271406122917214,367.9435161103782,-0.005123935770993229,0.03652419792094043,45.311443262375654,0.11485831243451736,0.0581733337461334,239.16766234462662,0.05290243960733656,0.07898592498172535,0.023716585697252962,-0.0033614007616755565,-0.010870984607644157,-0.00026647671794452835,-0.005548974867703171,-0.0036687487422855172,0.541128273972089,0.09990079902552113,0.017948989329943744,15,1,0.9333333333333333,4.642857142857143,5.0,3,5,9,1,0.2571428571428572,0,1.0,3.7777777777777777,5.0,3,False,True,False
ACC0216,2025-10-01,20,Professional,56809,33,False,35.90070331139026,0.051548770383679395,0.060042762511811336,220.73315012130107,-0.019527771764431406,0.04702653688684959,42.84944580826406,0.017859828235399618,0.043206623381799696,106.63877380052308,0.16483835268071664,0.061441940122618305,23.39770574086266,0.014735794550199355,0.041597950199517834,440.59292756448696,-0.044709105939997384,0.04883270725272276,50.18244254838675,0.0741087728928575,0.07880701800926818,196.69802471897523,-0.06980852671788211,0.06267136048853003,-0.009022330394673206,0.0009829149188290282,0.001511367331051422,-0.0010770594597449938,0.003161843451384594,0.004443264153153298,1.0879001003451594,0.0515487703836795,0.06004276251181143,12,3,0.75,3.7777777777777777,4.666666666666667,3,3,6,1,-1.417512349691786e-16,0,1.0,2.5,4.666666666666667,3,False,True,False
ACC0217,2025-10-01,10,Professional,55623,62,False,39.77928240330696,-0.03339492056117253,-0.012219275302452929,169.6347750963457,-0.026507065337417063,0.00809985812077755,38.51155244319404,-0.06856215362347533,-0.03995789021598602,125.54664826245009,-0.07077028581727138,-0.015367224296057759,20.340936125843257,-0.05280520090221254,-0.010472857890528351,605.9099686390297,0.024089476399240292,0.012690319749996681,67.82547856954447,0.02198000317692248,-0.005147855762741128,274.2844279015182,0.1970497128248605,-0.013192451020553064,0.005927025816251041,-0.005749885491307061,-0.007380994161634721,-0.0010537779553152493,0.007214103738463207,0.001043528053542922,0.6416013290855961,-0.033394920561172534,-0.012219275302452953,2,0,1.0,3.0,3.0,1,0,0,0,0.0,0,,,,0,False,True,False
ACC0218,2025-10-01,13,Standard,12931,16,False,12.693276616583487,-0.04643459577612972,-0.022676495268857604,91.4188575194916,0.026751004332486228,-0.005039763366647741,17.490319739972186,0.0037824155327121005,-0.009308659528876946,55.67029100791816,-0.003214740749049452,0.0016413719793937328,8.604858361970257,0.009393447629848973,0.02300906559166718,148.80356200254315,0.08847994645678335,-0.002871614753703963,19.551651774865277,0.13820193181175777,-0.0007175504278100957,100.23548677598586,-0.022101617256618702,-0.015526240640748246,-0.003808978461085466,0.0011531440319455522,0.0009237881878280674,0.0027855205499335636,-0.001222277472933908,0.0001688031643119689,0.793329788536468,-0.04643459577612972,-0.022676495268857604,6,0,1.0,5.5,4.0,2,0,1,1,-0.08571428571428574,0,1.0,6.0,5.0,1,False,False,True
ACC0219,2025-10-01,12,Standard,28742,10,False,4.116278518560576,-0.04772977712011615,-0.09706088141739606,32.89417744212265,-0.10439374073177861,-0.10408761483000666,6.206605764280063,-0.13318411693114557,-0.09150483574415746,27.117045915258686,-0.16304637702821886,-0.07692135126169515,3.7917679320627236,-0.05395684937470298,-0.07202110029824321,61.88174543776601,-0.09130674922430194,-0.11996914764816646,11.78100190925744,-0.17641435608122086,-0.10894333955718566,42.85899221302958,-0.12012385267958267,-0.07998421466730038,0.00022023080856897748,0.004825300682803971,0.02131964363598199,0.0027553226946570274,-0.030928895488857966,0.00180839766684604,0.4116278518560576,-0.04772977712011594,-0.09706088141739597,10,1,0.9,3.4444444444444446,4.0,1,4,4,1,0.22857142857142848,0,1.0,2.75,,0,False,False,True
ACC0220,2025-10-01,13,Enterprise,99600,111,False,108.41246122511473,0.03405729191122665,-0.002107223122653335,650.9823223944323,0.04399088959033667,-0.020417106736824328,184.39032763476519,0.06955265966084001,0.006765005778914137,410.06500846449757,0.012904949621761858,0.016662559647394753,63.7144422724185,0.009683094530651758,0.030490058007724648,2343.361592068663,0.015247758052041658,0.029406361691728795,178.19935486275597,-0.013003963827384639,0.011563497116896724,975.2182599862363,0.08967467785490144,0.02845223012637182,-0.032908059750794444,-0.003542367545279923,-0.003282884638190278,0.0004396544282965209,0.04130515590820927,-0.0020114984022410465,0.9766888398658984,0.03405729191122647,-0.0021072231226532427,4,0,1.0,3.0,4.0,2,0,2,1,-0.22857142857142848,0,1.0,2.0,4.0,1,True,False,False
ACC0221,2025-10-01,14,Enterprise,107212,144,False,102.0813629326823,-0.00164271324773958,0.016131172192158,489.1830387626663,0.04961293380804366,-0.016866227345248293,124.16208842824174,-0.0024713665439184736,-0.03150046641329881,333.05183696578644,-0.018339543432035282,-0.004271795638455426,51.302474845999065,-9.818766903967726e-05,-0.005964106781430243,1723.7532308327307,0.056676452712884295,0.026701983789566126,172.7427507816186,0.10049657343736844,-0.017201256352212396,822.3310613215211,0.0645356955538747,-0.0028102679400995086,-0.017488901193051465,-0.0049222118137147025,-0.00353726701287832,-0.0005333598213323812,0.03123304360225898,-0.004751303761282209,0.7088983536991827,-0.0016427132477397203,0.016131172192157938,7,1,0.8571428571428571,3.6666666666666665,4.0,2,0,1,1,-0.028571428571428577,0,1.0,4.0,5.0,1,True,False,False
ACC0222,2025-02-01,4,Professional,53118,44,True,22.154552014793328,-0.10897581483108977,-0.1278761198503836,126.00141540027512,-0.12223651419652888,-0.09552985582328016,26.66909810209742,-0.1727996823310855,-0.09355344985560962,96.9992009452864,-0.06997141273570609,-0.10507005995943293,14.085610318070517,-0.17610864461192685,-0.08662567474799203,397.0381616996513,-0.09724513826088997,-0.06876285144338157,45.91917244150718,-0.15476130999485377,-0.11733125419705169,223.13958553393059,-0.1094676993694205,-0.07759625891546142,-0.006395086965080982,-0.0004348896296304666,-0.010365020790014084,0.00071052950385481,0.021389025232236958,-0.004904557351366121,0.5035125457907575,-0.10897581483108969,-0.12787611985038358,12,3,0.75,6.333333333333333,5.0,1,6,12,1,0.2857142857142855,3,0.75,6.333333333333333,5.0,1,False,True,False
ACC0223,2025-09-01,10,Professional,53013,54,True,48.06474514730834,0.0159347224067574,0.01915176867768504,194.58370925087152,0.002273215170358161,0.03309037121073956,54.158609160688606,-0.004044794093760665,-0.004382422578420483,149.9889497851739,0.09742680100177704,0.01465537315860779,22.273924929079147,0.039366625683728916,0.01834042492762804,473.03085022341105,-0.08299361964887444,-0.0021166551047766035,63.057342280972016,-0.09122749073045806,-0.02657247791171659,291.40109051041,-0.03687643310338712,-0.013901849113064987,0.010971706142447968,-0.002382771191966518,-0.0059592016383124835,0.0007807276935046584,0.0030666263316950215,-0.00647708733736875,0.8900878730983025,0.01593472240675734,0.01915176867768502,2,0,1.0,5.5,,0,0,1,1,-0.1428571428571428,0,1.0,4.0,,0,False,True,False
ACC0224,2025-10-01,13,Standard,28202,11,False,3.7903366555459854,-0.1808234763986624,-0.13372792789187796,28.760051839300093,-0.1351336645166465,-0.08129133139347378,9.279586336606966,-0.05497390458459477,-0.10728265342461513,16.297166048784955,-0.079970818982802,-0.07392772928970413,4.139091518073891,-0.0494291682802277,-0.11405712464643501,60.79291462599957,-0.06702697724369315,-0.1264947067543179,10.02339866560957,-0.0990096869605339,-0.08463181039133687,41.04915982724058,-0.0630513692376179,-0.10450103222776956,0.0201776124385753,-0.0008227359320364669,0.015752462189286567,-0.002100851901871585,-0.03814358465379186,0.0051370978598379025,0.3445760595950895,-0.1808234763986621,-0.1337279278918779,7,0,1.0,4.428571428571429,3.5,2,0,1,1,-0.1428571428571428,0,1.0,6.0,,0,False,False,True
ACC0225,2025-10-01,17,Standard,25448,31,False,9.94625523549968,-0.049382670061087486,-0.0097174803088534,105.0741947677891,-0.04135268700485875,-0.019330302920701484,18.92131462146822,-0.0826307865688031,0.010224949620899574,63.10472056023709,0.07187128059358253,-0.006477137974198254,8.952181947981424,0.009029003974127396,-0.031839673816849344,125.82051039774325,-0.08631162163180837,0.0073736111073462954,19.91362654208216,0.10842394226933634,0.017641226952767163,87.89386655430485,-0.03419507105810732,-0.02393668046396446,-0.0207371545731036,0.004099614517385837,-0.006640629171949908,-0.0018354734641529043,0.02208298429648453,0.003030658395336061,0.3208469430806348,-0.049382670061087534,-0.009717480308853279,1,0,1.0,5.0,,0,0,0,0,0.0,0,,,,0,False,False,True
ACC0226,2025-10-01,12,Professional,50794,96,False,12.679030971761454,-0.004052132240578054,-0.09978872958447338,101.95169018625927,-0.16063138168606342,-0.09243548847275501,15.144265025841497,-0.08452537791893389,-0.07819988165291103,70.56450410270689,-0.004193548685357993,-0.10462820534197492,8.298831296336477,-0.10835220755468761,-0.11640535834945685,229.03528131512041,-0.0550578445402504,-0.07142337971158005,24.257323748684744,-0.17959243816285583,-0.10295449002559479,157.6414498282506,-0.1290134238080875,-0.11546903874321572,0.008236073548548467,-0.0005222581491470882,-0.015545197526284138,-0.0009334673287461244,0.009580510408411569,-0.0008156609527826611,0.13207323928918183,-0.004052132240578127,-0.09978872958447334,3,1,0.6666666666666666,5.5,,0,1,1,1,0.08571428571428572,1,0.0,,,0,False,True,False
ACC0227,2025-10-01,17,Professional,69097,66,False,44.26423971934822,-0.05986937605009676,-0.0011242087878653505,153.51255474449457,0.023501344727043648,-0.00466105703858406,44.30329752465648,-0.029212376178052973,0.0006688089123378729,95.78621691215493,-0.0003976399462308109,-0.0069926340099281704,18.639362213006173,-0.07842673290563747,-0.010772443192472558,428.8781117133032,-0.07437228962935079,-0.02172615999362427,64.11320643711296,-0.014417813357068944,-0.001513389381055394,332.1780402615438,0.030248475671491977,-0.008942598619290903,0.0022716417576414683,0.0017817555826405707,0.003542601871015641,0.00011930494594614496,-0.011691091122592367,0.003975786965348435,0.6706702987780034,-0.05986937605009671,-0.001124208787865315,5,0,1.0,4.4,3.5,2,0,0,0,0.0,0,,,,0,False,True,False
ACC0228,2025-09-01,20,Standard,12712,18,True,1.7929973419231644,-0.32354354323016404,-0.22889011675874357,13.723097169816517,-0.34722487681119285,-0.1929193940348544,1.0763810300576397,-0.03497972507327525,-0.16432441509583395,4.347342308651584,-0.27711785155297053,-0.24757329710952145,1.0794950650355781,-0.03345164712858296,-0.16376053803330923,16.943617739229197,-0.22179973912358555,-0.19533524687183978,2.894216031441329,-0.22290325575196815,-0.19038429416571198,14.404112495601533,-0.25418129453058597,-0.19780167368018378,0.012125144440501723,-0.0009424213364462655,-0.015153204054029784,-0.0007362964991307758,0.001194587015789117,0.0035121904333162146,0.0996109634401758,-0.3235435432301641,-0.2288901167587435,14,1,0.9285714285714286,3.769230769230769,1.0,2,5,6,1,0.28571428571428564,1,0.8333333333333334,3.8,1.0,2,False,False,True
ACC0229,2024-09-01,6,Standard,15473,18,True,11.425715799457357,-0.1209818602240995,-0.013042587550089432,63.36726232778432,0.042239103793444865,-0.007765840283131889,25.108860824874785,-0.03598874144210106,0.027709943558060012,49.31387604783837,0.05915069115361298,0.015655419702230878,7.917239422933875,-0.031927317395013005,-0.001436605576071695,86.49985391244915,-0.006540472930174858,-0.008421289466124334,24.10659951905247,-0.04080454394013841,0.011028210580136113,109.57217261574114,-0.028968207151851097,-0.0055684975983082904,-0.010812033717613023,0.009393034527769392,0.009772722923123617,0.0011390950210817367,-0.01568225317118427,0.006189434416822556,0.634761988858742,-0.12098186022409951,-0.013042587550089411,3,0,1.0,2.6666666666666665,4.0,1,1,2,1,-0.057142857142857155,0,1.0,3.0,,0,False,False,True
ACC0230,2025-10-01,14,Standard,12453,28,False,10.975324865139823,-0.04922769132947821,-0.0020854142461739105,67.6708455733632,-0.004831909270579704,0.023536422394796423,21.25243838576544,0.01800461029992296,0.014726705785184407,52.25233053634404,0.004340850324452134,-0.010921097786434327,5.500539723414839,0.042590943170318134,-0.01650713026347759,104.8252103420208,-0.01602768959528618,0.01369960137488542,16.579198343339595,-0.07793186455483252,-0.02057207874189632,106.22238882482395,0.04315747152521014,0.024494504639387658,0.008152154486353314,0.0006323707901410708,-0.016027778694628098,-0.0018104276765527581,0.013017379276435426,-0.003963698181749062,0.39197588804070804,-0.049227691329478185,-0.0020854142461738585,6,0,1.0,5.166666666666667,4.0,2,2,3,1,0.028571428571428553,0,1.0,3.0,3.0,1,False,False,True
ACC0231,2025-10-01,19,Professional,69943,100,False,45.2848022428581,-0.061774018367539235,-0.033990902302151016,275.54117254653926,0.08114995764361213,-0.0017250358420052988,47.91162306984265,0.06438054936825549,-0.006316714888432475,151.83693902889885,-0.020294644295226653,0.005341190714990363,24.460324759084855,-0.005937337521914874,0.0066806031655010124,633.3205539144868,-0.010566231588959215,0.0036223459494816724,70.46115258636603,0.07429956362839897,0.009486071678301546,323.13706330364886,-0.054571556638082525,0.0012907805279278,-0.00872072976495486,-0.0035730966981853893,0.005318487420639242,0.0007292252965427765,0.00858412689713084,-0.0023380131511725466,0.45284802242858097,-0.06177401836753911,-0.03399090230215095,2,0,1.0,4.0,5.0,1,0,0,0,0.0,0,,,,0,False,True,False
ACC0232,2025-10-01,11,Professional,74776,64,False,48.56123508526454,0.04711932865660793,-0.004847751276105152,267.11834012935424,-0.03430111017686905,-0.010443307387239205,48.037275412178076,-0.013764980622658964,0.00467794553124864,122.57995980017277,-0.05006935580683106,-0.009979006752779471,25.066126387193787,0.0960312586030479,0.0324198958399987,489.28500925986265,-0.06867257584546324,0.02428554229593157,58.24961796087257,-0.012439842282138196,0.015467648329792728,311.42193006721243,0.011934585790342827,0.017678401293420885,-0.012728473735297896,-0.002395906166932235,-0.004036428999711891,-0.000652732889043859,0.02067989508131829,-0.0008663532903322932,0.7587692982072585,0.04711932865660793,-0.004847751276105152,9,0,1.0,6.444444444444445,4.0,1,1,2,1,-2.1871923332469143e-17,0,1.0,9.5,,0,False,True,False
ACC0233,2025-10-01,16,Enterprise,91321,139,False,29.168382782582693,-0.06727938024756877,-0.10129925840322418,202.5438088419065,-0.041605128361104166,-0.10042689318415077,37.19656287757524,-0.10870216818047791,-0.11467396267177463,134.36207284070315,-0.13525290234220666,-0.10034241077845969,16.88304139811804,-0.01944877159392867,-0.09440356071838314,394.02688323767615,-0.14398403210881416,-0.13318369816561332,48.95483192271711,-0.019772183820858373,-0.10977469405939894,179.65961723632117,-0.10897852095542747,-0.07067208914309613,0.008404065386873077,0.0012161736834643277,0.016554061568582107,0.0010768183801080217,-0.023969751180600574,-0.003281367838426884,0.20984448045023518,-0.06727938024756885,-0.10129925840322423,4,0,1.0,5.25,,0,1,1,1,0.08571428571428572,0,1.0,4.0,,0,True,False,False
ACC0234,2025-10-01,21,Standard,24038,12,True,17.149742642980687,-0.04868839763181133,-0.004639546630264661,78.5338018739497,-0.0735188777423871,0.004143164193703806,22.394224926779277,-0.12592326795658915,-0.005110606816404308,32.86654395444603,-0.01791980998115874,-0.01402888376074794,8.638957003832614,-0.11000687391474537,-0.02200102298413007,120.7231925333943,-0.024705225973693293,0.006452354225244306,20.35961023467971,-0.049056976386811425,0.0032258589606463254,75.2365638861009,-0.07711163019274626,-0.011749339244909793,0.004292118862145589,-0.0004179871646994848,-0.010989550439015464,-0.0019018087996452195,0.00996394150913571,-0.0009467139679210368,1.4291452202483905,-0.04868839763181162,-0.004639546630264553,3,0,1.0,2.6666666666666665,3.0,1,2,2,1,0.2285714285714285,0,1.0,2.5,3.0,1,False,False,True
ACC0235,2025-10-01,15,Standard,16966,33,False,3.7903366555459854,-0.1808234763986624,-0.10464897053463547,29.42372235127354,-0.09237790590692149,-0.11364603228161141,7.5795979878374835,-0.12401510786631713,-0.11526888871706972,12.490529359209068,-0.08809916176374158,-0.10915781004733754,3.812416192251417,-0.18219543850422343,-0.09840670405844486,36.748642501085804,-0.17551133441788463,-0.12043295808711942,6.573223208542207,-0.1281861880619756,-0.12355909113201145,40.15161075667319,-0.1636794706667629,-0.09095835960097017,0.00033975671331260004,-0.0030048778090342593,0.0025182429481038493,0.004402143639114599,-0.0019526317566015416,-0.002302633734895157,0.11485868653169652,-0.18082347639866228,-0.10464897053463543,4,0,1.0,2.25,3.5,2,0,0,0,0.0,0,,,,0,False,False,True
ACC0236,2025-10-01,18,Standard,19652,36,False,18.457763648104187,0.06337576834162255,0.0048649001467217755,77.39380712206946,-0.02800331555427998,-0.021580791292354882,21.579434510977507,0.04290449747278009,-0.013053283337615268,59.81225508606261,0.012602205763053478,0.022210004516848496,10.708502762869559,-0.09829951047054812,0.01946479150398246,137.44022335620573,-0.05693946962602603,0.004536343384998672,29.690797698799646,-0.06370042361353362,0.025802225174501165,147.7032134956761,0.06274427580085926,0.035944564976519204,-0.0172222560959559,-0.006097734187182818,-0.0006916725979583815,0.0013119496636496523,0.017121750750185627,0.005577962467261791,0.5127156568917829,0.0633757683416225,0.004864900146721807,21,0,1.0,1.4285714285714286,3.0,5,6,11,1,-0.4285714285714286,0,1.0,1.3636363636363635,2.5,2,False,False,True
ACC0237,2025-06-01,9,Standard,25327,37,True,6.0151429821846385,-0.0528394947744173,-0.17038715593610587,52.2450538946916,-0.08204697051986352,-0.08034212511585642,7.035293567297585,-0.1823547144627875,-0.16750840034944808,16.15930732795642,-0.09349569403679442,-0.14191356859011311,4.921797014170359,-0.07219404064213708,-0.11007410911043894,53.96831016276715,-0.09515654421926385,-0.11598664056669408,8.390229912912366,-0.20977296768732476,-0.12723175927188163,61.37812445263052,-0.1314279532815755,-0.0942264420167483,0.04900878112835422,-0.009421698656379159,-0.026218533273112743,-0.0020253687496186654,-0.008434498803244317,-0.002908681645999271,0.16257143195093618,-0.05283949477441744,-0.17038715593610576,5,3,0.4,4.5,5.0,1,2,3,1,0.028571428571428553,3,0.0,,,0,False,False,True
ACC0238,2025-10-01,21,Standard,18335,33,False,11.287021083332382,0.04311615481292675,0.048945341846062085,104.0463594262376,0.07303148827986493,0.05540257765574601,12.659348160937185,0.06604568238332414,0.04771037317629858,38.355854498085,0.01781547540141278,0.03585480915092839,8.209985752423071,0.20136017625678948,0.06477311469802716,114.66120547477806,0.12689798751795422,0.050029310440778484,24.070328002771106,0.06091876295988161,0.06107925981805109,68.67293173647145,0.08073544369766772,0.0722976310794184,0.012305577647537258,7.582976970559041e-05,-0.002065781369659625,0.0008499763777366255,-0.012789561418306561,0.0016239589929866877,0.3420309419191631,0.043116154812926674,0.048945341846062,11,2,0.8181818181818182,10.666666666666666,4.5,2,1,2,1,-0.05714285714285711,0,1.0,12.5,5.0,1,False,False,True
ACC0239,2025-10-01,12,Enterprise,174167,80,False,89.2998438797281,0.032647291098611586,-0.017879867037130646,546.0974999069945,0.1392733451097966,0.0012924115707781336,99.13604735774807,-0.09586559327286795,-0.011911718711091793,433.89886618158425,0.08121877713375322,-0.02502912960701151,46.46968153125923,0.018141106848349874,0.04243624846737884,1698.1359402584621,-0.08466797299202315,-0.04948965897575388,126.92797195107796,0.05033719843931163,0.006086157683736996,831.2959563691966,-0.08400204829688185,0.004311762209256099,0.01261785561278242,0.0037466457773547325,-0.003405420070668186,0.0032003050586760264,-0.021651993431255345,0.005492607053110443,1.1162480484966013,0.032647291098611565,-0.017879867037130626,2,1,0.5,4.0,,0,0,1,1,-0.1428571428571428,0,1.0,4.0,,0,True,False,False
ACC0240,2025-10-01,17,Standard,16081,14,False,14.732916677976606,-0.013488768498124125,0.007764464662721473,109.0332134352682,0.02174908288277766,0.023717189122966116,17.472746828451076,0.03487537394210745,-0.0010215347759356464,41.9797012442012,-0.09760150073627215,-0.029176121183676133,7.951507710325308,-0.1130850555441639,-0.003377593339738267,151.73840148362763,0.04289937955416867,0.0023334597754768316,18.59889826235161,0.010055513629782761,-0.021945915584072814,81.17014612453772,0.026054234905811678,0.0027441804776027756,0.01620517759579182,-0.0024481748244910007,-0.008201946108753633,-0.0002401586198523195,8.328487615111291e-05,-0.0053981829188460215,1.0523511912840433,-0.013488768498123933,0.00776446466272156,4,2,0.5,7.0,5.0,1,0,0,0,0.0,0,,,,0,False,False,True
ACC0241,2025-10-01,13,Standard,22150,20,False,15.403299601892956,0.018839073422609178,0.02573438930566163,104.10930695125232,-0.06726232684666136,0.010947273555990312,23.618707973104886,0.05259987162960784,0.01305086725089755,62.75285349220379,0.08172681536485815,0.01327153721090397,7.24341015662931,-0.04942916828022782,-0.023889307337574862,155.49627672863372,-0.07134317053065635,-0.022352841380713147,27.244091982342372,-0.02956208229324061,0.02775829102406017,77.8073227541952,-0.0037521397042612568,-0.005576999286299395,0.008201293196837434,0.0009267856758083531,0.0036603215979952863,-0.0012488006679972664,-0.021241381952140315,0.009701782149496546,0.7701649800946478,0.018839073422609365,0.02573438930566163,14,0,1.0,1.4285714285714286,2.6,5,0,4,1,-0.3428571428571428,0,1.0,1.5,4.0,1,False,False,True
ACC0242,2025-10-01,11,Standard,21159,28,False,9.917763945855613,0.058973724291728716,0.08888028122256471,68.47503008572119,0.11762298603502684,0.05222895760590123,12.641775249416073,0.10910716121632673,0.07097633656077539,45.163947466426016,0.10110774291523542,0.08382222808850213,6.861987928755785,0.09809667514647896,0.0924300390918717,122.54366199411187,0.038288619023186254,0.08698195019620265,13.702378100756833,0.1794395215232196,0.07545488308651656,69.83053242060946,0.17457383958726105,0.10209347729071337,-0.02625963693779737,-0.001885467281929877,-0.002756381026218252,0.0011677652528887632,0.03283990957526495,-0.0031061895822079647,0.354205855209129,0.05897372429172871,0.08888028122256475,13,5,0.6153846153846154,6.375,,0,8,9,1,0.4857142857142858,3,0.6666666666666666,6.166666666666667,,0,False,False,True
ACC0243,2025-10-01,14,Enterprise,111050,193,False,75.59599683139164,0.04054460242578422,0.02628243460995202,692.9177658639351,0.03230377215903705,0.02852671905987867,118.28695776333815,0.08733576298879756,0.061865405856440084,492.1984274686177,0.09158805621257095,0.006214576055427503,50.588124789144445,0.022306274449395612,-0.025882184210613137,1481.9571419707875,0.1038497155734959,0.024763614651755434,194.30319619605268,-0.0528797721975461,0.005660171118565699,787.6800831406717,0.0519630506177648,-0.00377657913273014,0.011088806832600884,0.003232240823249341,-0.01460271872056973,-0.0027487988297668076,0.002477742167331709,0.0005527277271545478,0.3916891027533245,0.04054460242578434,0.026282434609952134,3,0,1.0,3.0,4.5,2,0,0,0,0.0,0,,,,0,True,False,False
ACC0244,2025-03-01,6,Standard,14813,24,True,7.84619664124308,-0.15845113046012368,-0.07408889511581339,66.58778142748696,-0.07478923912449255,-0.02733935245022552,10.36069583073951,-0.1584796960001006,-0.12323497771513153,30.023186181972303,-0.1998194496383028,-0.07285391600273881,3.449767304305095,-0.11610259531144836,-0.13977770985091886,62.036397182196346,-0.19547837569177537,-0.08358180680115064,15.65458184423789,-0.06576568556944615,-0.05942008715155531,55.51109570966622,-0.14434943539751155,-0.06364155003655769,0.03314764047899993,-0.013411954581862798,0.013124068223589885,-0.006394533667560199,-0.02819505712209175,0.0017298366689249,0.32692486005179505,-0.15845113046012377,-0.07408889511581333,8,1,0.875,6.0,3.0,1,3,7,1,-0.14285714285714293,1,0.8571428571428571,6.0,3.0,1,False,False,True
ACC0245,2025-02-01,11,Standard,25876,24,True,9.860694454126893,0.015060287202497791,0.01217306634281086,68.42293815388442,-0.02738257306647194,-0.008087829746320468,23.341954842206437,-0.003128359380235927,0.005684166543425283,44.98509113808546,-0.061681557577447074,-0.026181918805250608,10.440485292256533,0.018142138557837875,-0.014043319842987895,100.41823513423367,0.03959151396667511,0.010467438507970673,22.995236079725302,-0.022871897062081318,-0.0034293856108744865,87.18655757196154,0.08011485702671979,0.004511934087655708,-0.0007045391223658992,0.0015660032445951044,-0.012546132839193869,-0.0022239436043364202,0.013086404742343904,0.0008222075789570682,0.4108622689219539,0.015060287202497842,0.012173066342810861,3,0,1.0,2.0,,0,1,2,1,-0.057142857142857155,0,1.0,1.5,,0,False,False,True
ACC0246,2025-10-01,11,Enterprise,117767,121,False,76.72755454222452,-0.0002061700377065907,-0.0004866440342070437,523.2007469465437,-0.0791392916829953,-0.004696602935942631,134.2124819084689,-0.14341803754245655,-0.052380369726315455,461.06844508503747,0.0005343039242826382,0.016696032274862604,80.80026943522687,0.04602323109387397,0.03599999309394834,2066.6532004748256,-0.007711454530965345,0.02047580803269643,183.63489403436117,0.11706722908668872,0.03305755555777858,689.957221449887,-0.037483659456846084,-0.010761696016182994,-0.002279229449345138,-0.00820941351271045,0.0074420684437978,0.0009813135633634541,0.0011725466775573956,0.0008927142773367466,0.63411202101012,-0.00020617003770660307,-0.00048664403420696387,17,0,1.0,1.6470588235294117,2.0,1,8,9,1,0.5999999999999998,0,1.0,1.8888888888888888,,0,True,False,False
ACC0247,2025-03-01,8,Enterprise,110397,183,True,102.28072005953987,0.035946314973880615,0.0012687361498867427,586.8289369056714,0.029567825800793913,0.0011834434356204797,118.13194456388986,0.041083434982795965,0.016949792388085843,376.5359704174186,0.011954868456791157,0.011627276814023839,60.664497960027035,0.014309308751630787,0.002118672217395587,1168.0636538131382,0.06784475012256552,0.016783375389606257,139.38290458224702,-0.04288395346541172,-0.003157174878602662,735.0475976904703,0.06636401350119782,0.0105052846724593,-0.007930630803585664,0.0014156444241480853,0.00449469007458711,2.9470383075578394e-05,0.0014809150184725839,0.0005099109033024837,0.5589110385767206,0.03594631497388078,0.001268736149886669,4,0,1.0,3.5,3.0,1,1,3,1,-0.19999999999999996,0,1.0,3.6666666666666665,3.0,1,True,False,False
ACC0248,2025-10-01,12,Standard,22592,11,False,16.073682525809307,0.04847032939846914,0.01707003880422892,138.23454390724262,0.0516736500774512,0.027745112612074102,26.40776412832487,0.0037577390157927746,0.017080982876151445,73.24265735423118,0.028835638217415752,0.005805530278115026,11.709177000525676,-0.006201512027011713,0.03873238948448919,144.8872190735972,0.04643456109703891,0.026732332339074218,35.07977287817859,0.055672833552365936,0.04930874714091948,156.78672365689917,-0.02880689938886086,0.01078025261176001,-0.0008132849037784662,-0.0037515164949660992,-0.00735656955729419,0.001691751618417947,0.00652281786720349,0.0037068014704171592,1.4612438659826645,0.048470329398469104,0.017070038804229012,3,0,1.0,3.6666666666666665,5.0,1,0,1,1,-0.08571428571428574,0,1.0,4.0,,0,False,False,True
ACC0249,2025-10-01,11,Enterprise,96377,139,False,113.30012576315778,0.014460258728820095,0.0008114664463708012,770.2615548230696,0.013186439486858624,0.021981853603084866,127.51727227628031,0.018448739229229766,0.021835740227819558,495.96523096903076,0.014456591585311589,0.03668969758009226,84.5713891071009,0.047345924579215506,0.057194595042907984,1567.6638643483657,0.008789696312606846,0.031420532513058125,156.36952607934492,0.07825332063204361,0.021263636829585944,947.8483129677329,-0.003675205143871694,-0.007761865925200608,-0.0029482220981132123,-0.0014206951356268843,-0.0005392063256386692,0.00130681921110554,0.005092096743728347,-0.0014907923954551594,0.8151088184399841,0.014460258728819996,0.0008114664463708787,6,0,1.0,5.5,4.0,2,3,5,1,0.2571428571428572,0,1.0,6.0,4.0,2,True,False,False
ACC0250,2025-10-01,11,Standard,18640,24,False,17.461438861173246,0.010992757558468635,0.025811863712172887,95.49219989174087,0.04976281818978692,0.007976507145123511,27.438829276836756,0.0015507880478700887,-0.0012873677506757503,62.458850571740676,0.057680939473341186,0.0029026495252073726,7.917409068462952,0.016669247229459047,0.02741283606317161,124.6490037446397,0.028538066983495206,0.019552979811803827,28.901817134137513,0.04209560148723409,0.012416711388902674,89.41225252629681,0.032360667936735095,0.007961835599845202,0.0022807826351595173,-0.0033631695046797416,-0.012942881704375325,0.0015197923628815918,0.012553776980554154,-4.830076954015494e-05,0.7275599525488851,0.010992757558468581,0.025811863712172943,9,0,1.0,5.222222222222222,4.0,2,1,5,1,-0.3142857142857143,0,1.0,5.6,4.0,1,False,False,True
ACC0251,2025-06-01,14,Professional,49408,53,True,40.37536202506755,-0.002559820787343486,0.013786869113946748,300.76653720102485,0.09326075822101314,0.021200755761144146,49.147921008834295,-0.010915195835306452,-0.0063428988073078625,150.6971646067641,0.00023318913817271353,0.009245761172956031,16.93321529730527,0.06887095774112591,0.02080738069161325,439.92084741474446,-0.062355802269139636,0.0029324189439140433,68.94104275625183,0.010032614190715482,0.01717004174655298,260.29420210449786,0.056718691505374744,0.006122159761233725,0.008240407535894279,-0.003977916284742158,-0.005871641011866685,-0.0005529341364310866,0.0046979306169928625,-0.0025358467198471485,0.7617992834918407,-0.002559820787343105,0.01378686911394678,2,0,1.0,4.5,3.5,2,0,0,0,0.0,0,,,,0,False,True,False
ACC0252,2025-10-01,14,Professional,78311,48,False,36.60808463108095,0.03719736584998611,0.0066572072962641895,178.9241706263656,-0.018034371564911673,-0.03249145448425802,46.66692515030829,-0.010525380284806306,0.014661462863097824,160.50372281755713,0.0537934023864247,0.009613634069956419,21.758076608591654,-0.06953612085394395,0.005773650692874293,509.22921095565016,-0.044019699064537086,0.0128183768571246,50.230050047802955,0.04459262774372597,0.009166741271584258,225.4464618304171,0.05261729134607089,-0.009854495025253774,-0.024741844335823743,0.0020683110940718716,0.0025531905465799865,-0.0007563509802914446,0.021268231039090257,-0.0003915373636269037,0.7626684298141865,0.037197365849985974,0.006657207296264152,19,0,1.0,1.4736842105263157,2.6666666666666665,3,5,10,1,0.057142857142857266,0,1.0,1.3,2.5,2,False,True,False
ACC0253,2025-03-01,9,Standard,24570,40,True,7.551434179444737,0.022033523301203773,-0.10949164257410147,36.27858786754777,-0.06541068234227994,-0.08661053502149171,5.964164585544981,-0.13568704481575536,-0.11451602609457438,25.023426935688935,-0.18721021328201154,-0.12528221068374468,3.1377933947798486,-0.12764605149489203,-0.13476416430633897,51.986767389819114,-0.17593090874407136,-0.11803507185287376,9.698160916249337,-0.12058698656608399,-0.11667994595580712,50.8111885384647,-0.12325915059236181,-0.12180045425448334,0.018219991147130465,-0.0029891448529211634,-0.004537729274169844,-0.0021948650775105473,-0.007214056491393228,-0.0012841954511357695,0.18878585448611843,0.02203352330120378,-0.10949164257410143,11,1,0.9090909090909091,6.9,4.0,2,4,6,1,0.17142857142857135,1,0.8333333333333334,9.4,,0,False,False,True
ACC0254,2025-10-01,20,Standard,24678,12,False,12.693276616583487,-0.04643459577612972,-0.03512644860587058,109.58110315872472,-0.04698551411324473,-0.0016514214414744212,24.36056478113457,-0.015898554207647714,-0.021109464614451092,38.34157247768877,0.047440731118135036,-0.00010574307568437628,7.570085482451785,0.01743405004935633,0.003247869664890609,151.825157588235,-0.032228869279045884,-0.016464141000410416,26.604151373289284,-0.0877457212243051,-0.0433030290512491,102.51441360106587,0.02074227875773542,-0.0032421286067011693,0.0149236785271189,-0.0025871908936631882,-0.0013559549350921352,0.0006385129256913681,-0.0016816719828212645,-0.00993737364123369,1.0577730513819572,-0.046434595776129794,-0.035126448605870574,5,1,0.8,6.25,3.0,1,2,3,1,-0.0285714285714285,0,1.0,6.0,3.0,1,False,False,True
ACC0255,2025-10-01,18,Professional,60622,95,False,34.531446173913494,0.05643759111401845,0.015894069820645354,201.45473759750826,0.02644226453273726,0.02809096943160902,35.0157853029866,-0.027248126020704415,0.007089392795929966,154.98867509370436,-0.011900262676344087,0.026878533379371638,21.444851664442847,-0.11863668840777022,-0.01674550020890865,392.7167019233116,-0.05526425207296309,-0.04101133176619712,81.79772516736602,0.07658954791789267,0.01923092042095241,233.46440553258432,0.03984419213892382,-0.01262297306963089,0.01497337144028868,0.003956734185465723,0.017142897880995683,0.0014074296096898732,-0.046554235142308,0.009073802025868091,0.36348890709382625,0.05643759111401842,0.015894069820645354,4,1,0.75,5.0,4.5,2,0,0,0,0.0,0,,,,0,False,True,False
ACC0256,2025-10-01,15,Professional,40814,80,False,22.21535546094097,0.06803113990475529,0.06619612619475126,192.02232735265315,0.17465010247941307,0.09254563956398534,33.78085028099193,0.1436074741727663,0.08361283683225619,82.05147581975386,0.09641853035019726,0.0868238224376505,12.730499498370486,0.03278727490558959,0.06059489257256302,322.18261370254316,0.03746758303066805,0.06756734023938107,57.098662628993544,0.05124991939976151,0.06820706362048713,305.7177749829702,0.03185203630444218,0.07366055676115597,0.00329999764968375,0.00127565098901819,0.004955834285065991,-0.00041787545351557737,-0.009018779482498185,-9.482798775420354e-05,0.2776919432617621,0.06803113990475507,0.06619612619475117,11,2,0.8181818181818182,6.0,5.0,2,5,6,1,0.2857142857142857,0,1.0,5.166666666666667,5.0,2,False,True,False
ACC0257,2025-10-01,11,Standard,24668,31,False,14.374229972252813,0.023604823136215352,0.008186143615978702,115.6692849342149,-0.007786165312657814,0.029974460996012833,21.926645509398323,0.04481015895084883,0.007691163977861225,59.77392434301089,0.04975902347997546,0.003481244045654243,6.535312602933311,0.0280208802697994,0.00983697375864663,109.22773432321759,0.09986479934088825,0.017543949186003244,20.721585001896596,-0.07440275776257356,-0.009665700919377709,80.86280949601888,0.1400056739282847,0.03176781616158023,0.014081144607925922,-0.0033388335947064918,-0.008420346988707722,-0.0022327698896950146,0.001977155272829878,-0.0020663494076466823,0.46368483781460684,0.023604823136215414,0.008186143615978728,19,0,1.0,1.5263157894736843,3.2,5,6,9,1,-0.1428571428571428,0,1.0,1.4444444444444444,3.0,4,False,False,True
ACC0258,2025-10-01,11,Standard,16952,37,False,13.689601403514429,0.028373245416656406,0.016795076268236356,115.3090950881724,-0.003124952153647747,0.0408057245961893,15.46597722767828,-0.05497390458459508,-0.0075893907902953636,48.351020549229474,0.03625001535903033,-0.024535821968853837,6.535312602933311,0.0280208802697994,-0.00786916485808982,160.31762983837908,0.001076020795936054,0.0022944178342123233,23.10325968812549,-0.026214305412167675,0.011217545917294491,118.0012428495175,0.10880308934338424,0.02042805589421013,0.028639484115936475,-0.0017894808335193746,-0.015415900158996465,-0.001511013602568334,-0.009589899437778993,-0.00033319008307328146,0.36998922712201154,0.028373245416656565,0.01679507626823625,3,0,1.0,6.333333333333333,,0,1,2,1,1.865412628475481e-17,0,1.0,6.0,,0,False,False,True
ACC0259,2025-10-01,19,Standard,17384,28,False,15.784739058569054,-0.043563703799079374,-0.008129831208151063,82.86152927908017,-0.008548992073430883,0.003583159531558828,13.748415967387686,-0.053596123653824,-0.014381389578076638,40.5572148856865,-0.07427483715307806,-0.018917359601923776,6.861987928755785,0.09809667514647896,0.03270492834512853,160.4919821870466,-0.03945415112799312,-0.02618847810417357,20.01505899827501,-0.049901472616865415,0.003298461996040075,111.49629181580569,0.01007593445390527,-0.03837857092216403,0.011734947752384511,0.001165330132884973,0.0007836204823539195,0.0027974092780481095,-0.018485711918243053,0.0020044042725714042,0.5637406806631805,-0.04356370379907944,-0.00812983120815102,4,0,1.0,7.5,,0,0,0,0,0.0,0,,,,0,False,False,True
ACC0260,2025-01-01,4,Professional,77444,100,True,41.30818684612379,-0.006982685651914058,-0.001211876529466194,252.92870581374504,0.05368337605363349,0.003254824003328412,53.081901914157335,-0.01209610120311466,-0.024051986744804,114.83195253974355,0.03280139998350891,0.008321495099040305,20.55526443381555,0.06222605243603645,0.009528782117128855,361.28820274444706,0.037863537484918934,-0.03914847609180885,48.23136692968462,-0.030208576081476562,-0.02464182390131554,182.70163837961422,-0.02811763799770306,0.01569428561825453,0.019137536706473723,-0.00017434820036695692,0.008901921515031969,0.001480446863828231,-0.031228711521944563,0.001883154636977677,0.4130818684612379,-0.006982685651914221,-0.0012118765294661417,3,0,1.0,3.0,3.0,1,3,3,1,0.4285714285714284,0,1.0,3.0,3.0,1,False,True,False
ACC0261,2025-10-01,13,Standard,26158,25,False,15.450290089424193,-0.08250906696019633,0.0033930299020952077,67.87033211522692,0.07155436909896817,-0.007679233263030093,13.383632057445759,-0.0187042318461239,0.0055778724795050435,41.87825496945703,-0.023753313553853437,-0.019100320986746005,6.208637277110836,-0.04942916828022794,-0.01083483683267251,130.380428115274,0.145786167218839,0.002775664172971757,18.929134696624363,0.03328760368856021,0.028296704573660694,105.96336433238712,0.020067148273331933,0.0006548404659380148,-0.006506626943787036,0.0027448448662271765,-0.001233553967013995,0.0010002789536737167,-0.006201993021195951,0.010197050112096026,0.6180116035769677,-0.0825090669601964,0.003393029902095177,3,1,0.6666666666666666,3.0,,0,0,1,1,-0.028571428571428577,0,1.0,4.0,,0,False,False,True
ACC0262,2025-10-01,17,Enterprise,89450,180,False,95.7644887066211,0.05750893506960403,-0.014393237993900595,585.6011450994066,-0.00881393324147452,0.020768456885674372,97.30695975574467,0.029904086015410898,-0.0006045507296243878,467.58574518355704,0.021125555244504858,0.013425838849701307,77.69500542131505,0.04155577911891423,0.018501982932407648,1851.2643009253977,0.11189159993632823,0.016069393379869852,184.28135189478326,-0.050641229499957495,-0.024260477039198553,789.4668683186757,-0.10018958789547015,-0.006619257964952834,0.01430849563507866,-0.0011109724713384561,0.0029194330189956097,0.00021604478547464917,-0.010255606888277646,-0.006077394079932692,0.5320249372590061,0.057508935069603924,-0.014393237993900658,21,0,1.0,1.4761904761904763,2.857142857142857,7,1,4,1,-0.17142857142857137,0,1.0,1.5,,0,True,False,False
ACC0263,2025-10-01,16,Standard,25754,13,False,15.403299601892956,0.018839073422609178,-0.009305746951801041,78.38614418411498,-0.009210664853169159,-0.012310232954191503,23.714498415773363,-0.05497390458459494,0.015397740743550903,45.99091894082377,-0.0046571114399383854,-0.004983569576410935,7.570085482451785,0.01743405004935633,-0.016236165537968406,102.53131381937625,0.05663823028388822,-0.012428065821464064,27.899901757867536,0.00826501715091632,-0.016289441616881638,116.68586490779283,0.003661961807196114,-0.0006415490661110146,0.004218411731813365,0.010006063937228665,-0.0030090599873922874,-0.0005789362275274469,-0.010860625279525193,0.00022414582540289385,1.184869200145612,0.018839073422609265,-0.009305746951801006,6,0,1.0,5.166666666666667,4.0,1,0,1,1,-0.08571428571428574,0,1.0,2.0,,0,False,False,True
ACC0264,2025-10-01,13,Standard,13445,33,False,11.645707789056175,-0.004411677770950506,-0.018464163665427087,68.52402665184474,-0.08701885781963237,-0.00696078306647446,23.960635048150422,0.049483635469805394,0.033111883959573866,53.594425617716304,-0.012514231906603753,-0.011743309553810366,11.382501674703201,-0.04942916828022786,0.03158056749992957,92.09740306825314,-0.02874445929269344,-0.016248051529671154,20.686737940272234,-0.02203434727205919,-0.0043235776889370345,77.6381493956391,0.06614328432352061,0.014831421063871933,0.001131064028676576,0.008460969367305532,-0.002870593069517813,0.004193871716743326,-0.008769991100071095,-0.0021453209431364084,0.35290023603200527,-0.00441167777095044,-0.018464163665427087,7,1,0.8571428571428571,4.333333333333333,5.0,1,2,3,1,0.08571428571428572,1,0.6666666666666666,6.5,,0,False,False,True
ACC0265,2025-10-01,16,Professional,54900,59,False,11.352510768750788,-0.1380516424722035,-0.13012014569703897,54.9560165350822,-0.04232775494999518,-0.08296876001308788,11.703858581885024,-0.09968604475706574,-0.12111992607233585,37.42800595045323,-0.06192583346625282,-0.09320727529089859,7.624832384502834,-0.18219543850422343,-0.1310662689947762,129.42380999813358,-0.04214698119661462,-0.1161185936341992,21.37894914176187,-0.02599271160944352,-0.09321534354364996,94.61476240095406,-0.09182931729356253,-0.10284455941369192,0.005810517087650124,-0.0036423340634577014,0.0067837374021618435,-0.0018989089738878154,-0.00629879679871348,-0.0007542146537531658,0.1924154367584879,-0.13805164247220358,-0.1301201456970389,5,1,0.8,6.25,,0,1,1,1,0.02857142857142855,0,1.0,3.0,,0,False,True,False
ACC0266,2025-10-01,12,Standard,24416,12,False,15.0916033837004,-0.048819130891870566,-0.0006514107283689993,74.55459390267633,0.005987033331663092,0.010660632235368978,19.55245003699596,-0.002414413387769395,0.021140110053502553,59.19043382022169,-0.021352552808295754,-0.006162077261120656,9.312955915666256,-0.04942916828022767,0.014250345579898285,145.76855854864795,0.0775343720429761,0.007504913440266065,20.326317537395468,0.001830353044936277,0.00913691370265675,116.83940483191054,-0.035959464674497885,0.014289052383124504,0.013652198566993234,0.001704284490399409,-0.0022420263087818693,0.0012899333398615834,-0.015271851520390622,0.0008674614319183066,1.257633615308367,-0.048819130891870594,-0.0006514107283689383,2,0,1.0,4.5,4.0,1,0,0,0,0.0,0,,,,0,False,False,True
ACC0267,2025-10-01,15,Standard,13244,31,False,9.243127468874127,0.005069433274120188,-0.006566768039970193,84.131708450642,0.045563618944942826,0.00039658081734272643,18.88352683673836,-0.028264791160793508,-0.04566971399636,46.64429797251091,0.029209229282745868,-0.024812258657282215,5.847863309426007,0.04006132879139292,-0.025344228714671825,96.80879698394862,0.007136175897232059,0.026533382472364052,21.344102080137507,0.02484187154395636,-0.021624338425868087,81.30676871279982,-0.02424443861971772,0.0083142531592024,-0.002629030002405164,-0.010678632238765667,-0.015264382758655909,-0.003359387915867054,0.037270299266134066,-0.005338866350440327,0.29816540222174603,0.005069433274120164,-0.006566768039970228,1,0,1.0,2.0,,0,0,1,1,-0.1428571428571428,0,1.0,2.0,,0,False,False,True
ACC0268,2025-10-01,10,Enterprise,180264,165,False,101.00807138294942,0.02159133278659243,0.02602201863465601,737.2676726265317,0.07380829319315255,0.03698165349119892,95.66233210322616,0.009481987489221766,0.006870780101804195,399.93215619015064,-0.0108900805404305,-0.011272547164915452,55.77449419305407,-0.005592610954079146,0.009930756854432508,1499.3836516258325,0.01743172769093678,0.007381712111071706,167.56046722742465,-0.08567639048689668,0.0018132546089055558,516.9701860889645,-0.07447841072613919,-0.03352587084858825,0.019151497835329906,0.0010823962544972837,-0.005305803102370776,-0.0010471094579944905,-0.014743031093990555,0.0008620495645287468,0.6121701295936329,0.02159133278659231,0.026022018634656034,4,1,0.75,3.0,,0,0,1,1,-0.1428571428571428,0,1.0,1.0,,0,True,False,False
ACC0269,2025-10-01,14,Standard,20466,11,False,8.884440763150332,0.06583278476674109,-0.003115568006650123,104.88151549536633,0.020517656293335094,-0.019618532854969367,14.07277013091211,-0.01778829289592425,0.006726212645899467,61.75285877660557,0.08715720477502392,0.005917342359648017,7.917409068462952,0.016669247229459047,-0.01610216404171972,172.54472669750692,-0.02589483583573931,0.05873202637379084,27.50774302204664,0.06215204496654933,-0.004384326858156531,122.39156067373574,-0.043196766578532476,-0.013985633740585302,-0.03254462550352055,-0.0007478667356871568,-0.010124915065352652,-0.0024890348516181833,0.052872985753734,-0.006966543597555219,0.8076764330136665,0.06583278476674108,-0.0031155680066501323,4,1,0.75,4.666666666666667,,0,0,1,1,-0.08571428571428574,1,0.0,,,0,False,False,True
ACC0270,2025-10-01,18,Professional,79455,93,False,39.02916414915017,0.019846107681938303,-0.01135408261720588,270.9139394590134,0.011126635322766766,0.008525636893685988,50.43168575778918,-0.0023401804056153333,0.01764176306404247,145.18663488978896,-0.06315729809471257,-0.03727874977638823,20.008008296862155,-0.048571116058041826,-0.004916262802815309,488.93448164388286,0.058269208063550286,0.005919016816953965,64.96919058645413,0.07078370470828262,0.010069243802349052,217.17947698643138,-0.041714412823859126,0.024744019094979225,0.003705577131094484,0.004649194528997876,-0.017873271951479974,0.0010432358014094215,0.010594803818376075,-0.00211953932839775,0.41966843171129203,0.019846107681938317,-0.01135408261720592,5,1,0.8,4.5,,0,0,0,0,0.0,0,,,,0,False,True,False
ACC0271,2025-10-01,12,Enterprise,93461,86,False,86.11865401574521,0.07190887601015884,0.003460427810347814,673.7386701185336,-0.02660603161366869,-0.0021905119313049993,88.2761520132024,0.0675837157924325,0.02936425607535933,524.9419200961798,0.03514425364520418,-0.015706095086440993,54.651821144978584,0.05370435239834351,0.007659179760771318,1895.412380795923,0.0408600599819668,0.02415809137588963,124.36166653443422,0.0037515893076216114,0.0186136758648276,606.9930353857841,-0.020958157063904276,-0.0010714749742281335,-0.0034121352641279523,0.0006840838862751525,-0.01724478789609507,-0.0012748342948816702,0.020777769705154436,0.00046990386367513903,1.0013796978575022,0.07190887601015887,0.0034604278103478395,5,0,1.0,4.2,,0,0,1,1,-0.1428571428571428,0,1.0,3.0,,0,True,False,False
ACC0272,2025-10-01,17,Standard,21386,20,False,15.105849028522433,-0.08439042500264228,-0.03389237600144675,60.442216373719255,-0.016752195200828237,-0.028031562902619413,19.917233946937884,-0.026797844712855193,0.003780584355778778,47.141193442462345,-0.07035713593669272,-0.024824445666936368,10.327080534996036,-0.0020786745226676743,-0.010752202093595271,134.55909412246712,-0.03033703817300271,-0.02089501882015476,16.858718549515924,0.043300065995959126,-0.01133893709588382,78.09748526657499,-0.11532751103972305,-0.014395428332647037,-0.013789987999643066,0.005296046359723902,-0.0029181282874470305,-0.00011802063067244128,0.01060486531076682,0.0009252252472716702,0.7552924514261217,-0.08439042500264228,-0.03389237600144673,1,0,1.0,4.0,,0,0,0,0,0.0,0,,,,0,False,False,True
ACC0273,2025-10-01,15,Standard,14699,11,False,13.000719281710909,0.029876686963353986,-0.01019897625680542,106.97108908807162,0.015476406133768333,0.004290264206975197,21.99957911717041,-0.05152978317712829,-0.010680661980510653,59.04540541830357,0.04779580515646826,0.0031139660255782957,6.208637277110836,-0.04942916828022794,0.008395896844354942,110.74012840468237,0.07279411958482922,0.03674249190115618,24.12104423086753,-0.004668653624791408,0.02616843314990391,111.5520514976918,0.09002813085542029,0.027189265465978715,-0.011255747128036675,-0.0048588251156296,-0.00918854962428603,-0.000730940418570792,0.023175239495622224,0.0028588227909009944,1.1818835710646283,0.029876686963354014,-0.01019897625680542,5,0,1.0,3.6,3.0,2,0,2,1,-0.22857142857142848,0,1.0,3.0,,0,False,False,True
ACC0274,2024-08-01,6,Professional,34892,39,True,28.36798836204238,-0.06841517221809254,-0.00674871302225087,233.18902266242094,-0.009893064223907944,0.0035457027284310164,60.59675843424882,-0.04648415581022185,0.008955430038915906,173.07831268526328,-0.04339391122895659,-0.00892502930628408,22.671062934241146,0.01717239902444561,0.003365409631131946,553.9424909328245,0.0040144699764620055,0.013463002066742214,71.64100458106667,-0.0056250125020024236,-0.010341416702542067,317.9047682493349,-0.03291916588850534,0.012654391028449842,-0.009428950230130212,0.0014060319210891861,-0.007549842853297989,-0.00041215894134460224,0.021381172396573223,-0.005396252292889758,0.7273843169754457,-0.0684151722180925,-0.006748713022250813,3,0,1.0,4.0,,0,1,2,1,0.057142857142857155,0,1.0,5.0,,0,False,True,False
ACC0275,2025-02-01,7,Enterprise,112346,172,True,99.25610312284562,0.0529297172855518,0.012182665900515975,648.0333524697161,-0.13472904033740457,-0.014129674922039866,104.70624408902525,-0.018320392517155348,0.004134258531657445,271.42416204826617,-0.06279076934046883,-0.027957182546897906,69.78387299429565,0.13102553215736004,0.016140075878021378,1206.353036167936,-0.07984534495813685,0.018458610477146076,113.78635567395933,0.008001209897754546,-0.013249313760607727,690.8777451918166,-0.1742521008869348,0.010385975774372853,-0.01972057922242737,0.0019292374093898557,-0.01061602135477624,-0.0003091496898614231,0.03222933985705506,-0.003512826999380013,0.5770703669932885,0.05292971728555186,0.012182665900515944,1,0,1.0,2.0,5.0,1,0,1,1,-0.08571428571428574,0,1.0,2.0,5.0,1,True,False,False
ACC0276,2025-10-01,10,Professional,47961,89,False,50.05147950182123,-0.026586343404826098,-0.0025252509834468835,196.23016554812875,0.03809023231515037,0.012543407737749625,55.254731451761266,-0.01914775218482766,0.006475936100798845,159.52777682461442,0.048911580649714896,0.042252898724913016,22.696806065681688,0.04128742592029575,0.03831747521900969,651.4054797501193,-0.044108713361917434,0.02240632590195287,73.87761715603862,-0.06201685561703206,-0.004262792270132528,327.1331787955394,0.05447060399746533,0.03639836873885071,-0.010301686906877272,-0.0032817869036760247,0.010827401723810248,0.0011379464832030894,0.006542744732262684,-0.004924619128722746,0.5623761741777665,-0.026586343404826317,-0.002525250983446969,8,1,0.875,5.0,4.0,3,2,3,1,0.08571428571428567,0,1.0,3.0,4.0,2,False,True,False
ACC0277,2025-10-01,11,Standard,14230,25,False,12.330336357794558,-0.00815017298212168,-0.0022366083070260337,78.01109803463432,0.004033927747965778,-0.00536820787607763,16.17268821266574,-0.08615995439224855,-0.03603064691489596,41.55269428314771,-0.050048466606864433,0.016736556457353172,10.695052381195898,-0.047823947906476,0.010282709439982104,154.9381027423175,-0.10275937825891682,-0.00399866250349715,20.605837743571794,0.09993458302181865,0.023077976645595775,74.39670080833757,0.12188569620990944,0.04118439067139927,-0.01084441129545169,-0.005480672145266631,0.009093007721592938,0.0015044839583001693,0.0053906519913219375,0.00033693976950323334,0.4932134543117823,-0.008150172982121668,-0.00223660830702609,3,1,0.6666666666666666,3.5,5.0,1,0,0,0,0.0,0,,,,0,False,False,True
ACC0278,2025-08-01,11,Enterprise,126783,175,True,29.107824151767982,-0.12293009055546503,-0.13731504646382756,271.3930866878465,-0.1336753824607092,-0.12107534996211781,34.176189001295164,-0.21985054961288578,-0.15266821597869704,105.0615176851217,-0.15614243521904292,-0.1446985726114583,21.965941628640916,-0.031219908043236835,-0.13185596268184074,591.6782764468469,-0.129381402838425,-0.1134031554042101,59.105340943286045,-0.14472319040294304,-0.16363806277930956,448.2885523193536,-0.27136440023198577,-0.1282483841634746,-0.0004104042599493152,-0.0023410392926760393,0.0027567658030951125,-0.0009909247053740168,0.006625640702110358,-0.005640038247206096,0.16633042372438847,-0.12293009055546512,-0.13731504646382764,8,3,0.625,3.6,3.0,1,1,5,1,-0.02857142857142855,1,0.8,3.5,3.0,1,True,False,False
ACC0279,2025-10-01,14,Enterprise,144729,119,False,69.61656312417936,-0.030403139023115186,-0.0075329237710236715,652.8375021241983,-0.020660949262094577,0.015052452558080671,135.4845110089561,0.0036621708579773716,-0.004039567486903557,298.68483989922686,0.028349984241302098,-0.006472736525659327,46.79635685708172,0.028485645809398913,0.0037637257043731946,1599.7801052030882,-0.12499080558742376,-0.006095840881192636,115.12488341798802,0.07956851198502253,-0.009991996140705945,782.7442371709143,-0.035432272066458936,-0.01934103444583442,0.011591996585619324,-0.001007700285045661,-0.004873609779493804,-8.077274208744684e-05,0.0004614653622992959,-0.006091379141291549,0.5850131354973057,-0.030403139023115106,-0.007532923771023629,19,0,1.0,1.5263157894736843,2.8,5,7,7,1,0.4285714285714284,0,1.0,1.7142857142857142,2.3333333333333335,3,True,False,False
ACC0280,2025-10-01,21,Standard,13931,20,False,13.051963322307282,-0.08638066162999611,-0.004136851346286386,125.46200127737684,-0.045127586743414716,0.02780632738880028,20.870081564302406,0.06767515662913062,0.020270183852280643,40.11818356330527,-0.011274106297091068,0.017766922771888325,10.368377055373422,-0.09659106833407773,0.021408817865059715,126.37362330396995,-0.04264022423440888,0.012332517942017493,19.272131568688952,0.03528642264874474,0.01058152351639316,111.38978012635276,-0.055371401089081396,-0.016489281135583598,0.01025265967218325,-0.0020441151801323595,-0.002521968090274912,0.0006120327715755415,-0.004358776814349596,-0.0019398323590020528,0.652598166115364,-0.0863806616299961,-0.00413685134628641,19,0,1.0,1.5263157894736843,3.142857142857143,7,1,5,1,-0.19999999999999984,0,1.0,1.8,4.0,2,False,False,True
ACC0281,2025-10-01,17,Standard,13769,12,False,13.392150830143905,-0.08785403527317548,-0.04267298915979705,75.60680885074807,-0.0006617661715409203,-0.0021769853577597855,22.28350353427733,0.014627870050265314,0.006100428269366583,42.43244538546852,0.07285090942062526,0.03983902238075537,7.24341015662931,-0.04942916828022782,-0.015515457281286404,118.28521701183242,-0.014335180071157378,-0.02189856611386071,25.518227071638638,-0.02764745353794597,0.016890017528805625,107.04905833963375,0.005131888964434725,0.008787352057390577,0.00019343557690465474,0.0011775734511343255,0.015644036695521918,-0.0013911168028413294,-0.024327778612971918,0.008703849692252255,1.1160125691786587,-0.08785403527317563,-0.04267298915979705,2,0,1.0,5.0,4.0,1,0,0,0,0.0,0,,,,0,False,False,True
ACC0282,2025-10-01,16,Professional,33432,37,False,32.16586424950578,0.03324271253925138,-0.026326383661609425,168.61817468004423,0.039140066785046064,0.01636925884918731,35.0562150494041,-0.05497390458459488,-0.02334535217093141,109.67913002385006,0.07804029089524105,-0.02639107099474805,28.605668780317377,-0.032935079292168205,0.0074140883764432985,430.0981268562967,-0.0702169796973085,-0.04127810740736627,64.03386060475263,0.024061383552546414,-0.05499244418615797,383.31348710861056,0.012248312539974684,0.04078823438985348,0.016339669367216786,0.0021887188206533847,0.002767056743748164,0.004289469370008906,-0.018117325781011773,-0.007467588520615659,0.8693476824190753,0.033242712539251255,-0.02632638366160946,5,0,1.0,4.0,,0,0,1,1,-0.1428571428571428,0,1.0,3.0,,0,False,True,False
ACC0283,2025-10-01,11,Professional,73964,83,False,30.84359759956025,-0.012886233632759413,-0.019452180940244316,214.57160935850516,0.023457418765033603,0.0036928808850917724,43.246733579560576,-0.01998659675502406,0.01824225804655762,134.05321869833367,-0.057282542290375764,-0.011238486295483381,17.591138951814038,-0.049429168280227684,-0.001640233461350702,548.4589494491587,-0.02315900034896466,-0.014045285364849282,55.47423017448266,-0.0023743432448201083,-0.017345390105426947,332.41273187034113,0.10403948015665071,0.011665946082375207,0.007636933724802231,0.0032197062696192325,-0.0038286205984681965,0.0007572757850171814,-0.004009442687842535,-0.003775852493128,0.371609609633256,-0.012886233632759519,-0.01945218094024433,6,0,1.0,5.333333333333333,3.0,1,1,5,1,-0.2571428571428573,0,1.0,5.6,,0,False,True,False
ACC0284,2025-10-01,19,Professional,63218,43,False,30.06647304138602,0.06971963186520279,0.047212015109006786,290.8691843613881,0.06141013789519542,0.021232151582998092,55.75228863989066,0.07235640643246456,0.02484643251539312,106.60027619299626,0.06089135128914031,0.018764262326161685,28.259290569662607,-0.010569023013322746,-0.011294342059399616,460.102742405938,0.049249304049456336,-0.004940225301822479,63.96882957452427,0.055695481214530405,0.044318176677811474,299.8283963960802,-0.0355577881093952,0.0003228041829511959,0.0005800863624517705,0.0023756797552847778,0.0025680145746138777,-0.0006774256702952036,-0.01215784601796166,0.007311490995906521,0.699220303288047,0.06971963186520275,0.04721201510900674,4,0,1.0,4.25,3.5,2,0,2,1,-0.11428571428571425,0,1.0,2.5,4.0,1,False,True,False
ACC0285,2025-03-01,9,Standard,21710,31,True,11.000477703824918,-0.0633703931406136,0.014601723339232719,96.51315681193552,0.054503943586782594,0.005115225009511256,13.547929450136776,0.025952516445349978,0.0033095371829915316,48.27769048435254,0.00954537978331399,0.010342486036955605,6.278949496038564,-0.05385249079397188,-0.0010307696896691265,154.44251105117775,-0.04845658372530977,0.012211031083756008,21.013494276152585,0.04629871202752037,0.00262169470545899,90.2912067042538,0.03728448822099416,0.013507091121669128,-0.007369415134816981,-0.0024244247834650304,0.0018763001271686064,-0.000792750592660818,0.011790634784207554,-0.0030803444004331923,0.3548541194782231,-0.06337039314061353,0.014601723339232734,5,0,1.0,2.8,,0,1,3,1,-0.08571428571428566,0,1.0,2.3333333333333335,,0,False,False,True
ACC0286,2025-10-01,20,Professional,67844,33,False,44.11901470368938,0.045235123021000356,0.022534175591761074,245.91251440078167,0.033939332143625135,0.01995797478181425,75.40765005540716,0.14275988121642405,0.027561528835253712,187.59299021912133,0.0055649400283616455,0.0004739706467520016,25.536394158980716,-0.046067707794899077,0.02902850058965606,839.315303734504,-0.08423449559292269,0.009317807942961472,119.11126895039406,0.025504848499481942,0.03718414976002196,289.4501484843059,-0.0643992359264285,0.004527370952985979,-0.0019179361600852318,-0.0024094783267297817,-0.012119974771725828,0.00032334712288205683,0.014436553916789885,0.0016874882188688822,1.3369398395057388,0.0452351230210002,0.022534175591760967,8,1,0.875,5.285714285714286,4.0,2,0,1,1,-0.028571428571428577,1,0.0,,,0,False,True,False
ACC0287,2025-10-01,20,Professional,61239,86,False,44.12900679544628,0.031919633758504824,-0.0027603368637590794,164.85954789897585,0.031265595376579344,-0.020733038146002778,37.63083348439074,0.06514881439906627,0.006055119312448934,116.58641160786674,0.08519970170335033,0.022740380064045138,22.44552590209896,-0.06968516639887093,-0.025178117648157375,481.67723900495326,-0.06682591163261657,0.0022193029474769864,62.674633554286125,0.015123216999562938,-0.021889313658081475,201.7035622764025,0.05479536924267825,-0.007220794542333784,-0.01222578812860603,-0.0014992757790165678,0.005723661899335181,-0.002330757456932824,0.01349354586528173,-0.003161386400061486,0.5131279859935614,0.031919633758504776,-0.002760336863759126,6,0,1.0,4.0,3.0,2,1,1,1,0.08571428571428572,0,1.0,2.0,,0,False,True,False
ACC0288,2025-10-01,17,Professional,73650,99,False,44.18450438910778,-0.001316222719537392,0.02733252761395892,368.6100366482298,0.0077585211528604595,0.044799252606220946,58.47185809823707,-0.06995766619754888,0.016708866693377067,170.53852487924874,-0.005734194314339484,0.029210398267845498,23.80697410743991,-0.04726577919476573,0.02695972924830863,497.60200766715366,-0.003144748937611464,0.010310052437801741,93.40063932664002,-0.010636044467318173,0.007784472335213419,386.90933255711593,0.05622794314774389,0.03857609616030881,0.016722791808254256,0.00026447701048452205,0.00357230691325941,0.0005962303276820027,-0.014669720714810985,-0.006486085344869191,0.4463081251425029,-0.00131622271953732,0.02733252761395894,7,0,1.0,3.2857142857142856,4.5,2,0,0,0,0.0,0,,,,0,False,True,False
ACC0289,2024-07-01,6,Professional,71373,93,True,26.07795861799887,-0.19501016650550898,-0.10088187632711233,128.22863441150818,0.005499110749911948,-0.07231308965814512,21.482454113738203,-0.10614743734591926,-0.11350178320582603,87.19793191602257,-0.1553795455534104,-0.11632446596581933,12.311926332667559,-0.10507341480517517,-0.1093260899005411,293.1632101433061,-0.12483211077363086,-0.1340714301191855,39.529119554127114,-0.16410273826930516,-0.14167374278182976,255.08667630142267,-0.12784283981143657,-0.05401546323346479,0.034621266748438656,-0.00010156193619656473,-0.000179611840547933,0.00016100762832480658,-0.0326012369391977,-0.001899863660821316,0.2804081571827835,-0.19501016650550895,-0.10088187632711235,11,0,1.0,7.545454545454546,5.0,1,7,11,1,0.0857142857142858,0,1.0,7.545454545454546,5.0,1,False,True,False
ACC0290,2025-10-01,17,Enterprise,84301,120,False,94.67440592689324,-0.047729777120116036,-0.011009841434653871,453.75244359027937,-0.03525198506772505,-0.009458560540580007,115.7579371270628,-0.04321187451237968,0.008630508318266472,472.30912813686933,-0.029628967734547738,-0.009407729365868039,71.64435634719872,-0.006081255163485626,0.0019327370209902338,1470.141308204158,-0.10172531016040849,-0.013904979706521457,160.7754711105666,0.023667185086600043,0.011407549850380148,753.3741937347817,-0.04817770529841336,-0.03348446509887195,-0.0073411967765589226,0.0024986409334941534,-0.0023656269576106392,0.00012994594299390108,0.0027268017202451977,0.004351435137436431,0.7889533827241104,-0.04772977712011597,-0.011009841434653885,2,0,1.0,3.0,,0,0,0,0,0.0,0,,,,0,True,False,False
ACC0291,2025-10-01,19,Standard,14891,14,False,15.76198630761675,-0.01572429778824327,0.021424774997289252,114.92962128288268,0.11489013469538682,0.03581229803713397,18.90374170994711,-0.05397186458432294,0.001979017770677597,62.66473684628276,-0.012321751988196253,-0.015609968139119601,6.535312602933311,0.0280208802697994,-0.00786916485808982,144.9225535034369,-0.045684240312070135,0.00979070316914837,30.957918479114,0.05038598911318202,0.019209454027928046,99.22529436959883,0.08365645127688255,-0.009896350924841977,-0.0007707339849482575,0.0007818784586997238,-0.012416198069485268,-0.001338814385883371,0.013476424107037532,0.0002674438745795399,1.125856164829768,-0.015724297788243517,0.021424774997289266,22,0,1.0,1.5454545454545454,2.875,8,6,7,1,0.42857142857142844,0,1.0,1.5714285714285714,2.0,2,False,False,True
ACC0292,2025-10-01,15,Standard,12667,13,False,11.631462144234142,0.04183936141226798,0.004549962206950361,101.18367194487125,-0.011338603887263083,0.01298323417679719,14.414697205957642,-0.021298555887360845,-0.017480123046058768,35.3326071557329,-0.0823866250073843,-0.0620925851710695,8.244084394285426,0.07544685475852601,-0.020059411786358155,168.7408653433421,-0.10297327079849244,-0.00265071369513821,25.385056282501655,0.13545083325000917,0.02576990741675538,87.75570328434208,0.008816554464131862,0.017098891490770197,0.02399381752766122,-0.003846699349149066,-0.027100934267538082,-0.002463151621748136,0.009146893134782452,0.00027007457599162454,0.89472785724878,0.041839361412268065,0.004549962206950329,4,1,0.75,9.0,,0,1,1,1,0.08571428571428572,0,1.0,11.0,,0,False,False,True
ACC0293,2025-10-01,21,Standard,22956,38,False,2.761267025905841,-0.23042486682524688,-0.1317548614156788,12.803061514363003,-0.08333659810332886,-0.15667936957996012,3.093195445535656,-0.05497390458459498,-0.1232843131209592,7.635064442738762,-0.11755141345230709,-0.13250206715513896,2.0695457590369455,-0.0494291682802277,-0.11191143767433026,26.58803344646864,-0.047661760123728365,-0.12171250169291055,4.485383530621585,-0.04453491710167988,-0.1413515901661905,23.481050478459867,-0.09413783019694105,-0.11167373476848294,-0.008750790497105004,0.003897295330721945,4.7760903873844684e-05,0.0028682128060985718,0.0027916166079116067,-0.000854095151500936,0.07266492173436424,-0.23042486682524715,-0.13175486141567894,4,1,0.75,2.0,4.0,1,0,2,1,-0.1714285714285714,0,1.0,2.0,,0,False,False,True
ACC0294,2025-10-01,18,Enterprise,157853,86,False,99.08536645138582,-0.03920643070113549,-0.01718799351167475,553.9982414771871,-0.01811295677907229,-0.005124465101576975,98.34330882763184,0.030165319907308086,0.019437506225426383,499.8222227629861,0.008411186276071236,0.030365162070264552,49.23918159012076,-0.010053990402922021,-0.028912280197084795,1903.2150929397974,0.01634823380454983,0.01332488991703872,178.34964938869663,0.14104268534764802,-0.01077510779041293,518.5466427653936,-0.04478770229773042,-0.02091426815878521,-0.008752822351616701,0.0010704113109195265,0.012109010475945925,-0.0017502883023832218,0.0035763910413059152,-0.006252702174171454,1.1521554238533236,-0.039206430701135525,-0.01718799351167484,7,2,0.7142857142857143,4.6,3.0,1,0,2,1,-0.22857142857142848,1,0.5,5.0,,0,True,False,False
ACC0295,2025-10-01,16,Standard,12609,16,False,11.64996134212131,-0.0001939788510703037,0.010686917759408618,109.79635134857365,-0.0034057721103741253,-0.025195305052131352,27.10919118993705,-0.020559181831770995,0.0176106556378669,37.304768612122096,0.03421818771734453,0.002697650009131274,8.625506622158952,-0.04743880217969827,-0.01865440699089263,109.1122939793518,-0.041488281372741874,0.0217506573210975,28.885947967665444,0.05918664961760294,0.020348047534367912,79.791592953143,0.029067909043973734,0.010372302191208289,-0.04265524051935243,0.006743118899105699,-0.003202110808922576,-0.00035863300323707437,0.034934409758814455,0.004538455673591887,0.7281225838825819,-0.0001939788510703037,0.010686917759408618,13,0,1.0,1.3846153846153846,3.3333333333333335,3,0,0,0,0.0,0,,,,0,False,False,True
ACC0296,2025-10-01,10,Standard,28927,28,False,11.287021083332382,0.04311615481292675,0.031472346552429975,95.09186879119288,-0.06043108794936488,-0.014247247208317106,20.94565713376213,-0.030894342081355757,-0.0017273774651523953,42.658817456102184,0.15672033761215892,0.03639162141388482,7.222761896440616,0.018272407573619354,0.030831920085390662,111.3579614044664,-0.014316545200095801,0.005872417087419963,18.962427393908612,-0.021404417975836445,0.05048742090736103,119.98474270761498,0.12748960076624508,-0.0330660661347148,-0.012833813631890567,0.0018018197562875982,0.004042257604723987,0.001891294458016085,-0.003722487034062638,0.00882092884692539,0.40310789583329926,0.04311615481292666,0.031472346552429926,13,0,1.0,1.4615384615384615,3.6666666666666665,3,0,5,1,-0.14285714285714282,0,1.0,1.4,4.0,1,False,False,True
ACC0297,2025-10-01,14,Standard,27699,29,False,4.47496522428437,-0.16413515592366829,-0.10749020950943607,34.57763426165035,-0.05878196924716331,-0.06726947159755417,5.517467690813713,-0.14981896663059352,-0.08047496845203703,18.73692286834785,-0.10392286182126595,-0.09248168017968694,3.812416192251417,-0.18219543850422343,-0.10145866462487724,37.32640692988041,-0.0752157269838875,-0.11278022437662445,8.281664588433765,-0.04824058776407191,-0.13160326665052427,48.30784657773702,-0.06904619632016636,-0.09092226274217731,0.025721009026681507,0.002914606417740835,0.007269105447681085,-1.849821657327194e-05,-0.026800866497812437,-0.00908535617771751,0.15430914566497825,-0.1641351559236683,-0.10749020950943622,4,0,1.0,4.75,,0,0,0,0,0.0,0,,,,0,False,False,True
ACC0298,2025-10-01,11,Standard,16080,10,False,11.61296294634697,0.0840066180728226,0.05156397500486484,120.88714878107965,-0.01457342836244282,0.024481733836623262,19.55245003699596,-0.002414413387769395,-0.007461637551640992,47.3119590245943,0.038118235052768484,0.009430898451671114,10.347728795184729,-0.04942916828022756,-0.018195117137401157,132.00103724667636,-0.07148719944509022,-0.019929509324324256,23.792362160934896,-0.02545505576052252,-0.02396776178744502,131.65490195165418,0.047663544126291396,0.02987272017715095,0.021754736630671234,-0.0021928462226518328,0.0006624436261041811,-0.003026818046110852,-0.007179103116617458,-0.010018412871395474,1.161296294634697,0.08400661807282261,0.051563975004864815,12,0,1.0,1.3333333333333333,3.5,4,2,5,1,-0.2,0,1.0,1.4,,0,False,False,True
ACC0299,2025-10-01,17,Standard,25888,15,False,11.645707789056175,-0.004411677770950506,0.07054168897759402,66.26841675460457,0.19160486309175662,0.09713765217358204,18.865953925217248,0.0005021733859485877,0.07220077288915343,50.33746402601489,0.09544653696093826,0.06820095748293169,9.278857273803899,0.061520751777350106,0.08037443007035334,78.6794429216964,0.10240467407161334,0.05034281332889098,27.5236121885187,0.04420347765410965,0.0969715141294182,67.06610738094975,0.023736248420892822,0.035577413720353446,0.013319228232702762,0.0016382066948237156,-0.002841428919381911,0.0012735239183954625,-0.02458831449597726,0.011198784569437417,0.7763805192704117,-0.004411677770950439,0.07054168897759408,18,3,0.8333333333333334,5.933333333333334,3.8,5,8,9,1,0.42857142857142844,1,0.8888888888888888,3.375,5.0,2,False,False,True
ACC0300,2025-03-01,9,Enterprise,179491,194,True,102.63094408832164,0.05898531088483165,0.013073527887015345,443.70272866689635,0.09926538350772812,0.005875498674982191,118.33382877858416,-0.030638089805036062,-0.007899786970725468,380.3880431371155,-0.06257985295373364,-0.0015591820898118174,52.544796543235485,0.06779703421822213,-0.004441299228778411,1155.5103489309129,0.013401285117020337,-0.00017174763836651157,120.1476528481141,0.052023765107169835,0.011357559814922731,802.2993851959139,0.06119315450135338,-0.002611514534202121,0.0018184869547969162,0.00018786607063783073,0.001738525206759961,-0.0003206353322386009,-0.007217372208087269,0.0037931293081311795,0.5290254849913486,0.058985310884831325,0.01307352788701537,5,0,1.0,2.2,,0,1,3,1,-0.08571428571428572,0,1.0,2.0,,0,True,False,False
ACC0301,2025-10-01,11,Standard,12635,29,False,11.301266728154415,-0.004546137297332338,0.05521289488075894,81.50683807655072,0.13660194314055357,0.059231911819549524,19.134947392490698,0.10812479767307083,0.07974328328120164,29.68172853071107,0.05496861596312115,0.06598233574433839,5.466441081552482,0.23149378108134766,0.0902861692402136,101.10446121754653,0.08775338719330286,0.022821370671490995,16.169616076706518,0.04514539011553515,0.047287583068486454,93.22147498490511,0.021925189795338616,0.060186050433264575,0.011829178397368578,0.006815049940318216,0.011463247702194632,0.0020546386847917694,-0.03570505658258061,0.0035429418579074196,0.38969885269497984,-0.004546137297332224,0.05521289488075894,21,3,0.8571428571428571,5.0,3.7777777777777777,9,10,13,1,0.7714285714285711,2,0.8461538461538461,4.545454545454546,4.4,5,False,False,True
ACC0302,2025-10-01,10,Professional,45813,30,False,43.178187510419946,-0.010394945707584516,0.007434130664075078,214.51897422885528,0.03578808877214318,0.04161654789118749,55.79271838630817,0.0548633021356049,0.007230897004803748,167.9905488077362,0.027073259904633835,0.029224221204160933,26.461673234397086,0.0685830686090346,0.024347395397149106,467.5785630399543,0.09766865620215356,-0.011209564977696224,45.220473166453075,-0.05949387384241241,-0.01815880466434852,218.66402828671212,-0.00948990066314186,0.009304493703462669,0.018267661706580535,-0.002913092485681272,0.01224219396474599,0.0012468534384826417,-0.02598740742233785,-0.0028562092017898957,1.4392729170139982,-0.010394945707584393,0.007434130664074985,8,1,0.875,5.142857142857143,,0,1,5,1,-0.4285714285714286,0,1.0,5.0,,0,False,True,False
ACC0303,2025-09-01,9,Standard,12839,26,True,6.412315208474773,-0.029685590738702635,-0.12087500772262981,58.56520019024333,-0.11618658353663958,-0.10692502627503081,7.190098173670304,-0.10854012334575987,-0.128907015983198,16.24210875027092,-0.09720912632475669,-0.15829039025189182,2.5303876414107354,-0.2487042035360822,-0.1798500360821677,71.69701468237174,-0.17198175446623606,-0.10426538081450382,9.755901971237362,-0.20714907575934705,-0.121476136907871,65.44926433109785,-0.18636742512818388,-0.11308310129657373,0.0005380329536542328,-0.002626997022781588,-0.016447055977863598,-0.003046311562875246,0.023876402873909353,-0.0022940712640431293,0.2466275080182605,-0.029685590738702698,-0.1208750077226298,9,2,0.7777777777777778,4.714285714285714,2.0,1,3,7,1,-0.2571428571428572,2,0.7142857142857143,3.8,2.0,1,False,False,True
ACC0304,2025-05-01,10,Standard,13963,26,True,5.064206202499176,-0.15083172149356586,-0.11650967643203708,51.05332010515563,-0.12110010576091523,-0.07900722445164302,5.734680108231427,-0.13009209921660317,-0.0949345497875518,13.369940216569864,-0.2521817749970438,-0.15992030870860252,3.0135223260027906,-0.29160510891234176,-0.12951747564588523,50.98739702772684,-0.18081839164680164,-0.11888532020137782,12.770765966146095,-0.07399338712091211,-0.1323280584243866,56.04885927871815,-0.10264339450989221,-0.07764841559164866,0.028292638076449217,0.0011195987496594798,-0.019501112216543798,0.0001067073708480408,-0.00330280848201403,-0.006715023498399156,0.1947771616345837,-0.15083172149356572,-0.11650967643203718,12,5,0.5833333333333334,5.571428571428571,3.5,2,3,7,1,-0.2,3,0.5714285714285714,6.0,,0,False,False,True
ACC0305,2025-10-01,10,Standard,16723,17,False,10.956825667252653,-0.004689050619242625,-0.02180549179222952,86.96865830866751,0.011501287629969844,0.022143418754511434,19.532235163787206,0.02249223114864645,-0.01818630302130858,38.707721566118316,0.0023290957424583077,-0.02421510675823853,5.521187983603532,-0.04631970777433265,-0.004392684813756954,117.11009771176475,-0.06655878246616616,-0.007443819946884863,23.152421551881805,-0.09219961122947325,-0.03287645602471765,125.7197790315167,-0.015495763675133641,-0.038140707978727845,0.023767013584814867,-0.004183675832384479,-0.008920875722972177,-0.0006572446838293659,-0.007433561207475126,-0.0025716561381537856,0.6445191568972151,-0.004689050619242638,-0.021805491792229563,15,0,1.0,1.5333333333333334,3.0,1,7,11,1,-0.257142857142857,0,1.0,1.5454545454545454,,0,False,False,True
ACC0306,2025-01-01,9,Professional,42407,73,True,15.403678330492477,-0.1275432867734989,-0.13189706798528641,115.45144956170277,-0.10452059758218635,-0.10140907430927167,25.788101957793902,-0.09353020672310995,-0.10413203765301723,67.41608666276092,-0.29171685091548477,-0.1442675268059221,9.221038542251422,-0.20794552373036848,-0.13351841529089156,188.01515353796194,-0.12130976256884374,-0.08651620823830627,21.807614922942108,-0.15945372366277713,-0.12378011535793262,138.15247909263863,-0.09570277149500014,-0.15769619593722292,0.0006918358960510962,0.001181127863382092,-0.014262340398104534,-0.002105599751229526,0.01798233528739085,-0.0034873588974900435,0.21100929219852707,-0.1275432867734986,-0.13189706798528644,7,1,0.8571428571428571,4.0,,0,2,4,1,-0.11428571428571423,1,0.75,3.3333333333333335,,0,False,True,False
ACC0307,2025-10-01,11,Professional,34020,37,False,39.453340540292366,-0.04606298846874021,-0.016619744106925304,241.02422244853605,0.03971365034325163,0.04068387347301936,42.19809551952758,-0.006267117562877268,0.0007209370716538619,200.11864027074054,-0.047728955526998226,0.01639262147433512,21.709582209699235,-0.026904904216422814,0.0005359810428591666,545.8054315137542,0.052862839666811746,0.03745302779245797,57.992184378528776,-0.05930845425833124,0.007782499705961327,314.76565301049794,-0.010543907372696918,0.03134736841662832,0.010346850179540457,-0.003375543356913327,-0.001820470741654201,-0.0021087767256836587,0.0010414586586982577,-0.004083518013987611,1.066306501088983,-0.04606298846874033,-0.016619744106925387,5,0,1.0,4.8,5.0,1,1,2,1,0.057142857142857155,0,1.0,4.5,,0,False,True,False
ACC0308,2024-12-01,7,Professional,57261,56,True,37.231870389346355,0.0914118445573859,-0.01833018125281072,239.26834048597755,-0.05816790420059983,-0.04037926529282459,32.44126742325843,-0.00617174234805826,-0.031935526403724004,135.78951642942445,0.013522589572812892,0.008497750230531627,18.149793435953622,-0.016276564494671898,-0.00800894587895069,428.44467888881655,-0.004921877745701908,-0.03101772263159686,73.96315637739893,-0.06952012877167048,0.004007417150091249,283.83777950832706,0.09267349548053729,0.001948122772781829,-0.008481741723332936,-0.0005576874948970897,0.01729268995982622,0.0005383945933558343,-0.016379086703008694,0.007587431368056716,0.6648548283811849,0.09141184455738602,-0.0183301812528106,6,0,1.0,2.6666666666666665,3.0,1,2,4,1,-0.17142857142857137,0,1.0,2.5,3.0,1,False,True,False
ACC0309,2025-10-01,15,Enterprise,83123,126,False,104.39997594800958,-0.07467516959324155,0.0022229857118420022,654.3236366963038,-0.04587580083579981,-0.018335719673369177,143.4077572132344,-0.009649421503106739,-0.022289477180629902,327.1189797816292,-0.011108732319938152,-0.010009464360962022,74.8015311370924,-0.0454166128945762,-0.019240391471948386,1362.224067224919,-0.0826977510465825,-0.035318012572546104,118.03114391599335,-0.052833626613579945,-0.021384480568888187,688.7446305071288,-0.08765962549054049,-0.015355786309329834,0.004522211647063595,-3.4870065382615334e-05,0.005307159897503799,0.0009627415371439088,-0.011424888484641849,0.000667645468313223,0.8285712376826159,-0.07467516959324152,0.0022229857118419892,3,0,1.0,5.666666666666667,5.0,1,0,0,0,0.0,0,,,,0,True,False,False
ACC0310,2025-10-01,18,Standard,18018,36,False,16.460860521177167,-0.05072599260594208,-0.003994175759155733,80.8205986471511,-0.01616126576694336,0.02495670198328615,15.390401658218556,0.0785725548799093,0.01402735180474382,52.74566307973157,0.08724213143807968,-0.006030204679694086,10.327080534996036,-0.0020786745226676743,-0.0019237207924422675,133.9128562757846,0.03934821059039189,0.008655330836924609,23.809785691747077,-0.04824058776407187,0.0055430302427041615,109.53471696788311,0.07915620708165241,-0.004649936236120765,0.012222129664615694,-0.0012449582188769626,-0.0119005088287098,-0.0007989238030936124,0.0005422678988423746,0.0011799932872221253,0.45724612558825467,-0.050725992605942107,-0.0039941757591557625,4,0,1.0,3.0,5.0,1,0,0,0,0.0,0,,,,0,False,False,True
ACC0311,2025-10-01,11,Enterprise,173626,128,True,28.176311548716882,-0.10260885412262713,-0.1138274019545111,331.3599154970777,-0.14342635925210856,-0.12069389471530975,45.827440887133356,-0.12059465924993344,-0.13542497396698575,130.4667503036961,-0.09953850742054016,-0.11117831080067715,23.908324657670573,-0.2033699119020029,-0.14055770129806658,648.939287605605,-0.11304676209080859,-0.15565918521029817,62.40787378590164,-0.023512007475094375,-0.08623597446989947,367.66602310384997,-0.20008772078818393,-0.12580727901586247,0.029169768373772026,-0.0016737625542867438,0.004615443656943247,-0.0001972726617727634,-0.03891213064278898,0.006997953828133473,0.22012743397435064,-0.10260885412262713,-0.1138274019545111,7,2,0.7142857142857143,6.0,5.0,1,2,3,1,0.08571428571428567,1,0.6666666666666666,5.5,,0,True,False,False
ACC0312,2025-10-01,18,Standard,19323,21,False,22.559796521842728,0.06699244622768853,-0.009128993232395412,111.70810197229436,0.04592587286719413,0.034818238900222974,21.307799082016416,-0.055862889189493004,-0.004984256302344894,61.10625272212392,0.033156285326020794,0.02644491315980339,10.640305479144846,0.09489457826547962,0.03350661620538838,195.76938944388993,0.059665137697945514,0.010724456907308657,24.465595467272237,-0.004602904545398581,0.011294913273701445,165.5441823917637,-0.05381901877200285,-0.0022620530864823317,0.011718095343349555,-0.0020087111457733134,0.0013711181805705908,0.0018124198609980845,-0.012110351531333774,-0.0007825707078109589,1.0742760248496535,0.06699244622768871,-0.009128993232395452,4,0,1.0,4.0,,0,1,1,1,0.02857142857142855,0,1.0,2.0,,0,False,False,True
ACC0313,2025-10-01,15,Standard,24701,22,False,13.345160342612667,0.029105564137573498,-0.010323671024601357,90.51203689988694,-0.025734001177841217,0.016120380582911535,23.925489225108198,0.09496504559355791,0.05301466699890794,46.012710004410756,-0.01534168173819051,-0.005327545764313888,6.535312602933311,0.0280208802697994,0.006296924899078458,124.76041137181498,-0.07754300352328648,0.010893386329226838,24.12259859520765,-0.0067385711314225175,0.0008915522177737799,89.92734807911881,-0.02590087730953402,0.00674430271174825,0.00854400275430045,0.00757352566668433,-0.006709818173608717,-0.000753440628399455,-0.00620352791990908,-0.0024507416990676295,0.6065981973914849,0.02910556413757365,-0.01032367102460129,3,1,0.6666666666666666,2.5,5.0,1,0,0,0,0.0,0,,,,0,False,False,True
ACC0314,2025-10-01,10,Standard,23989,34,False,16.069428972744173,0.045426593804094174,0.018163030746079917,117.11185500747904,-0.024644811941100887,0.015519026179955167,26.405122166637227,0.0016114982624024722,0.029500799019115866,70.47208846423673,0.006157383374276307,0.04481158552756686,7.570085482451785,0.01743405004935633,0.003247869664890609,105.16225131526487,-0.010339910807565796,-0.014641577322743037,27.56966532359478,-0.007707416464467288,0.029864301164824417,119.94795460385204,0.05205417979551833,0.020820409807848175,0.008103995356979588,0.0026545043151927072,0.02402309586246268,-0.0010384046167176038,-0.038816570128059835,0.005073379210142406,0.47263026390424034,0.045426593804094126,0.0181630307460799,9,1,0.8888888888888888,4.125,4.5,2,2,5,1,-0.028571428571428484,1,0.8,4.75,4.0,1,False,False,True
ACC0315,2025-10-01,13,Professional,34315,88,False,35.89071121963337,0.06792243317060276,0.03912125775404962,242.95569251843938,-0.03674055957903602,0.023167322157584606,67.41652242456905,-0.07882263260095523,0.0036384528317231456,167.91146279808913,-0.02218653531194699,0.04073223038767926,30.25344116645981,0.053224718831507256,0.022384993246166753,797.7181193110479,0.030387820011269478,-0.002151956273340055,89.91406244360816,0.0032505163737356073,0.007712746252326295,337.3801645069838,-0.033081523613962056,0.016131509341171173,0.014727888247879933,0.0015767427515546509,0.016682302969371093,0.0007329401564828246,-0.034674879426801364,0.0009550053015127263,0.40784899113219725,0.0679224331706029,0.039121257754049656,7,0,1.0,4.0,4.5,2,1,4,1,-0.17142857142857137,0,1.0,4.25,4.5,2,False,True,False
ACC0316,2025-10-01,19,Professional,75108,94,False,29.517077396549585,-0.0648205588469227,-0.017742963356100098,303.29800600389126,0.016330401168609007,0.02560227425624527,43.36273889543779,-0.08986761330581056,-0.025387308075721184,151.60548243861805,0.03558473732141886,0.015287399378579742,21.30125921847839,0.07179864803758707,0.002958001296519088,612.5115200583028,0.0016230816489776912,-0.018597808227736448,78.59646775776046,-0.0169250858703872,0.01706771240314234,326.90786012587995,0.01437669504352324,0.010710927129405991,0.013196666849327382,-0.001978779282781236,0.00704838113827283,1.8400705057222688e-05,-0.02300858224509439,0.004723912835218183,0.3140114616654211,-0.06482055884692281,-0.01774296335610015,3,1,0.6666666666666666,4.5,3.0,1,0,1,1,-0.1428571428571428,0,1.0,3.0,3.0,1,False,True,False
ACC0317,2025-10-01,14,Professional,37462,46,False,52.01712277166567,0.0195251787951642,0.006909489078216763,297.9545835270064,0.03715891881219364,0.012524408540096737,60.98054799022217,0.026802921789505593,-0.005837672872858135,122.9770974529384,0.020954553328137372,-0.000483485205762816,21.988708511985692,0.0672278524127794,-0.006135741275166281,660.9200372196273,-0.010402086572077033,0.004917452843111032,79.23485400247343,0.003138712676022973,0.026425070263336545,430.7490157716197,-0.07910400828378233,0.0010364448847032094,0.0004248804521531091,-0.000465980431200351,-0.0017331443053150153,-0.0008693209000876813,-0.004113783554703154,0.00675734873915302,1.1308070167753408,0.019525178795164157,0.006909489078216689,2,0,1.0,5.0,,0,2,2,1,0.2285714285714285,0,1.0,5.0,,0,False,True,False
ACC0318,2025-07-01,11,Standard,22598,17,True,15.970912435647065,0.04637933789806483,0.02455607146341515,83.69600221828648,0.029406024271928597,-0.017926014423128783,21.83720179410481,-0.07800582053780693,-0.02367116935307314,59.1413628553685,-0.0036063238222546396,0.0145457873339907,7.6231656938425125,0.026674044667961732,0.009229563744477075,104.00526759029451,0.03697127716664641,0.002171522390958125,19.67673306963683,0.08333749458062245,0.037754385681774916,73.27458473746226,-0.03529238561078025,0.013692895414640383,-0.018279316151087188,-0.004460993145779066,0.01595800911781331,-0.00040959104494129456,0.0014634539808004998,0.005728437243193683,0.9394654373910037,0.0463793378980647,0.024556071463415128,1,0,1.0,3.0,,0,1,1,1,0.02857142857142855,0,1.0,3.0,,0,False,False,True
ACC0319,2025-10-01,21,Standard,20359,17,False,10.309195494288609,-0.09506905128561267,-0.011609418210435807,116.7975920885716,-0.03170810034017144,0.0016534899765740841,21.307799082016416,-0.055862889189493004,0.00411625385990431,44.67738790024398,-0.035541941658141424,0.011721809368807694,10.347728795184729,-0.04942916828022756,0.005472525637843964,131.19530335265506,0.039508934327340234,0.049743813557977724,18.28919408757127,-0.04914939512208975,-0.045843616103518024,127.6639229830168,-0.07092530862943726,-0.022687203183088617,-0.020030640421594914,0.0003380243983224507,-0.0008298679992149449,-0.0005852256581814104,0.029299344851981213,-0.008191635171312578,0.6064232643699182,-0.09506905128561277,-0.011609418210435771,2,0,1.0,5.0,5.0,1,0,0,0,0.0,0,,,,0,False,False,True
ACC0320,2025-10-01,18,Professional,79599,44,False,9.638812570372258,-0.1524044812529313,-0.13730908057096705,58.18377419057364,-0.1135119394265884,-0.10597064565211164,12.066000530139311,-0.14171425639626148,-0.1316574269774413,46.769792969910554,-0.060402059915039136,-0.10735140729268736,4.826540811581196,-0.05298614969835727,-0.10006641104011571,144.46533804517728,-0.15712413320468166,-0.11189347172121716,15.956681265098682,-0.2108219306559295,-0.14429313486100448,92.57948341415597,-0.10502012678822915,-0.11796060862580116,0.0011065075832087934,-0.005417805438435085,-0.0019084446714952574,0.0005316271572653498,0.012909550252351354,-0.00722143488289502,0.21906392205391498,-0.1524044812529313,-0.13730908057096702,3,0,1.0,4.666666666666667,,0,0,0,0,0.0,0,,,,0,False,True,False
ACC0321,2025-10-01,11,Professional,69938,95,False,44.84638020689386,0.00741468132615785,0.031099426915826015,249.66775715674487,-0.11003250946247572,0.0004314990520049666,43.51653199604488,-0.18290062372702143,-0.0008168159411604042,124.96411013123395,-0.042056001960190575,0.009852633161875643,22.423932266553866,-0.07659513395607032,-0.018649586135322017,481.4205084883086,-0.04457040571656403,0.005554759544229087,49.129392753909826,-0.13008909191280527,-0.016869817338414392,274.3103974001878,-0.07060558245608312,-0.027729789881128314,-0.005686450420079925,-8.119224011104986e-05,-0.006332246778278511,-0.0026116273015726645,0.019632202034515767,-0.004920685294473683,0.472067160072567,0.007414681326157844,0.031099426915825984,13,0,1.0,1.5384615384615385,3.5,2,5,11,1,-0.028571428571428602,0,1.0,1.4545454545454546,4.0,1,False,True,False
ACC0322,2024-12-01,9,Professional,49675,100,True,14.147902278064853,-0.10330435458170527,-0.16057305756146403,122.57504326843066,-0.12308358740466242,-0.14611476277869864,19.153225863004614,-0.25924729653231493,-0.1405698530000675,68.0601402242455,-0.21719440374082902,-0.16781711656838494,11.952773155301335,-0.2001241070622477,-0.12048236799278875,239.2424042174063,-0.041044435374013824,-0.13363482258421291,25.557963592082576,-0.1554940638138732,-0.1476098175153864,128.14599891353737,-0.09196263617800343,-0.09426860303141353,-0.0008561243882296288,0.004502911252443786,-0.001986383201142833,0.002427708722338443,-0.006526850538638773,0.002438738153228981,0.14147902278064853,-0.1033043545817054,-0.16057305756146398,6,2,0.6666666666666666,7.75,3.0,1,3,5,1,-0.028571428571428543,2,0.6,8.0,3.0,1,False,True,False
ACC0323,2025-10-01,18,Standard,25728,27,False,9.554823687066682,0.1123830544888763,0.011173244539573501,110.44426021256187,0.010892581033436117,-0.017574852455877872,20.890296437511157,0.044319849467419195,0.027581038061276736,46.01496766347924,-0.0282318169842216,-0.007548239021155763,7.570085482451785,0.01743405004935633,-0.004938693140721985,87.67946203863487,-0.042958088278514266,-0.031510517583075014,16.925303944084416,-0.07928879091806533,-0.015771850213266474,119.67291196534374,0.11746984304155939,-0.014278459591790395,-0.010912566335254004,0.009299268399361765,0.006672275562069091,0.0013699778690043976,-0.00929207514239494,0.0028631196472134884,0.35388235878024754,0.11238305448887632,0.011173244539573609,3,0,1.0,2.3333333333333335,5.0,1,0,0,0,0.0,0,,,,0,False,False,True
ACC0324,2024-09-01,6,Standard,22134,17,True,10.349655682285977,-0.13356041922980388,-0.08553670828080794,87.87392198368627,-0.0472426751055755,-0.06275879097448628,12.934145272212788,-0.07489259512546818,-0.10457259640351028,27.473729457943872,-0.16652660194065336,-0.10797050149793576,5.39747532517789,-0.0334516471285831,-0.1115358203064812,87.16394529362977,-0.15916716058163236,-0.12408431080149333,12.983580920639847,-0.1224342328527956,-0.09312901772945131,66.30685341437434,-0.013807258107348222,-0.10350914035025244,0.050154789316894266,-0.0013497843936784645,-0.006782367893175045,-0.0035779144028902712,-0.04095257247931744,0.0025078498521670586,0.6088032754285869,-0.13356041922980388,-0.08553670828080795,7,0,1.0,4.857142857142857,4.0,1,2,5,1,-0.02857142857142864,0,1.0,4.6,,0,False,False,True
ACC0325,2025-10-01,17,Standard,23057,19,False,13.349413895677804,0.032775647512403895,0.015575729815376032,105.40512467922876,-0.03651345637200178,-0.024172447046072614,22.32129131900719,-0.031529715895277914,-0.028771534604092916,64.35644133661982,-0.025943820512630174,0.02911164942227825,7.209311514766955,0.09337066366565187,0.006817995273976972,166.5910478196149,-0.02213838344350982,0.007470265717570402,23.762178192330882,0.013907448034248584,-0.010514183969497708,87.44515644348807,-0.002395329163485356,-0.01813790826909781,-0.017299640891258183,-0.007473373694302669,0.01643584700113082,-0.0011623487035528554,0.012194364526769974,-0.002694848238787226,0.7026007313514633,0.03277564751240398,0.015575729815376041,16,0,1.0,1.5,3.1666666666666665,6,0,2,1,-0.2857142857142856,0,1.0,1.5,4.0,1,False,False,True
ACC0326,2025-03-01,4,Professional,36078,63,True,26.43001962805658,0.022033523301203665,-0.008794857612634684,270.30623258890137,-0.10267153102111803,-0.03600480257310803,33.08864201435285,0.040210700377036515,-0.023444659995999078,134.20533077080236,-0.010941000249379048,-0.012637366360562983,15.061242859325532,-0.10361127024493368,-0.050393235355153415,575.3597321479293,-0.002459122696682506,0.003179257532718073,45.66306651290791,-0.13965601043657608,-0.04352837003851853,259.06786392167834,-0.018745835914048343,-0.0032723085721964194,-0.007327710885306649,-0.0021386057836521345,-0.0009147046259362773,-0.0011823250256313127,0.0111010609042822,0.0004622854162442472,0.41952412108026316,0.022033523301203797,-0.008794857612634795,1,0,1.0,11.0,,0,1,1,1,0.02857142857142855,0,1.0,11.0,,0,False,True,False
ACC0327,2025-10-01,18,Enterprise,112768,176,False,113.99177645239979,0.02081595989843076,0.026204656718738128,511.51721086482627,-0.11512239568427929,-0.009585680584687256,152.87628247349065,-0.04606769417996777,-0.0056559381669183196,528.6486321040949,0.03467660889521177,-0.013983027424780341,76.05632166440044,0.026485337281837384,-0.004724188046130245,1424.6242886387854,-0.0010530906454445591,0.0019755426133489257,165.8551603052757,0.10410615967829343,0.041266844229676955,995.7118485326604,0.07749949483090517,0.016094173248765508,0.005844070078915603,6.930582669123497e-05,-0.004534931225861155,0.0005741332956736914,-0.011895047922577007,0.00994246994715741,0.6476805480249989,0.020815959898430752,0.02620465671873803,19,0,1.0,1.263157894736842,2.6666666666666665,3,1,3,1,-0.08571428571428566,0,1.0,1.3333333333333333,,0,True,False,False
ACC0328,2025-03-01,14,Standard,24085,33,True,4.0843449432665695,-0.09297682617801524,-0.13299883831324513,28.48723045014988,-0.00760405625618338,-0.105438890307374,5.019441911139529,-0.16589494866943924,-0.17423514605009843,8.750264895832325,-0.24968402967556433,-0.15879297824029767,2.194732664202026,-0.19197033267981692,-0.15649908958602696,29.414522310636602,-0.17040211310864012,-0.16938257652262037,8.445330480501267,-0.14123721406558604,-0.12545211047456384,32.96581544959516,-0.04630769946552542,-0.08674738217676219,0.03276420440580785,-0.00680232182079267,-0.005321862866829341,-7.620842596636757e-05,-0.025763354034353536,0.005199542742134078,0.12376802858383544,-0.09297682617801535,-0.1329988383132451,7,2,0.7142857142857143,6.6,4.0,2,2,4,1,1.1668859654100222e-18,2,0.5,3.5,3.0,1,False,False,True
ACC0329,2025-07-01,15,Enterprise,198434,108,True,89.90707378795024,-0.022844645724990495,0.021245811028918503,690.6718152441863,-0.007872442825478741,0.010917116603147578,126.51585407612963,-0.01857844515763338,0.013632561424623357,423.5518580834749,0.025707937045426836,-0.0002013390586949148,54.449227008435436,0.03743998485709885,0.009221057787650255,1141.2478121262793,-0.03203081979874481,0.010683851817865575,150.9618979463712,0.011489565562903594,0.028523446062692644,755.7881456362869,0.033203600546249296,0.008084566579123159,0.008384839847692782,0.0009893396100491975,-0.009548968291169635,-0.000911176630231738,-0.0008600733200240795,0.0019460387836835527,0.8324729054439836,-0.022844645724990627,0.021245811028918555,3,0,1.0,2.3333333333333335,,0,2,2,1,0.2857142857142856,0,1.0,2.0,,0,True,False,False
ACC0330,2025-10-01,14,Standard,27674,39,False,12.660531773874284,0.034559028969446806,-0.0050363662160696765,112.0093192768577,0.05909755307531234,0.024848800847096106,16.803823628193474,0.007310082328242959,-0.020914410743976205,38.02803615270718,0.005038394921964253,0.009329063568771855,9.626180859815067,0.05930101287647257,0.008600289612146665,162.84422996740008,-0.15675191715667608,-0.012304130498496841,19.702246094814438,-0.10074116010801804,0.006547602019578525,69.51497790543617,0.009492516754114558,0.007863836276755272,0.01309523336406998,-0.005428890813803093,-0.0013016674525170857,-0.0002285437920066212,-0.007779063393624608,0.001642932087881438,0.3246290198429304,0.034559028969446716,-0.005036366216069777,7,0,1.0,4.857142857142857,4.5,4,2,3,1,0.08571428571428572,0,1.0,4.666666666666667,4.0,1,False,False,True
ACC0331,2025-10-01,12,Professional,31088,57,False,31.733180752233313,0.11227874833333197,0.09810776261365342,164.96546896440148,0.15666390610942685,0.09721814874305648,46.958775452478136,0.02424363970833979,0.06437553825763562,102.07619254846766,-0.01830331730937424,0.0815463818285756,24.350830954982754,0.11897518648767819,0.15849571051900577,503.09832844704687,0.12573964272736782,0.13639889757433823,59.070755048589376,0.09961681515876186,0.07613606920997935,183.71572974356673,0.19153355080027665,0.09913936968020004,-0.002639327833124233,-0.00832562400004655,-0.010552542399934375,0.004093757838331876,0.027723455283362064,-0.010299718888588619,0.5567224693374265,0.11227874833333183,0.09810776261365341,15,4,0.7333333333333333,6.7272727272727275,3.0,2,7,7,1,0.657142857142857,1,0.8571428571428571,5.666666666666667,4.0,1,False,True,False
ACC0332,2025-10-01,14,Enterprise,88833,157,False,92.33306173906446,-0.0706524468392166,-0.019152313817262463,508.22919968406876,0.06714200842642798,0.017520841170249806,146.97473681981865,-0.029277068025375365,-0.03166555088726416,419.01234814143345,0.01519162222724383,-0.00016389357649194167,43.76648800540965,-0.026691391361277097,-0.018943052378033346,1711.3973606113202,0.06484238546586486,0.027892255536783882,156.1348301669755,0.05662784734136902,0.019565122149360497,598.2892181552289,0.15702283780232512,0.005751131717660315,-0.0058544357594639,-0.007021945187723151,-0.007573597623592471,-0.0019066927732025174,0.020844131198239024,0.0015125401457428758,0.588108673497226,-0.07065244683921669,-0.019152313817262526,3,1,0.6666666666666666,3.5,,0,0,0,0,0.0,0,,,,0,True,False,False
ACC0333,2025-09-01,15,Standard,21057,20,True,16.375229082088694,0.002490235631658616,0.014442953074712623,67.97851495197851,0.05906801142522071,-0.008219540121357713,15.036705315654062,0.07307069548602363,-0.010788209473240785,41.439866263877484,-0.0032817690080697557,-0.010217240693158103,8.275186552599793,-0.03491004125461988,-0.01199787211938106,99.71705505755624,0.01638115896555413,0.02046731962713164,22.004445038999904,-0.1386522683186638,0.002203590427602133,82.35481598514035,-0.020419768233457446,-0.00833144977325635,-0.011413118547593248,-0.0044922814515586384,-0.0035145840328448252,-0.00048613990733219897,0.01308717960367084,0.006818944335658203,0.8187614541044347,0.002490235631658377,0.01444295307471257,4,0,1.0,4.25,5.0,1,2,3,1,0.257142857142857,0,1.0,3.0,5.0,1,False,False,True
ACC0334,2025-10-01,16,Professional,42586,69,False,45.87970338959914,0.007247684559818205,-0.010823236515292906,222.4287472106258,-0.016494073285651202,0.01112153929695531,46.27928440546998,0.009187559509857883,-0.01261660884235103,184.3019968769174,0.01144387831311836,-0.022313118595863515,29.688936058728274,-0.0647431737920962,0.03235339233933029,647.3113744057422,-0.0051632500317811605,-0.012087477534365492,52.40034428676413,-0.018472091145013324,0.0442353509819099,206.2157684442286,-0.0030633081015190864,-0.022129237045600447,0.0038291160208280273,-0.002676131277918742,-0.0064128901229176805,0.0029138935417384985,-0.0023197679141830907,0.004665779752453136,0.6649232375304223,0.007247684559818199,-0.010823236515292952,11,0,1.0,1.4545454545454546,2.25,4,0,2,1,-0.2857142857142856,0,1.0,1.0,,0,False,True,False
ACC0335,2025-10-01,10,Professional,36834,51,False,31.5567174579427,-0.048250746865774075,-0.03881055142155877,268.2839734376491,-0.05276755096821368,-0.030026517762827214,59.32627331124547,0.005813750546542811,0.01548026243796007,129.7273262737092,0.06613183887071902,0.002565099510157392,24.350830954982754,0.11897518648767819,0.0021232028688401815,610.3282841541675,-0.019999588485052653,-0.002208535666962241,62.66686173258555,0.019109578493838694,0.008372948213965397,249.3641528287876,-0.05874278928146626,-0.014725554637978104,-0.016970320192096267,0.0025959028607851764,0.0019429242162306015,-6.8419681714494e-05,0.010862550498985435,0.0016373622978095581,0.6187591658420138,-0.048250746865773804,-0.0388105514215587,1,0,1.0,6.0,5.0,1,0,1,1,-0.1428571428571428,0,1.0,6.0,5.0,1,False,True,False
ACC0336,2025-08-01,8,Professional,46705,32,True,41.42579711371593,0.054799036404649656,-0.002227460645801451,194.84112422226664,0.025424460777756338,0.0011550469295083842,59.5027911502903,-0.028320935688004537,0.004919405506258152,129.4945358790875,0.011227021423302706,0.03023931399722633,20.125380701712448,-0.03371583382576407,0.013733586810765008,407.20053670290855,0.010213885233964656,-0.008507319027268279,70.47261795305529,-0.021496358465511362,0.0113315531201309,318.81399097519136,0.04903275417863065,-0.007323727119721723,-0.0017930645967847714,0.0027964066029177587,0.01284230093251637,0.0014251950675597327,-0.018138663610578032,0.002867825604369073,1.2945561598036228,0.054799036404649656,-0.002227460645801451,5,0,1.0,3.2,3.0,1,2,3,1,0.08571428571428567,0,1.0,3.6666666666666665,,0,False,True,False
ACC0337,2025-10-01,13,Professional,34665,42,False,46.26688138496701,-0.02769948004984066,-0.004125827918519836,279.0800072296854,0.02712374236907874,0.03215176589068568,34.19835292549719,0.07997497943216936,0.02567001628642242,104.176106661325,-0.023628323361714842,0.009991158615413167,19.224515580926408,0.08221531354197614,-0.009647533801424251,467.3513262271395,-0.042932984999134824,-0.0068703788134057316,41.81790520880191,-0.09612134521101907,-0.006354670614107049,338.5855637666369,-0.04808655385291563,0.0052621961778189,0.014005377636760297,-0.0010897860438381299,-0.0026747545509894916,-0.0017915735917118543,-0.007046813186039724,-0.0014024502641813916,1.1015924139277857,-0.027699480049840675,-0.004125827918519877,5,0,1.0,3.8,,0,1,1,1,0.02857142857142855,0,1.0,3.0,,0,False,True,False
ACC0338,2025-10-01,18,Standard,20529,33,False,8.18131299652478,0.1372539512418133,0.04083473179435325,78.85213884331881,-0.05784849722135329,0.030943309459055848,17.7971009919755,0.061577434730452296,0.03479983840840971,52.04418660273347,0.09981552605778751,0.06363054189981085,6.88263618894448,0.026606841760234028,0.05911279792750484,101.19229126975976,0.041818763102189765,0.02249926968858992,23.760623827990766,0.01601011434172156,0.048770923855068433,104.8819076586094,0.13441344831029808,0.09885474030290894,-0.0034571564101117946,-0.003507429073985227,0.01496896481296417,0.0013705839298328339,-0.01433547584142103,0.00496051258272126,0.24791857565226605,0.13725395124181328,0.040834731794353235,11,0,1.0,8.272727272727273,4.0,2,6,7,1,0.31428571428571417,0,1.0,7.285714285714286,4.0,2,False,False,True
ACC0339,2025-10-01,12,Standard,16055,39,False,10.239452255805068,0.100072052820061,-0.022769946877522835,97.86632379647726,0.061978275471254604,0.04585101384397244,14.834841812150543,-0.15952314148967273,-0.0011413416275365116,42.58198910552364,-0.051221066765916125,0.0012137747719776118,8.604858361970257,0.009393447629848973,0.0351135569055833,123.01587443106656,0.00935761941636815,0.015877641304886683,17.87805745659808,0.06561494097564825,0.011508857654885971,119.43157514961281,0.09386750458492955,-0.004174208076179375,0.01972248678952121,-0.0016805316859918595,-0.006737054480704163,0.001244798286038011,-0.008079310413174445,-0.0044703884956885515,0.26255005784115554,0.10007205282006101,-0.02276994687752285,3,1,0.6666666666666666,4.0,3.5,2,1,2,1,-1.1286362135477398e-17,0,1.0,4.0,3.5,2,False,False,True
ACC0340,2025-10-01,13,Professional,75311,35,False,13.359405987434704,-0.01119897385020656,-0.05945244891605414,89.20407890211344,-0.05295084545811856,-0.10555845590930743,21.765731472939176,-0.1966186032992055,-0.07767178319995197,70.63439261160484,-0.0418697707149102,-0.08705924038162043,10.361179176858391,-0.10159467001725583,-0.09060642997511875,164.29948741612824,-0.17216776914879808,-0.08876491052568272,30.468572190010075,-0.15281537191351763,-0.08744479346383592,96.64554727399975,-0.18727592056138406,-0.1067588839459121,-0.026279988774315338,0.005015319331821991,-0.0041898215396274086,-0.0012649006432402417,0.023549298319493372,0.003170093305867705,0.38169731392670575,-0.011198973850206718,-0.05945244891605407,1,0,1.0,6.0,,0,0,0,0,0.0,0,,,,0,False,True,False
ACC0341,2025-10-01,11,Professional,75956,83,False,34.64817989992827,-0.04678080403608452,-0.006929803041051416,204.71628191033776,0.0022018307041018945,-6.90724340540804e-05,46.62649540389079,0.010334796824628628,0.003622877574919466,115.24866498015636,-0.03178655628388358,-0.015927709113698042,20.96738601414088,0.04713227777612329,0.010492244653719224,462.50242472857553,0.027712341576209523,-0.00925301917176196,71.82037963683254,0.08114875076048492,0.01735689623269091,323.8240608648154,0.07387551039462134,-0.006747981186167552,-0.002031862403113427,0.0034611465866048255,-0.0022955417326258054,0.0004153071498616476,-0.004187496606828822,0.004638447006101554,0.41744795060154544,-0.04678080403608454,-0.006929803041051396,4,0,1.0,5.0,4.0,2,0,2,1,-0.17142857142857149,0,1.0,5.5,3.0,1,False,True,False
ACC0342,2025-10-01,18,Standard,13595,12,False,3.0872088889204323,-0.04772977712011626,-0.0862005266973178,30.157600329976162,-0.1467867442157527,-0.09315039716779507,5.155325742559427,-0.054973904584594786,-0.13071500678062684,12.873954193088593,-0.16580634885148404,-0.12918584154278484,1.7428704332144713,-0.3398467855286017,-0.08822188868463204,30.736192295758446,-0.06875987046828194,-0.08793238269051461,4.847358297838467,-0.15322125762025665,-0.10921885778412635,26.652518699787976,-0.16630573735384727,-0.13833117942571482,0.004806810769187708,-0.005797650859276797,-0.018964658693641778,0.0015140667904745865,0.018336388654625835,0.00010504333863051163,0.257267407410036,-0.04772977712011615,-0.08620052669731772,6,0,1.0,3.0,5.0,1,0,1,1,-0.1428571428571428,0,1.0,3.0,,0,False,False,True
ACC0343,2025-10-01,12,Enterprise,98503,176,False,124.3736851564252,-0.01594203250460677,0.01678880443022429,663.9171808837186,0.015002443520077017,0.021896095388240937,118.4108889642783,0.06307000968055201,0.026433473339323523,440.15031389622953,-0.02898319231532651,0.009895786386393142,53.97782223314494,0.04529689365174308,0.01783369876678425,1885.0100660596345,-0.0159253941118179,-0.006265053929642576,163.37474370142365,0.053162408328519484,0.0014606739759913199,537.3918341860398,0.0756794481673758,-0.002694113923881162,0.0065849936186970215,0.0009582138714439581,0.0012274106434024268,0.0003398330475205963,-0.005916575788585732,-0.003193875392478382,0.7066686656615069,-0.01594203250460667,0.016788804430224406,11,0,1.0,1.6363636363636365,3.3333333333333335,3,0,1,1,-0.028571428571428577,0,1.0,1.0,,0,True,False,False
ACC0344,2024-12-01,6,Professional,42988,37,True,39.230356234951195,-0.035228865085990824,-0.018240493947339235,192.6387582394016,-0.01916987347386118,-0.0051482343538015165,32.71761737382999,0.04808921145884064,-0.00924370600558533,105.1888141833888,-0.006885724664664667,-0.0301121548402639,20.629655724107593,0.025571141208812962,-0.0006531661107195654,491.9615442927273,-0.011081394625415044,-0.035164779113802655,45.72944077241517,0.10028342723146369,-0.045090155801059406,209.65771115085008,0.02345152428803982,-0.008260283193715173,0.020481002785448565,0.0025098086768467337,0.0025507056843375175,0.0015332699548354818,-0.02273127689113763,-0.004343510210330637,1.0602798982419246,-0.03522886508599088,-0.01824049394733916,3,0,1.0,4.0,,0,2,2,1,0.0571428571428571,0,1.0,4.0,,0,False,True,False
ACC0345,2025-10-01,19,Standard,17656,13,False,10.569647671884795,0.147849116081127,0.05035335131670389,55.40443885720671,-0.10707803741220479,0.006983413879049806,16.806465589881117,0.010681544569028744,0.027756708723309452,29.373443589851732,0.04225865753896693,0.060586504957934044,5.15321613740367,0.0454615464439013,0.043153481763334306,115.05172288721485,0.18920702206302598,0.06938324986461718,21.933326461094172,0.1658746663768579,0.03218784264870115,80.98379864984258,0.09920000986257729,0.052769322473799604,-0.012037698195170948,-0.002298101537509714,0.00719048843369656,-0.0008696715976344721,0.016341785877378612,-0.008326802980760037,0.8130498209142148,0.14784911608112683,0.05035335131670383,9,2,0.7777777777777778,5.285714285714286,4.5,2,1,4,1,-0.11428571428571431,0,1.0,5.0,4.5,2,False,False,True
ACC0346,2025-10-01,15,Enterprise,126250,134,False,91.38498944302584,0.026552338830141815,0.06538778241308754,333.1068495469272,0.07851138991344002,0.05062303114075687,124.91095030104198,-0.021666862855072758,0.07018223496606517,274.0620188890125,0.1185414487107014,0.0873632336367495,49.593703054646944,-0.00895077941391347,0.0677156740970118,1330.1435842414369,0.10846064363230792,0.07369943696630406,153.73770450438505,0.1242476844202609,0.09578478633752663,528.6933142649606,0.07783882249061268,0.06919675737885342,-0.008324721772633131,0.00044758443687734767,0.006845252752434222,0.00028246277479140186,-0.004529631491267727,0.005279053299797928,0.6819775331569092,0.026552338830141853,0.06538778241308753,10,2,0.8,9.5,2.75,4,2,5,1,-0.028571428571428484,1,0.8,5.75,4.0,1,True,False,False
ACC0347,2025-10-01,18,Professional,34087,82,False,10.993824063026993,-0.09361644258843607,-0.11361371145373733,46.04166715454294,-0.1006171108781921,-0.10020843523082498,10.348439269848715,-0.1542803602537199,-0.08339958232876583,36.613628038893374,-0.24482233434140116,-0.12163048146242957,7.24341015662931,-0.04942916828022782,-0.11753289670195462,141.38112467693293,-0.08530687201299725,-0.10601467386780439,12.767048119055351,-0.04693869291696203,-0.08878961877069233,94.51171770411975,-0.06072178734705647,-0.09762032230142442,-0.005395237635324207,-0.0002762419655787593,0.004543566041049996,-0.0027959993101593743,0.003936715353428877,-1.2802483416611554e-05,0.1340710251588658,-0.09361644258843636,-0.1136137114537373,5,0,1.0,2.6,4.0,1,0,2,1,-0.11428571428571425,0,1.0,2.0,,0,False,True,False
ACC0348,2025-10-01,20,Professional,79912,53,False,44.282738917235385,-0.0708850736111409,-0.0030196398692884352,241.20885268696156,0.06323045183853461,-0.01662804499205297,34.96570853011091,0.020940685728099307,-0.012305243119845957,171.0204022628187,-0.04060836109420912,-0.01695271294913543,25.161224434265822,-0.029312489153218668,-0.006162288133765594,524.2597291564824,-0.05235309524870387,-0.00821709099493011,56.800164527664926,0.026358578381765002,-0.015271058177722454,324.43218576583314,-0.016473571054864897,0.004708995807305685,-0.01233508270997108,-0.0002697426332098976,0.007102285823393728,0.0011669653407709972,0.006275318825959775,-0.001939744646943499,0.8355233757968943,-0.07088507361114098,-0.0030196398692883823,7,0,1.0,4.428571428571429,,0,0,1,1,-0.028571428571428577,0,1.0,4.0,,0,False,True,False
ACC0349,2025-06-01,12,Standard,17918,29,True,16.991860346784314,-0.026039325529030915,0.04249065812327852,100.82248362514174,-0.009487543811132568,0.01922204113342503,14.165739950436821,0.04366120690727895,0.027892399930315562,46.578583354211865,0.08161932454286343,0.04076930016785309,10.888892710905019,-0.10853386169696741,0.004890813819306415,86.71689100006506,-0.031300910074577123,-0.0037855718720613686,17.92409609487856,-0.017344056454564553,0.050579228282397665,76.31093241621308,-0.013513426794262016,0.02396219908220096,0.007925873049901222,0.0013407786438702843,0.006041297532891204,0.0005448398932287393,-0.023711711483772935,0.007858922363881318,0.5859262188546315,-0.026039325529030814,0.04249065812327863,4,0,1.0,2.75,,0,1,3,1,0.08571428571428566,0,1.0,3.3333333333333335,,0,False,False,True
ACC0350,2025-10-01,18,Enterprise,163221,105,False,77.396653884329,-0.012232920241283767,-0.020208086006917116,524.5318427862812,-0.007067137220830779,0.03169902544091498,127.71321626470016,-0.027922932880039237,0.006881555801101403,482.1955855098074,0.06233684641977478,0.02003392433418793,66.93364650710724,0.10591710024141786,0.02526815568277691,1105.236937713779,-0.07250839582341925,-0.01588217915770077,151.77296571637928,0.03420017118903658,0.019675433158399532,868.0406698704983,-0.04337366829193579,0.008685460432582833,0.006691811635119449,-0.0011294906947890287,0.005564971270288571,-3.9919783588991675e-05,-0.012468805240461789,0.0013814328134315879,0.7371109893745619,-0.012232920241283727,-0.02020808600691716,7,0,1.0,4.428571428571429,3.0,2,0,0,0,0.0,0,,,,0,True,False,False
ACC0351,2025-09-01,9,Professional,51731,48,True,28.159631587269843,-0.04764004701964616,-0.0070947982461404815,225.136509329463,-0.014218704049386903,-0.004154242629429454,40.877378133853306,-0.008792120945900574,0.015391747896793895,106.38630247167332,-0.03858041525052862,-0.0010985947375813036,25.1622597001558,0.00840227931523991,-0.004975967168048904,694.2286159640943,-0.006931045675811712,-0.004193456041806921,55.390924365049955,-0.031591189013035606,0.0028101217600607596,323.7801834648246,-0.04048704059628841,-0.006526475404746561,-0.006730905865003134,0.0010908360999657765,-0.0017203172925138177,-0.0006465059775302186,0.007625490057634132,0.00038140297744723717,0.586658991401455,-0.04764004701964624,-0.007094798246140397,6,0,1.0,2.5,,0,1,4,1,-0.17142857142857137,0,1.0,3.0,,0,False,True,False
ACC0352,2025-10-01,15,Enterprise,197691,197,False,82.92897862408284,-0.008455437233451997,0.01669419674244811,548.4031671864003,0.008407388368917369,-0.019606585307861593,115.83270774731164,0.01806681728536968,0.00875819418695573,317.4093855303247,0.07369479905378033,0.022122629580212362,48.314847890060776,-0.05883945415092806,-0.014193174369028946,1355.316308376173,0.03866228354880298,-0.008267836137610137,178.63879557492214,-0.029566947825965372,0.012486295946309957,595.6671608033964,0.04825054383495847,-0.007113093433482504,-0.006987359490650186,0.002999101490077219,0.011885847276464329,0.0008905870705844254,-0.015785288667882424,0.006997112321406748,0.4209592823557505,-0.008455437233452136,0.01669419674244806,1,0,1.0,4.0,,0,0,1,1,-0.1428571428571428,0,1.0,4.0,,0,True,False,False
ACC0353,2025-07-01,7,Professional,36469,45,True,21.028577840770154,-0.06451514118046654,-0.09337246103525022,100.39195661714268,-0.14195110054479643,-0.12488084179959864,30.560155961006675,-0.13914257456491533,-0.1323616054385949,55.73982794715505,-0.13056081865742108,-0.0751297452140826,13.772347514556069,-0.05137186734602109,-0.14842760229628013,282.43771369242063,-0.28218276791161967,-0.13051395197857488,38.450763268014384,-0.1557444138696918,-0.12856074014038726,132.5491862010953,-0.17997612569533997,-0.10465773646039668,-0.003068728063038678,-0.004469832566100167,0.01173980778613165,-0.005375542790299261,0.0039649883427713695,-0.0027906927094650397,0.4673017297948923,-0.06451514118046629,-0.09337246103525021,10,2,0.8,6.125,2.0,2,4,6,1,0.3428571428571427,1,0.8333333333333334,7.2,1.0,1,False,True,False
ACC0354,2024-07-01,5,Professional,62159,55,True,47.51792151074948,-0.0100711575134769,0.029499170414156853,233.25674150884188,0.03641171592440448,0.009182735623607384,48.86472993306029,0.009256251803464881,0.014839068315833709,110.34100182945973,0.0345000118501687,0.023203884819867703,22.50390265630264,0.027107386483279115,0.025831357416976647,378.95088693575934,0.07350801111726436,0.039242431285629056,65.92819615366841,0.060893714388708185,0.0347084515932445,298.60123915411526,-0.008572451679161082,-0.0036222998649990726,-0.01611711215074596,-0.0006537554117214475,-0.0023575964154503304,4.0574858224062815e-05,0.018190130013140182,0.0008977591065535834,0.8639622092863543,-0.010071157513476831,0.029499170414156776,6,0,1.0,2.8333333333333335,,0,3,6,1,0.11428571428571417,0,1.0,2.8333333333333335,,0,False,True,False
ACC0355,2025-10-01,10,Professional,51650,57,True,15.14284742429677,-0.1487576639630007,-0.12595831954285083,134.88555621061388,-0.06535708050501872,-0.11080110942644339,18.599602419631438,-0.10717071436836954,-0.13783442015935668,41.30227348985857,-0.11110791179783162,-0.14657388473754848,10.76324966492061,-0.23913107923583987,-0.1555312922431369,222.68446606216307,-0.15376659913388105,-0.11547342932730632,31.60365835541703,-0.24724862280540696,-0.13817851380057092,155.92377959889336,-0.06049336254581407,-0.09525294172544525,0.007428138056436828,-0.0034713051705298273,-0.012163727375135672,-0.0029174039706697553,0.01657816675544127,-0.005453868295542605,0.2656639898999434,-0.14875766396300077,-0.12595831954285083,6,2,0.6666666666666666,6.5,1.0,1,3,3,1,0.19999999999999993,1,0.6666666666666666,7.0,1.0,1,False,True,False
ACC0356,2025-02-01,5,Standard,22573,16,True,10.142261963695425,-0.21081633100513122,-0.0817535827501444,44.162661938217504,-0.10065025446548631,-0.09122867395014227,8.585860181918173,-0.14381652615562796,-0.09244031041145014,25.364415517685046,-0.16050770251506444,-0.0940118697364426,6.436076679146873,-0.1240145285815143,-0.08338888569828162,64.71050993718414,-0.11546704647639049,-0.0806217702326262,17.452808168278917,-0.1410521421869127,-0.10131779904361568,63.71278494526687,-0.12391816594898299,-0.1085286511897751,-0.008985112353208147,0.0016115889393830476,0.002561345883369065,-0.00072396237027917,0.011530211840910853,-0.005994071940175677,0.6338913727309641,-0.21081633100513122,-0.0817535827501444,12,2,0.8333333333333334,6.6,3.5,2,12,12,1,0.914285714285714,2,0.8333333333333334,6.6,3.5,2,False,False,True
ACC0357,2025-10-01,18,Professional,50584,60,False,35.24733459973445,0.044207410036517535,0.01455275039996157,206.3168392541395,-0.036457766909847575,0.06445954850588433,50.768328909459434,-0.00567409407212612,0.07092673866910539,85.5566005456759,0.06473594678887391,0.05684993296989194,18.544264165934134,0.09074749403413551,0.04767701494534077,394.8672352277522,0.06950223491854157,0.058795719734331044,68.47319100029814,0.040455502729735665,0.0439678535103578,290.11727527756517,0.04591473826644233,0.024518763298595203,0.015692711243567387,0.0060861184865883475,0.0011125677599814476,-0.0017537749736868252,-0.017555375345218005,-0.0035822471712324833,0.5874555766622409,0.04420741003651745,0.014552750399961555,12,3,0.75,4.666666666666667,3.6666666666666665,3,3,6,1,0.057142857142857,0,1.0,4.166666666666667,4.0,2,False,True,False
ACC0358,2025-10-01,21,Standard,25460,16,False,12.34883555568173,-0.04772977712011626,0.0015797983185038102,71.23815109882936,0.10874802440399714,0.023974348967833015,15.066047494694132,0.0479709050354526,0.0753264067883402,35.38144066702912,-0.07510487191349585,0.04362108815291874,7.570085482451785,0.01743405004935633,0.07235629242934602,122.72153385895685,0.08033687435618019,0.03986594158725342,24.497333800216367,-0.04484810548527508,0.022409052274053983,102.05084039666103,0.05756224678940036,0.02690034134181829,-0.01784277525731237,0.0044311035743391375,0.011050793352017363,0.003986506392362969,0.0022046844563035073,-0.003830312517710502,0.7718022222301081,-0.04772977712011626,0.0015797983185038102,18,3,0.8333333333333334,6.4,3.8,5,4,8,1,-0.0571428571428572,1,0.875,5.714285714285714,4.5,4,False,False,True
ACC0359,2024-09-01,8,Standard,19467,22,True,6.433465582359922,-0.19513621273448048,-0.1124688532473038,61.244265340813406,0.027947714989589246,-0.07096058313719467,6.827956225416018,-0.11429688721982788,-0.1337374022725121,20.96310919054279,-0.1578020438286871,-0.16129455131890888,5.421549250506302,-0.23215432117888904,-0.13430755136636002,57.627401249871724,-0.18107326481725494,-0.12886633198227443,13.723371879592065,-0.2005040615898102,-0.09895677529288822,81.60106887163113,-0.17575338434586124,-0.11516368945769156,0.025625228767282127,-0.0006731867136387654,-0.02135613481041293,-0.0001365743405738265,-0.006971867662187714,0.0035125347595311995,0.2924302537436328,-0.19513621273448026,-0.11246885324730375,11,0,1.0,7.090909090909091,3.0,3,2,7,1,-0.08571428571428566,0,1.0,7.285714285714286,2.0,1,False,False,True
ACC0360,2024-12-01,5,Standard,25502,27,True,11.602802457654178,0.003425852794366629,-0.011911510593818004,87.53665898687098,-0.04562803170720763,-0.03648331831382457,22.128491405281057,0.028533121550596216,0.002327375268764584,36.24481156290793,0.057620871539475135,-0.03418850850901578,7.81598870202901,0.01747313378622389,-0.004997910249781819,144.42874663120253,0.0118941907275078,-0.015547408985985335,22.91298828285227,0.020211083627936582,-0.02082119748741046,83.27743244783046,-0.022763994827904217,-0.017184486778045537,-0.009839218410389927,0.0051475877423542565,-0.005330461434280814,0.001964121121308303,0.009740516402527988,-0.001682545421519896,0.4297334243575622,0.003425852794366402,-0.011911510593817976,3,0,1.0,5.0,,0,2,3,1,0.08571428571428567,0,1.0,5.0,,0,False,False,True
ACC0361,2025-10-01,10,Standard,14149,13,False,4.460719579462336,-0.04404425177493419,-0.08183645953267252,55.9348553105101,-0.004519642127880139,-0.0876182213326928,11.341716633630739,-0.05497390458459501,-0.08843371457761368,22.905193328216285,-0.11755141345230692,-0.11629923731852743,3.104318638555418,-0.04942916828022794,-0.08303218897420557,60.026595425088225,-0.022731984364759927,-0.08883282081276536,14.180100126298518,-0.11884209827557532,-0.10583127053569194,54.16900857871556,-0.06912754323545439,-0.06847646130698597,-0.0002142953854957219,-0.0009509831426610243,-0.004427629693936619,0.0006537876483010928,0.009971384465921496,-0.005032263892129393,0.34313227534325663,-0.04404425177493421,-0.08183645953267245,3,0,1.0,5.666666666666667,3.0,1,0,3,1,-0.37142857142857133,0,1.0,5.666666666666667,3.0,1,False,False,True
ACC0362,2025-10-01,16,Standard,17663,15,False,10.276450651579408,0.00455968889807747,0.007973397735562647,87.43012624513612,-0.03749436078147791,0.004878735641333944,26.40776412832487,0.0037577390157927746,0.025244690006049713,59.46264567709781,0.012676300174062183,0.002645022514487419,7.590733742640478,-0.047167474409423524,-0.00742406828662993,149.34888886774877,-0.08143455366729616,-0.023596001925316842,25.518227071638638,-0.02764745353794597,0.0018274685466626573,115.14555392562596,-0.13440821730153976,-0.004776913907864007,0.016275001791913768,0.010597466579720466,0.0024919453540545033,-0.0012108108718506053,-0.02908382622534378,0.0009302233715055147,0.6850967101052937,0.004559688898077319,0.007973397735562786,1,0,1.0,1.0,,0,0,0,0,0.0,0,,,,0,False,False,True
ACC0363,2025-10-01,18,Enterprise,127753,82,False,93.60831632302795,0.07030480081863338,0.018950926647642606,660.4360769774956,0.07052705039215205,-0.012664574760658291,154.11833843133738,-0.022862793571661183,0.014371251622165458,440.2385479455129,0.032516117695888004,-0.02703665330062876,63.98534065660456,-0.13939680897680826,0.013560110220902623,1056.9137718457707,0.03487366256154179,-0.01875228159797457,123.08563775818972,0.06514232781430472,-0.006090869282374746,665.1012127240004,-0.03417704966869339,-0.020438443427126682,0.0005394853199285898,0.008570714589290138,-0.0054204115995360735,0.004515415257496935,-0.009893103606223808,0.0016879000390442392,1.141564833207658,0.0703048008186332,0.018950926647642658,3,0,1.0,3.0,4.0,1,0,1,1,-0.08571428571428574,0,1.0,5.0,,0,True,False,False
ACC0364,2025-10-01,15,Professional,60515,75,False,41.13004034289656,-0.022799581561960852,0.020943820121850944,200.1130920093229,0.08244008345480919,0.0035069963565455245,50.49140955712307,-0.049861900525656075,0.0021503217558748264,146.028438439121,0.11623553541039146,0.02776933160076785,22.38358112153288,-0.004203136249109617,-0.0026598708526702096,350.3178149132234,0.013820706407574405,-0.01880102935796747,72.18390876838954,0.07252631478739813,0.004310001966116626,211.18862638242794,0.07536910780687499,0.010786334872565079,0.0038537159963040746,0.004084449565496279,0.014459768113823185,0.0010785285458926631,-0.026648126297955488,0.003171664076439387,0.5484005379052874,-0.022799581561960856,0.02094382012185097,3,0,1.0,5.0,,0,1,1,1,0.08571428571428572,0,1.0,5.0,,0,False,True,False
ACC0365,2025-05-01,7,Professional,51005,69,True,35.60589161101809,-0.023606041863922792,0.02387644457035558,180.98542427678444,-0.07059397669608013,-0.02203615173138445,50.87794817398834,0.05602896438931967,0.026103659252714198,98.72737990757808,0.10356757194904342,0.0418926818227189,18.974713725169938,0.12554381419641852,0.021459696353636735,450.9551411450748,0.036950096141303096,0.0062083337907050265,65.54136210949908,-0.06928975204893904,-0.012127136967716261,340.3728843362392,0.08596179438858738,0.03611439657962953,-0.008768873138054911,0.004256234041750996,0.008015134525901371,0.0006930806091492644,-0.0010412799373838988,-0.003154296101362808,0.5160274146524361,-0.023606041863922483,0.023876444570355537,5,1,0.8,2.5,3.0,1,1,5,1,-0.3142857142857142,1,0.8,2.5,3.0,1,False,True,False
ACC0366,2025-10-01,21,Standard,24004,14,False,22.59254136455193,0.021440399044685917,0.020176314100817338,123.1001167093637,0.04249937351227993,0.036350516328681845,32.915867221232965,0.00574169867491817,0.016125668829167862,77.54844717282701,-0.04336941673011316,0.029350268737937304,15.81416987673721,0.04767670342284262,0.044974571932882325,214.8669322165869,0.029462118030961975,0.02355091680642623,36.7549215607859,0.09337687377518965,0.023852851815850503,148.53437712423826,0.1055505161402985,-0.0008714256632678474,0.007698151993938196,-0.0024659109271192026,0.008276633834216313,0.0011223466937822085,-0.010536534034355394,-0.00409468756046201,1.6137529546108522,0.021440399044686007,0.02017631410081728,3,0,1.0,2.0,5.0,1,0,1,1,-0.08571428571428574,0,1.0,2.0,,0,False,False,True
ACC0367,2025-10-01,21,Professional,65220,73,False,38.65771678423096,0.030142888865844264,0.039227224492287334,180.47527873177032,0.015369658117672325,0.03624499143471989,40.080604526252834,0.03547501429918202,0.057947596367070184,116.99089143934799,0.05114760147432936,0.07509676735832481,18.81619258970556,0.19632268334216305,0.07446912627378109,342.6184320161904,0.002453039902701835,0.0619197528040625,44.84262923276413,-0.03689248151234917,0.01178591812619347,178.22032870674118,0.0183920436871801,0.046510612191632175,-0.013065742050999224,0.0022244158916737908,0.009637530175693299,0.0013198990467307783,0.010856300460317325,-0.010972403523415865,0.5295577641675475,0.030142888865844316,0.039227224492287265,13,1,0.9230769230769231,5.5,3.5,2,4,7,1,0.2571428571428569,0,1.0,3.5714285714285716,5.0,1,False,True,False
ACC0368,2025-04-01,5,Standard,26802,30,True,9.437552714305902,0.04433618172207195,-0.001428080635282242,71.53810272220561,0.014726417417568877,0.006494877246966208,21.763352620528945,0.06530238934568908,0.010196207112825059,40.858074436621514,0.11313998948582514,0.04150168371456041,8.779216614291236,0.09617222809647688,-0.0023903926547587523,134.339912632652,0.022664409797183094,0.04185101788206379,16.190201370785243,0.03938926484305017,0.03224270114420713,75.35304584079422,0.0021104849798979993,0.02559049229352773,-0.020166668981528024,-0.00238966895645297,0.007480362558897696,-0.0038372985505473432,0.018902833084948556,1.0440844682012285e-05,0.3145850904768634,0.044336181722072224,-0.0014280806352821444,1,0,1.0,2.0,,0,1,1,1,0.02857142857142855,0,1.0,2.0,,0,False,False,True
ACC0369,2025-10-01,14,Enterprise,80898,147,False,78.16378635074635,-0.03650438574110517,0.019058519598424726,481.9116513418019,0.05239339916342444,-0.01809919122315238,121.40726190387959,-0.07018690143007289,0.015412629354675704,347.87989134271623,0.001984087674705719,0.015532657143980614,40.573323822940814,0.03789722292620779,0.00822308168774651,1120.7512403541716,0.00046831623811650983,0.013607704930099202,195.646161618999,0.06273386043967615,0.010583716921579904,614.6392481812387,-0.11124792854088118,-0.028092339081905136,-0.02548205754716462,0.00427671158118257,0.004383941004563824,-0.0007303002801214223,0.02004983283013334,-0.0024981275885937737,0.5317264377601791,-0.03650438574110524,0.01905851959842481,5,0,1.0,4.8,4.333333333333333,3,0,1,1,-0.1428571428571428,0,1.0,4.0,4.0,1,True,False,False
ACC0370,2025-10-01,17,Professional,50589,34,False,49.68428568996716,-0.017931027469251855,-0.0043413901504395945,194.65615210528867,0.0726770524463648,0.04913049415968407,49.20720271146357,-0.08495329964034179,-0.0053737761957316655,195.04262386926897,-0.11582075953481023,0.0034138669738058404,26.83589758375558,0.027295559822579467,-0.01932508737438805,509.34807768490674,-0.008155670457634774,0.004044288486637248,67.53786101859664,-0.004262784628919983,-0.011024474380651957,216.3597414568588,0.07144057227743161,0.023948430754566284,0.01750653859766893,0.0010262428848338348,0.004083429847340975,-0.004609198201786506,-0.01132095703398317,-0.006686056094074036,1.4613025202931518,-0.01793102746925181,-0.004341390150439662,13,0,1.0,1.5384615384615385,3.5,4,0,0,0,0.0,0,,,,0,False,True,False
ACC0371,2025-10-01,12,Standard,22137,38,False,13.703847048336463,-0.010917491838595333,0.08931522593669286,73.88866002933527,-0.012741305801993423,0.07334369561766091,19.439086682806373,0.15649010961825752,0.09892399860337213,43.72943674658358,0.1416386127194504,0.07470299706346749,8.570759720107901,0.12974383403113243,0.1351926247447925,88.65688522322603,0.08898960119673859,0.11201193958935542,15.806086945149522,0.08369464416738456,0.10764043567139622,109.20571210947281,0.07255193213288991,0.1202971858697823,-0.009515323727381786,-0.0005629555522378288,-0.02389407728167292,0.005087392959714821,0.022137770772058862,0.006747192829518661,0.3606275539035912,-0.01091749183859535,0.08931522593669283,11,2,0.8181818181818182,5.333333333333333,3.0,2,4,6,1,0.17142857142857135,0,1.0,6.0,2.0,1,False,False,True
ACC0372,2025-10-01,21,Standard,16403,38,False,15.07310418581323,-0.01644294124022944,-0.01725639967718413,108.5428391695441,-0.04824366409504203,-0.002324751184588309,25.967404648923218,0.10186821139698758,0.016144582326821724,43.920304934744166,0.012093685847212182,0.01926223190596277,10.334278413511067,0.00287212347144574,-0.023844484644082644,97.41937346185166,0.05524626352161543,0.009382723103123573,23.743200297178586,0.03888997454365126,0.017889582227081202,102.3397190076236,-0.0302546744242896,0.014495030280189775,0.0005093658974259507,-8.169778779107406e-05,0.009466497598675266,-0.003603056001607721,-0.00873710260525673,0.0024459928985543916,0.3966606364687692,-0.01644294124022937,-0.01725639967718412,7,0,1.0,3.7142857142857144,,0,1,1,1,0.02857142857142855,0,1.0,3.0,,0,False,False,True
ACC0373,2025-10-01,11,Standard,23951,16,False,11.664206986943343,-0.04632032896078041,-0.00535283803839177,94.91811987266999,0.006838866379121417,-0.0031939384215673495,27.742968567152428,0.036607989393961995,0.03405436908939766,48.79005187161071,-0.016547607484985145,0.015286378412540406,12.02240194467449,0.0797311005468751,0.013095885259297018,190.42178671090429,0.039714531485259816,0.02551222029969197,31.0736657374388,-0.06568692428705399,-0.0019177049610351095,115.16991880728568,0.03963273938097137,0.02339042219062147,-0.012106574475594989,0.001964471110856375,-0.0009226084624088526,-0.0006180828185105118,0.01225262174471975,-0.0005698270990617121,0.729012936683959,-0.04632032896078041,-0.00535283803839177,8,0,1.0,5.25,4.333333333333333,3,1,4,1,-0.17142857142857143,0,1.0,4.0,,0,False,False,True
ACC0374,2025-10-01,13,Enterprise,185036,158,False,73.38565359285049,-0.1787882106451774,-0.024194643880129964,547.6858399479656,-0.03284815620946622,-0.021806966561282188,109.6612478060738,0.016714417046158333,-0.02794787090495638,510.04098348529834,0.02447202319653098,-0.00024622589296013317,70.05133086310734,-0.06437044599528216,-0.026379992837438422,1503.538505696839,0.13046403805050208,0.05152563962350428,134.20772116324176,0.03728280229351219,-0.013251275332929555,498.0330253568607,-0.03398970277293259,-0.018197282062838153,-0.024196239106236056,-0.006053711987316995,-0.010810272831749429,-0.0026320387094954066,0.05016033549970894,-0.006468072864910912,0.46446616198006646,-0.1787882106451775,-0.024194643880129863,6,0,1.0,3.6666666666666665,5.0,1,0,3,1,-0.37142857142857133,0,1.0,4.0,5.0,1,True,False,False
ACC0375,2025-10-01,16,Professional,39823,40,False,45.139577227199254,0.040948041143405736,0.033355724678768975,263.5362945527142,0.027506112466289156,0.02396615567199327,50.353468226641816,0.03743113397721373,0.024806561695365246,152.66013125114486,-0.027854819484202056,0.008841664719428741,19.973909654999797,0.0029720093967153076,-0.005638651838610965,469.57758947134903,0.00371021404393639,0.002358802971967115,64.91805616824716,-0.06970866632970397,-0.03637402070876515,327.6904228400565,-0.059189613824619305,-0.008324119694418545,0.015784390366293755,0.00396190232020216,0.009284084137218512,-0.0008532135785092529,-0.021455426767013674,-0.006721736478191437,1.1284894306799813,0.04094804114340588,0.033355724678768954,4,0,1.0,3.5,,0,2,2,1,0.17142857142857137,0,1.0,3.0,,0,False,True,False
ACC0376,2025-10-01,19,Professional,62797,94,False,31.378747599574652,0.1322585971596228,0.030509487712301112,178.07996111176647,0.007536808583393098,0.010783309235844496,61.6978268219602,0.021361702872681368,-0.022236456597683057,173.86311732077957,-0.04901262101948596,-0.004774090786633896,17.883715635774156,0.03643938288758024,0.02269021328940925,527.7582074550719,-0.09458869541226642,-0.017110963218636345,72.516835741232,-0.07066799888522933,0.002740982493924427,238.39405585993464,0.06510043783858763,0.005808121748484425,-0.000989086012483209,-0.0061952245815563994,0.005153753131151545,0.0007129541837399139,0.001646898114343598,-0.0003292948351955177,0.3338164638252623,0.1322585971596231,0.030509487712301178,5,0,1.0,2.8,5.0,1,0,1,1,-0.08571428571428574,0,1.0,1.0,,0,False,True,False
ACC0377,2025-10-01,10,Standard,27082,26,False,7.529429270495598,0.019269979285654985,-0.051423392130609556,48.56571211048163,-0.16783926657109816,-0.09216744427369648,11.741646366614887,-0.18706537988892435,-0.12175462985550815,16.287399346525714,-0.08313302968659358,-0.09791526421907391,3.812416192251417,-0.18219543850422343,-0.10145866462487724,62.19446182738189,-0.06307149050388836,-0.06029267638554548,13.884710753650126,-0.2314921261536055,-0.11539129273988982,41.75586730936044,-0.07498166241995594,-0.11319383715866291,0.0024811211849462556,-0.006974375232637525,-0.012258061059486527,-0.0010598809898477064,0.021795031342617066,-0.00398383524559176,0.2895934334805999,0.019269979285654992,-0.05142339213060941,9,0,1.0,5.111111111111111,4.0,2,4,5,1,0.3142857142857143,0,1.0,6.0,,0,False,False,True
ACC0378,2025-10-01,18,Professional,36410,48,False,67.36769334733563,0.05205855861803181,0.02642272180598492,362.93568425990514,0.02337098922622472,-0.0018981970192432605,65.13559130422902,0.017623630801398116,-0.0031175595942107034,192.3563923730438,-0.07671990334603154,-0.013058136572341566,43.85627892467945,-0.07016309927449749,-0.008761695505207301,686.5676329246702,-0.0123308130152408,0.009988213999297002,66.39344866714902,0.04774009780283495,0.0005515892045406831,487.04100429541705,0.04586025914054881,0.022397202375770642,-0.005255838159374748,-0.0010032723053875273,-0.0019180406635727343,0.0015181527074211304,0.00845800561762422,-0.0017990071967104102,1.4034936114028256,0.052058558618031776,0.02642272180598493,3,0,1.0,3.3333333333333335,4.0,1,0,0,0,0.0,0,,,,0,False,True,False
ACC0379,2025-10-01,16,Professional,40898,88,False,62.953964255404536,0.03397023814051917,0.03155376035135565,257.7506880986079,0.017930539791322836,0.02473526629245861,70.85612391931465,0.05259987162960788,0.02434674084822999,189.55160572109958,0.04637482386461055,0.021798516552932534,31.981915842644224,0.028629493754143434,0.048690416294902075,726.856412815128,0.02951365221384555,0.03346179864686909,82.75047867987969,0.10610096161095094,0.03808856076638653,450.57159113049124,0.0033137719981020876,0.011072421858852134,-0.001938167085957343,-0.002677805499466279,-0.002419883967280989,0.0020502118459785473,0.00771434675911542,-0.0027287020523893216,0.7153859574477788,0.03397023814051894,0.03155376035135547,4,0,1.0,3.25,4.0,1,0,1,1,-0.08571428571428574,0,1.0,4.0,,0,False,True,False
ACC0380,2025-10-01,17,Professional,39628,37,False,25.88470483740704,0.16792071695248503,0.07185601440101472,193.2082490316685,0.14788587248258625,0.06933062420607537,52.0763134103077,0.036192796532247204,0.06812140511063655,90.08876243490538,0.04060017907147748,0.06255549247093735,14.071299443522738,0.0956753430495821,0.0391436532428124,385.37957030681054,0.06779350953257747,0.03672661049255031,48.86771426865621,0.03574684931707315,0.011753245539748288,244.01734803780087,0.09222283599259036,0.05738093301190515,0.004395774601327673,0.0039275625338187625,0.00815067687362589,-0.0017521056459027205,-0.00673295589325329,-0.007988952469616263,0.6995866172272173,0.16792071695248506,0.0718560144010146,14,4,0.7142857142857143,5.3,,0,5,6,1,0.22857142857142845,1,0.8333333333333334,4.0,,0,False,True,False
ACC0381,2025-02-01,11,Standard,22987,16,True,6.4506064708609125,-0.2702373254370349,-0.12140574010763164,48.4678472001595,-0.06253716242009599,-0.12300135519093709,5.529745488222762,0.016449260719471677,-0.1645419622012455,12.536721010935757,-0.0886018171020171,-0.10311720901127919,3.6843178506218734,0.018694737924635222,-0.12394275178610518,48.771349131659996,-0.12006706154783019,-0.1264909190933037,11.941948898322236,-0.13698846198017808,-0.09711571553891855,40.73705650594402,-0.20220414813019963,-0.12558858486667884,-0.0024705620641483628,-0.006398126891549949,0.008168740316930032,-0.0014573826444921646,-0.002327134445598955,0.004484465728859438,0.40316290442880703,-0.2702373254370349,-0.12140574010763164,5,0,1.0,6.2,3.0,2,1,2,1,-2.1871923332469143e-17,0,1.0,9.5,3.0,2,False,False,True
ACC0382,2025-10-01,20,Professional,32488,51,False,5.848475914826274,-0.13398642489373913,-0.12836818433247021,39.432592228831446,-0.06635922106238698,-0.10012421159775607,9.279586336606966,-0.05497390458459477,-0.1303110108823775,33.33939070174198,-0.12547392657556547,-0.1554571465510159,5.207963039454721,-0.24710500909456717,-0.14539116971826718,89.44808975485837,-0.06918182292230653,-0.11925080877875678,16.267939804219143,-0.14310558825902114,-0.11912538402145512,80.4433110942271,-0.08688510678182018,-0.08509713185868827,0.015582337146864161,-0.0017444940448344132,-0.014904884488021436,-0.0017400544769268986,0.0009519692048613471,0.0018551266580574127,0.11467599832992692,-0.13398642489373885,-0.12836818433247027,6,1,0.8333333333333334,5.2,3.0,1,1,1,1,0.08571428571428572,0,1.0,3.0,,0,False,True,False
ACC0383,2025-10-01,21,Standard,26926,29,False,10.253697900627103,0.0474612138100891,0.05345237650994788,61.37693891110616,0.04226170308889018,0.05025702676094646,22.949784772847284,0.0329331960903662,0.06858127516657234,45.313491186481144,-0.015578414602711586,0.03394605444984373,7.964958091998972,-0.18083681369976215,0.04489203418238429,137.8588186766013,0.002834757003409737,0.04547362211673645,17.53195185585326,0.06975873198579313,0.055943940399913586,64.84448091945653,0.0998753512237253,0.024562761339295035,-0.005268372308180863,0.004281053176478464,-0.009999941905918242,0.002666314733770103,0.006284288177466568,0.0020366581263839972,0.3535757896767966,0.04746121381008919,0.05345237650994801,11,4,0.6363636363636364,6.428571428571429,3.0,1,3,4,1,0.11428571428571424,0,1.0,7.5,,0,False,False,True
ACC0384,2024-10-01,6,Professional,59500,76,True,15.421798799780126,-0.012886233632759413,-0.09456396620400304,119.5872570026415,-0.044408394870165735,-0.030856707596682,26.69433050711943,0.06051880185227732,-0.10928481609953691,69.15235364796159,-0.14525208609372522,-0.14783737144096123,15.276565532352995,-0.25272311728114116,-0.09336687059592368,288.9108518397231,-0.12001601068377103,-0.11306570449319846,34.522286830166045,-0.062018244359127,-0.09623028822750879,173.06930918248096,-0.16602786712634562,-0.06931860306222203,0.039726762636320884,-0.0006203868706351826,-0.013487730418301938,0.002062883099547136,-0.029138516799844805,0.0014569883529139474,0.2029184052602648,-0.012886233632759467,-0.09456396620400288,5,1,0.8,4.25,,0,3,5,1,0.08571428571428566,1,0.8,4.25,,0,False,True,False
ACC0385,2025-10-01,17,Enterprise,171449,139,False,155.89464464350382,0.12212235404480791,0.0320842141514874,743.8636249048656,-0.04538717490269445,-0.004550649035139211,187.6505259893461,0.047300192826785256,0.003418818557168042,682.8743733325264,-0.009997080359481873,-0.005433278044690588,59.812235160897295,0.05384285992452176,0.014583252536219966,1609.894568637109,-0.004434472388356235,0.0008472229976150756,237.30774017857902,0.010007986981840319,0.004150490806312344,1171.4527772712843,0.018700907320269074,0.01286637953899534,-0.001503573997288593,-0.0020568394660585784,-0.004343961766983595,0.000978780705869528,0.00518528896308923,0.0017403055613720991,1.121544206068373,0.12212235404480781,0.03208421415148742,7,3,0.5714285714285714,6.5,4.0,1,3,5,1,0.02857142857142852,3,0.4,5.5,,0,True,False,False
ACC0386,2025-10-01,11,Standard,22481,31,False,6.192916975728033,-0.12653429425518672,-0.09330324068878164,43.321757034928716,-0.13725677188422522,-0.1286998877959254,8.610663136349368,-0.11574791898807596,-0.0965184997142604,16.591168969248056,0.013417256853019012,-0.060234040220246005,4.826540811581196,-0.05298614969835727,-0.06072498006588229,49.0474984861259,-0.058591287486961324,-0.07965376207446859,8.31495728571801,-0.17264040858043528,-0.122529705341438,36.68625625006323,-0.16155917859823507,-0.10737831494313115,-0.039113545586428156,-0.00025826793784752833,0.008043768166445059,0.002939422014896109,0.032809964610968634,-0.0044213412680342845,0.1997715153460656,-0.12653429425518672,-0.09330324068878161,5,1,0.8,3.25,3.0,1,0,4,1,-0.5714285714285712,1,0.75,3.0,,0,False,False,True
ACC0387,2025-10-01,20,Standard,22273,13,False,8.19981219441195,0.07731942214837619,-0.001729038752435625,78.59958168486983,0.049328952188083613,0.05262541525828988,20.907869349032268,0.018301332606927807,0.04374539753771527,45.855657241164884,0.08554076193173296,0.054257626004360585,8.952181947981424,0.009029003974127396,0.0723724150826374,84.85106223542284,-0.01005931070129001,0.0520874556964407,21.331341642345674,0.04328712514308368,0.029240433658390273,108.13898968034933,0.08661522466673813,0.0760367578034067,-0.004466924726654831,-0.0038316217382664275,-0.011346494246227357,0.001491526103101548,0.025065663515735748,-0.006912148907688556,0.6307547841855344,0.07731942214837623,-0.001729038752435711,15,0,1.0,3.6666666666666665,2.0,2,0,7,1,-0.3142857142857142,0,1.0,3.0,,0,False,False,True
ACC0388,2025-10-01,21,Professional,62028,48,False,7.920860818928595,-0.17925841623487448,-0.13853098368045721,42.673848170940495,-0.1762945984650412,-0.1276829347491617,8.648450921079231,-0.2343090716822811,-0.14657073316670016,27.828289094516034,-0.1783719700039981,-0.10930074842062228,3.812416192251417,-0.18219543850422343,-0.13025493619425638,125.70042904351438,-0.13922694129221536,-0.12592673725906942,10.04082219642175,-0.1529133456356913,-0.14622440781380666,50.63174739521423,-0.22363124540175686,-0.10576574187134993,0.0035723266811638343,-0.0025850321153527284,0.00968257486167548,-1.804667150567124e-05,-0.003991002256925613,-0.006660820499055413,0.16501793372767906,-0.17925841623487465,-0.13853098368045724,5,0,1.0,6.0,5.0,2,0,0,0,0.0,0,,,,0,False,True,False
ACC0389,2025-10-01,20,Enterprise,95465,107,False,127.91633029357041,-0.039585234185370244,0.023501180445046826,532.3939944040868,0.019004616918209472,0.015824531684135248,153.9276783662928,0.016296276879835807,-0.0007255990462559135,321.45003988405944,0.017589081508155826,0.011464813083944179,49.71759261577912,-0.06806404032703618,-0.009851951681973815,1762.9671620267425,-0.03195258233404887,-0.0010080013453188028,106.72287541618634,-0.07644253144685637,-0.0364570777638598,866.5407419160625,-0.050528473425798734,-0.003048965924044347,0.011963778017793858,0.0008352415923960146,0.0029763923518856678,-0.0006409637259438827,-0.012789477048245512,-0.0023449711878861176,1.1954797223698168,-0.03958523418537033,0.023501180445046784,6,0,1.0,4.5,3.75,4,0,0,0,0.0,0,,,,0,True,False,False
ACC0390,2025-10-01,15,Standard,16246,29,False,15.784739058569054,-0.043563703799079374,-0.028232671100689104,115.1060862350467,0.0614388160301793,0.011745212570718276,26.40776412832487,0.0037577390157927746,0.012915148908903287,60.08446694293874,0.046125058544960955,0.008259485310212708,10.334278413511067,0.00287212347144574,-0.012610322353119353,147.41129682188696,-0.031025325127292162,-0.017942630901587805,19.306978630313314,-0.021022435956831228,0.004957712230771864,107.50762386971928,-0.12786142919102025,0.005115193547237127,0.0031354087908102013,0.004481719071193407,0.007224918197575703,3.2221411339850015e-05,-0.019715180010332733,0.00484091253941344,0.5443013468472088,-0.04356370379907944,-0.02823267110068914,7,0,1.0,2.0,4.0,1,0,0,0,0.0,0,,,,0,False,False,True
ACC0391,2025-03-01,11,Enterprise,135318,101,True,110.4533832408414,0.014401415280980906,-0.0027923988093030505,454.27016161725004,-0.017129443018082016,-0.007654800116309295,95.40418194153311,0.03889001556091296,-0.009922818102878442,330.98328181183405,-0.006305218215406386,-0.020996860971302808,63.75355910792536,-0.037537468595325627,0.003298840323721729,1299.7629673608265,0.0007310771330180455,0.018930388339116283,115.77052063926443,0.05735792871382391,0.020491290410234963,699.6914945433479,-0.03712237575573373,0.0033179134398001655,-0.003013369715446468,-0.003687592085735089,-0.018242119808707463,-0.0001456474254890837,0.022986500100334317,0.0021022289350438664,1.0935978538697169,0.014401415280980864,-0.0027923988093030176,5,0,1.0,4.2,,0,2,3,1,-0.0285714285714285,0,1.0,3.6666666666666665,,0,True,False,False
ACC0392,2025-10-01,21,Standard,26850,17,False,15.454543642489329,-0.07930818171228318,-0.027074134538785138,71.0530681881303,0.028476254377273656,0.05078327221026935,20.25916102198342,-0.02914338944607682,0.025865943332142028,57.74389873905151,0.015688856790862533,0.02531482072822708,8.604858361970257,0.009393447629848973,0.0009466986069963587,154.27700859430635,-0.034573025127374535,0.005078332725019734,18.322486784855517,-0.10560182714925977,0.004825883548901249,113.89607986335977,0.10274563775566664,0.0007361626785040362,0.0148574557776536,0.001029365178943184,-0.0029175657474345695,-0.0027693696581741582,-0.009106304884228977,-0.0010935806667590753,0.9090908024993722,-0.07930818171228296,-0.027074134538785082,4,1,0.75,7.0,4.0,1,1,1,1,0.1428571428571428,0,1.0,6.0,,0,False,False,True
ACC0393,2025-02-01,9,Professional,37584,44,True,27.726135921063342,-0.0008547021833940049,-0.013996614004545542,220.45575697820234,0.04070393307436737,-0.0034669796008661414,58.92594678339686,-0.0692022884441922,-0.0018514922356665138,98.93287555697192,0.015435788470269452,-0.03430960160370664,20.887695997470797,0.06294361955005992,0.0018821667329864547,546.7891698609174,0.13882547413015414,0.01964045990471761,50.294973602193664,-0.001355987806503551,0.0016482360283964809,267.16880812962887,0.02625100152032391,-0.006602107152762507,-0.0035141599087668007,0.0029411514949924597,-0.012638218418838165,0.000651867704503744,0.012042554671276462,0.000516804456832283,0.6301394527514396,-0.0008547021833940261,-0.01399661400454545,6,0,1.0,2.1666666666666665,,0,2,4,1,-0.11428571428571431,0,1.0,2.0,,0,False,True,False
ACC0394,2025-05-01,11,Standard,14962,28,True,10.144141939273345,-0.09789263773763059,0.01697567690076996,85.26987473340112,-0.005629528868931681,0.0007168815264043703,23.397905343949883,0.04663076479358861,0.00691059159595995,40.49127968597864,0.03303919118864651,0.06278513319391618,10.805922553279387,-0.0037360703943959193,0.03092878113457179,85.92360810513351,-0.0024658865101559384,0.022745523158271226,16.511593467311275,0.01517417967180108,0.004366601240678889,117.78288589648828,-0.03678933490662137,0.0020732587859518107,-0.01232210865679545,-0.0032021825580034052,0.018950447675237625,0.0017409957479296578,-0.00036829603677540623,-0.004798856171593119,0.36229078354547656,-0.09789263773763074,0.01697567690076986,3,0,1.0,5.333333333333333,4.0,1,1,3,1,-0.14285714285714282,0,1.0,5.333333333333333,4.0,1,False,False,True
ACC0395,2025-10-01,12,Standard,25170,14,False,9.573322884953853,0.06109555517578828,0.022276591278163827,79.60903841172114,0.06337954143821746,-0.00539200763440302,22.28350353427733,0.014627870050265314,0.007304831856941292,56.1604135006641,-0.05481810642306804,0.016172462510875722,10.987629065156014,0.09189492064865089,0.039557026866880944,93.08508909038967,-0.11453072277182912,-0.01566540190879958,22.052182448099206,-0.002842065850095617,0.008883650386929311,95.65163071155182,0.013555766869317787,0.003663112445999381,-0.018265690267371293,0.0023719706692890558,0.018160119894130022,0.0027063237389988656,-0.01069417809509543,0.005721454060048592,0.6838087774967039,0.061095555175788484,0.022276591278163733,4,0,1.0,4.75,5.0,1,0,1,1,-0.08571428571428574,0,1.0,2.0,,0,False,False,True
ACC0396,2025-09-01,15,Professional,34828,98,True,8.936495419971754,-0.2089454864109419,-0.15416582195656764,89.73248573855743,-0.06938531106711333,-0.11072114055353181,11.495622293900864,-0.08098910775402568,-0.14231370634374177,21.727949513433064,-0.2516591406445251,-0.1580595674342,4.689377771481891,-0.1496018988374533,-0.16232220605599199,158.48342116404402,-0.057548825573825534,-0.13168613421982536,18.73241281582324,-0.06640249832511294,-0.10657190712882338,88.51726209167306,-0.2251876060473656,-0.19015810867157876,0.023995098973738194,-0.0014373755264434004,0.0002828381105077771,-0.0014472727503166694,-0.024679409920288276,0.0032861211128023676,0.091188728775222,-0.20894548641094202,-0.15416582195656772,9,4,0.5555555555555556,7.2,2.6666666666666665,3,2,4,1,0.1142857142857142,2,0.5,9.0,3.0,1,False,True,False
ACC0397,2025-10-01,15,Professional,43365,84,False,43.32341252607879,-0.11759545448715436,-0.003404738031221926,260.61325932771,-0.04075524126525987,-0.0012296548793436386,61.27504025407965,0.05419461642020076,0.00656488267078893,139.23914280931322,0.07733906191040574,0.020701323292228627,30.628610891174702,0.03824417235218818,0.008391071001815532,648.5237585413352,0.06263848985048524,0.014929000286549093,57.957337316904415,-0.04060749892693196,0.019654946820983246,356.872706968727,0.012198889885769202,0.0021191196474767016,-0.002822585990009563,-0.0004118418781755631,-0.0015300138852978595,-0.0007349811565789191,0.004919336074338254,0.0005800868357237615,0.5157549110247475,-0.11759545448715443,-0.0034047380312220155,15,0,1.0,1.4666666666666666,2.6666666666666665,3,1,2,1,-0.057142857142857155,0,1.0,1.5,,0,False,True,False
ACC0398,2025-10-01,18,Professional,56977,76,False,46.55008631351549,0.017646248964080374,-0.029145520996379796,250.71690246582816,-0.06105834678166522,0.006115315221817586,51.37924945177843,0.03337422018462499,0.01514406876227594,177.58841034163993,-0.09237444713690965,-0.005937607524655174,26.911292745995326,-0.04751533424675941,-0.036167593438884676,607.1879605542126,0.05353755328151035,0.014886893129634347,60.68045451085778,-0.021712382805966015,0.003909317752412853,231.4496077251741,-0.06298311975909615,-0.018103800647182422,0.0023001796044264666,0.0011742991288722568,-8.14507990563873e-05,-0.0028185813144187624,7.926528209734052e-05,-0.000653711901921053,0.6125011357041513,0.017646248964080343,-0.029145520996379893,5,1,0.8,3.5,3.0,1,0,0,0,0.0,0,,,,0,False,True,False
ACC0399,2024-12-01,9,Enterprise,184979,127,True,39.02585094008619,-0.13652218153059653,-0.08146508899585406,371.1241163529339,-0.19874138616171644,-0.11344231069481953,56.44640105947382,-0.21218498217859852,-0.15181690503554246,200.89929154526953,-0.042411837032465496,-0.1346061135608639,34.54511627407643,-0.14021847755820474,-0.08472983524730064,547.6462173389306,-0.08663669499938964,-0.1197069441065393,80.04935749604509,-0.2552300370076771,-0.13834975129617783,470.48604914923385,-0.1493806885290783,-0.10006830890896001,0.021408046429120087,-0.0027065651767062895,-0.009732004973159403,0.003608117967927031,-0.013478155123850644,0.0009005608766691348,0.3072901648825684,-0.13652218153059675,-0.08146508899585414,13,4,0.6923076923076923,4.888888888888889,2.5,2,3,7,1,-0.08571428571428566,3,0.5714285714285714,6.0,2.0,1,True,False,False
ACC0400,2025-10-01,14,Standard,16770,39,False,16.08792817063134,0.014984317777274261,0.01095693241215641,146.0151368808048,0.0048183780027709336,0.003729919541393472,22.645645482531616,-0.009593576327288933,0.0031482514599483315,74.97117099453673,0.02681767495603204,0.02065240117482415,9.312955915666256,-0.04942916828022767,-0.0214802903324581,135.96987579799583,0.041993867932252675,0.03840774184371475,32.41857798577336,-0.03100531656055938,0.01163892378720411,140.32764607589107,0.10062630028285369,0.025684459996629643,-0.01260049900225696,-0.0016800891449734248,0.0015217513844456299,-0.002293357234317322,0.013361359480290769,0.0016908345168114847,0.41251097873413695,0.014984317777274242,0.010956932412156417,2,0,1.0,3.5,5.0,1,0,0,0,0.0,0,,,,0,False,False,True
ACC0401,2025-10-01,19,Standard,12975,39,False,9.932009590677646,0.00471781843541788,0.002291085128853106,73.2457305603558,-0.027791565207971727,-0.01714233469624618,23.965918971525706,0.05420291565204309,0.022512358969762728,57.753665441310744,0.016564470634461842,-0.005038391980495324,10.334278413511067,0.00287212347144574,-0.013286567425498025,120.66484127568538,0.07230174410940474,-0.0076843204455554455,17.219138952392687,0.01376146168269689,0.00910875570941919,82.46115918460268,-0.06687489507018722,-0.03635917083416951,0.0009644149195735807,0.007197950553670243,0.005480197499656114,-0.002326941904336813,-0.016498896280133013,0.005183275211569784,0.2546669125814781,0.004717818435417671,0.002291085128853081,5,0,1.0,3.8,4.0,1,0,0,0,0.0,0,,,,0,False,False,True
ACC0402,2025-10-01,11,Standard,23636,32,False,10.649383002125234,-0.09664435010162971,-0.025493003834767644,67.05355466079835,-0.04189119780570995,-0.012003423615230229,20.51058157773576,0.09810938956443095,0.029175551392967826,38.717488268377544,0.003638591581547745,0.020817504760434386,11.32775477265215,0.08462041750585711,0.017869589332145174,130.9072384856071,0.012428348789859685,0.010068522585924515,19.63566070024595,0.004438016344527271,-0.001004327417449769,99.21951635442922,-0.024190046676076125,0.03445935017109135,-0.015169150958562139,0.003015217615811208,0.0036224628300424166,0.0009449442861520219,0.007391568965421702,0.00019495726113470668,0.33279321881641355,-0.09664435010162971,-0.025493003834767644,16,0,1.0,1.6875,3.0,2,6,7,1,0.6571428571428569,0,1.0,1.7142857142857142,3.0,1,False,False,True
ACC0403,2025-10-01,16,Professional,62823,72,False,41.69368163255503,0.06077081747307265,0.08728817670144762,194.50475678500143,-0.02643258054100251,0.019998618532787893,47.20491208485519,0.07685194986109486,0.08582665329023442,93.78774907404177,-0.027161854069418543,0.0467479224302356,24.439676498896162,0.014107542902990067,0.07515799063718631,378.05983565336925,0.0612971538574237,0.07653594557966838,59.378904859029596,0.11822892071195334,0.0550162220715874,252.4243904646471,0.029558404440212377,0.0353820330437455,-0.029412745491196962,0.008075820309667713,-0.0012474890988177223,0.0027078717110518395,0.018808276622283404,0.0010682659470118011,0.5790789115632643,0.06077081747307241,0.08728817670144756,12,3,0.75,4.555555555555555,3.0,5,4,7,1,0.31428571428571417,1,0.8571428571428571,4.5,3.25,4,False,True,False
ACC0404,2025-10-01,11,Standard,29957,14,False,9.573322884953853,0.06109555517578828,-0.024901179805525336,94.75605855167065,0.06586539877902084,0.048496796384954424,21.576792549289866,0.040282776708351564,-0.0007605695912925785,53.27185865646073,0.0014013052243442392,-0.011600318246513584,7.570085482451785,0.01743405004935633,-0.016236165537968406,155.24937069880804,0.04486773077957412,0.025106009589155733,18.94500386309643,0.007235808978465153,-0.0005256711125961444,87.18561839048431,-0.03176718268444285,0.003654246436680717,0.01155241065215623,-0.00654304155670548,-0.01456285445638611,-0.0028260265577327234,0.017408146892163967,-0.005028634973495712,0.6838087774967039,0.061095555175788484,-0.024901179805525423,5,1,0.8,5.0,,0,0,3,1,-0.3142857142857142,1,0.6666666666666666,4.5,,0,False,False,True
ACC0405,2025-10-01,13,Standard,24302,24,False,5.14534814820072,-0.04772977712011613,-0.08508720308748126,34.577181589376835,-0.06005207018810845,-0.10420410264250693,9.661943158070004,-0.1593757318097079,-0.10669049827955131,19.48198147251992,-0.18087603050633674,-0.10731239732836466,3.104318638555418,-0.04942916828022794,-0.11965492511746943,54.46676721423714,0.011317845743770864,-0.12649677209289503,10.402796963638634,-0.1997864490749742,-0.08728611643689721,41.41122901651176,-0.07437082264385211,-0.09220683614758038,0.007981388599120176,0.0034543634133627904,0.010790390303283603,0.0004267348925918006,-0.029824674608045387,0.007171797399687083,0.21438950617502997,-0.047729777120116036,-0.08508720308748116,4,0,1.0,4.0,3.0,1,0,0,0,0.0,0,,,,0,False,False,True
ACC0406,2025-10-01,17,Enterprise,131216,95,False,136.93044526729486,0.0004863540929218423,0.011201608821353048,556.6842315018608,-0.07748399948160443,-0.010331219411657407,113.11222209678084,0.017206692148237866,-0.0020416859440028365,365.0564747648718,-0.06042211429403688,-0.0017605076167086105,57.3280292432519,-0.08504541144226066,0.016418170135382736,1264.151273691219,0.09859323281129878,0.011757706574083005,142.45534934120985,-0.035585276926878184,-0.002305345209854426,503.66016923897865,-0.01821967060474781,-0.011484918342484773,-0.0019302944291431923,-0.0025349070296050644,-0.0006260421461007637,0.0014986475639765795,0.0037961790491604086,-0.00020358300828781511,1.441373108076788,0.0004863540929219068,0.011201608821352843,16,0,1.0,1.375,2.0,3,2,3,1,0.08571428571428567,0,1.0,1.3333333333333333,2.0,1,True,False,False
ACC0407,2025-10-01,19,Professional,58560,33,False,46.293887688984434,-0.03612241070614218,-9.082744657031686e-05,251.73769318485563,-0.008026965815670637,-0.018229082679779587,39.08996912415844,0.012931174327733018,-0.03450509651129267,109.54800045226523,-0.06610906934918605,-0.002918698410684895,26.23729383416168,-0.06741213746172094,-0.0008166622572261937,601.812327459848,0.0002716894027827086,-0.0053067352508037935,65.96259042784209,-0.07390438134813244,-0.01843152766145548,263.39362024173613,0.03676350948424439,0.03543388906459576,-0.0028406703207811412,-0.0022648885482342215,0.005612876450749135,0.002378671763880548,-0.0035330141102933865,0.0006470247646790453,1.402845081484377,-0.03612241070614221,-9.082744657027196e-05,3,0,1.0,4.333333333333333,,0,0,0,0,0.0,0,,,,0,False,True,False
ACC0408,2025-10-01,13,Standard,20390,19,False,9.606067727663055,-0.0460183489338965,-0.01773392191723248,93.71053462077555,-0.059448444095611876,-0.0029494200984831707,23.317210644476855,0.013979381965280067,-0.002956978387220826,50.12085865764049,0.025159140390652434,0.027881042661687918,6.555960863122006,-0.046810495542687576,0.003505203880905891,136.06267379951188,-0.06187230356643874,0.0009280808775799158,29.23205356841026,0.05677751757754527,0.050408975476087595,128.6980946418463,-0.07115006263209885,0.020031344496029287,-0.0038715564760526955,-0.0009291873398466904,0.006805080801385366,0.0006286283716046143,-0.010301895291345953,0.007668929934255275,0.505582511982266,-0.04601834893389638,-0.0177339219172326,11,0,1.0,1.4545454545454546,2.25,4,0,5,1,-0.4285714285714285,0,1.0,1.4,,0,False,False,True
ACC0409,2025-10-01,17,Professional,65586,34,False,46.18289250166143,0.027309461892202482,-0.00490430885947337,322.60931702581314,0.017520090650179853,0.04288647837505571,45.23593026881226,0.025166977366211127,0.023448974313187772,97.66596273007394,0.049957903635370775,-0.012466899287352338,16.84894275625568,0.0417129747821817,0.0027799114049029644,616.974652641834,0.08492333375924906,0.026486838055218984,74.86055463715628,-0.0401107115022155,-0.023178987061980055,269.69835674786253,0.020227619696656828,0.004722582788897474,0.03013326573068109,0.0002887326859478817,-0.00659995464961903,-0.0011249093725802586,-0.014047915084763551,-0.008649219309666167,1.3583203676959243,0.027309461892202302,-0.0049043088594733905,1,0,1.0,4.0,,0,0,1,1,-0.08571428571428574,0,1.0,4.0,,0,False,True,False
ACC0410,2025-10-01,19,Standard,26530,10,False,3.0872088889204323,-0.04772977712011626,-0.0862005266973178,23.849290036554475,-0.04048664930542408,-0.12129094215041619,4.4864025423018274,-0.1716162612473852,-0.1077311584077899,14.568652408479414,-0.08249571803747385,-0.0667778141021063,2.0695457590369455,-0.0494291682802277,-0.1619144610532869,30.65881134266391,0.017813338247257136,-0.09206944669564876,5.882566371392688,-0.13474686563876445,-0.10731548325486036,26.601509911937708,-0.10734158029771189,-0.09691737238225438,-0.014655689597697141,0.0007146212354677065,0.016333570232597072,-0.0063473099136041496,0.0051250596260526415,-0.0011702515828161536,0.3087208888920432,-0.047729777120116085,-0.08620052669731784,4,1,0.75,7.666666666666667,,0,0,0,0,0.0,0,,,,0,False,False,True
ACC0411,2025-07-01,7,Enterprise,135898,86,True,90.41095872941575,0.0056347749448754075,0.0007238578740819903,579.5803919300068,0.003256085679664376,-0.009650871896057248,119.30141481213077,0.03382282161403189,-0.008639239350941545,337.67014340578856,-0.024160382299555964,0.006004484898080176,55.584741838820385,0.07571980783599115,0.0494530352052033,1955.8019436020234,-0.07784128000822592,0.010639461516017903,133.51033489327946,0.008633165290161025,0.023830271177460713,549.8248602740422,0.016907700692008944,-0.0006186953629202267,-0.017428620354777324,-0.004472611315513936,-0.002750738410834827,0.0013573516711881915,0.02040947842569618,0.002885139984241676,1.0512902177839039,0.005634774944875495,0.0007238578740822141,2,0,1.0,2.5,,0,1,1,1,0.08571428571428572,0,1.0,3.0,,0,True,False,False
ACC0412,2025-02-01,13,Professional,33238,80,True,40.07521511787574,0.06202634434517758,0.025504951038348548,160.92592656143538,0.065116769380263,0.03326548226653989,60.46301006487089,-0.05921483710071644,0.008138999662337998,152.28117688716597,0.013032994328360038,-0.016198904093812774,16.88328738436114,0.01937818368140213,0.01508296755612366,479.05077787967025,0.014571646684593965,-0.0074759630235130825,49.3882712353063,0.025139576490383175,0.00022860440020854616,339.0176793649602,-0.081190640387748,0.018891641649072467,0.01072750540880632,0.0005902878928265298,-0.005947752624495095,0.0008724569687022406,-0.004246325879110668,-0.0019961717667292683,0.5009401889734467,0.06202634434517769,0.02550495103834873,3,0,1.0,10.333333333333334,3.0,1,0,1,1,-0.1428571428571428,0,1.0,4.0,3.0,1,False,True,False
ACC0413,2025-10-01,16,Enterprise,159025,153,False,111.91239100624465,-0.070121484753105,-0.01994571913085378,391.6342800286136,0.13875102888129742,0.019354284392088687,111.83237835420425,-0.0048559346380486895,-0.02019560138966471,485.520902850155,-0.10933761673283947,-0.023603667491772326,73.47607232432661,-0.04872820882073774,0.005919703319984943,1475.3601097185826,-0.022392613648271695,-0.00011883565740044411,93.50787105008278,-0.1609931089785844,-0.09076489679636862,743.6259317988907,0.04064674908288416,0.01590290884345062,0.006191257851461268,-0.004106012736085213,-0.00829874247702106,0.000797035392828889,0.014904714159784782,-0.009488252190968716,0.7314535359885271,-0.07012148475310506,-0.019945719130853863,4,0,1.0,4.5,3.0,1,1,1,1,0.02857142857142855,0,1.0,2.0,,0,True,False,False
ACC0414,2025-10-01,11,Standard,27606,13,False,9.913510392790476,0.05404444956845621,0.004766614592233716,69.98961831480857,0.048110480877583225,-0.0017231702900168126,14.379551382915421,0.054202915652043084,0.0007228027178075943,40.346813293007436,0.06317206668402037,0.01361890966204831,10.987629065156014,0.09189492064865089,0.019107871654120513,97.46956419302005,-0.09441469706200754,-0.027499310932715456,16.89201124680017,-0.01811516849308874,-0.007698269323807691,100.21856944013025,-0.01668999827194014,-0.029168019198660237,0.002856482958049411,0.0008556036967109076,0.007655271347823234,0.003064725399236322,-0.011135945454760043,-0.003296137947059949,0.7625777225223443,0.05404444956845622,0.004766614592233786,19,0,1.0,1.3157894736842106,3.3,10,5,7,1,0.1999999999999999,0,1.0,1.1428571428571428,3.25,4,False,False,True
ACC0415,2025-10-01,13,Standard,26673,25,False,11.957404007248732,0.08158675096502643,-0.031128985894260667,102.20526894151959,-0.00722728407586564,-0.0030709650105334198,20.852508652781296,0.09378243134537616,0.00465252526608775,52.28089457713651,-0.039104712478111106,-0.01788775278518415,7.570085482451785,0.01743405004935633,-0.01614593285516151,82.3032206505977,0.016400396954045975,-0.023784303053302886,21.985597053530714,0.09139150289621335,0.033189950612706756,110.08287685156597,0.020065487188630972,-0.001331038439042026,0.008221559714128523,9.390179928110698e-05,0.005237729309413214,0.0020422833414277773,-0.023468896216476354,0.007873422052225576,0.4782961602899492,0.08158675096502632,-0.031128985894260674,5,1,0.8,4.5,4.333333333333333,3,0,0,0,0.0,0,,,,0,False,False,True
ACC0416,2025-10-01,19,Enterprise,97306,167,False,100.87731499437818,-0.058383314382945785,0.0045988818788592,720.8433344741248,-0.03321927191649307,0.015608279375752694,148.59398154683464,0.05496389499292533,0.012223988039084824,506.9721997715133,0.003943166741701134,0.0031133749921562126,77.69689617202785,0.058118026081270015,-1.6950283863259045e-05,1732.1691335567245,-0.035319608886652205,0.03624620782266727,157.89055352321233,0.04939641126871154,-0.006392959835695295,811.6984100448277,0.030124965710326423,0.041974599658683304,-0.00028801823365098844,-0.004325619562499758,-0.0043371004966658855,-0.0028485563942622916,0.01943066835372592,-0.007631373666646901,0.6040557784094501,-0.058383314382945695,0.004598881878859166,3,0,1.0,3.0,,0,0,1,1,-0.028571428571428577,0,1.0,2.0,,0,True,False,False
ACC0417,2025-10-01,20,Professional,40813,69,False,47.47666786196289,0.0801241665620457,-0.0018492948778127713,284.5489711512524,-0.052112796813523855,-0.010204087083520165,56.6224397519434,-0.022689425232910336,-0.00649415511635878,161.0631646176909,0.08665607470719619,0.0028215219987382384,21.77152699026532,-0.09434952344179194,-0.025387362988716272,562.3541518848068,0.04941432306586311,-0.008783263553710207,82.15617301579215,-0.05941479030573069,0.005627169976553583,254.46313644406382,0.07363065891764657,0.006919661346411475,-8.874788641316522e-05,0.0013959654088691459,0.002339830686748201,-0.00029417984086121257,-0.009487835267210032,0.006134966898866986,0.6880676501733752,0.08012416656204585,-0.0018492948778128212,4,0,1.0,3.25,3.5,2,0,1,1,-0.08571428571428574,0,1.0,2.0,,0,False,True,False
ACC0418,2025-10-01,14,Enterprise,144449,98,False,88.52548788899237,0.06939897758507688,0.12080707836516677,496.85577888089,0.1164639268586041,0.08388595016434251,97.08540109965928,-0.00919411932304633,0.06546392285532238,298.2758447496086,0.045606717169766824,0.06095931577069453,64.65128097879574,0.02753393482667963,0.08354040327890748,1212.1654820354108,0.04959713148720468,0.05337651686951571,129.4843001355392,0.0972993843917282,0.08669264059910681,421.39986790904635,0.09743812529351761,0.10883701496268693,0.013348970888256761,0.0006067937598745812,0.0019911033698685465,0.002244284162514782,-0.02141418178476151,0.003223029604246863,0.9033213049897183,0.0693989775850769,0.12080707836516683,9,2,0.7777777777777778,10.285714285714286,1.0,1,3,3,1,0.2571428571428571,1,0.6666666666666666,3.0,,0,True,False,False
ACC0419,2025-10-01,21,Enterprise,130005,182,False,91.2825013618331,0.05979455446015252,0.0015341176164341088,489.88299664642847,-0.024193589010836934,-0.0084910385770925,158.51779723632603,-0.004021416680558604,-0.0002441446509174915,306.4042417357349,0.0557456186033659,0.031057331681148267,47.171526581796606,0.018955490429388544,0.00996335895942497,1386.9093129831538,0.007322042263351496,-0.004105582647503456,137.22548401666208,-0.02288782109601869,0.005935853771924602,586.8877450603369,-0.03235703845087024,-0.008368850075514182,0.002332948919902711,0.00019408105563709088,0.009665276418554983,0.00042731717856364995,-0.014757878861602625,0.002138255288944034,0.5015522052847973,0.05979455446015268,0.00153411761643422,2,0,1.0,3.5,,0,1,1,1,0.1428571428571428,0,1.0,2.0,,0,True,False,False
ACC0420,2025-10-01,18,Standard,24623,15,False,15.450290089424193,-0.08250906696019633,0.011856708817191098,92.33600771979917,0.06806700484832223,0.006832884356223001,20.67666366648868,-0.13090074276983216,-0.008453074126506484,69.1976242326939,-0.01064949949191063,0.027180355938736182,11.36905129302954,-0.0018881645133218003,0.003132405344873798,99.6753968552983,-0.025189326438566265,-0.004563053021433314,23.13655238540974,-0.0709535774327663,-0.020627746414172456,116.46067508706717,-0.02675620093520547,0.012598668428619985,0.004857199097584475,-0.000685600579308901,0.01354936944894003,0.001449323129403865,-0.014968716112891356,-0.004201574983728168,1.0300193392949462,-0.08250906696019611,0.011856708817191095,11,0,1.0,1.4545454545454546,3.0,4,0,0,0,0.0,0,,,,0,False,False,True
ACC0421,2024-06-01,4,Standard,22996,14,True,13.088190667829977,-0.042663435057330536,0.03231532135519431,75.7111759022781,-0.10163917598313284,0.008391889940669788,22.276456507385927,-0.0006627068273396415,-0.006259916749670558,38.40515069605663,0.022345095495338634,-0.012044230526890274,7.050316281168908,0.038337870678443534,0.026347746106583636,132.2534321758157,-0.06421316603299779,-0.02536895876471595,29.21746662099127,0.041956107011144474,0.04460175318671869,123.50093605232111,0.00762177068893547,-0.01690042387609787,0.02173120441500176,-0.004507199227066369,-0.01051929517538025,0.0005507686282019489,-0.014414569572989977,0.007159090932233006,0.9348707619878555,-0.04266343505733026,0.0323153213551943,2,0,1.0,6.5,3.5,2,1,2,1,-1.1286362135477398e-17,0,1.0,6.5,3.5,2,False,False,True
ACC0422,2025-10-01,10,Professional,44435,87,False,35.285817981135416,-0.0029760984011261518,0.004258378744175531,251.10589957419995,-0.06741862262368828,-0.02479758566408503,35.26720585873893,0.04674560081882236,-0.027929958492183427,112.80365677647121,-0.03773398922057737,-0.024520987111935236,20.627260306644743,0.050389077812548866,0.01741316050201124,375.7809673373725,-0.11798569443970573,-0.014671090707779144,49.523524044181364,0.056192529264942,-0.005993058708381477,360.3038420919927,0.03959869951442503,0.012067552047816055,-0.0051645833477506065,-0.004589287343091719,-0.0034332077483330004,0.0015687025448814507,0.011240712532173902,0.0003776633621199038,0.40558411472569444,-0.002976098401126174,0.004258378744175553,6,0,1.0,3.5,3.0,1,0,3,1,-0.3142857142857142,0,1.0,3.0,,0,False,True,False
ACC0423,2025-10-01,20,Standard,23666,19,False,10.257951453692236,0.05222974732217976,-0.0165990374177281,102.12293839033151,0.1363075158800834,0.01211245292404852,25.359126068291875,0.02756909221470553,0.028261571787378457,60.11828236785345,0.02889672348339077,-0.013450253697188734,10.000405209173561,-0.05114589031513983,0.01200396276994019,166.2337625260129,-0.010269191834324712,0.043425421703470524,23.00182723193264,0.11095896347203411,0.0010224962486290253,100.25574225552624,-0.020879618630762358,-0.03585534445676973,-0.01730903333975381,0.002450734832641549,-0.019954628135067792,-6.344354239775848e-05,0.040299023526194355,-0.005422653341616519,0.5398921817732756,0.052229747322179755,-0.01659903741772813,2,0,1.0,3.5,,0,0,0,0,0.0,0,,,,0,False,False,True
ACC0424,2025-10-01,21,Standard,21257,13,False,12.693276616583487,-0.04643459577612972,-0.0038654028630255312,106.00846463290247,-0.007382018193591938,-0.004561605421638144,21.594365460810977,0.015094687294960439,0.01848408159908716,48.00141114026468,0.03651403564809221,-0.02570579637643096,11.729825260714371,-0.047965556026928806,-0.013002279631523832,146.32818096808947,-0.03437264830384974,-0.00795726249083964,26.5185880835685,0.01246187230439929,0.0019923701293635228,115.99363489004374,-0.08283970280038946,-0.015369518101340872,-0.0028127593603517465,0.004678024778048108,-0.010058344247483503,0.0001518876729107166,0.0042834797897296495,0.0037577113671466295,0.9764058935833452,-0.046434595776129683,-0.0038654028630255924,8,1,0.875,3.4285714285714284,4.0,2,0,2,1,-0.17142857142857149,0,1.0,2.0,5.0,1,False,False,True
ACC0425,2025-05-01,5,Standard,23836,21,True,12.235549604537555,0.04992913345060907,0.052243637049354495,72.89622769101526,0.031568107490051386,0.01154789834124951,17.602610667898656,-0.011390666249466433,0.008290008877894975,43.51083694076368,0.022985453543383317,0.0506729689457406,10.483446935273191,0.042289691778966305,0.045377963383426874,109.78290805061579,-0.02620051477736764,0.018883046520120215,18.53576485851762,0.020938558733833063,0.028525445890270614,80.75809154334361,0.05141042827248054,0.0196910666836961,-0.011400841267958428,0.0006098237634398207,0.014987472920923506,0.0022019028044163377,-0.008048856460637965,0.0016504982398170692,0.5826452192636931,0.04992913345060893,0.05224363704935446,4,0,1.0,4.25,4.0,1,1,4,1,-0.17142857142857143,0,1.0,4.25,4.0,1,False,False,True
ACC0426,2025-10-01,12,Professional,44818,38,False,39.113153032455735,-0.04520784874667883,-0.011889647485103353,261.65504562815255,-0.08847255990703397,-0.025326023320670674,33.534713648614876,0.07042984489092878,-0.021528304728834605,190.42104006662305,-0.09530949580779806,-0.008085799842546945,23.05038215485149,0.014957833775905859,0.007803099720364234,617.4325076217189,-0.03946213181270516,0.018083981367914125,67.66678690482382,0.0948919784303617,0.029551985431013967,333.12826673301174,0.009715977652587164,0.007434981273461714,-0.022691586289075277,-0.004455957246610746,-0.002775473879094298,-0.0006488169671672005,0.027238945294080996,0.0033328890878667403,1.0292935008540984,-0.04520784874667858,-0.011889647485103409,15,0,1.0,1.6,3.25,4,4,8,1,-0.22857142857142845,0,1.0,1.625,3.3333333333333335,3,False,True,False
ACC0427,2025-10-01,21,Enterprise,146362,141,False,66.47383506314662,0.14397375440292035,0.0038086634557743817,485.8610476392728,0.014520338693508635,-0.00046236810844088616,97.12583084607677,-0.019208867883622523,-0.008024104263872962,454.71217418053135,0.0676570064710943,0.043845095707243466,54.1214146791094,-0.03009012485461577,0.009357189106009573,1386.4631841832652,-0.0270067512296123,0.022902115859102918,188.1570714519954,-0.006911325532616372,-0.02976714263023305,641.2786373141134,0.03471706254281373,0.01701352497985165,-0.01398717011142947,-0.0029077542511341953,0.005262103815389885,-0.00015428751617186862,0.026346493481064936,-0.014559385417719298,0.4714456387457207,0.14397375440292035,0.003808663455774442,4,0,1.0,5.0,3.5,2,0,0,0,0.0,0,,,,0,True,False,False
ACC0428,2025-10-01,20,Standard,26577,11,False,15.124348226409603,-0.11661340956067981,-0.0035620642653836888,131.12159642918945,0.016619190417350882,-0.0075645597139881475,20.94565713376213,-0.030894342081355757,-0.015536448878551648,51.48999618672198,0.021534829859578074,0.01756671898842484,7.24341015662931,-0.04942916828022782,-0.007148142046789972,126.02688024027331,0.02742163428880234,0.01683303310511251,29.887863343935418,0.09019409182956618,0.04862017665687237,131.91161542154006,0.06271480928876916,0.012662588693386738,-0.01563546937765181,-0.0007173624249636537,0.0022757804901179235,-0.0011164263967822392,0.003305067880731094,0.011888409828548802,1.3749407478554183,-0.1166134095606798,-0.0035620642653837187,15,0,1.0,1.5333333333333334,2.6666666666666665,3,0,0,0,0.0,0,,,,0,False,False,True
ACC0429,2025-10-01,20,Standard,12259,31,False,11.957404007248732,0.08158675096502643,-0.0023141947046904443,98.70510124379412,0.009826924708920834,-0.022488590425486055,15.752543606472841,0.04228207667104061,0.006103562612142544,57.013122155275674,0.023625089937879727,-0.002988303898312514,8.952181947981424,0.009029003974127396,0.007282719132333489,102.93650127156843,-0.05731280927980951,0.013845584568597084,21.999911855662663,0.0711917714987124,-0.004739821930832153,114.76926405226745,-0.0379447757252774,-0.019411957418687464,-0.022164914579229866,0.0005342745462345797,0.0009515200147792446,0.0004354335705627488,0.021046713082303048,-0.0008030266346499421,0.3857227099112494,0.08158675096502646,-0.0023141947046903984,6,0,1.0,4.0,,0,0,0,0,0.0,0,,,,0,False,False,True
ACC0430,2025-10-01,13,Enterprise,119003,172,False,103.90180276531872,-0.031265280101991616,-0.020167279007701912,444.8042036369214,0.12189301052704868,0.018511947912176408,127.28526164452585,0.06613204424856997,0.022241276794428028,385.81776951602177,0.002639821454245022,0.0011629090949744716,46.44183539255551,0.0276017619237549,-0.013914170030806928,1696.6502389639656,0.03367323935681872,-0.00221663722497342,152.4663130920985,-0.03713747737412325,0.0008057524967778458,646.4957525844911,-0.014574326793426679,0.010194714041346219,-0.0020633588074298603,5.2898495369796406e-05,0.0035500570982509583,-0.0010354166403733663,-0.0036192241400341274,0.0031150439942166375,0.6040802486355739,-0.03126528010199144,-0.020167279007701894,16,0,1.0,1.4375,2.6666666666666665,6,3,8,1,-0.3428571428571429,0,1.0,1.5,2.0,1,True,False,False
ACC0431,2025-10-01,14,Professional,65206,70,False,11.682706184830513,-0.08809625808788288,-0.12930554582225784,92.24142064654973,-0.024775712974361375,-0.09423066754033961,17.814673903496608,0.0310242503083218,-0.08278600065008647,47.56820040351584,-0.11214114722939984,-0.0910990746794939,6.535312602933311,0.0280208802697994,-0.05015913038622804,203.2720114580587,-0.08321611799389966,-0.11296518992532804,23.220561310790412,-0.18330968689810762,-0.10258748206005515,110.33817757110079,-0.05098044668623007,-0.10318397076677997,-0.003763876269110178,0.0024416583109774723,0.002911459438067948,0.0023989067641654385,-0.0031061629383337674,-0.0008819853057669066,0.1668958026404359,-0.08809625808788292,-0.12930554582225784,4,0,1.0,5.25,4.0,2,0,0,0,0.0,0,,,,0,False,True,False
ACC0432,2025-10-01,16,Standard,23964,29,False,12.283345870263323,0.11922472532462389,0.07963146525591852,61.28915910729768,0.093065934669624,0.08186646164512058,12.699777907354687,-0.01078500771866044,0.0753953341410314,43.27669260531625,-0.022985751948510155,0.047743354071100315,8.244084394285426,0.07544685475852601,0.08781696547668322,88.64709000198683,0.09568592148224662,0.08311926659605472,21.375840413081637,-0.02132401622081207,0.05721780915831844,77.06678060036413,0.01733836401426383,0.03726417110974666,0.01092013825777216,0.0033151072946721177,-0.01016935515789788,8.906601106258016e-06,0.004695406993573736,-0.008770203989226136,0.42356365069873525,0.1192247253246239,0.07963146525591863,18,5,0.7222222222222222,8.461538461538462,3.6666666666666665,3,8,12,1,0.4,3,0.75,6.555555555555555,3.5,2,False,False,True
ACC0433,2024-09-01,6,Professional,61424,32,True,42.74920424319429,-0.01611514722430245,0.0073742876632222855,207.09620281134622,0.004697104269958847,0.030183358877388072,36.21222878325779,0.01058658333137133,0.011902475607324952,100.27888875686995,-0.04983459710739088,-0.02550066480687636,29.872884558947188,-0.05370462352336669,-0.00829260203843165,411.78598333641634,-0.026921294358155927,-0.029491558359358145,42.777235530289346,0.012335242146385553,-9.874720105081358e-05,334.1965449316354,-0.062132795314249825,0.00024499667919794526,0.026255651600933128,0.0011430869577027936,-0.0017852982174270116,0.00083663123404841,-0.027605270244339175,0.001155198669081585,1.3359126325998216,-0.01611514722430245,0.0073742876632222855,2,0,1.0,3.5,4.0,1,2,2,1,0.2285714285714285,0,1.0,3.5,4.0,1,False,True,False
ACC0434,2025-10-01,15,Professional,58952,81,False,50.99230669509066,0.021844043206651446,-0.011652811888791654,292.6799933146919,0.010795532090718903,0.007855173971926635,57.09013504040586,0.08770513055184548,0.006078218024786156,156.25957639868327,0.05363143720421745,-0.011809508396523394,32.42528285108382,-0.048899707486948565,-0.004446490807556575,593.4680144718915,0.004612234690754035,-0.006414350799209387,52.657777869107925,0.03317395623441709,0.02154210474086483,226.94870080740375,0.081328905927813,-0.018831087604916204,0.01195376527751471,0.00023926032161350475,-0.0035117287978538025,0.000491059046339247,-0.013230976849461062,0.004058621001847396,0.6295346505566749,0.021844043206651693,-0.011652811888791574,18,0,1.0,1.6111111111111112,3.25,4,3,8,1,0.11428571428571427,0,1.0,1.5,3.5,2,False,True,False
ACC0435,2025-10-01,19,Standard,27513,39,False,12.316090712972525,0.0355255327797371,-0.009687813832218421,90.01904566744788,0.030731069104388203,-0.02230772584966169,17.125535830030262,0.0322726779371219,-0.015602768684321467,38.38515460486273,0.021766154207992043,-0.006361026257030855,9.292307655477561,0.0031941821872853837,0.005685795739772488,94.62640121926597,0.04006352001137545,-0.012755465296132617,21.756793075450815,-0.07315793783390917,-0.014517587472534366,116.36045497335077,0.0034028085165273897,0.028596669199142184,0.004684038548813552,-0.0016879071489882824,-9.111413096810073e-05,0.0013518433226744203,-0.005858622117424994,0.0016017615258933082,0.31579719776852627,0.035525532779737065,-0.009687813832218332,4,0,1.0,4.5,,0,1,2,1,-0.11428571428571427,0,1.0,3.5,,0,False,False,True
ACC0436,2025-10-01,14,Enterprise,90190,110,False,95.6522099374862,0.07340039053049269,0.013435242310012224,451.6163741459011,-0.08452873716575071,-0.025498228983791067,118.10227069979821,-0.023476128527398315,-0.014811584044348411,287.80067578389975,-0.0029329487340561066,0.0006629500167129054,46.55758169981625,-0.050535405890977866,0.01785719954976903,1665.2887531570407,-0.04460159889666642,-0.03421906836050113,194.62728211094222,-0.15979599044638204,-0.030281860283179446,592.0286523850449,0.04133320738680049,0.025811993291653016,0.002055885732016649,0.003170114086427006,0.00675561251816191,0.0027582465284351834,-0.018605790068349504,0.003865931203308748,0.8695655448862384,0.0734003905304929,0.013435242310012294,2,0,1.0,4.0,,0,0,0,0,0.0,0,,,,0,True,False,False
ACC0437,2025-10-01,13,Standard,14090,28,False,8.558498900135742,0.011213962066400079,-0.03195005319898038,82.31318688335016,0.08222041524981832,0.034698591205305385,19.514662252266096,0.05034862801281415,0.021626997252506625,54.189940501833256,0.055822449964563,0.021257845488277978,6.208637277110836,-0.04942916828022794,-0.04687419841169515,88.96069407763525,-0.008059843300665434,-0.02588144674071824,20.932965449164318,0.12431100408892654,0.03672716137071512,121.6499913987709,-0.03175760643060623,0.013591254713951286,0.03345313105783149,0.004698092050884936,0.0012276490803696527,-0.0030147039038227394,-0.039360614174580255,0.0029964458893168844,0.3056606750048479,0.011213962066400247,-0.031950053198980345,8,0,1.0,4.375,3.5,2,0,2,1,-0.17142857142857149,0,1.0,5.0,3.0,1,False,False,True
ACC0438,2025-07-01,8,Standard,13151,25,True,7.6102690118257454,-0.12967604976416552,-0.103238170624349,49.50259115449884,-0.11776249200326959,-0.07822438383180443,7.274095366863707,-0.1278539483112743,-0.13097678638332977,26.789870844688426,-0.11656517353471785,-0.1550597406033408,4.688760638825047,-0.31927345414823705,-0.1571109378234936,81.12046592969565,-0.06849997777469355,-0.14069882809979692,15.247413261289,-0.11466750678155506,-0.1071588985702979,42.361416390616675,-0.20117552060624466,-0.11070332940232332,0.03879381601627699,-0.0037682608612270366,-0.019271664649469333,-0.002133008166854203,-0.014891583038920353,0.001270700700193944,0.30441076047302984,-0.1296760497641654,-0.10323817062434888,9,1,0.8888888888888888,6.0,1.0,2,1,4,1,-0.05714285714285718,0,1.0,5.75,1.0,2,False,False,True
ACC0439,2025-10-01,21,Standard,19813,40,False,10.239452255805068,0.100072052820061,0.09092697574270364,55.36168063598627,-0.077090404746211,0.01986425913083605,16.117327516414765,0.011138261666726662,0.027926559928531183,48.748727403505235,-0.008555656863996825,0.0743466474880705,9.626180859815067,0.05930101287647257,0.08929345802554806,112.51742984795946,0.22674036327928127,0.03793328726583746,19.964342770178586,0.02906013459600855,0.02521840621526825,91.18619599810704,0.01107183463487377,0.058068363912478556,0.0021188108548287066,-0.002731933378010344,0.02467179152145646,0.006292065892075895,-0.02883195651953363,-0.0015187783708170977,0.25598630639512665,0.10007205282006103,0.09092697574270364,10,2,0.8,5.0,4.0,2,1,2,1,-0.11428571428571427,0,1.0,3.0,,0,False,False,True
ACC0440,2025-08-01,16,Standard,13664,28,True,17.80368071013181,0.04995418313059565,0.03386958410133885,90.80740469143763,0.04244409062662271,0.005219089738745938,26.073510363090687,-0.05249981844051411,0.021315634608166913,69.87013086583123,0.017820198912836673,0.018972221573502826,10.61688507480825,-0.05778227891756116,0.021907354916435046,125.27723517091925,-0.05228950737432876,0.04210828431770415,20.197286675696088,-0.005792592063919351,0.0027464145261900563,129.10145425925123,0.04237020575585234,0.0027685356371398317,-0.02202293508349029,-0.0001385008982540542,-0.0018426628761994412,0.0010709748749773013,0.02686767989993205,-0.00393455591696544,0.6358457396475647,0.04995418313059578,0.03386958410133893,4,0,1.0,2.75,,0,3,3,1,0.2571428571428571,0,1.0,3.0,,0,False,False,True
ACC0441,2025-10-01,15,Standard,12471,31,False,15.747740662794717,0.01842701746010394,-0.0037463297889034166,129.51015776548502,-0.014853613780538495,0.017408217581176697,16.821396539714588,-0.024990528416446983,0.0077538576375663654,65.05114483641245,-0.0074296060194247735,0.02111296160741937,6.896086570618142,-0.05191868400843579,0.025424694328899235,96.45095094325383,0.13379349498486304,-0.012092259849775203,24.44972630080017,0.015558877822870132,0.0032241951882282373,103.75364753243021,-0.03931830684750653,0.026685595468822765,0.010475009270028535,0.0028138524459336775,0.009585138271329535,0.0023431700713181375,-0.026214634756195676,0.0009974646975857704,0.5079916342837006,0.018427017460103983,-0.0037463297889034535,15,0,1.0,1.6666666666666667,3.3333333333333335,3,2,4,1,0.1142857142857142,0,1.0,1.5,4.0,1,False,False,True
ACC0442,2025-10-01,14,Enterprise,176814,122,False,112.92442484517342,0.0175330548514031,0.0003865367413275727,545.5166518377133,-0.004714696018944121,-0.0159764087938036,119.40049230310679,-0.08359088867628399,-0.029384643493167863,550.8679665573453,0.07572824860597645,0.03844023596333269,47.64179435358354,-0.05644991808864153,0.011359691022431583,1377.9817049076344,0.06684159979737006,0.024393865418913988,110.9658838797775,-0.007267025233194427,0.0011754950416094326,820.9282062861917,-0.09700098539968707,-0.010421364755143879,-0.005585953564421375,-0.0037664802951991663,0.013843252704633796,0.001036595918671144,-0.004759956201586757,-0.0007674585620977281,0.9256100397145364,0.017533054851403163,0.00038653674132755494,1,0,1.0,3.0,,0,0,0,0,0.0,0,,,,0,True,False,False
ACC0443,2025-10-01,16,Standard,13863,15,False,7.515183625673565,0.09089891061706674,0.07207469533535794,68.47503008572119,0.11762298603502684,0.08649675052772884,16.47946946466905,-0.022069515764145432,0.04249362119425455,50.08179184860352,0.021127542184950724,0.08397805066296811,7.570085482451785,0.01743405004935633,0.023656222269582996,135.14159269241145,-0.002879680620815479,0.046425371534020425,18.58302909587955,0.036594926282807375,0.02011000765898785,62.091098349569144,0.27664716036588016,0.08753101432397799,0.016347854194637967,-0.004112535888585303,0.014459007227511894,-0.004181989315334776,-0.01384313525716141,-0.008669200961068393,0.501012241711571,0.0908989106170667,0.0720746953353579,9,2,0.7777777777777778,5.142857142857143,3.0,3,2,4,1,0.11428571428571424,1,0.75,4.666666666666667,4.0,1,False,False,True
ACC0444,2025-10-01,20,Professional,46471,86,False,29.09715455847252,0.02500999109827152,0.0031168436151382713,165.10813007388933,0.05625128522198808,0.005564846042617075,45.23064634543698,0.022663577946604875,-0.009827429929924244,191.1356601609971,0.009892100816713763,0.028957940760985124,29.238371171773633,0.018055349034816225,-0.0012566596638515454,385.61912668396855,0.03518806209423748,0.013229768162596783,54.47231479821269,-0.020519801253442615,-0.026629354658636112,252.6272696459806,-0.034150327356872734,0.011308533460320727,-0.00846607798831775,-0.004046656336637373,0.017231915118397417,-0.0006764028325890181,0.002966188335535691,-0.007008966296388808,0.3383390064938665,0.025009991098271688,0.00311684361513833,2,0,1.0,5.5,4.0,1,0,0,0,0.0,0,,,,0,False,True,False
ACC0445,2025-10-01,11,Standard,17392,20,False,14.044034556173088,-0.014150413940987294,0.028380710786713094,75.34925511195222,-0.04135652078539113,-0.0036600171249125293,14.414697205957642,-0.021298555887360845,0.05053467122381053,36.3453622986441,-0.03531626069398201,-0.04675247040448991,10.327080534996036,-0.0020786745226676743,0.012762562738001318,121.36788881616475,-0.00015494692201872836,0.014087948906817605,22.658830359868052,0.11043464388716397,-0.008663267199268698,121.05082272723774,0.03449123436789094,0.006969250562500684,0.0006587856243125967,0.008580394220289049,-0.0213573361286869,0.0006317143050544385,0.022776172343107526,-0.011289730364076628,0.7022017278086543,-0.014150413940987004,0.02838071078671317,6,0,1.0,5.833333333333333,,0,1,3,1,-0.14285714285714282,0,1.0,3.3333333333333335,,0,False,False,True
ACC0446,2025-10-01,12,Professional,45904,91,False,23.914808014497464,0.08158675096502643,0.047853546648564255,123.13980529159566,0.13177330219190297,0.050061739928732724,43.480581223791795,0.052473060176664206,0.09321574048412905,122.23146964725618,0.12302716648628169,0.1294214960033128,16.828294496066988,0.07088255516984272,0.08377856331094342,478.7770176199236,0.15302662924067054,0.061582078607128284,49.14723447483254,0.07668586695114285,0.05935383285713967,264.93457363340366,0.13310946307269741,0.09240706473503048,-0.003939014659622431,0.005339584724291545,0.023320825546420496,0.0018781101258561542,-0.024043286805144448,-0.0025562189318012185,0.2628000880714007,0.08158675096502635,0.04785354664856429,11,1,0.9090909090909091,5.5,4.5,2,5,6,1,0.39999999999999997,0,1.0,4.833333333333333,5.0,1,False,True,False
ACC0447,2025-10-01,10,Standard,24493,28,False,4.819406285186129,-0.1524044812529313,-0.07328114393523161,53.25679806756927,-0.06231982874811527,-0.08040984452527776,7.2174560395831975,-0.05497390458459479,-0.09765236949215086,19.392559559103496,-0.04969635942755943,-0.06456119616464172,4.84718907176989,-0.15385263328073182,-0.0877046285903408,58.08042278295949,-0.08271353157230067,-0.0810773461486341,13.129022886272233,-0.08700043497799546,-0.07637825311636141,48.30733301717013,-0.0711640904161072,-0.11350111376794746,0.007886532883106312,-0.0040846502600953155,0.0062000631752778534,-0.00117697277285847,-0.00862914979643431,-0.00019582322899625026,0.1721216530423618,-0.1524044812529313,-0.07328114393523164,4,0,1.0,4.0,4.0,1,1,3,1,-0.14285714285714282,0,1.0,4.666666666666667,4.0,1,False,False,True
ACC0448,2025-05-01,6,Standard,27624,23,True,9.87379809182457,0.1005521734973728,0.024201834253368342,92.75273597415726,0.13288310163629186,0.03921589858336956,18.97123234560885,0.017480470327704535,0.024469165940345986,58.369608471476475,0.039322130866830486,0.02570878921661475,9.12923532594314,0.0437065703161994,0.00788197445915759,98.37771910290007,-0.007291619066784737,0.011783689106481516,19.194481167797992,-0.007338447855988465,0.003511168437192146,79.00811497870237,0.03168738012826888,0.012738355725095402,0.007445388706015799,0.0024589673737828027,0.0008076539543462324,-0.00047456627419110303,-0.0081576186665126,-0.002079825093440943,0.42929556920976397,0.10055217349737285,0.02420183425336829,3,0,1.0,4.0,,0,2,2,1,0.17142857142857137,0,1.0,4.5,,0,False,False,True
ACC0449,2025-10-01,18,Standard,28478,30,False,9.569069331888718,0.055989793143633004,-0.02290754434557683,101.5294581597491,-0.011299987184374352,0.010409397955436486,15.101193317736355,-0.02408378619377787,-0.008200795763968805,35.69198326695695,-0.08013595371004348,0.011896744859578822,7.556635100778121,0.08907909297312806,0.02390558586283951,114.83096435966223,-0.09046370639118875,-0.040017664524452726,18.66703802126022,-0.10365265663439634,-0.03369904469256439,91.60004431607882,-0.009886349811876872,-0.016568494959586615,0.008658679900346078,0.0016737648514243697,0.013036914551398285,0.0021615701666194143,-0.022914913344853183,-0.002616016124934867,0.3189689777296239,0.0559897931436331,-0.022907544345576954,7,0,1.0,5.142857142857143,4.0,2,0,1,1,-0.1428571428571428,0,1.0,2.0,4.0,1,False,False,True
ACC0450,2025-09-01,18,Enterprise,159819,114,True,85.08186682798504,-0.005540528415536182,-0.010197219106775223,462.6402228770162,-0.0698189128896388,0.0058150412238819355,127.61105738479404,-0.11008023015694554,-0.004519664802500744,396.26300210561175,0.013013843366594885,0.006975747369624128,46.77058125015794,-0.03551593337649109,-0.003006961193398367,1377.104678344146,-0.018688153582717346,-0.004058814781002072,132.6769926909581,-0.002333638053990208,-0.01109528108889143,947.7138917643082,0.017317920513850338,0.014233086797771036,0.0028581812147968344,-0.0009268044603329556,-0.0008233239357130495,-0.0006229400970281969,0.002690608632707092,-0.0031757213544295684,0.7463321651577636,-0.005540528415536227,-0.010197219106775271,4,0,1.0,1.75,4.0,1,1,3,1,-0.08571428571428569,0,1.0,1.6666666666666667,,0,True,False,False
ACC0451,2025-10-01,15,Enterprise,132713,143,False,82.44653607184063,0.031814001956975264,-0.003717895990568919,608.8670299476606,0.006175490014534915,0.01940198967068659,108.80947455475304,-0.023397386931280777,0.008272998031980247,430.6090112424006,0.03376022339354119,0.020519833550998713,42.65726533900783,0.03604582444644282,-0.011414671992923921,1729.4662779765574,-0.005186797304881207,0.032080356265248855,109.19354764388716,-0.09140139007541617,-0.01921915505817171,719.612067010467,0.0208860526009662,0.04511370252888979,-0.009902828928148089,-0.002497705985022851,-0.005079447361794082,-0.0026316227046331696,0.025901867886370944,-0.005790262906772765,0.5765492032995848,0.03181400195697525,-0.003717895990568956,6,0,1.0,3.3333333333333335,4.0,2,0,1,1,-0.08571428571428574,0,1.0,2.0,,0,True,False,False
ACC0452,2025-10-01,16,Standard,16449,31,False,10.616638159416029,-0.00021285891844728737,0.009384536590262128,83.96012382656052,-0.029995220388463,0.00356582315972716,26.390191216803757,0.024344136148479998,-0.02714759290494023,66.07067295652912,-0.009618091672555663,-0.002883932176781638,7.209311514766955,0.09337066366565187,0.019974538801100082,105.04512873012065,0.1349499011174172,-0.003929108154252809,20.34218670386753,-0.022407559931370453,-0.025786700020688853,135.39196095308768,-0.021041152107805137,-0.005065260856993334,0.007372008208716085,-0.0026515579639811437,0.009016712496997259,0.0007758038245693939,-0.012701728683992497,-0.0018112378823090802,0.34247219869083967,-0.0002128589184472494,0.00938453659026212,18,0,1.0,1.7222222222222223,3.4285714285714284,7,2,3,1,0.08571428571428572,0,1.0,1.6666666666666667,,0,False,False,True
ACC0453,2025-10-01,10,Professional,72575,79,False,19.10539382106823,0.10983721653162495,0.018259340336358666,124.85604435698819,0.03184105915068956,0.05503942920235317,34.48491930429176,0.12327962687899699,0.02783387587167214,82.35750310154471,0.10800154706938961,0.05693416558458431,15.45339590905238,0.08380866226692801,0.051152145034127336,447.65803204991545,0.07759689012867674,0.03941365994477785,46.994363766683534,0.13690514088234274,0.04249025938501743,250.11769576132914,0.2281978392902216,0.08129480891933451,0.005531246812254614,-0.0031968072662819508,0.010942789512907058,0.0009160387981745899,-0.012516752877511528,-0.0016765149795429507,0.24184042811478776,0.10983721653162506,0.018259340336358662,16,5,0.6875,7.0,2.25,4,8,11,1,0.714285714285714,4,0.6363636363636364,8.0,2.3333333333333335,3,False,True,False
ACC0454,2025-10-01,14,Enterprise,177501,178,False,82.01961269171072,-0.06818599090373974,0.006324467854398205,550.1980982394546,-0.06120038288233167,-0.0018927561725977102,144.68840590502182,-0.05562849419147107,-0.027255793065281007,375.62237091149245,-0.04960006835055663,-0.0008430013263306619,54.71282055018827,0.015015581547511727,0.00020140194383447607,1833.476223686352,0.06251819283821118,0.02041564925824463,164.65307055518974,0.0716254520042012,-0.016199494765573925,637.9587336939006,0.011157973366545247,0.026902184647427344,-0.0038413054693100523,-0.0027277669440841715,0.0005394752706245759,-0.00037857968660906516,0.00992773334611008,-0.003519556516731373,0.46078434096466697,-0.06818599090373934,0.006324467854398232,3,0,1.0,6.333333333333333,4.0,1,0,0,0,0.0,0,,,,0,True,False,False
ACC0455,2025-10-01,11,Professional,36699,100,False,30.84359759956025,-0.012886233632759413,0.005019943623997872,214.51625819521414,0.03456094537524093,-0.0005228936895702008,41.09673872493124,0.04781578787121616,0.018243240460230473,95.56735388471202,-0.0312706527183764,-0.03347341279901912,19.919162752948747,0.07934819328410242,0.013749921318290307,387.2948632678893,0.042426329151522064,0.007052116852972265,81.41790867922644,-0.0411737845618075,0.003860528623771965,310.95912720365794,0.02449838491715076,-0.024445346090961866,-0.008121449118562218,0.0020145868306695874,-0.011240926444681568,0.001466793003057347,0.008558026411913666,0.007322969317603012,0.3084359759956025,-0.01288623363275952,0.005019943623997855,6,0,1.0,5.5,4.0,1,0,0,0,0.0,0,,,,0,False,True,False
ACC0456,2025-10-01,10,Professional,69340,34,False,39.09465383456857,-0.032723367169039064,0.02415848357939342,260.41152660981675,-0.019208562651023817,-0.005972524818722641,44.82807465076519,0.05669134157062085,0.017906798363890176,121.26474030203464,-0.14680520038076336,-0.02867364150892099,16.488168788570853,0.07544685475852601,-0.015091000651966445,401.5310155878042,-0.10526179687963372,-0.019849005980307276,47.44844480405258,0.06391246997264174,0.025305594072828074,326.5706382983994,0.007092485727546464,0.014656347602973512,0.010886403976119174,0.004482706343891973,-0.0003166603776699195,-0.0004148182665749296,-0.019413965218707085,0.004776333542940749,1.1498427598402523,-0.032723367169039085,0.024158483579393403,4,0,1.0,3.75,4.0,3,2,2,1,0.17142857142857137,0,1.0,4.0,4.0,1,False,True,False
ACC0457,2025-10-01,21,Professional,50131,37,False,6.5331044835646574,-0.1274636958682396,-0.13689147696676857,53.08611878803487,-0.1805165356456178,-0.12154813422488008,7.617385772567346,-0.2585833104063963,-0.1397718058362879,23.910439427936737,-0.07147851967119548,-0.10456202657784695,4.84718907176989,-0.15385263328073182,-0.1530396908426261,84.99724354534497,-0.2023693614689946,-0.11585454167891092,10.385373432826453,-0.14784020285056781,-0.10374812351718407,46.634379999926665,-0.10534056035636025,-0.09060960973530777,-0.012720025045443506,-7.587347502293479e-05,0.0060877963937094465,-0.0024968681846765477,0.005195692711755628,0.004009277599677903,0.1765703914476934,-0.1274636958682397,-0.13689147696676862,4,0,1.0,4.75,4.5,2,1,1,1,0.08571428571428572,0,1.0,5.0,4.0,1,False,True,False
ACC0458,2025-07-01,14,Enterprise,131354,90,True,27.522006910269084,-0.1837798710825974,-0.1438218764856377,182.70552311047425,-0.1718612633118655,-0.09400948925237268,22.561639533111247,-0.17281880461865812,-0.13906748830412757,80.7422254331505,-0.13044401062284242,-0.12427341171567759,9.396887055005221,-0.20313639298890396,-0.16864134064979458,497.91519680195006,-0.26175451875854683,-0.13565190348629064,54.76287151351761,-0.16003889646149988,-0.1437665414776617,224.65916406333977,-0.27074614345033793,-0.11052548774969874,0.006412121525205539,-0.0003708605904707389,0.0005070623728421764,-0.0015144232509783067,-0.0011025364625181222,-0.0039313635940804725,0.3058000767807676,-0.1837798710825972,-0.14382187648563782,7,2,0.7142857142857143,9.2,4.0,1,0,2,1,-0.11428571428571425,0,1.0,4.0,,0,True,False,False
ACC0459,2025-10-01,12,Standard,13367,33,False,11.30552028121955,-0.0001998887322252387,0.07884077786237577,78.25560615908607,0.051789192026886165,0.08752193719461722,15.352613873488693,0.14583883663280747,0.11196800562906928,49.36377569214068,0.06847282559848768,0.07835937571876402,4.813090429907533,0.05930101287647257,0.07128896837600653,79.29694898254068,-0.011403118390484326,0.06071908382559674,23.08739052165343,-0.00487767556392187,0.11255225553640133,63.58614656103518,0.05095204137243542,0.04402676282546169,0.007309970986980774,0.0036319941359418267,0.0005000805380089568,-0.0018618310353723279,-0.02119156561416613,0.011611350988606953,0.34259152367331974,-0.00019988873222512958,0.07884077786237573,9,1,0.8888888888888888,4.375,2.0,2,3,4,1,0.22857142857142862,0,1.0,4.75,,0,False,False,True
ACC0460,2024-11-01,9,Professional,43202,52,True,35.62592271155486,0.035071249967738784,0.024643255507852856,164.07585819114868,0.010940993846191247,-0.02627391865823503,32.322393896516836,-0.03705615508604114,-0.021357062543055826,114.63962776814327,-0.06741542998589314,-0.020438961698222118,24.96891786609865,-0.033890810750006946,-0.021910877444057543,404.638290091927,0.03547817555448293,-0.014395081809350847,65.68054607325845,-0.008683717528421835,-0.0297649037753133,276.04119928431686,-0.007110711668202745,-0.026382185555594236,-0.0060565899278643975,0.0013838416306688542,0.004479900860918595,0.0006902103749370954,-0.00036703132821880313,-0.00013033161044137542,0.6851138982991319,0.03507124996773892,0.024643255507852943,3,0,1.0,3.0,4.0,1,1,2,1,0.057142857142857155,0,1.0,4.0,,0,False,True,False
ACC0461,2025-08-01,13,Standard,12372,21,True,12.730237344379558,-0.0532628640909945,0.015429921968820063,67.45232737112269,0.05088696460426894,0.0071994593989702866,20.558548725136987,0.01653152913821026,0.011273336822796232,36.247288310488294,0.024908798173632875,0.023230355852667632,8.771503690339717,0.05510063930985043,0.01096064571930348,151.65565914490938,-0.07365120462735092,0.0055513802088752616,19.462248822818783,-0.033909585646746676,0.024436032576591077,71.50757385957321,0.041833808233156106,0.0026174348143759058,-0.002991742428547467,-8.814349917067588e-05,0.002575033162159998,-0.0009218578804045426,-0.003228781288009075,0.004655491933971814,0.6062017783037884,-0.053262864090994504,0.015429921968820037,4,0,1.0,3.75,,0,3,3,1,0.2571428571428571,0,1.0,3.3333333333333335,,0,False,False,True
ACC0462,2025-10-01,20,Professional,57963,87,False,41.33924847989636,0.0754949969745973,0.025133048743959614,187.80473334956682,-0.0017176863644730817,-0.0070473783652906016,46.26963737901178,0.024604723479659533,0.011874438845924014,112.6077040686635,0.11967801407839794,-0.021628834136124077,29.32721671568704,-0.0690297989122464,-0.01955658602656782,659.163619065262,0.08380668830958055,0.013276926412541131,78.32857181514636,0.08946376735106418,0.0263599193509634,344.9591246686692,-0.09276595429431378,-0.005751048754961562,-0.005146386531644481,0.002067124810419513,-0.011955786309915464,-0.0014881707140977501,0.012873076555003804,0.0036501421902343234,0.4751637756309927,0.0754949969745971,0.02513304874395964,1,0,1.0,3.0,3.0,1,0,0,0,0.0,0,,,,0,False,True,False
ACC0463,2025-10-01,14,Enterprise,103870,199,False,35.50078623527781,-0.19029392574213683,-0.07580870465433959,223.6330475043413,-0.09723435369254431,-0.11591651825921016,35.1871513151148,-0.15800149312514689,-0.11146666659899618,175.01469708991354,-0.11476085160200322,-0.1283570076193025,24.923394652356752,-0.15166120141435177,-0.111086503177452,476.9396995493577,-0.10192108875364622,-0.06948371515463063,71.03833451364993,-0.17905434455346747,-0.09491944907608263,286.06999106845456,-0.18579376469755687,-0.09922340442363553,-0.02475499776772258,-0.0011450609180862353,-0.022515414756396845,-0.000343941431720219,0.047041312979614336,0.0017181018943114856,0.17839591073003924,-0.19029392574213685,-0.07580870465433971,8,1,0.875,4.857142857142857,4.0,1,2,2,1,0.0571428571428571,0,1.0,5.0,,0,True,False,False
ACC0464,2025-10-01,18,Professional,30336,54,False,40.43116612933614,-0.00867153783478732,-0.012696361651872686,308.36423717738575,0.07042130468060859,0.016601083949945916,56.52228620619203,0.036939593483618485,0.011084006231544912,124.26957349591646,0.0552493426967561,0.018690569165972608,25.549844540654377,-0.06722405269611645,0.0075238764343743296,495.622648490397,0.0441229482409215,0.01216988405102261,68.84481747662663,0.02809054282210915,-0.014810777751476835,274.52011463342905,0.1335753326445594,-0.009741025008828307,0.007940397304816271,0.0006456799932811896,0.00017624558676541946,0.00011896915639414071,-0.0043427869683614895,-0.004538505072895521,0.74872529869141,-0.008671537834787116,-0.012696361651872696,9,1,0.8888888888888888,4.625,5.0,2,0,3,1,-0.37142857142857133,1,0.6666666666666666,3.5,,0,False,True,False
ACC0465,2025-03-01,12,Standard,20697,34,True,10.682164778586985,-0.06720573023586042,0.04697925064367732,91.72180304469794,-0.010307177097362022,-0.018276580728011697,17.005008139298127,0.024811716099746212,0.035042563891736336,37.95589934874392,0.032634971777640485,0.045950415070375485,10.696143654362245,0.0666105745088491,0.025622286430342724,130.7288182723012,0.0285547964660816,0.012131846892782575,18.466771280039527,-0.07812309115971666,-0.022567283853015294,108.16680167242627,-0.012194737985986115,0.009932423310271549,-0.02992273109932042,0.0031120926930227055,0.017303398965813954,0.0012226391469845749,0.01158015932705081,-0.003295559033551658,0.31418131701726426,-0.06720573023586035,0.04697925064367736,3,0,1.0,2.6666666666666665,,0,1,2,1,0.057142857142857155,0,1.0,3.0,,0,False,False,True
ACC0466,2025-06-01,13,Professional,50476,63,True,26.605765003091175,0.05551965946533151,0.00951510626226054,253.23294152443327,0.09269546684328604,0.011459977176474236,52.11304829468899,-0.15013199867385651,-0.004364443418428022,113.09581102234993,0.023830000842643785,0.012876157462546488,22.51977079164889,-0.03533247005718106,-0.00035250936222044855,402.0979043145285,0.0020731995289603035,0.046997765452668046,49.47595122941349,-0.07614809969055436,-0.020421077442895605,275.8343534257975,-0.05682938590097372,-0.005218598485832151,-0.02886769165253894,-0.0005910765875330876,-0.0036203591860834716,-0.0013558494561141665,0.039163691302176895,-0.004728714419907187,0.4223137302077964,0.05551965946533139,0.009515106262260585,2,0,1.0,2.0,3.5,2,1,1,1,0.02857142857142855,0,1.0,2.0,3.0,1,False,True,False
ACC0467,2025-08-01,16,Enterprise,115293,180,True,118.49260519746673,0.03526356920790526,0.017732846964070032,717.4279980557379,-0.0181289048206871,0.026100845187166242,102.12118976283703,-0.08553264797688162,0.017615019908774964,461.4031811356993,-0.006711845924770975,0.016171534104440312,47.97958216493828,-0.006178839525843358,0.020120866715596656,1207.0550644113252,-0.00985784059830376,0.014496155280997835,162.28057726546353,0.03458261781044288,0.02088011851484039,638.797119797876,0.048133546381383084,0.03439250987993672,0.008222354460277082,0.0015912270940429338,-0.0001690096283201714,9.782489071776326e-05,-0.008137877589477593,-0.0016045192272399478,0.6582922510970374,0.03526356920790537,0.017732846964070022,4,0,1.0,4.25,,0,2,3,1,0.1428571428571428,0,1.0,5.0,,0,True,False,False
ACC0468,2025-10-01,21,Professional,65000,68,False,6.877545544466417,-0.12108006229613731,-0.09646134872586976,33.21025105012416,-0.07350611392472166,-0.12656908631457683,6.56874771253435,-0.20853810957344845,-0.11649645822622813,28.867350619151207,-0.1737086978004472,-0.1302747283096311,4.486415104085059,-0.045602523713833,-0.07860642029579397,82.70334702270041,-0.11745038328008632,-0.12469037753513205,8.98819059205535,-0.10485697967612317,-0.1295213419075314,56.54520208546027,-0.23084665792792608,-0.14530855397417736,-0.0031478940870651173,0.0016142886556966135,0.0005036040321656221,0.002879576777872119,-2.4902005178573106e-05,-0.0018246733734908135,0.10114037565391791,-0.1210800622961375,-0.09646134872586969,4,0,1.0,4.25,,0,0,0,0,0.0,0,,,,0,False,True,False
ACC0469,2025-10-01,11,Standard,22589,19,False,13.000719281710909,0.029876686963353986,0.026093644169704597,98.35840968436924,0.008969114052693582,0.0053085260819317704,15.792973352890343,-0.019439799408278512,-0.013218731523689499,33.869532395097984,0.029160916514047924,-0.007513180094251702,7.570085482451785,0.01743405004935633,-0.016236165537968406,86.26755886892052,0.08006280549819177,-0.014249817377646265,19.289555099501133,0.007106562507146585,-0.0004520608500138163,75.9300778052672,0.0591366339947389,-0.008141606286623755,0.013246543362451513,-0.0006629766920577262,-0.0015544120072112921,-0.0007495689711950505,-0.0136841448583776,0.003404559166390292,0.6842483832479426,0.02987668696335394,0.026093644169704572,2,1,0.5,3.0,,0,0,0,0,0.0,0,,,,0,False,False,True
ACC0470,2025-06-01,17,Professional,65853,46,True,6.0151429821846385,-0.0528394947744173,-0.183117995333813,51.01764301863198,-0.23164846820277846,-0.19113767364557308,6.680539215741095,-0.19203823347126603,-0.18657673316128204,12.97438266268795,-0.16801699593790173,-0.22222658850288468,2.4548087044278035,-0.17620570701038857,-0.22926190150957462,99.42854018462218,-0.12451730009598531,-0.16755752872717894,15.034616783576732,-0.2034096275631255,-0.17938386213196864,50.304920281516814,-0.2499033958891922,-0.16387822022402362,0.004858068348320199,0.0004984831387246647,-0.0170270052397834,-0.0020780847662878257,0.009205641532105346,0.004542896986921119,0.1307639778735791,-0.05283949477441744,-0.18311799533381307,8,1,0.875,3.4285714285714284,3.0,1,2,5,1,-0.14285714285714282,1,0.8,3.75,,0,False,True,False
ACC0471,2025-10-01,17,Professional,49253,90,False,70.46914788107809,0.04004139750729701,0.017487621492524287,278.2974862902065,0.03727128099526712,0.013492361664999427,66.7872240215181,0.03564742621867536,0.042504739528887996,203.2095184629221,-0.039493957028875926,0.035739858968385343,36.40013366300457,0.07619153585771135,0.05895281010079419,647.9371341239136,-0.0008971541657747871,-0.015429645539319982,66.66600770278343,-0.0797709159422254,0.013070134781987262,411.78148736042334,-0.0028478380826121802,0.027062519426715906,0.0019290888488233127,0.005565944473478607,0.021787584470472604,0.0046759369924345255,-0.037915511604071195,0.003956956818862024,0.7829905320119788,0.04004139750729706,0.017487621492524228,6,1,0.8333333333333334,4.2,4.5,2,1,3,1,0.02857142857142855,0,1.0,4.0,4.5,2,False,True,False
ACC0472,2024-09-01,4,Standard,26579,23,True,12.16380339809429,-0.24889137955202723,-0.13135999166923418,74.0168270437167,-0.11279578344848541,-0.08084880909639595,15.826247422468425,-0.136038873139996,-0.0990775847104726,25.97685956464365,-0.07158284384677598,-0.05332738334453842,5.39747532517789,-0.0334516471285831,-0.003960988634091461,88.52548061034145,-0.14135924485937051,-0.06728231960943029,13.385155855555999,-0.24098717385872964,-0.13251354327369774,108.04369141644696,-0.15870794773265304,-0.08135250740098138,-0.015106008916139002,-0.004040086135733145,0.00042440767685195113,0.0035134996293242453,0.021349453891012393,-0.006141266145316453,0.5288610173084474,-0.24889137955202728,-0.1313599916692343,10,2,0.8,4.375,4.0,3,9,10,1,0.7999999999999997,2,0.8,4.375,4.0,3,False,False,True
ACC0473,2025-10-01,13,Enterprise,109365,196,False,97.82708292278126,0.03427408425528305,-0.013633733430419627,531.5821963446671,0.005521931203531936,0.01900686250246417,102.76642478861977,0.03502632116410682,-0.002376662115475249,491.77519975971603,0.08842935670482074,0.020331682758440422,62.677778642187235,-0.009872922068220791,0.016731941235472687,1416.188503686072,-0.016044980273812463,0.007073018410966409,118.76671771398935,0.025578839995196813,0.020091765937459122,695.524110618782,-0.08134306950792969,0.0005305950022405221,0.005996833106541644,-0.001959063759751724,-0.004758949263932999,-9.983014883437058e-05,0.00014131191349375793,0.0006796981524837264,0.49911777001419017,0.03427408425528301,-0.013633733430419598,6,0,1.0,3.5,3.0,1,1,2,1,0.057142857142857155,0,1.0,4.0,,0,True,False,False
ACC0474,2025-10-01,19,Standard,21780,12,False,14.374229972252813,0.023604823136215352,-0.0167797615880977,121.05420668242589,0.034291318039025194,0.020917003950949656,14.35933650970667,0.08816179321051928,-0.008283574923169066,49.13740362150702,-0.004358896053653956,0.011248989408118241,9.618982981300036,0.054027989584339076,0.04158852059689098,91.09982869409073,-0.031670779591759214,0.0014970050622581464,29.628875397251505,0.0010407746638620113,-0.009749892636531093,141.83563107002723,-0.07545740969704744,0.004076758345514666,0.019518422973813954,-0.0036672892748167707,-0.001975566538277851,0.0024781821312576113,-0.013289670952608357,-0.0030640783393686005,1.1978524976877345,0.0236048231362154,-0.01677976158809766,6,1,0.8333333333333334,2.6,5.0,1,0,0,0,0.0,0,,,,0,False,False,True
ACC0475,2025-10-01,14,Standard,21107,34,False,12.316090712972525,0.0355255327797371,-0.007670200991275602,92.10907193242673,0.025121049418016725,0.022743279160046148,14.759266242690819,-0.020801320945918716,0.024548976272159122,50.64800662594274,0.09085538361214712,-0.005258566498854891,6.88263618894448,0.026606841760234028,0.014305938068001548,143.86091291359662,0.047822874077405084,0.02374559063445343,30.29899997490861,0.020586097894333653,0.022601078992953248,95.04899504740006,-0.009527613421273685,0.0011923553426854822,0.009341223320738834,0.0013221563220090979,-0.007132003871719028,-0.0007193676019899217,-0.00580588589220421,0.0029938777231652974,0.36223796214625076,0.035525532779737176,-0.007670200991275582,3,1,0.6666666666666666,6.5,4.0,1,1,2,1,-0.05714285714285711,1,0.5,11.0,4.0,1,False,False,True
ACC0476,2025-10-01,13,Standard,20725,14,False,8.902939961037502,0.010780111112898607,-0.018906452974050313,83.1515116583935,0.019582519841158188,0.009977963750903282,20.54572740077798,0.04506313042025465,0.0156091752717244,33.89132345868497,0.014633216937695882,-0.011371336140773758,11.021727707018371,-0.0019476655359544673,-0.004976983733211308,121.42577245756752,0.06054381880105366,0.004959614996716376,27.48876512689434,0.08376380922740832,0.020762166603465894,88.51418989516254,-0.013473803531686687,0.01159373240017364,0.0063247224134632685,0.0027756173163405173,-0.0007709122604203783,0.0004307820959574063,-0.012948441410598976,0.004188231845258197,0.6359242829312501,0.010780111112898698,-0.018906452974050286,2,0,1.0,2.0,3.0,1,0,0,0,0.0,0,,,,0,False,False,True
ACC0477,2025-10-01,11,Professional,60386,80,False,47.46242221714086,0.09148413206354263,0.024112948131829702,346.0665231296692,0.022957878702054423,0.021470402362565533,46.60892249236968,0.0219933914840648,0.0072136351782625535,163.9477733452674,0.00674580166817921,0.029673587658752117,27.496446113915564,0.06414191786255621,0.0412171098489691,761.27026303008,-0.000977311383163727,0.03472686302948524,81.61497432436222,0.015128861592617403,0.03115275473148015,298.42435437097834,0.00616934857798789,-0.008884217987776492,-0.003181959131812545,-0.0030980697659371767,-0.0008498349613660777,5.3821672760353406e-05,0.008259839319144202,-0.0011837971327888913,0.5932802777142607,0.0914841320635425,0.024112948131829633,8,0,1.0,5.375,4.0,2,1,4,1,-0.17142857142857137,0,1.0,4.5,4.0,1,False,True,False
ACC0478,2025-04-01,7,Professional,57023,93,True,27.01532051327236,0.060735996288367886,0.009232368038244905,174.7763114214366,0.008794316978724692,0.0017253987822892056,36.05976992761133,0.06890343130340212,0.043941162265402595,101.48365312554331,-0.006044698579978733,0.03567792529844941,29.52364708489603,0.009374885271189905,0.026116614210528293,543.1720493950489,-0.0018159955389591117,0.01198547293140093,55.46981217034463,0.1094496382061001,0.04678184919248708,227.10215845454366,0.06881022606554112,0.011674409232000374,-0.005193624297690574,0.0030305370303088733,0.006759411044084604,0.0018390702472717742,-0.010752421402702939,0.004317027378728064,0.29048731734701466,0.06073599628836806,0.009232368038244938,3,0,1.0,2.6666666666666665,,0,2,2,1,0.1142857142857143,0,1.0,3.0,,0,False,True,False
ACC0479,2025-09-01,12,Standard,29958,40,True,14.603382114050676,-0.03041472503556408,0.00571292208976212,88.9680923715136,-0.03838973157120004,-0.008591548162138798,24.032479794817146,-0.03603393386867089,0.01054042015844751,54.36919920424442,0.040564478604653134,-0.0011497419982402798,9.69138165999179,0.07770653148471786,0.03351526380311978,103.76688917079993,-0.02064543568546728,0.009852713944891262,32.76073576412073,-0.05624500799570786,0.017435157908236895,89.55885292733205,-0.051937406071562026,0.0007978617709033886,-0.0075845607818021965,-6.50945983398793e-05,-0.0066335467766983625,0.0008060410786496497,0.007046834586682871,0.006430326491507918,0.3650845528512669,-0.03041472503556414,0.00571292208976215,4,0,1.0,2.25,3.0,1,1,3,1,-0.08571428571428572,0,1.0,2.3333333333333335,3.0,1,False,False,True
ACC0480,2025-10-01,18,Standard,14659,36,False,13.703847048336463,-0.010917491838595333,0.02694808088571544,165.02070387542818,-0.00318360737388027,0.022984588508778426,20.50793961604812,0.09535813922418647,0.011327073150871992,54.156125076918535,0.07495354237376606,0.06852486484913504,12.02240194467449,0.0797311005468751,-0.007097229386116955,202.72129657382382,0.04809720016459985,0.016137979975065348,31.03881867581444,-0.030774664362791138,0.012510041670591826,149.99559066399308,0.01883945596253712,-0.01689087014118119,0.009303185731914687,-0.002146402186766677,0.01436605271725716,-0.0028390387668328007,-0.0168823078606129,-0.001801489634959491,0.38066241800934625,-0.010917491838595502,0.026948080885715434,7,1,0.8571428571428571,5.5,4.0,1,0,1,1,-0.028571428571428577,0,1.0,3.0,4.0,1,False,False,True
ACC0481,2025-10-01,20,Enterprise,154723,141,False,104.65615299408982,0.04558312784834758,0.028190762698495686,711.556417624663,0.01680761374198746,0.05048980621108637,186.3660874015236,-0.06962344033176654,0.006211664880046972,734.2414850568393,-0.02513085188753582,0.012192146871593992,112.01394903009282,-0.02652900945084749,0.011326327659939918,2762.806778327999,0.09300549713048634,0.0295011716054683,211.1681322029291,-0.046145605439376874,0.019383176679939718,1105.3285185457783,-0.03603225798814903,0.0012541965906879365,0.010847778253278761,-0.0009969162625829073,-6.819155195544879e-05,-0.0008318803258991862,-0.008544371891192615,-0.0004064182216485038,0.74224221981624,0.04558312784834761,0.028190762698495592,4,0,1.0,7.75,4.5,2,1,2,1,-0.11428571428571427,0,1.0,4.5,4.0,1,True,False,False
ACC0482,2025-10-01,11,Standard,17279,25,False,15.468789287311361,-0.11401679739159418,-0.03430788583994966,104.55420696211483,0.01919241026101964,-0.009825402396906002,22.243073787859828,0.05840122174329648,0.020011404893598914,38.31001471184254,0.058991274951313684,-0.011849942907155993,8.244084394285426,0.07544685475852601,0.015435124648404025,143.18111600913954,0.0539598144429297,0.0010829627143037013,21.393263943893817,-0.046686701063791726,-0.010093288030551548,108.63460009448129,0.03843335634760876,0.018122544477362414,-0.010690702553561415,0.0035904976235674804,0.00038368433572447125,0.0002449354805533731,0.004042981966850601,0.002428603146865556,0.6187515714924545,-0.11401679739159429,-0.0343078858399496,3,0,1.0,3.6666666666666665,,0,0,0,0,0.0,0,,,,0,False,False,True
ACC0483,2025-04-01,14,Professional,45339,45,True,37.06027964298778,0.01645287564074955,0.02013231752015344,271.4595727970614,-0.03692408185505805,-0.0017504746770253589,54.21212776162218,0.041794851443482044,0.03350073076921819,146.47930917813164,0.07999031472558414,-0.0004929576100780478,18.182381047632965,0.041397873849874076,0.0232866530706191,603.6606751209204,0.01591615493990282,0.015127277496174448,68.76112580218842,0.10328530152102341,0.028223099461729014,207.30807606946212,0.0005098173597733832,-0.009690686751000677,-0.0017381369147692338,0.002439471926193003,-0.006999659311489492,0.0005425467219838959,0.0037523994954092865,0.002003378082672397,0.823561769844173,0.01645287564074936,0.02013231752015352,3,0,1.0,3.6666666666666665,3.0,1,1,2,1,-1.1286362135477398e-17,0,1.0,3.5,,0,False,True,False
ACC0484,2025-10-01,19,Standard,22766,19,False,16.3996243888239,0.07731942214837619,0.0020732805299215496,82.0560858168278,0.04564640469915594,-0.033815971488298055,14.455126952375144,-0.08855506622883111,0.006962669740956494,49.853162118901366,-0.038974119057064584,0.010154379706708024,7.556635100778121,0.08907909297312806,0.02390558586283951,145.46610499657743,-0.06939998401991193,-0.010072920878818203,22.37931015369173,0.0214612690414085,0.003715777762900372,123.53044656003404,0.012499616768619515,0.007295206385957816,-0.03172932856027422,0.0034850955054837873,0.010622692199644984,0.0017991907962980579,0.011448815634516496,0.004373534424330902,0.8631381257275734,0.07731942214837609,0.002073280529921617,2,0,1.0,6.0,5.0,1,0,0,0,0.0,0,,,,0,False,False,True
ACC0485,2025-10-01,20,Standard,25784,11,False,13.019218479598079,-0.0077189252489501,0.007048176158765972,77.01604493894764,-0.018099384084103252,0.004787499199342633,15.101193317736355,-0.02408378619377787,-0.043057515121936,57.11005311188284,-0.009967541007569186,0.020097431270173095,9.966306567311205,0.0521451260620635,0.011009713252556006,119.59044669552124,0.0076362553897246855,-0.01588742580935502,27.179060952114,0.04476384884963946,0.023350908909353405,88.13417624890197,-0.004117261689560738,-0.011175422063538125,0.0006446946201742465,-0.0021685286889213673,0.008731401799754346,0.0022448140596889737,-0.018697658974951237,0.00924527718425494,1.1835653163270978,-0.007718925248950193,0.007048176158765971,7,0,1.0,4.714285714285714,3.0,1,0,0,0,0.0,0,,,,0,False,False,True
ACC0486,2025-10-01,12,Professional,79614,81,False,51.94015600886374,0.08359733269625805,0.01601027896226778,314.44767691095024,-0.03635302597921364,0.01738462396930671,43.2318026297271,-0.006117265750296374,0.027925079011555033,155.71741034399952,0.02409483588768958,0.0124084618903158,28.21079617077019,0.02233913989835984,0.02958093544245731,707.1396341937285,0.13249055811591498,0.01120929165344378,65.25140133120014,-0.06409280205122232,0.01319715862360962,262.7321435322969,-0.007810186074656968,0.017604009731906418,0.013361233269521572,0.0021078388166793985,0.0009949076798282247,0.0014124323246745667,-0.02063631810586064,0.00275990601515691,0.6412364939365894,0.08359733269625819,0.016010278962267723,9,0,1.0,4.0,4.0,3,2,7,1,-0.3142857142857143,0,1.0,3.142857142857143,4.0,3,False,True,False
ACC0487,2025-05-01,15,Standard,16138,34,True,3.6881443574395143,-0.36587537657220914,-0.15805491853147247,30.171494383120656,-0.1889359866198913,-0.13281796270738283,4.362768562087289,-0.30339198790362615,-0.14414359504798388,7.697496217137925,-0.21279084378963706,-0.15382798980335977,1.6766872273362452,-0.2620520070042824,-0.1697647297018601,38.909399636791306,-0.184459653281923,-0.12753194380624447,7.021774561562979,-0.24255872083996247,-0.15676138586879268,30.592741747842652,-0.2703700904924028,-0.13047596828517513,0.0040457213998247865,0.0011459988087584305,-0.0020710497466348288,-0.0039495355289566846,0.0061010253851429,-0.005272160318134433,0.10847483404233865,-0.365875376572209,-0.1580549185314725,5,2,0.6,2.6666666666666665,,0,0,1,1,-0.08571428571428574,1,0.0,,,0,False,False,True
ACC0488,2025-10-01,13,Enterprise,185942,169,False,70.77233699314037,0.05299233636512828,0.00768346075737082,692.0399678258501,0.07728491013047262,0.011802531085986265,125.76364437265511,0.02077180136903896,0.009189846543665893,463.70325168194773,-0.07302474911966597,-0.0040258149456148945,68.39455451196604,0.036616808725512005,0.000569051878129627,1645.397419053702,0.0812010162428361,0.01827926393196183,175.3636918061977,0.061840102806337324,0.003556496534740117,868.1738583817461,0.010646623860231621,0.03363574912609706,-0.0006765927702814534,-0.0012664150480079031,-0.004219455744580658,-0.0014227777594385677,0.010718963639491208,-0.0031337223171825704,0.4187712248114816,0.05299233636512849,0.007683460757370803,3,0,1.0,4.0,3.5,2,0,0,0,0.0,0,,,,0,True,False,False
ACC0489,2024-08-01,7,Professional,41003,100,True,45.09123847728114,0.0018400208522032725,0.021057450061312107,162.35289311994643,-0.022076500087531963,0.009904603294730712,51.03799724859107,-0.010181998988251425,0.00023404459606865023,129.59766413711256,-0.07696150147852707,-0.003501557151300067,27.789477572722717,0.07164968572928285,0.02671348691502458,610.011574381985,0.0002130629767649155,0.010263035543556596,77.50244197740956,-0.06216804730372307,0.04203230217756193,278.8024245810694,-0.041000270812062575,0.024743801841731524,-1.0205687229480898e-06,-0.0038082796408774114,-0.0030101864971139314,-9.424902443610356e-06,-0.0008369103322717342,0.007665821941429729,0.45091238477281137,0.0018400208522031533,0.021057450061312103,5,0,1.0,3.0,,0,3,3,1,0.2,0,1.0,2.6666666666666665,,0,False,True,False
ACC0490,2025-06-01,8,Standard,16064,17,True,7.052982047679247,-0.1899829941910933,-0.11674319065291652,77.44127619836176,-0.12102447230916234,-0.07397366322611183,9.191778187790495,-0.013742977379289527,-0.13502593255467205,26.300551223977845,-0.16424152345615659,-0.13178830996079724,4.569765280185906,-0.07775550644012695,-0.13662749577324626,52.76946023111574,0.041326015416221426,-0.12396372668620384,10.194446819738692,-0.010952812920988278,-0.08048628716380395,67.59738160725978,0.025683729687055706,-0.0971685927000098,0.0422637470459179,-0.006318093771432325,-0.011820012259733809,-0.002003990067751975,-0.022680023514773717,0.00055837256777376,0.41488129692230863,-0.18998299419109366,-0.11674319065291656,14,5,0.6428571428571429,5.666666666666667,4.0,3,5,11,1,-0.14285714285714285,4,0.6363636363636364,6.285714285714286,3.5,2,False,False,True
ACC0491,2025-10-01,20,Professional,58731,73,False,39.648303032470146,0.07009998471599818,0.0485667848802859,236.06208446603492,0.009749927863280302,0.04939099134264514,39.06711228926205,0.023941589705342096,0.03238056110876829,101.13575043799801,0.06483624069446402,0.08408387402699022,24.08610040972636,0.03890595335580936,0.0544060693098032,496.0074053606579,-0.009987063272551855,0.061083811582435296,58.16871776417213,0.030780092441643245,0.05970730569086353,257.65306268294825,0.06317945946255088,0.06426722711467359,-0.01501361664279216,-0.0031969902771214614,0.0007291746688269651,-0.0011531658470157954,0.0165053011402011,0.002129296957901039,0.5431274388009609,0.07009998471599839,0.048566784880285964,15,1,0.9333333333333333,6.857142857142857,4.0,2,3,6,1,1.4011491718064603e-16,0,1.0,5.166666666666667,4.0,2,False,True,False
ACC0492,2025-06-01,6,Professional,42273,98,True,28.65568078082235,-0.05680650629836273,0.00486582538701995,212.78220199826276,0.03721482545469,0.027573852705683296,47.42454497956761,0.020755956792944612,0.013951278879983167,123.10855516852375,0.07318833303981123,0.036583276967764033,25.39165851441199,0.056573731415627326,0.03458181377762622,591.1649988291437,0.08341500973772259,0.035092471628476785,77.79507401307062,0.04220742668075829,0.023358059169114886,363.8299563579073,0.03974740987284197,0.029852881241988045,-0.002805928105125338,-0.003999297979952153,0.002607002741407363,-0.00038098078122286716,0.005874661673779369,-0.0012954575488862974,0.29240490592675866,-0.056806506298362425,0.004865825387019974,4,0,1.0,4.25,3.0,1,1,3,1,0.028571428571428577,0,1.0,4.333333333333333,3.0,1,False,True,False
ACC0493,2025-09-01,20,Professional,74259,85,True,39.87971059740394,-0.017274692062226222,-0.0013155767705195004,244.89846790721708,0.10415443761211392,0.019331119178976907,43.015084000336806,0.01567608836216815,0.004725749453582678,124.5204411310262,0.06139795961392932,-0.01960905699319924,29.057867760282793,0.09443657311472092,0.034109124780141636,646.1903425127517,-0.02282263873853856,0.011510744557058881,52.52046707678944,-0.030060548840519154,-0.008089239259090102,211.85852507252707,-0.022426761403111402,0.0010022205377898904,-0.0069583960054365734,-0.0002716641176592413,-0.01473127806916523,0.0015063734366350008,0.021245421377931062,-0.0007904566223050843,0.469173065851811,-0.017274692062226222,-0.0013155767705194446,2,0,1.0,5.5,,0,0,0,0,0.0,0,,,,0,False,True,False
ACC0494,2025-10-01,21,Enterprise,151864,142,False,127.78683590836022,-0.012843328637763038,0.04818787817831486,719.7524525406325,-0.014404493766665194,0.004785761212088582,105.47542640021561,-0.045051127624464116,0.017260771507958128,551.7779589908483,-0.041895685671676716,-0.0003910542898851491,77.13675281674213,-0.011615983877899768,0.009797099178477701,1617.1587374873052,-0.005253276355457847,0.0014435393461536652,110.28996003487048,0.08616851098806823,-0.02380126931899945,848.8185800001816,-0.023302947165501953,0.027721397019097243,0.00452198351568292,0.0019026063667547076,0.0027006654579916634,0.0007171032999536697,-0.005003568858206298,-0.004838789782176799,0.8999072951292973,-0.012843328637763066,0.04818787817831478,3,1,0.6666666666666666,3.5,,0,0,0,0,0.0,0,,,,0,True,False,False
ACC0495,2025-10-01,15,Standard,16734,11,False,7.496684427786395,0.15634042095178682,0.09600993964094713,64.45839689358347,0.05428158421397186,0.09072336736378651,11.301286887213237,0.030931348440154313,0.05266764683104336,35.31606747626817,-0.03347303648704239,0.06054090768629824,7.917409068462952,0.016669247229459047,0.06264982606683711,82.25930562449109,0.04461582430476338,0.09218005444616655,23.036674293557002,0.06365218291850072,0.0713629359451317,57.06723162351949,0.038648167408412135,0.042939593866129354,0.003702779611117424,-0.006292780361025277,-0.005381059064790167,-0.002287821919606345,0.012140721426040835,-0.001881839691736678,0.6815167661623995,0.15634042095178693,0.0960099396409472,15,4,0.7333333333333333,4.2727272727272725,4.0,2,6,7,1,0.14285714285714285,1,0.8571428571428571,4.166666666666667,5.0,1,False,False,True
ACC0496,2025-08-01,8,Standard,19898,35,True,5.461497178817179,-0.20984530452264002,-0.12045137709714229,52.8670925973986,-0.026154686368345566,-0.09878674947321595,11.022388507901619,-0.1601471903547831,-0.14946527469291318,23.80008468183451,-0.16591714171900346,-0.12035928157998445,3.6588921379728228,-0.1558077350384816,-0.1439270310635686,64.13997554460971,-0.12788425609348913,-0.13709162509238065,13.959853182716664,-0.12320203250195456,-0.14969999336556797,83.93649044601155,-0.14677808043030327,-0.09336531784408603,0.029295686023040224,-0.005008237749973776,0.005104993058511309,-0.00027833947445590757,-0.01842698237453788,-0.010687119482583982,0.15604277653763368,-0.20984530452264016,-0.12045137709714222,17,0,1.0,7.176470588235294,3.4,5,6,13,1,-0.08571428571428573,0,1.0,7.6923076923076925,2.6666666666666665,3,False,False,True
ACC0497,2025-10-01,14,Enterprise,171529,109,False,122.69824735718208,0.07033906542215779,0.01030313404424145,822.7622203806267,0.05736463791814346,0.029869939930535324,147.66398613625853,0.08886646162119376,0.027038731254611748,663.9287564760298,-0.04815438416880813,0.00011439189690348999,83.3328850875357,-0.00021947188331788037,0.039526478433655976,1692.5587952683848,-0.03659540571310277,-0.008537523828806272,176.61909565591017,-0.03827940143191217,0.005014670189666956,634.4867010647527,-0.050068415884602126,0.0041958965660020015,0.011848240619380834,0.003032232973864943,-0.0015016711045187092,0.0031384620967706417,-0.018841635506453236,0.00232437092095554,1.125671994102588,0.07033906542215766,0.010303134044241482,6,0,1.0,5.333333333333333,4.0,1,2,3,1,0.08571428571428572,0,1.0,6.0,,0,True,False,False
ACC0498,2024-11-01,6,Standard,21036,19,True,10.457527322319484,0.04436337548144902,-0.004309266945943368,68.0245221067412,-0.055092489108791075,-0.017376863037585667,24.152248066427745,-0.03079960404791053,0.021333999652441482,41.57405519082945,-0.03111147732143929,-0.010223194643898311,9.862660299204729,-0.053316955356098636,-0.022741896233172958,113.4910972334123,0.04861583082636039,-0.014049200849781469,18.757405069986643,-0.07524401494861668,-0.024652204643945207,97.73247009752662,0.017987266418409684,-0.022015790566983294,-0.0016552842566780746,0.008169273252510392,0.0012851433565530535,-3.474385103695299e-06,-0.005343651892324441,-0.002452006074957172,0.5503961748589202,0.04436337548144893,-0.004309266945943381,6,0,1.0,3.1666666666666665,,0,1,4,1,-0.2857142857142856,0,1.0,3.0,,0,False,False,True
ACC0499,2025-10-01,15,Enterprise,137236,105,False,103.93452602957711,0.055780286653768635,0.02539904325989101,807.1494773052326,0.043329865978730835,0.016614628048782117,132.02308474258,0.07764093834203228,0.043778463619961405,719.4006016445119,0.03291053682195125,0.030990431683154435,89.41952355422718,0.04363493037704499,0.010127978535475248,1354.7331213287223,0.04214236007204113,0.0057545431578446445,219.79434802776754,-0.04615220440580185,0.01083008368151924,1088.4554637978645,-0.026506408696949455,0.0044583026471745855,0.006178832653504579,0.0018454180245464913,0.005523556722390965,-0.000317474642254751,-0.013700249109433849,0.00046991635124651876,0.9898526288531153,0.055780286653768774,0.025399043259891067,4,0,1.0,3.75,4.0,2,0,0,0,0.0,0,,,,0,True,False,False
ACC0500,2025-04-01,5,Standard,14314,20,True,8.415443183086287,-0.1324635221727562,-0.10402288846979768,91.97035629081499,-0.09588583833230425,-0.035462997498040306,15.528729931234393,-0.08450289965711263,-0.09411545308033029,24.413335097570975,-0.21812854515086869,-0.11543916684595726,4.843630061861261,-0.15869346004794746,-0.11012493464974416,76.80783644444016,-0.0926497205800894,-0.0741411076117989,18.38983853752013,-0.09465201912162385,-0.06675745944075377,73.35263555930412,-0.032736583794814915,-0.05267807247458612,0.0470397496686476,-0.009516324931518425,-0.014883236078849116,-0.003189289656087127,-0.0198989980536588,0.00044809905146594997,0.4207721591543143,-0.13246352217275634,-0.10402288846979751,9,0,1.0,6.0,3.0,3,5,9,1,0.37142857142857133,0,1.0,6.0,3.0,3,False,False,True
