account_id,arr_eur,licensed_seats,active_users_level_3m_mean,active_users_trend_pct_3m,active_users_trend_pct_6m,dashboard_views_level_3m_mean,dashboard_views_trend_pct_3m,dashboard_views_trend_pct_6m,reports_created_level_3m_mean,reports_created_trend_pct_3m,reports_created_trend_pct_6m,connector_syncs_level_3m_mean,connector_syncs_trend_pct_3m,connector_syncs_trend_pct_6m,alerts_configured_level_3m_mean,alerts_configured_trend_pct_3m,alerts_configured_trend_pct_6m,api_calls_level_3m_mean,api_calls_trend_pct_3m,api_calls_trend_pct_6m,exports_run_level_3m_mean,exports_run_trend_pct_3m,exports_run_trend_pct_6m,logins_level_3m_mean,logins_trend_pct_3m,logins_trend_pct_6m,mix_share_shift_dashboard_views,mix_share_shift_reports_created,mix_share_shift_connector_syncs,mix_share_shift_alerts_configured,mix_share_shift_api_calls,mix_share_shift_exports_run,seat_utilisation_level_3m_mean,seat_utilisation_trend_pct_3m,seat_utilisation_trend_pct_6m,ticket_count_3m,ticket_count_6m,has_tickets_6m,tickets_per_month_trend,unresolved_count_6m,resolved_rate_6m,mean_resolution_days_6m,mean_csat_6m,csat_response_count_6m,plan_tier_Enterprise,plan_tier_Professional,plan_tier_Standard
ACC0001,-0.2136518024384785,0.016876580116289227,0.004542815816067292,-0.12277733449924287,0.005877506341390848,0.0012527695965419746,-0.04754286219765328,-1.8245440792964558,0.06101123579875228,-0.8085918466959642,-0.058086037458319376,0.06738810355380395,-0.023454820013062816,-0.05872187912877618,0.046899716169025205,0.04193179710555416,-0.855244906632595,-0.12662799338855837,-0.10583325771498754,-0.0463647502219378,-0.21612342102209056,-0.27236763074732895,0.16718626810137258,-0.08011655544170677,-1.400653127208113,-0.7953452290610854,-0.3795050691636344,0.10884202030179702,0.02637650041233465,0.19932990336359943,0.08701991038062327,-0.7075755151328545,-0.15444141024309596,-0.1678150848926806,0.047198839600262166,0.7607177695978268,-0.356640857486867,0.0,0.04045313743294157,0.009098973992166842,0.10411558223654199,0.16450671996220165,-0.08989124753785584,0.005882348692787983,0.0,0.0470848810757354,0.0018459206846622206
ACC0002,-0.22342648047604088,-0.01298325915257201,0.09922334368841178,-0.02803461057934864,0.7653730382390177,0.23946774247336752,-0.11139783091729427,-0.16126975260577495,0.050690498949106766,-0.39811625278869717,0.054731713563607294,-0.05147030716479483,-0.5881848773764553,-0.28270386703175004,0.031292054524640955,-0.0661606271513928,0.34404856474681633,-0.005157286882838356,0.32203785682778796,-0.050825506727502384,-0.022322607461898656,-0.03479953596827513,-0.0917367631400113,-0.032606208361842325,-0.10207523299339898,-0.2509751122059499,-0.018369823032282195,0.2058098577476837,-0.09585293901096624,0.09265071671351295,0.022956622269061953,0.2132304119784285,0.2198208207509358,0.18105452806804787,0.24829932937386665,-1.0843635135916103,0.30042888338206586,0.0036096055788857966,-0.028282544499732953,0.04490772063370723,-0.857405201098543,1.4903534077607685,-0.03579640416280574,0.013191926033311598,0.0,-0.011883748017418925,0.0
ACC0003,-0.25070535423909085,0.013226915687964544,0.19140818552366212,0.04638198709489463,-0.41962026702494637,-0.1182287485087218,-0.0980261050147918,0.19855743509019122,0.05238841916061926,0.035754967601514795,-0.19022110353129612,-0.03647933794421749,-0.186921069208249,0.37377033779843016,0.025987059446784744,-0.43550414829795625,-0.09161778997007164,-0.003415333272088491,-0.047777873051450696,-0.07445914769043711,0.02272106599628862,0.06534618270871574,-0.16623197221898706,-0.023920220021449327,-0.4991173272607477,0.18560073336326532,-0.043531562807188895,-0.10249596019147136,0.038236990494827025,0.029158872794604423,-0.0508364187191247,0.11960926104616504,0.0024625159845010846,0.0785406382870328,-0.09188629894627627,-1.7476817254831059,0.23149706266785566,0.0036096055788857966,-0.04151169188797132,-0.047837093474770685,0.32356653136620894,-2.101947832554368,0.1104013925790119,-0.01457883438588793,0.0,-0.012889870623790179,0.0
ACC0004,-0.22038606832376323,0.03666924049370711,0.059905768442779554,-0.06844999820256233,0.5279688301113746,0.11630809815911212,0.17917321880384854,0.04856178407946684,-0.3281763798265335,-0.3007039643796011,-0.03317395581390657,0.1059261961626221,-0.2541426359511931,-0.280794680143197,5.769479554873421e-05,-0.0732551176591617,-0.06999831370510913,0.02532270112119368,0.22685963514203744,0.007340538757442585,0.043178979722558,-0.004195540557793597,0.04046518410246241,0.29864795936194755,-0.09829349716030927,0.28588050976540524,-0.496796231694726,-0.037647566392391835,-0.7540814764631338,0.5721454817503431,0.1146474242391709,0.15875169169975714,-0.08199300110144246,0.03161006131583072,0.06757991602561994,-1.2453985347797387,0.8518929724334466,0.0,-0.05666157557896648,-0.0015398142539094052,0.00948772140876738,0.7939423015097261,0.22610593083621414,0.0,0.0,-0.011025186445595168,0.0
ACC0005,0.18414438298000463,0.1616073348531778,-0.032168912880439715,0.520102904911441,-0.20569517161714848,-0.0010835006352161568,0.15950035812124763,0.3425572910121979,-0.02334546255482441,0.22224503003918875,-0.07738671457444926,0.059901408193803435,-0.17703350762133413,-0.20467584824163404,0.01762820622998488,-0.2440919230500974,0.12050049799510662,0.08125198381497094,-0.38465238201760477,-0.03336960813093321,-0.019281451433160166,0.0499660220880947,0.04143716835549257,0.3082540328972877,-1.9624443400955265,0.11256303677986339,-0.3228826030913248,0.02682913418030746,-0.037571708035232396,0.23293292308694682,-0.042494310715812625,-0.10492184508817563,0.18478852431473192,0.047106701908890804,-0.030370550662270866,0.5051879239162032,0.9459098150717462,-0.00021192425393969203,0.049249494704720106,-0.003540351598959021,0.2152040003209904,0.5831994408625554,0.06615346433159003,0.0022745671426418618,0.0,-0.006703173992981036,0.0
ACC0006,-0.12356386923046193,-0.08572649402261487,0.04691195288115797,0.1424020220453394,-0.21793399741967942,-0.0025724632083896602,-0.06239090575332855,0.09173966552456436,0.27385145470539257,0.14222375625290518,0.24681220437424647,0.01632012120519038,-0.20912619486539777,0.6312531944496607,0.03981762153886045,-0.07774820777137595,0.01867538549545748,-0.04263590577477405,0.03773896441972526,0.09352985281820578,-0.0028491932681588943,0.05224165816179649,0.14235931913903702,0.01661081974306868,0.22466675673461844,-0.03449565464272706,0.20701990910603993,-0.038482981495381374,0.05157919934037848,0.07101364447845154,-0.08790314797035007,0.13433278608190236,-0.09301593576139405,0.2620562681748853,-0.021888698816887788,-1.8141123789132199,0.0900132180765396,0.023228061740990867,-0.05862441427296696,-0.08551639241484098,0.18422013519577077,1.237333802287713,-0.10487228800063322,-0.014731016571707499,0.0,-0.005366340808742915,0.0
ACC0007,-0.14623320455688027,-0.022641206464616672,0.1023931828807483,-0.07809648228267761,0.00256805834406826,0.10293271320955599,0.027943109168342754,0.39548844841043573,-0.014216982479437826,-0.9010568151156255,-0.0446346137975611,0.23290711816741982,0.014408932029572143,0.13855649570481468,-0.42144905783763087,0.02133401362716659,-0.5891110053005684,-0.027913176771668307,-0.20744829855592983,-0.023989984128404036,0.3603781702097182,-0.3007507291678164,0.22170564612077726,-0.1521233790595191,0.09060304068751537,-0.8558406761658922,0.5454967083853662,-0.13890204706158574,-0.02007075229493182,0.009988832113348568,-0.050934890478502,0.08978538041191292,0.08362609677536378,-0.1506334543330719,0.14453380454257456,0.962474626176849,-0.3220307102662203,0.0,0.01739838291334281,0.018671103594426308,0.09513920053142119,0.4379496153193345,-0.1014946701782331,0.0005946255278889985,0.0,-0.024965633231979284,-0.004239676559702691
ACC0008,-0.1749890247886204,-0.010469971960486242,0.1666623622909065,-0.16134545830426306,-0.5415566171381191,0.05029034186840847,0.06718720714269157,-0.7417235583527122,0.0352290572000044,-0.314290935069234,-0.1286082950034303,0.015753152355455304,0.2279641405670288,-0.16143354931187062,0.02365644328089367,0.11302810822342117,-0.8572338773659557,0.04147266974937528,0.7376595912336634,-0.0316969250380049,-0.1386253060080472,0.06003293142543754,-0.06967789759672009,-0.04679198136432117,0.2552466281834715,-0.7491401170694997,-0.15593706881238018,-0.0715989978288513,0.23538462853084546,0.032186585699158186,0.004492881548100259,0.0025661338494617,0.1501441395646385,-0.04153271536533305,-0.14729929740392728,-0.10452330607371381,-0.43260651591139826,0.0,0.22627608955413167,-0.01699874511887452,-0.0104402213841753,0.05959181815395537,-0.5512331121518427,-0.1130962286401746,0.0,0.01670287735644896,0.004252142005842346
ACC0009,-0.1458663447481381,0.16657634603761673,0.016735307059484235,0.12120706333618565,0.33164027588636175,0.017703400217483047,-0.1585644448442309,0.01748364891297565,0.050301690181786644,-0.7126101803750753,0.005659200699136788,-0.3618534022860891,0.08811948688097011,-0.246474212990726,-0.08935908160670031,-0.17596923023253833,-0.21266801728403775,-1.0660126091419266,-0.4477668734330259,-0.07792544098432214,-0.023168864393289905,0.09608621602827248,-0.039037846660402005,0.07961440270991797,0.03012350955455028,-0.03769617716782687,-0.8267406164503756,0.05021494080063629,-0.02391320912739807,0.01538818665667406,-0.17562843796127872,-0.08576050822734708,0.016054940557382325,0.08056339819805587,0.07239818168180222,-0.9955598471103695,-0.3323610824202405,0.0,-0.16191596024862528,-0.010992877102397087,-0.00905419487023311,-1.2711302568794454,-0.06450229121627067,0.023366553289449594,0.0,-0.0068260741837361345,0.0027825076720258664
ACC0010,-0.11595189412755408,0.10037480188944704,0.09961723489009024,0.21357476452834476,0.4968623034524662,0.04133694733280652,0.06500768644291967,0.20304782745281932,-0.02710587820224615,0.2660700801001758,0.8000646747181703,0.05889286078848707,0.8293186743599591,1.9788335384694624,-0.010869478095372438,-0.052271148983030556,1.353598943550087,0.06200956038061278,-0.19929864634815866,0.05599866387113679,-0.0018595246209085889,0.10906689685278048,0.17863981558442876,-0.010762147230633281,0.5971145865740013,0.04386825931012132,0.13023929820784255,0.06898554706816976,-0.15617232660669125,0.03981821522389305,0.0019614330294065972,0.11875210986146852,-0.7501012883133945,0.01375648649364607,0.0866099093195014,0.6390818428867604,0.403624879016785,0.0,-0.0652358029246682,-0.10834279157706213,-0.06954429273880883,0.5616652081064464,0.7709386210327509,-0.006023342950848529,0.0,-0.004886619269488831,0.0012148977159549559
ACC0011,0.16899016837670422,-0.0377130907593553,0.05377107200301197,-0.22978014948138695,0.10772225431000684,0.02211162952754446,-0.04076173028766934,-0.11197799444994604,0.12863033249476127,0.3325866743553681,-0.10654832325199773,-0.6489923714994617,-0.05654630823288414,-0.2773496717885083,0.14524729695951225,-0.11613222499407636,0.43974062226587946,0.04072236806260689,-0.05645609675042207,-0.011786858659136645,-0.10628037939065095,-0.4011720178589061,0.24511079545045328,-0.09936709935508425,0.2042309858859624,0.17517217646321853,-0.2750841747286708,-0.05917187571124273,-0.16492208695966987,0.038816668764193145,-0.023903736292503842,0.08699490186074373,0.38532529895081347,-0.2942585971725409,0.08623206253441655,1.3984621016291618,0.5070340472304082,0.0,0.0002468760320719491,0.02060938565766721,-0.21478371764459658,0.525207048146864,-0.36591137761897635,0.005488541609264555,0.0,0.16056981629589667,0.004628972966860478
ACC0012,0.27026638612160847,0.010130545042094102,-0.526470442408117,0.13202726268510528,0.002167884700700371,-0.12221834648508056,-0.11536961941034114,0.16689175895004366,-0.042092192336756235,0.260997846649422,1.1170353560325603,0.09420151915135246,-0.2873840895114835,-0.09924517404046163,0.00508865914202106,1.2695110511706247,0.47073825256417584,0.020660801067494034,-0.30151066467278936,0.12678989276817237,0.16452612635194747,0.06068980155581669,0.1034814325955216,-0.23079925138546165,0.038178255833925354,-0.18812046640278982,-0.02534635612504145,0.09299756193438576,-0.3282421533145537,-0.35114028486396076,-0.01671469943261533,-0.029267347050096874,-0.8476527201184735,-0.06804431245663319,0.01016314382526191,-1.3370566999776505,-0.8265933693868474,0.0,-0.08719508840603513,-0.07995966256016614,-0.06472649046078761,0.6315004377283296,0.826577301707542,-0.0037114657661697554,0.0,-0.004542349519862499,-0.0026086009425242505
ACC0013,0.5649323011545005,0.031017362607329537,0.015751675293458733,0.05719043622216433,0.7036218537435481,-0.1453197186152409,0.05361104489003577,-0.054824335983481486,-0.10264724875583743,0.09564819411995618,-0.28557352856008655,0.02688793894398922,0.003038131126141362,-0.270066050412038,0.009253775918131838,0.024500557419793137,0.06516842092111591,-0.00903778349121048,0.08612099333970501,0.11120560502148169,-0.017537898385885646,0.01130888737165023,-0.09959688077578509,-0.03248632871005785,0.04656627767920277,0.19496981477215045,0.36045538594829984,-0.1570946198441787,-0.09682403347080021,0.04439339040028425,-0.18116969803246824,0.18343280293435682,0.25888869007877524,0.14762632363410647,0.14560436460451637,0.6004698943336669,0.36479019525763295,0.0016584674281367173,0.012345323596207072,-0.020955303006946552,0.39801959249988594,-2.5552632177047534,-0.019986834245198884,0.024782547379018395,0.0,-0.004832428895290625,0.0
ACC0014,0.12156069645870266,-0.001844607452003417,0.03764811490720394,-0.4377797636062513,-0.0161383347806023,0.003637704155144157,-0.17889168089744054,0.2843926347451976,-0.15601058781894578,-0.54894146102339,-0.07826701003616626,-0.3991668898649043,-0.33848734104999223,-0.1240445992109496,0.009523574073292814,0.008344823952919207,0.0480085095448323,-0.5456233689964498,0.3036715781616877,-0.04992460704550049,-0.04990289750715616,0.09779360674458157,-0.03153808282324997,-0.1322636733075216,0.11140977503374114,0.1863418727428766,0.029561215754088065,0.011133508205721803,-0.12750382910330754,-0.3994683106253747,0.09070746217172514,0.08188940475347135,0.13015293869036731,0.004075248826349577,-0.03701557122842211,0.5271059814163579,0.6627175067617461,-0.0004895747964695479,0.01595511102666418,-0.003540351598959021,0.22256399015139744,-0.7303759750806298,0.11304658628963993,0.0034161264077039125,0.0,-0.006676322262724215,0.0
ACC0015,-0.12863246407820883,0.00413068649554489,0.06585920796935577,-0.17925265844431085,0.7640971498111866,-0.10056280559679175,-0.0432829367668052,-1.3182390677776665,-0.05668422110206853,0.13045764248816363,-0.2800550477967038,0.01996645845551429,-0.2679938129194215,-0.28508598567045407,0.053841403280846176,-0.18174393774946596,-0.27803266792923537,-0.028588409728854233,0.22322240547510827,-0.038577483299158465,-0.03686126218879768,-0.047051069098695705,-0.100563696809768,-0.05847149691072806,-0.04899697129137175,0.24300711559917287,-0.453164699371699,-0.26120449323909,0.026418174834811632,-1.2999475053144496,0.0945639442787521,0.1504973269704266,0.25321396012297864,-0.3203038761476554,0.20774936245920803,0.41659778491701205,0.16597474616967428,0.0016584674281367173,-0.004526908969795349,-0.01578308190866162,0.3688286237271301,1.3613705501125317,-0.049766200311715775,0.031551550672324694,0.0,-0.006430441293431109,0.0
ACC0016,0.18017137305872877,0.26701120838408837,0.004856519889785418,0.3065176173817875,-0.04287653886663874,0.018542977109335147,0.10606772880231258,0.2386393059369524,-0.14928720459387096,0.07057154965694405,-0.050388875376397704,0.04722779140700499,0.24177380337201607,-0.18854473738287317,0.025353371546160165,-0.09778449112764738,-0.03221970165037785,0.0727319596383237,-0.1805721637531265,-0.022634378946111512,0.026699016594667075,-0.20142612097123738,-0.03191825125022576,-0.03518702781938676,0.3210825778335062,0.17593362605837012,0.4142096550138581,0.04883319547150906,0.5571819594583418,0.19813023544598646,0.22746397875459975,0.29069869808161186,-0.13364563208376967,0.0759296533691417,-0.06859954091781238,-0.6851481341434184,-0.2868566601277384,0.0003223610578354857,0.020015613502776818,-0.003540351598959021,-0.3701354050569111,-0.7260202583857557,0.0368465299135331,0.004143315607944163,0.0,-0.04580460265653314,0.0
ACC0017,-0.18999058760250978,0.11804237110301737,-0.3812459154916665,0.1250305417321284,0.012255331296739972,0.007360290698368144,0.14590966928807972,0.2635169493812921,0.06901085647789561,0.3425985841052959,0.3412170302943892,0.04384632502716325,0.01547564135945734,0.08621471725673004,-0.17106098672642864,-0.009566426131486686,0.17106130598353594,0.2634635932456391,-0.2618163067057624,0.1411667789675157,-0.01676617631359486,0.10777971802030191,0.1707742855730324,-0.021497710664232273,0.14999691391044295,-0.02113207322099848,-0.3799811707314894,0.02976411757642735,-0.3214488147940935,0.0625105054950578,0.01255256463140205,-0.05232599518739815,-0.08748061771683201,0.014783337552631559,-0.04349507538363951,1.0146780667868422,0.4943858228495266,0.0,-0.0567979113908139,0.21110485549037816,0.0878502425653449,0.3310500348919647,-0.08744019192772087,0.009922084866639777,0.0,-0.004886619269488831,0.0012148977159549559
ACC0018,0.19667930439272702,0.02116674669025401,-0.009752923429466492,-0.08971887307890578,0.19192604681155725,-0.15301996944270801,-0.05111986877021102,0.1490875817243134,0.0011825128775910963,0.06886605851964064,-0.24543885273893346,-0.03637134696857391,0.01333469536336163,0.26270479261072166,0.05836158304336934,-0.07008322596471551,-0.17874749204048143,-0.011156813804672764,0.046427970094448094,-0.05764409861690856,-0.02681491015145887,-0.05702981974036099,-0.1479500106225995,-0.042292235496180296,-0.1123648698834316,-0.25697782904066135,-0.34241799361984526,0.1272140120440273,0.3588154317537899,0.0654815355885241,-0.01536205612915405,0.08706541340111136,0.2896027402888959,-0.15410890573498212,0.02033150480488504,-1.1644789904738708,-0.24675443062847605,-0.0028249087139106226,-0.016906718866902343,-0.025407521601008655,-0.9945032735530926,-2.383009514462096,-0.008927906256692087,0.004246213986106678,0.0,-0.010439611898261206,0.0
ACC0019,-0.10515962833477897,0.04563028887881845,-0.29981478068720135,0.18631352585902988,-0.48877980435540386,0.04875619164290634,-0.10837781122235342,0.16290121828141124,0.012267164191699593,0.43066455347497257,-0.005641713435969294,0.02256328573932937,0.3309143971307108,-0.3472974513458487,0.027327389994115003,0.15148455376113062,0.00033676928805496465,0.33294498358640123,0.04938156581311875,-0.0452546309341834,-0.006171469003810356,0.0967395231073219,-0.11523280514422565,-0.024405530432717183,0.13564611409231642,0.11472147709273046,0.06330461666757486,0.03451132939345289,0.23855580693560635,0.10447773874946048,-0.10169074509873051,0.16145375845261817,0.16363763058353492,0.054305301210855465,-0.1736034975611699,0.8142188847461537,0.3227348817486507,0.0,0.32102393704134397,-0.021849649603680084,-0.009834745870027639,-0.8947186329046747,0.16547424178047015,0.045826423357274354,0.0,0.012447618194804007,0.0012148977159549559
ACC0020,0.20317280445004607,-0.10402530288603667,0.036917021214087985,-0.18268438475094848,0.05928691598981973,0.02274461037392115,-0.03473727306915816,-0.09530033798887537,0.16389049383550774,0.44720549949358424,-0.08121966402879904,0.19040177900420224,-0.0815088796888373,0.45159304716381693,0.10836688059785482,0.1610595944219405,0.2629567213662755,0.0733367224202658,0.13654087902621748,0.0029411512150607365,-0.07900472453497993,-0.08912969777486106,0.157613397865967,-0.053087486330228056,0.23200315913721384,0.2830012016023345,-0.2560715488315747,-0.01727858697554514,0.0348620957926574,0.09342412594593244,-0.03547477729363984,0.0006493915382324559,0.33482074324433286,-0.34201233880090653,0.07823285742238675,1.2020198657989907,0.6836411565391002,0.0,-0.08313940720950269,-0.03364490949793347,0.06898011963059425,0.4016061052053018,-0.007605162387855216,0.0014569552893506092,0.0,0.0746244279735425,0.004628972966860478
ACC0021,-0.1534200580169176,0.13051590729889437,-0.0405376886909897,-1.190118456459332,0.0232608484738217,-0.07896070502660611,0.23688660633478195,-1.512208366435799,0.18807579637735597,-0.5686332597190029,-0.10694593894953142,-0.06391675377889927,0.005904955163861884,-0.14252893141100345,-0.033882876575583865,-0.003429988409280732,-0.35374366566656434,-0.05175061630052516,-0.4199000211071532,-0.03678160661532403,-0.02482141164773089,-0.013922003881324259,0.041620474579242284,-0.06884436687303964,-1.1397148786909364,-0.12122262519160604,-0.32448322946711083,-0.026524387089320665,-0.09449618989737217,-0.17248899089603256,-0.07543886440582134,0.1270266180409606,0.07256271107873752,-0.2207946177888608,-0.009325198262560662,-0.03684182945982589,-0.8616047773015965,-0.00015064018796832565,-0.00587894174190764,-0.003540351598959021,0.05761341412544504,-0.09889694809136869,-0.3293797756493484,-0.0012971100670072478,0.0,0.03925727511346923,0.0
ACC0022,-0.21373229536803448,0.02582273787452347,0.1466915662438213,0.2309680622154708,0.6940710929278406,-0.03969726491002855,-0.007532244892579374,-0.1952831129411569,0.030290129041010486,0.13189137995560607,-0.21174268954795336,0.05155512408879437,0.10008603230870813,-0.3419889786994185,0.05623154278211291,-0.003947417783887868,0.3089652390334583,-0.017813763929354406,0.17656316073836267,0.11207980937862994,-0.008868971261357403,0.022634159442470585,-0.0643298292089024,-0.04573718209051791,0.1450390973848324,0.145152985212843,0.5453718936369503,-0.11655864623371219,-0.11200865710538024,0.10241867390255391,-0.16576904759054234,-0.957310453466959,-0.01279443127411962,0.5015430737601634,0.15143501807635304,1.1068869917058952,0.23436172327062837,0.0016584674281367173,0.02047012577661097,-0.01591710752982256,0.3881919128174994,1.5607320323998075,-0.04950429841909408,0.019165126602596536,0.0,-0.012808884264642481,0.0
ACC0023,0.0004496372582617617,0.01697719308624824,-0.46372180165806187,0.1793377545257723,-0.39424921946079466,-0.05089874804286745,-0.15325578287868086,0.36493137479469756,-0.6051111832924964,0.0713775543719884,-0.13066058131707678,0.11716554308185773,-0.3689250368820344,1.3981158727346887,-0.038773371037345315,-0.07278704166623545,-0.04115588550282325,0.020470724779952182,-0.007749176173832757,0.046814604710159115,0.10873602446125948,0.22275803979165512,0.021051237529142095,0.07530544303306233,0.409872360081526,-0.045683708196977084,0.4816772424731611,-0.04127801413926557,0.3370555232992248,0.11880310668323313,-0.018152995617951556,-0.042516045691505744,-0.10978009841450652,0.014228075760059305,-0.09471065599319332,0.5506817730932813,-1.1751835524141898,0.0,-0.03880191163465472,-0.015480984816042556,-0.0243656990392366,0.966198420301812,-0.0891127918012671,0.0,0.0,0.017904958942118486,0.0
ACC0024,0.13172805517641023,0.12164663302845166,-0.0060483883516552666,0.34612589865646626,0.021795202163495574,-0.002812539237249858,0.5989080482634905,0.14069684004096605,-0.1134550179180384,0.04461218959301698,-0.0770680166459907,0.05951170193786956,-0.4167514353580929,-0.18758843043995657,0.08630645299009518,0.6634878250038595,0.026968503092175793,0.14414993975469578,-0.35836942123460386,0.2343274436447546,-0.025200953066606583,0.05887136259249218,-0.02429394785034808,-0.05469153503537098,0.2427047368068287,-0.006970228863834126,-0.2505089195681232,0.06769836661567796,-0.1498081973415455,0.1709585405214699,-0.09321105886285311,-0.17927149040308732,0.20601050886135466,0.08659440223038797,-0.02150610174601054,-0.819910659837825,0.7823620895148318,-0.00021192425393969203,-0.13360207798634932,-0.003540351598959021,0.16194038104867664,-0.9312495471013655,0.16180531229709447,0.006331308669913914,0.0,-0.011707098391402875,0.0
ACC0025,0.13039718910932163,-0.020291514630369656,-0.8813969884768386,0.11633012846231189,0.42519654791813355,0.01584964905976763,-0.02162499371128424,-0.6745486049155177,-0.07966401509756069,-0.32953497757390066,-0.21286290135401675,0.20786644699507714,0.12124678875691954,-0.2533891720514602,-0.003864462597694308,-0.19702976105908543,-0.8658586499512203,0.09495043734587712,0.6082141099386367,-0.06219727746525937,0.30550117448480296,0.028767353903532522,0.024181699154957586,0.15849682680379507,-0.9165148397470035,-0.5148434879026169,0.3246720970291757,0.04395608684875777,0.030252045965400258,0.02639481347237301,0.05448415076950741,0.000969628521747797,0.0737418019496615,0.050150966842720725,0.1076821591777447,0.2079088693126895,-0.25953333634944625,0.0,-0.06164488389714853,-0.015933974984818314,-0.0104402213841753,-0.21094129080648794,-0.5069254049334518,-0.08778744582288257,0.0,-0.0067833708996463985,-0.0039863831304772
ACC0026,-0.021165031397472923,-0.0777053557953477,0.02532138408844417,0.036650424902355275,0.6156141652486425,-0.14590028815526296,-0.08851266396822668,0.6144729180119304,0.1122364263508731,-0.8428724819247961,-0.2730314163199518,-0.3385481936917667,-0.2541843730013904,-0.3344531475871808,0.0801876211847721,0.3818620170588323,-0.025245243433864483,-0.008517738188645018,0.12426910898890649,-0.049555881988281356,0.1342409881027715,0.005196318466622157,-0.160390010059002,0.045980099245575175,0.13788104432324885,0.34072901645098363,0.22334361565202285,-0.0929684471214492,-0.22729224005099527,0.1179518712308636,0.17595805679292792,0.21892225319346742,0.2692822635259675,0.15913744602834995,0.14056726000439485,1.0312935305283737,0.2964804103883533,0.005096753559639667,0.02178666621473616,-0.020955303006946552,0.37607583916301174,1.2020118009301417,-0.08188170682318337,0.03506579494298973,0.0,-0.0064504835504559,0.0
ACC0027,-0.06382164566192017,-0.050482164187878244,-0.5601927028426803,0.2493511212388635,-0.15776864355242662,-0.0555443893734681,0.19079513670036213,0.25738048034300753,-0.37559660144884444,0.24433518162605483,0.3734972145696589,0.1589956601312142,0.5506205484553862,1.4052055516729358,-0.06461860133283091,0.6184328545300408,-0.04913564105421679,0.01890432593125957,0.1824021098750567,0.032555816834044266,0.06959124261302854,0.14150684552759707,0.7205928241624034,-0.9566087271592288,1.1550722647081797,0.12327970446740974,-0.26620513332234147,0.07012332624717742,-0.0022937503306944733,-1.5179717355692879,-0.08103381168244848,0.09480259018027368,-0.18398534838340003,0.05149655780260166,-0.02388432780960584,0.9501124453704143,0.7161485688965835,0.0,0.05122957137473289,-0.015480984816042556,-0.02851704886533758,0.7155771772360913,-0.14065645664084522,0.0,0.0,-0.007777810482414899,0.0
ACC0028,0.22358953392899947,0.20351030816290852,0.0804339021403088,0.008369763916883084,-0.0863936475120002,0.012254799954044689,-0.11540057388377081,0.18510862388166557,0.11311547763092857,-0.026449312410701354,-0.017701948199645556,0.08681494387538559,-0.2576701756341824,-0.29851958701956727,0.20510258302385773,-0.18516340213541044,-0.01221371521310418,0.203235517177984,-0.09750238004354626,0.02013951939196717,-0.05783350476170529,0.40545914077867673,-0.14730857972020947,-0.1116313608909938,-0.13579408353820221,0.1308637904269094,-0.12390147903799438,0.053921341565164586,-0.3691762075599802,0.04106479310613636,-0.17372059558784836,-0.19016108828053113,-0.2665112866843185,0.1204691069720767,-0.09157297987881514,-1.3836521624007696,-0.4434126988688511,0.0,-0.039751814329863744,-0.05004811687223007,-0.3766458798832418,-1.1375721821951434,0.055908431181738244,0.0028892583540017346,0.0,0.14513341414719225,0.004628972966860478
ACC0029,-0.10984877561648336,0.008051745387366652,0.0027143912926715684,-0.04262876881104097,-0.4205357917509022,-0.11662665013842488,-0.0731073249616023,0.3110085350856236,0.2182159356310928,0.07270404575663536,-0.3049117381598666,-0.0640840196916871,-0.1713566270474745,-0.3068760630233752,0.033038723516992,-0.02366693331605123,-0.32405398965091203,0.0023528659977072462,-0.13754325446364626,-0.06473145892651108,-0.0054257875082019645,0.01926739992629899,-0.1279663713252357,0.012249207180504453,-0.4041416282256773,-0.029309361370854308,0.19882782425492593,0.2533695619929715,-0.08765985918525258,0.061395485294507224,0.09135074252125873,0.16129354993955333,0.21642610099340714,0.004187308897421936,-0.0934967602808923,-1.5964399797366968,-0.35092202569959174,-0.0028249087139106226,-0.0032557381560084555,-0.021420212577540756,-0.9655040509278834,-2.217207606160613,-0.01418070319897428,0.0030418757629581458,0.0,0.030833289835306317,0.0
ACC0030,0.11725554138468113,0.04880778450328698,0.22347826340521904,0.01911084362656695,-0.4002853948401108,-0.02791962610982656,-0.14275577497764577,0.3570047003863907,-0.461369246694355,-0.186119730611977,-0.045260426746508736,0.14236104336421107,-0.23841581653158284,0.14707952846733519,-0.014854707847531198,0.5465601698091723,0.3756951976653926,0.005783336525841932,0.2857011059840197,0.029663425171237733,0.17298896160357563,0.1488845486176624,0.05822270942171811,0.15167706954712726,0.6084550595410235,0.036924367782170384,0.8248117938580746,0.020243983473451757,-0.20685394538552315,0.15527677540738072,-0.07823129268686112,0.0625379622480134,-0.030932215433651846,0.024841113231018085,-0.05613681356408015,-1.5843723253404303,-0.7602746117637494,0.0,-0.02932801628738297,-0.004199193867410226,-0.006433706168228045,0.40437970140267143,-0.0432796951306778,0.0,0.0,-0.013084196119600718,0.0
ACC0031,0.12322108944491687,-0.1327122139388513,0.036309842782531125,-0.2817437915043483,0.08648215269327869,-0.026446171069531538,0.1450203591627519,-1.5230007093668436,0.20856591039969552,0.10216482691312802,-0.05000847690650527,0.1173051577473601,-0.24894766010764363,-0.06057187551840734,0.012555618266246266,0.07005652781984817,-0.15836911608541798,-0.005312982491713639,-0.3071656760367437,-0.08416176020346117,-0.08307830912748308,-0.04099369637336593,-0.007186230517017775,-0.041172009386049715,0.13085191015661105,-0.7127238044990936,-0.4260631585642737,0.22184789258570617,-0.18306825169186577,0.02366706846484388,0.05399638555447624,-0.057046988606860825,0.018929496372828706,-0.07467249910111538,0.037449842126511146,0.5171949508922361,0.3700922403227644,0.0,-0.034264112256230564,-0.001523995397093287,0.0012466915910866114,0.8209894663366409,-0.16926662075499674,0.0,0.0,0.020435539675889812,0.0
ACC0032,-0.23136058144508553,-0.042940030561432876,-0.602221178890252,0.1811414308722255,-0.3237129147838777,-0.11406075502309633,0.1963078751790327,0.20766269784333852,-0.4218277823593048,0.09009576135854877,-0.08809022855698727,0.11109023757319798,-0.3570495092501435,0.05349361450590125,-0.060591969959264934,0.9948162372926869,-0.10285853674127675,0.0720420309269145,0.16871267339589455,0.053071853061578855,0.09903352765973533,0.2555127121459815,0.1696333844842265,-1.2369844172689224,0.0023726474612271635,0.014754869430715151,0.006099599833240381,0.016557069782983002,-0.6589374070923772,0.08659616885295084,-0.13443927123142319,-0.1517636894970967,-0.4501237383483162,0.04847037519046368,-0.04679405352800402,-1.5768921863859138,0.6536087177038405,0.0,-0.15503748940728637,-0.004199193867410226,-0.01517643192085101,0.2851880241715179,-0.098861974166358,0.0,0.0,-0.011541505382129832,0.0
ACC0033,-0.17010883410660105,0.09063160742054241,0.14513412705032794,-0.1089877059054647,0.05592852446611839,0.04085548692153547,-0.026649318466928112,0.44364541239059074,-0.05033654595665196,0.38277227587391704,-0.07900081635004838,0.13161388808254496,-0.34700089583712146,-0.36428732506580624,0.08659801081609433,0.15341400580459533,0.048741595585073426,0.11081343401879773,0.014582619681747223,0.020075115043398074,0.33554862028800386,0.11433539757145071,0.34453365064647407,0.5404953695345598,0.23109603898717293,0.23529172737153836,0.4132571386948897,-0.010207282269205017,0.03421872526089539,0.10207844261412241,-0.012336491572851471,0.032231791654272125,0.23964016837797072,-0.19536094162201895,0.06612887128298907,1.3185775030691047,-0.18951790399537435,0.0,-0.014498161664702896,-0.028321434889007673,0.20018409594018283,0.6081107261866153,-0.2841561206807709,-0.032603285096388476,0.0,-0.02338401658326205,-0.0059475019613956185
ACC0034,-0.21976823224011233,0.05728905821114396,0.12344052853822178,0.11698051266217113,-0.07266937364601445,-0.030113553858193958,-0.02933069764919738,-0.2709608463167295,0.13134931486844842,0.4033461393526191,-0.05370045339689146,0.1411012988759159,-0.5096823593942351,-0.2748557167528073,0.021934348417870272,0.12272958294882894,0.15078526739847298,-0.08426925937680799,0.1395511007657846,0.002585119068718814,-0.2518966526670927,0.06372599453640668,0.3776489137882761,-0.16163969043549573,0.2720388460804656,0.13110812092376226,0.1910130432038478,0.06044401911083589,-0.06554447120489254,0.07150134067344419,-0.013914511168953534,-0.07857534805571373,0.2912884792227029,0.05124889402432083,-0.059234619932002616,1.0773665680231046,-0.21027679239895458,0.0,-0.010430122038249227,-0.041195716866348334,0.16997687196836817,0.4777812224272437,-0.17162882212674355,0.005618753668603274,0.0,-0.0481928844332481,-0.02777383780116287
ACC0035,0.287450670309388,0.06662341784279742,-0.42392773250818494,0.16316297740737226,-0.0782654628036727,-0.2583444703934847,-0.03971207739563236,0.46869676137791,-0.07267511439928082,0.19536634306363013,0.02700398142351517,0.22186866376488812,1.3565294243155184,0.4327936682923571,-0.33347969802733934,0.44451539260904693,0.19117822420446162,0.03900974409898114,-0.18524069369891424,0.12580737741632764,0.15553915110475802,0.24397538196389487,0.0582824231746697,0.1686340925834768,0.2893586068126182,0.03789878199976281,-0.09116513000066813,0.13805230961718506,-0.020868676438807233,-0.00822948147902413,0.1086427416981648,0.06652685591495548,-1.2580041257698362,0.2142447586464233,-0.03657065971972434,1.042037899622683,0.1450367474345339,0.0,0.011069885767203557,-0.1964417070302848,-0.08848108744879025,0.5737607168181934,0.02030474567082227,-0.00407678292155903,0.0,-0.02073318558647479,-0.0059475019613956185
ACC0036,-0.02373323046317801,0.018535648153180196,0.04106572221872993,-0.13028781236103,0.19101229986192372,-0.000939899978795059,-0.16802053715886525,1.1447859728135215,0.10988042180876983,0.30312819240847866,-0.1185937699785985,-0.37255672930620803,0.1900588010192394,-0.07814342218049888,-0.03438905544111916,-0.11970270846043277,0.18225189436710448,-0.4110327524665991,-0.2660180447335847,-0.045018062580655285,-0.21380685890387383,0.2229838602294239,0.004615923500404441,-0.09363361974755317,-0.6018783943280966,0.12488553459687739,0.005488624199434136,0.04899868974615715,-0.2685995909854268,0.16109573432962893,-0.105759367359681,0.20612016108857373,-0.3119047842412991,0.027750261247310618,0.05551972878620974,-0.8371554546679267,-0.479145265702601,-0.0022814888248440385,0.004810009402343777,-0.003540351598959021,0.16747961595871233,0.4031149000443531,0.30999174145073927,0.006331308669913914,0.0,-0.011685153898944279,0.0
ACC0037,-0.14801333811886175,0.12328174477404896,-0.006481209614138798,0.3197062457018162,-0.016356273296072033,0.12161477330436145,-0.037955201282047824,0.37999795194493047,0.006718392680473348,-0.5530512859853733,-0.04794393537378471,0.19256951801490613,0.11316618789341555,0.1874095626414244,0.06535122550045634,-0.24401143119254579,0.41467840649230864,0.0530233541815964,-0.2901732128819556,-0.023883103383989385,0.00340293403623627,0.07457743880414618,-0.004649167961122349,0.4463602516809593,0.18422304730105832,0.0717908055641371,0.23255968263661106,-0.03170333980107802,0.38778699992192184,0.24649968224934032,0.029680426251309906,0.1609321867886518,0.0885586513207091,0.030175864940148258,-0.060367395519727085,0.4058025560849836,0.6891168850910931,-0.00015064018796832565,0.07836999199697031,-0.003540351598959021,0.2521967146363682,0.046086378068992885,0.037319247029532744,-0.007724904324117585,0.0,-0.013443526451743026,0.0
ACC0038,-0.07203175560059517,0.1424184685938294,0.0011180741185833384,0.5611022759720774,0.5670472939685419,0.025868146471762814,0.15003123126373086,0.47567704398012206,-0.14260859558186925,0.405786097477028,0.8654892183769974,0.040234890562776036,0.7710098060390507,0.9778795120885695,-0.022484702047445244,0.4376987849871824,0.8587957135879575,0.048483595694415356,0.3965349119629216,0.1478466186247873,0.013863242408765568,0.1809884230758938,0.0033443978172624203,-0.012883869585001885,0.017649453706382934,0.0015609692999884735,-0.11411632591769157,0.032531152188521505,0.6130204106611259,0.5496795306738281,-0.17803809567139955,0.07386649121618573,0.006745958669811619,-0.00707609500169852,0.1595389998962256,0.5600196189942551,0.5303653810332959,-0.0004895747964695479,0.06803542060686978,0.033034408528632646,-0.03278759768488435,0.38901286060362483,0.3062401735393777,-0.013198578462438978,0.0,0.033877881133432375,0.0
ACC0039,-0.0699382595808385,0.21045226519944785,0.007099080449188575,-1.3824412489326485,0.2982001017557659,0.1446581524003251,0.27948898208018363,0.2173329224289936,0.039305654761238915,-0.07055239259487821,0.03705129292249591,0.06390385734221524,-0.27030263334408405,-0.10942860494428151,0.01350099672969191,-0.04882032936225389,0.403688138548385,0.03453008683256026,0.6481079226286603,-0.05786674226291287,-0.06022626875203066,0.05107926263916221,-0.03156156538366596,0.34257621030373725,0.21861007662672458,0.18052021145137379,0.44719806680781515,0.06139135192432989,0.03858146201246582,0.25691494515821284,-0.018303937911882066,-0.11623869599822431,-0.0958276977206777,-0.3230134748997535,0.14035198316550096,0.4051577781040969,0.7538035523339723,-0.00015064018796832565,0.03891833888300447,-0.003540351598959021,0.18102496711516014,0.2860515254517938,-0.5741409671004979,0.007439406498851438,0.0,-0.007308894782599869,0.0
ACC0040,0.0969247584638233,0.15044041933989982,0.12995146241625066,-0.13402478743559654,0.4945966362913443,-0.012758719557071608,0.019272058838552295,0.4636663564189563,0.35818845653429565,0.1400506266255344,0.0421808032358679,0.15200254296663354,-0.17332804517888897,-0.2224444770159168,0.018989410696458323,0.4574676247499195,0.1076420629356641,0.03125883359515734,0.42416428101827086,-0.020936999821046322,-0.01954827669128844,-0.07243832152149617,-0.2679196261322757,0.06982527908901437,0.0926369625982476,0.2720997321505189,0.38981625560031824,-0.0546451314782646,-0.014908683681771935,-0.004412233648921836,-0.044088012046360835,0.13484467430434657,0.02234048241635428,-0.03975958117293326,0.05799192000385007,0.9042605347822429,0.017275678267622,0.0,-0.06118827835486128,-0.001523995397093287,0.0032079945394120407,0.9818573407169972,-0.06617708854740016,0.0,0.0,0.03170628354684821,0.0
ACC0041,0.2557254168888987,0.0062434008326594185,-0.05554444562877503,-0.0896387630193055,0.37195060328055307,-0.040452721116370015,-0.021847084288538113,1.3318744193454641,0.1485517107042612,-0.1550655494941434,0.06828508111995579,-0.09496647645398326,-0.155503542575395,-0.2933857612627365,0.06120783910952188,-0.056096231525900445,-0.2549708677129422,-0.021773266258238246,0.15441427286009152,-0.0504826098041818,0.1406844390959102,0.005470631215801184,0.07445179791666715,0.020856551770246326,0.006222825172471065,0.10282109004231459,-0.017426794974579714,0.21723914604248923,-0.13623703054290087,0.032753191097529416,0.04245692043244891,-0.9734043352675774,0.16544549914574283,-0.1856527220154677,0.066475211302608,-0.6316395013041312,-0.27905661575211727,-0.0028249087139106226,-0.014094815707396338,-0.014112844549376634,-0.9732446196294479,-2.1792528181614017,-0.005826962171042863,0.014077442201044716,0.0,-0.004344435045372369,0.0
ACC0042,0.12825718498872546,-0.2885792455908027,0.1963328291738099,-0.14630551793189922,-0.08639708229986039,0.02749044276547138,-0.12141202875812014,0.14818931567586394,-0.09409060091248875,0.14008673544596084,-0.055537834932956553,0.02042721239311094,0.14741344356706854,-0.2846529209748882,0.010925176109280347,-0.014609362387123119,0.006409035829908752,0.1899675320936917,0.5208901054764598,-0.10073500796656112,-0.23037857407282,0.10700769360713294,-0.07566221004744231,0.055502436786249915,0.13834733491375162,0.391362063460059,-0.08452567196995234,0.022429102897953506,-0.23660836037755506,0.04184352826791658,-0.05797093331800797,-0.14692341263758338,0.12660933693158438,-0.04077605649578214,0.0244761134104897,0.8125660313810854,0.04965113754572524,0.0,-0.010126139242335354,-0.022634195123864925,-0.010830777807086528,-1.1720588943807377,-0.29926702561619956,-0.003930930221759747,0.0,-0.004976109189936926,-0.0011389666087077712
ACC0043,0.04594534625207946,-0.17836479747315495,-0.0049997666447347735,-0.18056006706456254,-0.1553276807853938,-0.0963564963107929,-0.033207619177220725,-1.4254928622219032,0.03950916676548593,0.040018941293549576,-0.16364094332795046,-0.023073318563925315,-0.1395386216528522,-0.3399076369777959,0.053837900990004864,-0.2181321646658618,-0.34458191705419705,-0.00739545067204876,0.042643327465216985,-0.04483988360952881,-0.06709009755919051,-0.029470112632738136,-0.08285924653692812,-0.07928059807961706,-0.05950866513562124,-0.7434250370127601,-0.26506194463927013,-0.3114730095360117,0.15964668653073966,-1.1826795093578257,-0.11603041967777508,0.13188715768873444,0.16353197382504284,-0.4347136805521917,-0.022661574832278892,0.22452901411154128,-0.11016603393514073,0.0016584674281367173,-0.0011206206903062233,0.03549603645936798,0.20996588525533366,0.7725954631742055,-0.05413669784652958,0.013191926033311598,0.0,0.01228412812789355,0.0
ACC0044,0.07855852667526653,0.07918589663241887,0.03125014818086671,0.30598505266168835,-0.4299068554773674,0.007870421024018814,-0.16947599105357208,0.1141024810946324,0.17066534890813745,-0.6626679553978898,-0.018848923917302196,-0.15109776339379202,0.056055504901494524,0.00435403897839286,-0.011193292164002519,-0.1915119721135689,1.0031987915834428,0.002131878586332219,0.23851164381592693,-0.03846279493138629,-0.1836439481250493,-0.6927076212216154,-0.047346388756878036,-0.15366025751188822,0.35820643826652565,0.22191930613924774,-0.2510352179452913,0.03654819358323461,0.9096102063949065,0.12946341564503522,0.055935124045873356,0.3709991645070172,0.12228780751391621,0.03945426867808482,-0.1796523090054828,-0.5884133870866655,-0.529907935199451,-0.0007279513194674318,0.013018729102696497,-0.003540351598959021,0.19495506202201768,0.40661633081274307,0.031099928122882425,0.0004109620356079111,0.0,-0.04662817610923713,0.0
ACC0045,0.1667896861840221,0.19710634932319765,0.012107000527915659,0.10712039212376274,-0.07030534661161657,0.026905675291035883,-0.12047893077282848,0.5243545447856964,0.15081977731343443,0.01951231100300155,-0.07083486842718757,0.05147663585870448,-0.20294883671459557,-0.2094888826877235,0.16089070511007053,-0.10456865318107936,0.6283387843016613,0.2177084239110526,-0.0923636486483193,0.02420057770760243,-0.10886552528200183,0.3184936221757372,-0.09741090648013649,-0.10247611866036223,-0.324124616962902,0.34588092380083163,0.19714436481714623,0.10705322547886825,-0.3966506847780577,0.0589549266821102,0.1344785183724909,-0.20536686648484395,0.3372734012826431,-0.12443148049751844,-0.034773270524153486,-1.5230333169243009,-0.3244947946618584,0.0,-0.04258542722383628,-0.037753373143095674,-0.3882835638489575,-0.7418828094285161,0.11780546293858303,0.005488541609264555,0.0,0.14526282457366127,0.004628972966860478
ACC0046,0.13268910495599248,0.013231556111763252,0.1533324041158503,-0.1948781977410095,0.3933363392159939,-0.04953528761149184,-0.00828690868562235,0.04035221583057149,-0.02191898309353387,-0.6625321984180345,-0.1018638514726985,0.00565359761084871,-0.19882715635076487,-0.3465073141874737,-0.014500380020975794,0.06163435761063655,0.001794628950630849,0.13553082923373347,-0.3696051256818877,-0.037221793793050496,0.005866122374604949,0.05428675371706813,-0.174789381708245,0.2646877550227835,0.010088646794955034,0.3959430916820534,-0.6426432010983194,-0.018194944670312983,0.04331178009168597,0.08380759478384497,-0.12852840924000108,0.013815974634878143,0.2936998129805833,-0.011719645337863453,0.08696571727897956,0.7194806107011675,0.06851783705905126,0.0,0.16485446386011887,-0.03483249429113246,-0.026585332765847382,-1.468101938144782,0.4996158653363142,-0.0066313936476930565,0.0,-0.0065353006041607336,-0.0011389666087077712
ACC0047,0.19946080701642738,-0.0030387971243858655,-0.05177691540079466,0.025826345341808443,0.8690373210639986,-0.042878664082576894,0.008768160084909455,0.17387677536309312,0.1469045724301293,0.14634211095624888,-0.1211921745631246,-0.5184875401620405,0.12244020798637328,-0.325600591079353,0.06306258115095942,0.03138891649942764,0.2136925375825493,-0.003482420549926185,-0.10699017780913654,0.037275918645384244,0.0643072084017512,0.015757017129932264,-0.05363209387060143,0.05956600104307521,0.06873973083997731,-0.17308503725781269,0.08376668036939026,0.11015856038582496,0.10051598339052228,0.1687218115536149,-0.11213246285986353,0.18893330769686845,0.22064167445916436,0.15189832526459174,0.21217433985270168,1.2777156097109346,-0.3661138533855048,0.0016584674281367173,-0.0025047134726853297,-0.017793975267922833,0.38134723783612806,1.5765619659336543,-0.09589503569138921,0.03254680267154252,0.0,-0.017414056289376506,0.0
ACC0048,-0.1331860386449113,0.01619218539964208,0.07930037829172927,-0.1402530874653166,0.5832581560000701,0.24510816689915138,-0.09863459101524726,0.5503837527985946,0.09308719773147471,0.05520294393381781,-0.12133383688278468,0.05943086794810585,-0.21524134909876297,-0.20959617564811647,-0.02399008367500294,-0.0738743066289061,-0.1281637709771171,-0.014579226267527404,-0.15253662055536643,-0.05857316687189204,-0.01346025684736421,0.01197406332506541,0.01603685604145334,-0.04222396701587986,0.06845925266652968,0.13546475248626985,-0.39417133318526937,0.10289574873013184,0.1291072693745631,0.12426798015676505,-0.010737792962361211,0.1819714106200827,0.35673091707271926,-0.18128219171516463,0.18625073474433454,1.0244616656686627,-0.2735674751961743,0.005096753559639667,-0.013028829673823161,-0.02015603595715008,0.3677100315594173,1.1065714805735112,-0.07341802206062711,0.02389703121128528,0.0,-0.018526503712365628,0.0
ACC0049,-0.07113951004688668,0.02058518997344485,-0.061549802312432886,-0.014384052889454726,0.4936617180365772,-0.31099861336797496,0.03541519427359022,-0.020148350397633866,0.20227936479248684,0.09378880140621505,-0.2859932826884107,-0.10375173768429655,-0.01594057831113407,-0.40866893339117005,0.049833899448132886,0.35245550749124005,-0.11861347885053683,0.0010620196143921433,0.13416955122092264,-0.021192968352735243,-0.021075251306131346,0.014253461384378682,-0.08002898180569655,0.02096513119026602,-0.15085855341083437,0.20390837677629922,0.11524572002752764,-0.1189976164853277,0.08765903141819825,0.9003286021734875,-0.08088873249526088,0.13776448743439573,0.24194193307115108,0.0642282786185427,0.12194375621582373,-1.749102466691301,-0.343457821501674,-0.0028249087139106226,0.0005126964643646883,-0.048667071920895574,-0.980826370559535,-2.3961209639644134,-0.043902263553832775,0.007847074808630236,0.0,0.00825332743442811,0.0
ACC0050,0.2367643895577861,0.13570000900958923,-0.11804344325009941,-0.3108416212782185,-0.1144872055039674,-0.011402931403005068,0.026286890196864858,0.45475823255153985,-0.027297875260284644,0.08588799973655686,-0.021324909659468805,0.06712417099918659,-0.009760791914265344,-0.004827547032348603,0.06679504894721248,-0.17012168986644058,0.14115146358548833,0.09442898521807007,-0.021123555132993726,-0.03853073751459064,0.01087577841705398,0.09812032463105876,0.010156263210151334,-0.05946880028065504,0.04458639716286445,0.14493421835366418,-0.4399453722574008,0.02677004347146013,0.5946796182007517,0.2694448914496489,-0.009859253950504106,-0.09616730115386568,0.1759732355603427,0.02593367895347959,-0.04353891015696813,0.5538427184848922,0.7984602732350575,-0.00021192425393969203,0.015309476912045802,-0.003540351598959021,0.23518933811712353,0.6016480794909986,0.12833628894483043,0.0011381512358481618,0.0,-0.015024314291680586,0.0
ACC0051,-0.12986059213266396,0.01163670690668485,0.01052520720397242,-1.5922245427049757,0.10113189803014007,0.003403690130704265,-0.17533103084930302,0.2875349458414822,0.0140092206451216,0.24007363271962706,-0.11901144079139371,0.02227024389805663,-0.4740649775114398,0.005008939981230735,-0.0013607504147351067,-0.2427423809885186,0.6406321426239164,-0.005096920471813737,0.20305669851075697,-0.033211175412663,0.07114813117215488,0.06191748199216315,-0.042963596661859865,-0.06386632620611822,0.19678460391391564,0.1625847988402026,0.2768743423086658,0.02807879214915652,0.910580082254687,0.19643068787231024,-0.03679516130559497,0.12641361377508867,0.19951122856286757,-0.3306652155738781,0.033957141750214574,-0.6161334325031175,0.5645854363109978,-0.00015064018796832565,-0.1257763099653118,-0.003540351598959021,0.17475458208694655,0.5996968442541728,0.12262637330074826,0.0011381512358481618,0.0,0.14039994142871318,0.0
ACC0052,-0.13294637153958336,0.07450937127335998,-0.4279131889499191,-0.2079125557881104,-0.22445278356966356,0.27265779221616426,0.014083573071572292,-0.037145404021366346,0.30621188670456084,0.2648206206813346,0.08352042696510201,-0.09985452962128465,0.07266557770127195,0.059413592097846434,-0.05833146672830771,0.5813435975174838,0.3865870350296994,0.0056450467532727705,0.340578450509315,0.04117852886699977,0.002298348678509959,-0.05260529274915984,-0.2187365306035093,0.03746555305517939,-0.03150903064682506,0.22316024127746048,-0.26133408935598834,0.08917664885733426,0.7211462616817684,0.27151101715399145,-0.09542791144644693,-0.6320068420485573,0.0510294257770703,-0.07008867238640404,-0.03185925792356498,-0.9829217202416021,0.005717311813365694,0.0,0.028168893646126472,-0.0019750177228744182,-0.03974365675644109,-1.337246513312056,-0.043768017821525784,0.0,0.0,-0.019821541746892223,0.0
ACC0053,0.07466489846113644,0.1482708017452036,-0.0405376886909897,-0.283880620063876,0.10534033410024687,-0.08163306832092695,0.1804195780015862,-1.589265874328625,0.013827084911641915,-0.5001843731795407,-0.06724083655641774,-0.1296228354491143,0.10792136583172024,-0.13778615251847792,-0.03513188449511711,-0.11509810964439451,-0.4158576253915897,-0.04350885928131331,-0.46176824629848595,-0.04420473277680483,0.00028223565818446194,-0.043004618394939846,0.047328062746954544,-0.08924327286555121,-1.6787003612779514,-0.3406355813124436,0.14084600803649078,-0.016382134431191613,-0.06535408039188756,-0.2301102243207387,0.052976448447918864,-0.10147725014619222,0.022344356574710657,0.03727235630314696,0.009040951033168298,0.1818367780253797,-0.653642069638373,-0.00015064018796832565,0.03239095141747039,-0.003540351598959021,0.09181406826208299,0.010532463510906578,-0.36702124870486535,-0.021454505098391616,0.0,0.02062418232716586,0.0
ACC0054,-0.22973948958904888,-0.0380522544228864,0.11401458217224353,0.21541972504563303,0.1629466152119985,-0.08506622388218699,-0.08604242723431096,0.4087349889583468,0.06218692363967887,0.1641866732805121,-0.005828736558280632,-0.03887385533525776,0.12155222361512907,0.28447122013159054,0.016539244448311726,0.1783344935273789,0.23235996099797054,0.010380508855781236,-1.3555634394308713,0.01522001971367987,0.1488808690429414,0.02678749921360211,-0.1412344225158373,-0.0724975676907796,0.07213915330783356,0.1850713686333448,0.9204628393573541,-0.020907388613336762,0.6910622292727577,0.1031850182665139,-0.0577032904427672,-0.19035965659825566,-0.0033896587538030064,0.06626431199085735,0.018025335126709344,-1.4284377378880182,0.47861140601614194,0.0,-0.025181982799313912,-0.0019750177228744182,-0.00477492572218922,1.012166796888191,-0.11616775819109246,0.0,0.0,-0.011946654776109098,0.0
ACC0055,0.1173543397392204,0.0002480101967806611,0.06105178354955417,-0.10726051809034624,0.5069247487819506,-0.056416017861070956,0.03683682596695246,-1.6848942627118801,0.05440073482419561,-0.3491079112140796,0.13146841096317172,0.039123500999388515,0.02210924302976991,-0.29710429824456636,0.07202975027218624,-0.27971715566330546,-0.4180397481950056,0.007875052157473823,-0.6298291491952709,-0.08059541272725877,-0.04428855888748483,-0.012692864132803123,-0.026877631061635283,-0.10920307456823382,-0.01584507622078573,0.11391597119372911,0.004109192033254477,0.2232281059822679,0.028496229883955032,0.10797653139584054,0.0070831292108686755,0.19665053850920458,0.14315419691896036,-0.22944674981822397,0.18419783432029788,0.38649408408291425,-0.20485517228374545,0.0016584674281367173,0.006198408779323748,0.04176012080941114,0.2282024582079708,0.8626974203850912,0.345921170661034,0.016477941954745345,0.0,0.050055591529840925,0.0
ACC0056,0.09420760421377393,0.03979927763549893,0.15379970874533047,-0.23942199535436162,0.21542252687452312,-0.07679250119147471,-0.017328776723445755,-1.5098744790278031,0.17188072860108694,-0.10124825655956425,0.0020331819925446257,-0.17069712602574136,0.1354036273869007,-0.08735031280794976,0.028153053736186807,0.05018915682918349,-0.6053484663129403,-0.6831006533115995,-0.14596808111427684,-0.06180888073270354,-0.04745755120288526,-0.016369456371010442,0.04507039195154203,-0.08315545781534285,0.2065294155490797,-0.2539933010251531,0.26449829124101987,-0.06692578974805533,0.14911243864748353,0.2162691908321833,0.054938836237670416,-0.11487301343822054,0.10771866227088671,0.040396924989501884,0.018311060240107455,0.2557249046323677,0.7254578808513993,-0.00027568138974595584,0.034877693415004365,-0.003540351598959021,0.20839367827789732,0.4998432597024575,-0.5162343014741748,-0.021454505098391616,0.0,-0.013156994854011369,0.0
ACC0057,-0.11925001984400561,0.0493714283928485,0.15346766280029653,0.22901541665858438,-0.02577164112049308,0.0638421224679197,-0.023248449720991517,0.5276798164962422,-0.048545913000055625,0.37743374237706956,-0.0019194365114841034,0.14377579864274595,1.736466527868486,0.7558784626576631,-0.3335403223776766,0.508220696730835,0.31856172735460586,0.04128200591014672,0.02009746975702588,0.16402200722461882,0.2165285248907795,0.17061892255411398,0.07636255994670228,0.21634055892497508,0.07714472763141457,0.09320872067107322,-0.12556136437399987,0.13478780944716304,0.21689847485671288,0.062053953923848194,0.10014560303613948,-1.0548605802722917,0.037938526307189226,0.17693330042603628,-0.010615236205605671,1.4495969237828499,0.3135159511668923,0.0,0.07557739125481956,0.3118677316838052,0.12614335149919473,0.6184955755696534,0.003774800371304835,0.01786430146621557,0.0,-0.023744163972784886,-0.0059475019613956185
ACC0058,-0.0766902141572936,-0.061303607829672445,-0.4043342516307888,0.14413459447127516,-0.14225323190620612,0.07285138165230458,0.21046544621099947,0.39457721754723996,-0.39306303954859884,0.3711602702938719,-0.06346411845549625,0.18406804201469035,0.7456106290211283,0.4462875174863499,-0.030037519306509133,0.9417149432675744,0.0007724043804348346,0.10327891172663035,0.1659443763460078,0.0342878164766809,0.052407187439959035,0.3033099621795587,0.14675276657435116,0.13351823487099018,1.104693356064125,0.07324437674395877,-0.4610851364776249,-0.17251104030881112,0.02128953869549479,-1.4035268705919037,0.15858998193446913,0.14314911738719646,-0.14434571973292512,0.04706967669874716,-0.007092737850317435,1.071339556467058,0.46688089715295733,0.0,-0.12786097930448365,0.014242506030759158,0.01415581421437782,0.6250956128774313,0.3579092447096188,0.0,0.0,-0.013965580470232549,0.0
ACC0059,-0.15409164898737293,0.05625631854343915,0.06410879086669762,-0.05231505504505261,-0.49865188381717224,0.026368597311308854,-0.0830867441475472,0.17675468059882044,0.03907563659148953,0.1654871084950574,-0.03173258412816374,-0.025745029779892917,0.19163376307491758,-0.16726468268415376,-0.052084095896037866,0.49243507404613895,-0.33133063704434246,-1.466323714116804,0.13784737827691923,0.06034694982410122,-0.04739731136143046,0.14162336651523313,-0.021621492419474746,0.20703799507373824,0.22412962936989192,-0.26994044172601556,0.45084710171216075,-0.03246343468617619,-0.14538973198190444,0.030314763648940632,0.015452821441041289,0.03523361561533336,0.1133171523790615,0.0211185246374372,-0.1929758582860229,-0.7967084822239783,0.2534653357049835,0.0,-0.12763240014570099,-0.019955782187593953,-0.00945633524777884,0.47416521804696965,-0.317013253032894,0.006728166289176454,0.0,-0.005569602179219893,0.004252142005842346
ACC0060,-0.12036288523513254,0.022090372089838536,0.03187754086048689,0.3201750659309743,0.37015120870288837,0.21938066427901035,0.00896607789681707,0.0366213626976444,-0.6266519850167468,0.4709291891631519,0.03171471037733629,0.08165139665887654,0.10789627134863873,-0.2774919854798142,-0.010891164855520904,0.647496949629061,0.0364305067111176,-0.16493083218921437,0.31591665553348947,-0.03176292627822698,-0.03172497801242357,0.11582410313530381,0.09660145912921002,-0.0694772391422607,0.023454464224953786,-0.03621411196591293,-0.2670281738148045,0.04713554007064165,-0.32977300791525443,-0.027515737932740533,0.03621469779055922,0.5697593657122356,0.13701719776892618,0.08191204421931868,0.029149585979032555,-1.19462150748435,-0.5352599662700069,0.0,0.06464723475811417,-0.0015398142539094052,-0.03733189878504987,-0.9711718356746872,-0.022216648860357804,0.0,0.0,-0.019821541746892223,0.0
ACC0061,0.22489435609276134,0.051030095853636714,0.2086290631613669,-0.2728390123951332,0.20398074966838675,0.022273825628517964,0.9389072722974265,0.14418364638774245,-0.04430047007520616,0.11347684217732107,-0.08369482729485397,0.17086849096786638,0.27043387293760845,-0.044154082828810955,-0.013991364793448183,-0.20632006435024283,-0.013423102390283687,0.10943974144298801,-0.1646441235701746,-0.006383625980580502,0.025384051607566616,0.1799060476424954,0.10584094645644351,-0.011690481696244232,0.25858899684401526,0.11172800834129691,0.5531180709197524,0.04427460755392845,0.27363124411769146,0.3399264562521444,0.015011039650985013,0.08412020293354142,0.25528627377954904,-0.05346299634969773,0.06234646301423173,-1.0462504759373117,0.23184518488102454,0.0,-0.15691166383507416,-0.021893510543043535,-0.00925174435408794,0.3203671304764359,-0.07841493528340439,0.01723870722300209,0.0,-0.014051852028873973,-0.0011389666087077712
ACC0062,-0.12432888811914387,0.03922152931384299,0.12210447587976798,0.1602503174652709,0.053187858169889954,0.014794460835237921,0.08640894611653978,0.27021997551487725,-0.00581136353132717,0.38220525631378377,0.057293677245462984,0.028990496178292066,-0.04314445707962001,-0.023142419292861496,0.02536078582286275,0.07586087817057416,0.22235568991641363,0.06189312750684867,-0.33861832537467884,-0.008151101420023605,-0.054116999368979436,0.14644493976792414,0.2723250308118657,-0.03948775910214851,0.08109120340414279,0.07544389759102496,-0.612260533062129,0.10176896050964744,-0.15704271685478566,0.20104414501102066,0.01464848704008848,-0.04065883235344984,0.1583283035485084,0.01482767349041688,-0.030539968367143698,1.1268559766716701,0.4223254760584667,0.0,-0.03440088721074881,0.22128442244746666,0.07797389416523097,0.8786169895378608,0.9147983642759624,-0.04340408193511284,0.0,0.009576116467748681,0.0012148977159549559
ACC0063,-0.056879668599931266,-0.0057854317052141065,-0.06299668117884145,0.5667278884893225,0.0068837520789329885,0.026061891362945643,0.2325875859497384,0.5728877876876501,-0.12175732755431783,0.11188788876412571,2.898094303738145,0.08406403127945558,1.4047145534409744,0.907045952472893,-0.01989803270249967,0.6288277997685037,0.7746808425230206,-0.007241264296783732,0.3082737939692629,0.05304032483786788,-0.007997602006358528,-0.057160082924023525,0.11204210806857659,-0.02684530016809355,0.18881552352610897,0.20008992008136947,0.260940430997412,0.011835275554139553,0.14425548959110143,0.36080215355985756,0.06964048425646492,0.09875026914998326,-1.014124224819063,0.27099015968291845,-0.011735091895358634,1.1408559913473146,0.3076735316106998,0.005096753559639667,0.02427053968167038,0.1805104151915968,0.07565689752566579,0.8923741419265584,-0.14628308220482272,-0.010920404952197054,0.0,0.007331092555381994,0.0
ACC0064,-0.10608036432271457,-0.0317146402063817,0.17292239141550642,-0.1095608201614362,-0.6445482886397373,0.0010720063398213704,-0.0555485817921794,-0.0821163467148111,0.027764330406979915,-0.3921416897251668,-0.10341421166650622,0.00951345587915636,0.10856859980887884,-0.2159194064984832,0.012511249875895566,0.3025907500078244,-0.9126491066187737,0.4576243449453775,-0.5321675307447884,0.04554600284807347,-0.1610560925150038,-0.32941174838085463,-0.06732389697420027,-0.024083551106038964,-1.0997397776727589,-0.5651751124370983,0.5109121896156629,-0.07168004150735409,-0.10680302452115217,-0.5676488270519169,0.010003335618914557,-0.013362798248629435,-0.09100145053209392,0.0006230282452261572,-0.1746363170676555,0.06931067135060161,-0.34988421423334737,0.0,0.09996743716474606,-0.014905464529846682,-0.0104402213841753,0.050769299932374924,-0.5661754598547503,0.00019826288625500628,0.0,0.009787775763125438,0.004252142005842346
ACC0065,-0.10265339488624463,0.027086979936487256,0.11462659860626465,0.007138679766696496,0.46040230822958045,0.2187430086646478,-0.10838709598065006,0.14204971955588705,-0.23708507742071072,0.17008603493039087,-0.2568209024830161,0.12390422935131244,-0.3131081089482574,0.3204996476597288,0.008754674152808286,-0.2756646901157062,-0.19296249162215115,-0.0031873209869972565,-0.2535023477263783,0.023379864501814836,-0.012241463318604876,-0.046857880181624956,-0.007187494587378657,-0.026856447199139336,0.11113137477045733,0.24176691872793585,0.4219312684538263,-0.10513900485118564,0.09711267017500542,0.11602855216729456,-0.08526617702827566,0.18846356851926946,0.2790081245007511,0.15935478812901652,0.09403581932505103,1.306581547350605,0.1415651839490295,0.005096753559639667,0.04588066391201927,-0.044333712823226984,0.33155869409166916,1.4463126500767243,-0.06757003807198962,0.005202529096362286,0.0,-0.012695532100820512,0.0
ACC0066,-0.2034581356650904,-0.21297795962625454,-0.529662689031598,0.2169645514860352,0.04429759536194901,-0.0038097369079776013,0.09948424542711468,0.267865455513977,-0.041423428779049094,0.4091095123809097,-0.022517443945379068,0.2730005128625976,1.3571600849676826,0.033468046999227154,0.040997195886373315,-0.04088604631795935,0.23701787386780063,0.1371787014520752,-0.25141381452755446,-0.027304764790556223,0.25751908038645116,0.07634948896688848,0.2288399686707141,0.11133175040940013,0.18583038027209556,0.11956698981983513,0.2173375470563159,0.07581366990710377,0.30700528079825445,0.24579898430975364,-0.02500766545144256,-0.037626787836114964,0.28324277332611686,0.01614918446520177,-0.04372676017891426,1.093918560322098,0.4220190721187158,0.0,-0.017793546244929355,0.16791276480762982,0.057761252719846036,0.41927966800994537,-0.145068500160062,0.007545256854980165,0.0,-0.005879158059638176,-0.0011389666087077712
ACC0067,-0.00717143585457909,0.05753206746427095,0.0021815423946200093,0.834050618503147,0.005182660515007335,0.05331307708827376,0.19134350141753878,0.46384797298574376,-0.092934127407004,0.32085954935638444,0.8212915890729409,0.05160361933836873,-0.31822845231507296,-0.016834579929539944,0.01110813488639976,0.27830889780393087,0.9588708898215034,0.04529535292993785,0.16025209584381633,0.2692678795465531,0.0008046408059206641,0.11251854291001895,0.027874756256636046,-0.006626899765991725,0.11797375288453266,0.013094696216738642,-0.05507577663545651,0.034497977426568856,-0.1990898324315955,0.027564162116846275,0.10126740720215348,-0.0452987219076012,-0.9686996267997448,0.2283382473130429,-0.0464243713229973,0.6965995626633958,0.7023012074003326,-0.00021192425393969203,0.06392134861563264,0.002865998913443015,-0.1327351207516379,0.4857574483874256,0.36914849778539216,0.003326144297817913,0.0,0.02282969193969832,0.0
ACC0068,-0.07397751486267312,-0.06980766930791889,0.19877229038030464,-0.11527604501806034,-0.7661843180333403,-0.045382193478529224,0.012670032499573339,-0.17351299546671892,0.0959688295288459,0.049137141043440725,-0.20120382471011022,-0.06904007976328999,0.12369695481195,-0.4297537695579927,0.050014476294901855,-0.06937365973206716,0.09324163336557756,-0.0026315860168562794,0.06507131880594531,0.029931212474963085,-0.016906760890923356,-0.03902692191301857,-0.09388125945435329,0.012476198901592257,-0.8427541807906872,-0.2003885571831449,0.171486818870164,-0.25210440337658896,-0.11297863374538283,0.4733878283444804,-0.1978424770296997,0.22351621359055202,0.2071651720137871,-0.04867067747379074,-0.12615709677112005,-1.456467283924722,-0.2911896650524258,0.0036096055788857966,-0.007562860028390358,-0.026993109676025532,0.33060748813296464,0.9716594005715654,-0.06123369429720705,0.005970785057175163,0.0,0.05442974066806021,0.0
ACC0069,-0.1299891920453959,0.026983203870658046,-0.5247293800317152,-0.09605381009082567,-0.37922107850717657,0.24765263966049153,-0.021516403199102415,0.20743029612345074,0.11948879851701945,-0.7070006953069874,-0.38642661330504424,0.03257883986939915,0.1967846145663352,0.9175974470241172,0.06972764307693767,0.043899417712992814,-0.0495115240306528,0.01976972165426758,-0.1271700534790223,-0.08379781445604267,-0.012819613033004886,-0.0029317032473229277,-0.01222929389148251,-0.02084824492795977,-0.11580154240367223,0.19493252410578465,0.2624712256907813,0.15121560314046856,0.087354278429622,0.09493847341172393,-0.07251945017868619,0.12630969422401533,0.3297638480704816,-0.044188633247200355,-0.09509116946407845,1.267985978552747,-0.4110660864589228,0.0016584674281367173,0.03934053135958614,-0.05247422341627432,0.2706094743867071,1.0943126173848465,-0.04845769439422433,0.0007160754680669987,0.0,-0.019278792595345293,0.0
ACC0070,-0.21868336485486647,-0.004563129374316716,0.13093020244416784,-0.15690373387123527,0.5072033799202327,-0.057523671782857354,-0.06392475032022527,0.574277502323432,-0.0659353110306627,0.12138170533509617,-0.28830149858508086,0.02748121775933577,0.1925214498883259,-0.35927962886531367,0.02080666671564565,-0.24307153490764802,-0.0008025472382890694,-0.00990565583700743,0.19077283875849607,-0.04312616806346278,-0.015777188760018733,-0.006460206292362226,-0.14066062194592704,-0.06426238590202833,-0.007477452362909598,-0.5989391934952057,0.46723220960416856,-0.23988896129014736,0.011290610299630934,0.10934080536922583,-0.03035568434325908,0.12488344626562961,-0.14399918661479277,-0.1491876876563031,0.14575985995415178,1.1663547353639734,0.26638598617192144,0.0016584674281367173,0.03916451505489743,0.04584033220842171,-0.9211306558367963,1.7188145386547282,-0.03857132043852436,0.00409151788501718,0.0,-0.006355513525149418,0.0
ACC0071,-0.09632037632466112,0.06450356808279811,0.0717341228764647,-0.0076098247169052976,0.33878987153996254,-0.05161740459462028,-0.1690833918825325,0.17721045597204557,-0.44864732606954877,0.2557585083431767,-0.017086258210249363,0.08390077028932967,0.05041217828374552,-0.25405988181107336,0.02467481337641385,0.6491667524501769,-0.12170860406079552,0.02934617616808312,0.2557152172548806,-0.021728399255097536,-0.015779429831326932,0.10976682157153289,0.08978635519331464,0.03732140017899351,0.031153819368193055,-0.12321629303128263,-0.4464061549116554,-0.2589715452059763,-0.23757962374307384,0.06982083876955764,0.012073524471750913,-0.5318520262306878,0.09342717559450242,0.022799776903851997,0.026922908057908403,-1.1500613044579262,-0.6185389014606174,0.0,0.034142534864887594,-0.0015398142539094052,-0.03733189878504987,-1.6332456232597918,-0.027466528888576005,0.0,0.0,-0.019821541746892223,0.0
ACC0072,-0.1285572952091812,0.036843559768333305,0.12949908725036854,-0.1055535616168288,0.3031664066523873,-0.03253531349057354,-0.13948802538350072,0.0008213601890522994,-0.4223221509287234,0.42515462688464817,-0.03245271926162459,-0.12270627571241373,-0.1406362302593106,-0.33504041311993255,0.0068968875323634805,-0.5597790134787873,-0.048349393993434825,-0.005077641809655001,0.37063825157037344,-0.005707684181723831,-0.03222319809991178,-0.22407065618278993,-0.2906954409704026,-0.08271860266352936,0.033836639512850916,0.45380514162350605,0.6746542128467143,0.03934875174454298,0.9258854916691323,0.002349440138472804,-0.01075518555214831,0.6100785581418555,-0.03621689886478792,-0.02013500038571913,0.04013365175548059,-0.8982299358727801,-0.39293130304071966,0.0,0.052119655094741736,-0.0015398142539094052,-0.03733189878504987,-0.9953754817336633,-0.02277040548644905,0.0,0.0,-0.02663119944220512,0.0
ACC0073,-0.12266369317439554,-0.03882301127708125,0.040795122692573724,0.3344648190548318,0.36479767566999943,0.22221790377114364,-0.09373098844491558,0.21209368558905148,-0.37843547093462865,0.38459897539284515,-0.029637264238992968,0.11684977472401328,0.11105697495791754,-0.3284583205839588,0.023367822888861804,-0.6777135960412592,-0.027855471748138898,0.02031792997675814,0.06369822474305256,0.0031784294647233813,0.027067888299104143,0.042263466151356954,0.03264806620511529,-0.17083287662442437,0.019280445703458857,-0.5499982541834308,-0.35095773349145243,-0.07336622159081435,-0.4991214185849702,0.25172458411441173,-0.10575668827007435,0.3012716684378224,0.03537719660872696,0.060870464963367225,0.07033032487657057,0.5666884080452094,-0.15880912013157192,0.0,-0.4439864154703414,-0.002987071366873436,0.008909586293946066,-1.1472979177038913,0.0689464081615571,0.0,0.0,-0.03758173372748401,0.0
ACC0074,0.15022494022962646,0.15663570192677087,-0.1018914118735913,0.31115348860083203,0.1672379146495829,-0.006334848078298574,0.12551841728663535,0.06764739262110682,-0.07579237967912353,-0.47017131587015204,-0.008917937813940222,0.005936944802137992,-0.21843657770821928,-0.11601814412558147,0.06529517517217202,-0.3091087754449035,-0.23695998863898346,0.08077818896992636,0.2926432233178971,-0.028134425280770863,0.04494234216015359,0.05139935122646226,0.014046832116440703,0.5184192071029452,0.26245616366744207,0.18977413277630778,-0.20959169485320725,-0.006298226083414373,-0.30354115320419855,-0.1627017512138326,-0.17015323418404643,0.38332852490200364,0.11239819953005266,0.026116116285620973,0.08203739401298299,-0.6258452172886355,-0.42155879348058184,0.0003223610578354857,0.02732238615571963,-0.003540351598959021,-0.3919789814316723,-1.2079048877910388,0.042458659636326196,0.0034161264077039125,0.0,-0.02157391708265276,0.0
ACC0075,-0.23816322509229695,0.0028709407432622853,0.11433871686846189,-0.06804776045603596,-0.02798731821160731,-0.03577038420437905,-0.07257818580210754,0.38594452385849093,-0.019021473456903408,0.23209325177992784,-0.03956481947342733,0.10425335839885362,-0.24085542925502754,0.4635238194137769,0.05351633473653286,0.20393883813905256,0.01291988387640106,-0.05113808024237974,0.10843125947364607,0.04171381146524125,0.01677754102424753,-0.6216236577876724,0.1512627346489824,0.5591784053766846,0.049749141806746604,0.19424660003590066,-0.23915580425768626,-0.16586055257566248,0.31035178703725513,0.0880781442911023,-0.1681931991020877,-0.17150679270961086,-0.2441777249715699,-0.28321083359670873,-0.029624537481099878,-1.4315811952515163,-0.41370492867913966,0.0,-0.04098400949728535,-0.048271054394576726,-0.4513586802611099,-1.2369884305932273,0.053511699052695996,0.0005102057593862056,0.0,-0.10458526682872932,-0.009514417300359988
ACC0076,0.023734773110279824,0.06666818084758203,0.032549295694744296,0.5648605932535277,-0.3313085369495168,0.0018362367049790684,0.0598164909810414,0.17147555577650278,0.28018820331387156,-0.17788077752552017,-0.05430319406714742,-0.1168557655208185,0.12043758989133059,-0.011871745344914277,0.001698572882245822,-0.3089001685118459,-0.0026237583858145013,-0.6712269644078265,0.42440300073085513,-0.04397104165911729,-0.15813153808319383,0.14835943084022496,-0.034669400871544506,-0.07117670864133079,0.1388629595780416,0.12805878585704814,-0.26227000869639294,0.03367915071006839,-0.1590220551717332,0.160332719195185,0.30281492433680907,-0.3310536655464901,0.14855715800507815,0.03771480977158647,-0.1160011981551866,-0.6112261775242334,-1.0041983524574631,0.0014719282740929228,0.02834940500678315,-0.003540351598959021,-0.391452654934889,-0.4230575745766774,0.04122863150701709,-0.0003031861523167161,0.0,-0.05847282498331717,0.0
ACC0077,-0.016008652581075065,0.06146434761979217,0.029857112520715295,0.14927753886830114,-0.11878916604879511,0.027971344407575358,0.06492058481667523,0.12253506315972397,0.015684190104568143,0.2198009565783744,-0.008744957753998278,-0.02195305602617774,0.08085491402801676,-0.2162334546599282,-0.0617828735068948,-0.18959204651303616,0.12544764885845805,-1.014873241591247,-0.027508255140961387,-0.037803042519132045,-0.07358830262998695,0.039669124918830276,-0.029006866818055234,-0.020449152103566636,0.21704873833297075,-0.3417706008664673,0.346725217390872,0.14519415604281555,-0.28657516272557637,0.016774078652475904,0.004495537742277969,0.04949881936943035,0.20069539832880665,0.052989374598480084,-0.026628766048584305,-1.3269908173413534,0.25832953850582246,0.0,-0.11413084519847096,-0.03227513117836455,-0.009852055769462834,0.10529026113606742,-0.10722859214269764,0.008955249035735463,0.0,-0.005569602179219893,0.004252142005842346
ACC0078,0.0023099328923350936,-1.0179716074366572,-0.006958963580538171,-0.27589680170872205,0.011131609222771559,-0.029127838715188058,0.25929237260470894,-1.5568933266889742,-0.0564432300271349,-0.04841745753493102,-0.04264527865069592,0.029462650850507283,0.16111377319464146,-0.013541922047174602,-0.0514592130762616,-0.07754709073039939,0.0692141040390398,0.10169542119341932,0.12714780392790115,-0.051331755983833785,0.0019924684507353014,-0.006409145816487356,0.01676941193510544,-0.06869400691810697,0.0627807884631413,0.1049530977863164,-0.033734028911878176,-0.08281349990016873,-0.07680974810903556,-0.1332898428933406,-0.06076620772927036,-0.18688267239095577,-0.04577519980316778,0.04609485691454346,0.007151489599732871,0.382108806708517,0.8052393785261873,-0.00021192425393969203,0.023852197955929782,-0.003540351598959021,0.21380875557460016,0.1552640064167675,-0.5394853934972991,-0.03385201574178284,0.0,-0.008163600436024746,0.0
ACC0079,0.29473549234372465,-0.0859464857829319,0.037628776345020085,0.1706184958631306,-0.022854445385951466,-0.021346714880052135,0.3840529930373378,0.619600867992101,0.03721099551256844,0.1292534386447989,1.7956467613831437,-0.06340571534977592,0.11550543807194921,0.9737233741659306,-0.017521066463219635,0.7820471385310027,0.5398356499733027,0.005773958288501225,0.24780213471302534,0.05238666154266665,0.01553735810613525,0.10323503602517427,0.13186902104195836,0.09128540642540271,0.5489709041475863,0.054713145086333605,0.3043852176936782,0.12134100373100279,0.0038437194150820766,0.04316722584843116,0.06413327589385835,-0.3405389396437961,-0.3062155926673166,0.19712886687876194,-0.012793824818207719,0.8344073896515922,0.4735327207879317,0.005096753559639667,0.008571932134186517,0.18129123904069824,0.3126504828253284,1.5820425518500563,0.30646624572219483,0.003965739192976987,0.0,-0.010741598381536406,0.0
ACC0080,-0.018424187806056543,-0.035823905946282465,-0.059784793574667726,-0.06971095915465202,-0.12505570650448497,-0.09895996544034999,-0.015504896584320966,-1.5593291867285188,0.12551650860765784,-0.4032301003712162,0.03524405026861111,0.023379551002161943,-0.5346623421045057,-0.2558800270336468,0.12531367519936829,-0.6062049070148875,-0.3420919844754285,0.00036572802047404266,-0.7503061677000816,-0.03128469904196119,-0.056382984387813515,-0.009828843757221846,-0.05471405432936768,-0.050652683179176324,-0.013109924456006374,-0.6987042716535932,0.3411579865175604,0.12316758726824237,0.10621199025491355,0.08102183968643388,-0.07934321792367013,0.19925015689099662,0.15278084289647656,-0.08511450053461293,-0.028885522216085927,0.29264184194003723,0.044391524049157575,0.0016584674281367173,0.002316889846346938,-0.01653866276906665,0.33424244818259946,1.1111592042379939,-0.017998904371549343,0.020999769757479872,0.0,0.0346231071244784,0.0
ACC0081,-0.052721683648314206,0.15578231607878607,0.0014998165813261957,-1.3137982972106963,0.0832862995195077,-0.01380166343328457,0.2006025068205591,0.23926993994039336,0.006893374131682868,-0.48458363480841393,-0.14707204086960096,-0.1626531055198523,-0.2239240810720492,-0.1539363040478363,-0.06961699632080205,-0.2391277861267995,-0.12109912213138664,0.028473657815006874,-0.3754748411798931,-0.05425711497547138,0.001082642778564374,0.09207662594940438,0.009558171634432363,-0.0927937993726546,0.11792886996225653,0.13985799884086098,0.3802437158913511,0.03711847546982842,-0.1342929993172856,-0.2176606554846407,0.0003458386226110999,0.14454213666345317,0.08876993507979433,-0.2642909734584963,0.038959885255203795,0.45834098098944875,-0.6792327531249605,-0.0004895747964695479,0.03284724361014366,-0.003540351598959021,0.09137619492734704,0.43058622054720574,-0.4709348162054515,0.007439406498851438,0.0,0.018694711206409777,0.0
ACC0082,0.05631366531524551,0.03953467530436848,0.03597581187590453,-1.091240056598591,-0.03628633298498849,-0.0031370913465559114,0.21508396464743962,0.4177990804776156,-0.14231247069025588,-0.5169473020157902,-0.0784205554217984,-0.46761465898267757,-0.25266395619457876,-0.13980318791552632,-0.038511231271786496,-0.06655098009995651,-0.07633604539251786,-0.37395163414704374,0.2726781540651967,-0.040050108732089064,-0.09889542049039171,0.025622977777664993,-0.002010725841006595,-0.12613045758355845,0.13331597453853983,0.10155191686662826,-0.08801547102758384,0.027646226758903034,-0.12532170654330735,-0.345755436660243,-0.048356198464071076,-0.14427257668188034,0.09117313518880053,-0.19078270613705964,0.038500277352000296,0.5510058407413582,0.9039007482966614,-0.0004895747964695479,0.0523866121430983,-0.003540351598959021,0.17843096867090077,0.7318746838878383,-0.5346813626322221,0.007439406498851438,0.0,-0.007078577954234939,0.0
ACC0083,0.21924711062103783,0.05663293311865243,0.18494704535557518,0.15846834164425905,-0.12711616872472303,0.014038587358165513,0.04622785686979155,0.08832407720927407,-0.032514046915784744,0.30012669719720947,-0.043157410897392876,0.03768894502367796,-0.16581514764577338,-0.2783837437038828,0.008117095255797796,-0.2723943391833036,0.18142556365154985,0.05051816198618902,-0.15825663420485736,-0.02944233156069495,0.021966102572071454,0.10327621599589079,-0.1297730182903017,-0.023933856996788468,0.03813747004389042,-0.28429730823269306,0.03328248545430507,0.029942120977260706,-0.3634731569328785,-0.529049103507259,-0.0685314120473474,-0.13156790489156608,0.07227383676478667,-0.08636016495064794,-0.013756131737411905,-1.240851880469204,-0.4574808770070925,0.0,-0.12903442270845078,-0.03290301120310401,-0.011341702280747457,-1.2245543685761973,-0.013203701869913072,0.019016028617627682,0.0,-0.007003580985677498,-0.02015236080245847
ACC0084,-0.061823791645957894,0.09250460238539841,0.13477952653217382,0.04803803513505846,0.3765828323726088,0.18306089416377425,0.15178312328692328,0.3557164378151303,-0.5545959957909087,0.08334764394186758,-0.011187080466508126,0.0772397682132615,-0.22515819805134926,-0.39673889220587244,0.0067574783408454325,-0.5626128561195125,0.4195240417473425,0.02890395889310366,0.19478882370035455,-0.015777221177822542,0.16880321332542586,0.02187638318238749,-0.2714335990974021,0.14608869867740637,0.039189928507017115,-0.043678609387890185,0.44817294634610166,-0.06456503250406331,-0.29053491453139196,-1.488031035580806,0.11593727780810711,-0.11784671029467929,0.026743187545323396,0.011720872618680517,0.07413702085986494,-1.4989799311124599,-0.7581016057086547,0.0,0.027376517232824693,-0.0015398142539094052,-0.00117368969324402,0.9239637120855657,-0.02447847951070058,0.0,0.0,-0.017594033910584585,0.0
ACC0085,-0.04025905304817341,0.04963885543909525,0.004831981704071876,-0.16294066140865351,0.359740056224706,-0.0013548110018924775,-0.013194533526886458,0.24551915053213486,-0.051387059104331265,0.3234738001334768,-0.12228685568947537,0.00025134129865887235,-0.3010201176351426,-0.1474541793075237,-0.053386767053065665,-0.2103605469128822,0.5881582384090209,0.026433521705689893,-0.49146872028204447,-0.053263362409427806,-0.006079963411062971,0.028875471514890363,-0.015884493468065544,-0.058405811714274045,-1.8698313745752912,0.09531417098800331,-0.04198862694430099,-0.031801096699033075,0.5341723638395476,-1.3423070717305636,-0.07003908081288689,0.14509510226902922,0.19194846407770622,0.023914674483268318,0.05562602835134199,-0.6273949953887018,0.3855971943433178,-0.00027568138974595584,-0.058871719487660415,-0.003540351598959021,0.1695582347404137,0.44476982462436576,0.12490729319640935,0.0015851159650467613,0.0,0.1419085960713661,0.0
ACC0086,-0.118305432025619,0.13515473403845993,0.21174554673323767,-0.23357742827564795,0.2519477360987155,0.025074228034298974,-0.051896630686038836,0.18025880830280513,0.017912031044655306,-0.021236610641025746,-0.08653896536968948,0.053928494770531896,0.33367890790041377,-0.19686836631723523,0.009598689157111418,-0.2088671406725919,0.02859313455556397,0.5174582056041778,0.22851830792104627,0.12007479788681939,-0.06488309138791838,0.12623186413763857,-0.1154247052010033,-0.044056840716164926,0.2741670278168237,0.3593041831954785,-0.08869060251414868,0.01055399695468077,0.2511505664920735,0.19895541316194607,0.03407073683085783,-0.01761781240047982,-0.044154048305319396,-0.045028418582250866,0.06778045564353366,0.9090561924895372,0.49271382257922597,0.0,-0.12201531182795254,-0.016278558420102843,-0.010159298794498678,0.5301567564317367,-0.032563785028591107,0.01938555895064813,0.0,0.015156067119895696,0.0012148977159549559
ACC0087,-0.1807420647049355,-0.027068176119412108,-0.30144147704283203,-0.1723238479873987,-0.15091841655417038,-0.12592994951669875,0.04215562801700421,-1.318009245036569,-0.08730136695914402,0.056127870879105035,-0.1659095167896763,0.04300063664241882,-0.18362540578246336,-0.2814316049882003,-0.13574523118169693,-0.1323489250110448,-0.3861357954602647,-0.044396475603436035,-0.699089608602941,-0.015360783150455137,-0.07860513358986879,-0.0014939122802377124,0.1045953224118626,-0.14568856276793485,-0.169893915268948,-0.7940157330972141,-0.3067700976129824,0.19035999336906728,0.03475312822471538,0.11696092966675144,-0.08179271490499558,0.14353941481786037,-0.30176229538043203,-0.15729624166070005,-0.09400299045586494,0.10766942914850326,-0.23648926218360827,0.0016584674281367173,0.003839461290303952,-0.021413354680852693,0.2932636790160571,0.7850165287761516,-0.12418346695972216,-0.08407358925963533,0.0,-0.03008533163864469,0.0
ACC0088,0.05280167878237803,0.08398418035502063,0.03260655648005694,0.5847172183142688,-0.04632631081195205,0.01400027607945967,0.0018460524721673546,0.48355087959873644,0.19529754529586277,0.4363438524404755,-0.06795175354493664,-0.14335913851045112,-0.2829317840337457,0.9371964667881525,-0.04636066578520003,0.9020619695737474,0.8962622887209417,0.04458431890884407,0.022552729337543292,0.26207821184253777,0.013200115347127644,0.16936104000338262,0.022181480792415484,-0.021095025531152382,0.11817054972347044,-0.0027498713712077044,0.8108328276411734,0.015711401456964095,0.6673098345726729,0.06409131301507379,0.0956161206100068,-0.07057254559830296,0.17682571369839273,-0.006113888417747737,-0.034123597577120635,0.5981698361221931,0.48093586100427105,-0.0004895747964695479,0.05277431653197213,-0.003540351598959021,0.07275645475478136,0.324474604088419,0.3241608407939809,-0.013198578462438978,0.0,-0.009908489427812802,0.0
ACC0089,-0.18296208089660912,0.05503414224288712,0.09374681809112913,0.31074972541937584,0.40149493512920165,-0.042262916420630646,-0.15545149688763363,0.2904595986580724,-0.5133346760487508,0.17239008075063494,0.013501876531807771,-0.11387693086742191,0.15008425159021874,-0.362524050715911,-0.011811787284455578,-0.21989813084535836,-0.12889349513006157,0.013225935265568955,-0.3336985297584355,0.02517610801246789,-0.04023475023659123,-0.054546461804760665,0.22261606757167005,-0.018589238785230163,-0.04971365249022778,0.13687935203094714,-0.23764312589604775,-0.12320533463234035,1.0372525405961441,0.14133821835020383,-0.1445014655958759,0.29186523966489125,-0.04193414069040214,0.07775096836079112,0.034890006443012635,-0.8742644769815802,-0.8649682248772257,0.0,-0.058180759121734864,-0.0015398142539094052,0.010668061011930867,-0.23991962029660738,-0.0918944878183265,0.0,0.0,-0.01989385381491362,0.0
ACC0090,-0.03316136465290515,0.15487089705205384,0.010384680689488526,0.11728022688231375,-0.036490660821308626,-0.0010274608217674891,-0.26078684258562895,0.49382989542942946,-0.002572418864306779,0.4512256851094942,0.7463217290037331,0.03580475992787966,-0.21142977277861327,0.03040965544253633,-0.023486665586444348,1.0269032883411748,0.9200269054941214,0.05209755465170874,0.2876357654009424,0.30951531954512396,0.004932124096114669,0.19434484146820816,-0.002440604013340269,0.015039121675990546,0.6963181737687489,-0.06824312512297852,0.6867052054289993,0.02251390532397949,0.3537598289111812,-0.11552429704830879,0.08229564332205769,0.15429352598331855,0.2967439290304798,0.046972890218804145,-0.04207423912723095,0.5400878623582714,0.41600815630820487,-0.0004895747964695479,0.028036877438624506,0.002865998913443015,-0.11815538046666756,0.5685257436901621,0.02199082843838249,0.0011381512358481618,0.0,0.036805702350143084,0.0
ACC0091,-0.20266021893633057,0.029426343998089913,0.22525921922993003,0.29461119022752336,-0.5335301726565392,-0.007043742104970399,-0.10285123843209919,0.3332056312453968,0.09067878326786653,-0.6364717794637338,-0.34410081050827457,0.0347219355928337,-0.0030663141321928783,-0.46356866593568685,-0.08569706385422549,-0.5639050015807228,0.06772287894022296,-0.005897780145472554,0.09324015185768487,-0.09648051958485288,-0.008611828129920267,-0.04604321678167513,-0.05291736671444111,-0.018902029002663072,-0.08407724174788557,0.12175893580441188,0.47254273401154206,-0.06920140116098913,-0.09102650568878091,0.04717607775340965,-0.16376782908108162,0.1209938254741475,-0.2694661921810782,0.2289938282744798,-0.07389873029978905,1.2844404302712724,0.27454447095996637,0.0016584674281367173,-0.00046875301629216697,-0.07778636538470934,0.26608891762507253,1.4059430178618462,-0.08019687519186511,-0.00544127361110233,0.0,-0.011296627892133563,0.0
ACC0092,-0.08130678081878245,0.07413711393668512,0.004693117863230053,0.23153661354245933,-0.22548916269404198,0.09038984363364806,-0.09758757650478271,0.4374166399495367,-0.6462628189862786,0.1344101064328451,-0.006461371167839447,0.11143055784277248,0.13273753190755047,0.3034515772074451,-0.009477661720947111,-0.5874576337850496,-0.037286140651044596,0.024932024110654774,-0.05614624817830023,0.0137779712382706,0.03437851176187983,0.22425659301183737,0.05981187242643992,0.1384941950380329,0.02600312546649482,0.15560628147828934,-0.5636000629000641,-0.12429495313306409,-0.027421604326579894,-0.07946799497422939,-0.04558407310715699,0.10811866724233613,0.07274274060356756,0.03960088773046059,-0.021298280052488718,0.8363441842881464,-1.0529559336622787,0.0,-0.05452831362260893,-0.015480984816042556,-0.00392920050139668,0.955357424817301,-0.08856366165083475,0.0,0.0,-0.015585321535966961,0.0
ACC0093,-0.15267844021975333,0.020495681538396517,0.07359426251372092,0.10365147760637929,0.36918578713801736,0.3288878180634159,-0.14130735682764567,-0.1344503087582666,0.30144208006933654,-0.4396669656780098,-0.07269989287175091,0.14065241684938729,0.14181762101635215,0.11136387957356701,0.023784106665094482,-0.6434407929859584,0.1703448316692017,0.002715061497189344,0.32022635340259675,0.0706653378924098,-0.01596605111102561,0.26330521275345237,-0.05121183420373492,-0.08464508723025076,-0.8691497494677025,0.217767448467529,-0.3120430184747598,-0.010686383213814779,-0.05648722166175152,0.2044883608847184,0.18431509132095117,-0.03884078517940974,-0.023243016250529977,0.04377819508908742,0.05919634193051744,0.969505130646432,0.7655716183035539,0.0,0.015846992015552366,-0.001523995397093287,0.010679660899876244,1.1726060985689315,-0.050595441256131815,0.0,0.0,-0.013035473357079976,0.0
ACC0094,-0.1581480888136265,0.04193143875666278,0.23173307927787334,-0.22688530360367462,-0.29174254702388186,0.03602984211045517,-0.07475435513815352,-0.04869691288169859,-0.021780483631299807,0.029571313789324472,-0.06879321326385825,0.02194388425002341,0.16316272333833576,-0.08336502361034838,0.00044472715903787956,-0.19042688966011811,0.04061682192894859,0.04642837595213979,-0.37063928816938857,0.10680706434255575,-0.07158387588929939,0.18462873476042624,-0.0812791569894567,-0.04118201486843984,0.189241609782341,0.1694449128029446,-0.7654384649096713,0.015313926326904809,-0.021021688287928712,0.04097909693047116,-0.002979592493892032,0.039820894008428254,0.34790877907904455,-0.025906993087587534,-0.1263874234374569,0.9830379939291407,0.3776871640925525,0.0,0.3756529728772562,-0.0015214361701497924,0.01873172530060256,0.9115224592153942,0.05052381533009041,0.03674958902970257,0.0,-0.005076677335175713,-0.0011389666087077712
ACC0095,-0.18470007005382597,0.15322402795596055,0.13267676046593174,-0.4258937927419324,0.09002981405911133,-0.05917217967510324,-0.06141703356799314,0.3706306518209197,-0.02325825701653186,0.22955197023227655,-0.03345913873246138,0.07012430749741697,-0.36209100641871794,0.3200749650738546,0.044498618539678014,-0.08630782039859453,-0.09053786812138931,-0.07098756819112256,-0.05014812626550091,-0.029224933722818126,0.11532336708294326,-0.5608684718108035,-0.09930163439893522,0.5176807564272597,0.1517826884414697,-0.09195367679176779,0.23919361643112527,-0.08460964849691462,0.39855780519419187,-0.012098439043452064,0.13540366055258715,-0.15181865450432225,0.27752209811317385,-0.30274013969441566,0.014431216381403465,-1.643518462946605,-0.44984898859481287,0.0,-0.08301140782542245,-0.06801836127373782,-0.5328787559274714,-1.0870785943871486,0.08687525543553651,0.0007850810327817237,0.0,-0.09384021892105782,-0.009514417300359988
ACC0096,-0.0985536048466389,0.01196426183465795,-0.07986699266324085,-0.05751052876777195,-0.6765933823619377,-0.0956139109725764,-0.06178257842321095,-0.007349896925464665,0.3065703589910394,0.14011293635237992,-0.2611239951918875,-0.046027811761191854,0.014239039613113954,-0.43176911199303736,0.051943879730989455,-0.008618303673383114,-0.3377590660158724,0.0011939326634971667,-0.1000088224122398,-0.10049683414047436,0.0005981574436992355,0.01492744042297117,0.08205728545205501,0.009727489395171261,-0.1667861048392306,0.08775261738889545,-0.004935345559304744,0.0864235839057333,0.07484261099751441,0.015581931838301245,-0.078289584861202,-0.992387991370562,0.20297625924877824,-0.018168516291874454,-0.10175247329005077,-1.6148855883962283,0.21932803088474212,0.0036096055788857966,-0.04421533914647919,-0.02893250507255607,0.32211283777616356,-2.3002827841688727,-0.020612347805671276,0.006896211388312658,0.0,0.006408572920099845,0.0
ACC0097,-0.1982847562906738,0.07865520893926217,0.09987027466326909,-0.16226993100198292,0.13783606810314966,0.024789608593717496,-0.14154055161699913,-0.06353721405008302,-0.005581638834620398,0.3201551991217566,-0.07150741968491423,-0.38144794847187136,0.27971108356489915,-0.3277127963312053,-0.05366208511025723,-0.2379142381562334,-0.2063227405879837,-1.4646053957348348,0.09230693623432339,0.07321312763059075,-0.06807006027066144,0.16509693431937442,-0.0063144193691902885,0.22842188642671496,0.08555114010088284,0.5176779057036816,0.5591422982054878,0.08281225960655426,0.4267846559376296,0.035912188285028464,0.09282453160363867,0.19018020844289427,0.07029478858505404,0.002061314429727971,0.05260952652011961,-1.0373532100229226,-0.25891306379731077,0.0,-0.14161367762907903,-0.014390398282827182,-0.0091417082999356,-0.8347498584330393,0.03132633847639016,0.018595316421712957,0.0,-0.02469831146550436,0.0027825076720258664
ACC0098,-0.09645352823871145,0.06463320094239505,0.07888996711676316,-0.08899639385753962,0.12109267350750479,0.028659831306826873,-0.10570518798475786,0.14034335286135685,-0.008000216700244886,0.02153799560709325,-0.12722509851851918,-0.38739309975246256,0.14425445596286413,-0.23040060893300285,-0.05945012181281922,-0.21901250582264226,0.2230898334083124,-1.2658205029474932,-0.016894292155709444,-0.015004061945243,-0.05474653634590166,0.15304075302437778,0.10218921913762277,0.2533739951001654,-0.41788329844809663,0.17570359984037243,0.4100578424023329,0.07382358626193126,-0.1038785936964186,0.11010564248697748,0.01796582553795446,0.03303785303957222,0.12498553130937774,0.05345636516479638,0.04345673047672107,-1.280649265965017,-0.20157438356050447,0.0,-0.16130281179227782,-0.01366286077512752,-0.009852055769462834,0.025165073770385696,-0.11820672404734113,0.014436072560141651,0.0,-0.005569602179219893,0.021495851522622365
ACC0099,0.24444763468644873,-0.3105782718462626,0.0035515289533350693,-0.4000926869837104,0.05130985374440638,0.021942762423220324,-0.07196503423834517,0.4116877766730207,0.13313687743191407,0.2937566446418071,0.4494278218549966,-0.3261622410159545,-0.2692329045861125,0.3072831487054084,-0.028491084965013583,-0.09895185665893043,-0.0502604408021147,0.05293641702761589,0.06180555333929208,-0.15578716600269346,-0.2911422951956679,0.47134465277058435,0.09814607012961868,0.06502953135210657,0.28700278425123826,-0.21363783466410186,0.27800539737216806,-0.1015753037961205,0.6354142544210296,-0.01918366536738802,0.025885281775699306,0.15451546533163538,0.29499314549430455,-0.27413029033847885,0.033888512942534144,-1.5440629419837417,-0.5197105685435097,0.0,0.058759063124640104,-0.05408395088728946,0.14997489949886017,0.24763937605000494,0.10445801243168809,0.0008171331598165264,0.0,-0.06510796205164386,0.004628972966860478
ACC0100,0.1125139342227214,0.14185240627402487,-0.1265535568601936,0.41415303168035905,-0.29622125033026314,-0.0812514303223036,0.25741640169566243,0.29533932905242277,-0.20869187799737046,0.19248614999301977,-0.07384952056291039,0.1741527873267468,-0.3261166585338123,-0.044199080815008916,0.02538075518788515,-0.30020321736408495,-0.12201558979864399,0.1732387957436187,-0.15352808077234434,0.07153677170897224,0.06429338755786429,0.0816691880488728,-0.007680164820543759,0.2535373656325959,0.12780702332372645,-0.4278038771565442,-0.20387555069329383,0.06217164335923163,-0.17321958730017326,0.12065761161369348,0.16176687329926032,0.21295551999760265,-0.987125472314946,0.014376355040563935,-0.052904081303010275,-0.7551810339902826,-0.6240546819223043,0.0003223610578354857,0.022205741630613396,-0.003540351598959021,-0.2551159012808164,-0.7145008507768605,0.009599886722899027,0.0011381512358481618,0.0,-0.01957998188417653,0.0
ACC0101,-0.16489392020796573,0.09414363395350953,0.06794114203347178,0.01129983085779517,-0.04624726235967721,0.09212020919726967,0.007985716542906609,-0.18556558611817164,-0.05661230063864864,-1.5277928977383195,-0.05320572382265026,0.07682640077507123,-0.26649839795346497,-0.533463805802229,0.020845781219565165,0.4222634279024102,-0.6922366439245411,-0.06595288567457273,-0.19889565476464408,-0.03638875934360805,-0.013889191358026092,0.025014239919587677,-0.1020886371955159,-0.10171996786332387,0.0014662738295269971,0.20007002493832046,-0.23636204541678502,0.07820873566457506,0.008998551002655055,-0.9394412173604877,-0.12426713182224229,-0.053328649499288894,0.10403944728425171,-0.33492235172274604,-0.12873626045250877,0.6943515970228769,-0.35517951074893545,0.0,-0.03837240111495652,-0.023969507546070225,0.16314174617845587,-1.3905385662927903,0.07466103337341745,0.005488541609264555,0.0,-0.018540183383196497,-0.004239676559702691
ACC0102,-0.23344947818775688,0.06672072090137848,0.16693596599719207,0.23699650781749698,0.28546417845605165,-0.10872493734538044,-0.16380479525413136,-0.03042380021983858,0.11474203711157815,0.19265906285439793,-0.12206461817006399,0.14017030885118453,0.08003447307529396,-0.4260206639509292,-0.05617040354414853,-0.14511124877009252,-0.025248882814254612,-0.005642681379138733,0.36921777081692453,0.05964692541963713,0.10528906910993319,-0.021467211983620203,-0.1116202076536913,-0.04860536864623129,-0.09745915397748094,0.11044767195137402,-0.5871976892775275,0.20822468415648474,-0.02217498128874865,0.5708070549800117,-0.03084168604055097,-0.12882872347439647,0.029135305154173455,0.047284183154689526,0.045948577133151085,0.7829540591959283,0.8613528260220995,0.0,-0.006661789732289126,-0.002987071366873436,0.010679660899876244,0.17518413055613904,-0.18336772417232236,0.0,0.0,-0.011451625336658562,0.0
ACC0103,-0.038258146839036236,0.16387816677146522,0.001373674004642572,0.47065272540835346,-0.41260093393951963,0.08383474478586113,-0.22924807874683004,0.28215011144632507,-0.08720968718960082,-0.05377012673018684,-0.09351612501027144,0.06491483514188762,0.26798905352714747,-0.0003680469368106139,-0.022575370969119712,0.10993264080507455,-0.2148088888183574,0.06807729285859077,-0.22212219266848102,-0.04902327638120693,0.0879177326250347,0.07881113990099042,-0.04069400407710995,0.3150195097651562,0.06373591883330998,-0.1458753115436022,-0.056775330852491764,-0.0034385534525627104,-0.42289245769790795,-0.17762977974858254,0.1702477253315153,0.1726976093065469,0.22006916072355295,0.034399241107085345,-0.13409594052807022,-0.7330060366264965,-0.45456060739055704,0.0003223610578354857,0.029244145074056833,-0.003540351598959021,-0.23974148250479282,-0.7546735286352603,0.02204930848352489,0.0034161264077039125,0.0,-0.03399077447243861,0.0
ACC0104,0.06843260923445213,0.07641819278065308,0.14063616671506474,-0.18808880773548164,-0.08582107084669671,0.05127583547370031,-0.09341422611978806,0.30582241909731966,-0.03042516850483687,-0.04546002693779292,-0.08136264061519426,0.11006442599511604,-0.38553703521063026,0.20512175932410984,-0.42069348861246303,0.44427896212761087,0.20876456374125682,-0.06952574366184759,0.0890565733648145,0.08742987250500925,-0.09672225129810504,0.3601496439773189,0.13066904579136643,-0.13447418521417726,-0.011779458291617783,-0.2502201291023418,0.19115474191279205,-0.08854990303817419,-0.3441393468553316,-0.04195277069394509,0.07815156287203624,0.13962287470847728,-0.008314774729257068,-0.19448301943696633,-0.07659877923068206,-1.6236884191865424,-0.5231562531928592,0.0,-0.08082286174256974,-0.09911559138974421,-0.3086640884362398,-0.859286444926353,0.11709869317433491,-0.00346901291905975,0.0,0.14548700925737476,0.0009912503268992695
ACC0105,-0.11703052766919977,0.1629628878257522,-0.511953801423159,-0.13744618716319842,-0.5468103583772521,0.04884020208381635,0.2872678989266121,-0.6596734161990849,0.026688183370414044,0.05591497907612235,-0.11481518129374568,-0.07701085612702727,-0.27739596755630797,-0.29082780600630925,-0.20454162448477986,-0.1539609275430022,-0.8921660842812066,0.22971513562977883,-0.5283801225668924,-0.08011029249071716,0.08048803523150454,0.1396059927395248,-0.09038591960572397,0.14004609641000862,-1.2226671293921194,-0.5570901914070129,-0.10247435731206171,0.0016128847781506442,-0.18578860596934302,-0.47437484107703637,0.018990606436128085,-0.09437949218944357,0.09496244017815117,-0.005067760042828734,-0.1528866038006858,-0.010652901156705643,0.21192635809715898,0.0,0.15509133855296783,-0.0249291812121964,0.04033546295425151,-0.26530085525902236,-0.5141496418623352,0.00019826288625500628,0.0,-0.02518929401611519,0.004252142005842346
ACC0106,0.21099909131294695,0.12084535819225826,-0.9099362215609058,-0.1420693003758415,-0.6692717826262051,-0.013278830777960111,-0.05750323015406221,-0.6668945522058566,-0.016905417780523655,-0.11321281702239683,-0.1674874619214641,0.010815934534868354,-0.0031979834384255907,-0.19062845901314188,0.016971314731905753,0.2459273996995569,-0.9606514014998385,0.0804762465259805,-0.5170341942706136,-0.09733561197107533,0.6319470839575457,0.019671123074473395,-0.0376284772559716,-0.0024043926471788747,-1.1230761498498596,-0.571942668397979,-0.18155326538704306,-0.05910401935039994,-0.13568111839526845,0.09249936143839949,-0.008390504671062945,-0.06329365140005383,0.12877101302114585,-0.01789185949776063,-0.1282277906111523,0.127561108217848,-0.44898725527826616,0.0,0.068804172131277,-0.01256269187005245,-0.009839909968800405,0.2379053228780804,-0.37967951076386314,-0.09585906562351283,0.0,-0.005076677335175713,-0.0039863831304772
ACC0107,0.02306837462892522,-0.9759014734579703,-0.003070890624963731,-0.2315958751641052,-0.036262943482218535,-0.017629792677079398,0.025811329161595294,-1.4857331653721224,0.004622893546088434,0.0997653246383259,-0.022175481625977798,-0.05039438229060562,-0.21072148296806853,-0.11910541507833661,-0.019801659385609408,-0.21092591961410234,0.5814769450787524,0.042853378542949544,0.16891370580776577,-0.05396476799806722,0.002535151698978397,0.08408323411361504,-0.024577181258593966,-0.07132873864758787,0.1315279758093141,0.07429223472678229,0.25635970734576097,-0.019490215729868744,-0.13682568623574087,-0.18376890506165391,0.013910669219551258,0.1685485287042403,-0.23380744310012094,0.05173150406504808,-0.07512330942302253,-0.6050908706867393,0.3983270224626792,-0.00015064018796832565,-0.10575919827266507,-0.003540351598959021,0.1984303540437014,0.3845455397570823,0.2837352262381999,0.006331308669913914,0.0,-0.011742044097626232,0.0
ACC0108,0.039052602266310445,0.005193790145490958,-0.044891827218451405,-0.12621664599542157,-0.4084174611743988,-0.08562836780273084,-0.04577452253601338,0.19956749930853465,0.17290615204887194,0.07840457449814067,-0.32655631526693807,-0.650234357332608,-0.44192145684142253,-0.5065220212296742,0.046597849089383525,-0.41143740261045175,-0.32411490478532706,-0.016378613022018516,-0.06861586420311679,-0.023579703393110937,0.02316486483611338,-0.02955924096687057,-0.10019861862001632,0.03845485235705562,-0.11103304392100506,0.089566620686594,0.18385503486637636,-0.11351736701353458,-0.11792483747621024,0.04217334087672759,0.1359487828868867,0.17134942734308395,0.22326995820170395,-0.07506327001048828,-0.06012802833330593,-1.7408202097999348,-0.31390292218073873,-0.0028249087139106226,-0.0017628831547258496,-0.021420212577540756,-0.8771004134936546,-2.254141499197044,-0.0202660824400822,0.0038680212671027767,0.0,-0.0039049931508586405,0.0
ACC0109,1.7366681447326675,-0.001132356624247197,-0.019197162725126646,-0.015176876885821653,-0.2150187763288508,0.07040994041414231,-0.08120974926148193,-0.301344357265869,0.03733937981225173,0.07745521122193023,-0.2825439815600483,-0.048369672035796646,-0.5619721170016276,0.46832950579794597,-0.13244746494982448,-0.11430293780334493,-0.03875366085497022,-0.012049666422520854,-0.15813366189711478,-0.06255197393362509,0.007585696355055108,0.009126723057542177,0.11333369640787802,-0.02087974428909611,-0.08085896599757163,0.06208264678656123,-0.214237513485838,-0.09569409207543345,0.10256146438569669,0.8906629267101153,0.06511225968574046,0.16373916527443258,0.2830658700375425,0.010948553703291583,-0.06933259324769403,-0.4581071096249627,-0.3969199977672233,-0.0028249087139106226,0.0002222137743778475,-0.027935194626079293,-0.8835919655144608,-1.93475689241081,-0.018080656759066397,0.0016418866112848129,0.0,-0.010663400506835737,0.0
ACC0110,0.19669896026991693,-0.07326213492879388,0.008784372649893134,-0.42732883372076885,0.16091621252011912,0.023263673997728707,-0.12455630601351123,0.2796026362164087,0.08520132118136262,0.26861569958096804,0.011277414379594002,0.12343655264829542,0.264428388410092,-0.3176803403356075,0.026888277567747858,0.15023943002341766,0.024130890159118564,-0.028600895407980997,0.3433627727973365,0.009980399767745618,-0.14309503089734785,-0.14833311839596222,-0.060847556134342146,0.02241283620954535,-0.471695915019973,0.39732915892046045,0.5431270296449254,-0.09166458557997063,0.40697976961377624,-0.10878897688546947,-0.017214955125058135,-0.535565461741785,0.015448542457789503,-0.1306671319584806,0.029102514474300248,0.45582306834592207,0.5153356485102909,0.0,0.07684148222373824,-0.001523995397093287,0.010422698538755416,-0.9643610325850134,0.18030014346636086,0.0,0.0,-0.012410688192882728,0.0
ACC0111,-0.23136212631717606,0.03391041142826694,0.12635874369798678,0.17423384301228573,0.02132853657468688,0.04260873064688695,0.10508234199177853,0.2574696023267008,0.0064092688964288245,0.3709773767262083,-0.020025795297211095,0.0029899307512285434,1.0916138835562936,1.96704946540122,0.006650625702912101,-0.015800045615966644,0.10582391356369378,0.05889662761949124,-0.24490893786477136,-0.027442467227287264,-0.02316123932383911,0.19595294084516285,0.2230912872882316,0.00039572875384094066,0.7729649577927864,0.052359771762991225,-0.13085056514382898,0.039498207265145,0.35461552070918634,0.009627485853113741,0.004918241275734101,-0.425297392250936,-0.48506368287365254,0.023809465924411896,-0.019743183933023007,0.8336925927866214,0.47718399955891827,0.0,0.36479028163960603,0.2351113962651949,0.03720827101882803,0.33214586262363655,-0.05421607530394805,0.00785671844351243,0.0,0.0164912180610722,0.0012148977159549559
ACC0112,-0.10605394963183093,0.016662943782135377,0.10714824550732566,-0.16801421260556212,0.5670155943489832,0.3375384183040102,-0.04720898647329876,-0.06914199675904956,-0.2602437019158777,0.10797062371447931,-0.2928105136691218,0.023530819408570797,-0.62372752178735,-0.3662193455464722,-0.022681935926522036,-0.09425521179803795,0.18791189220274532,-0.014660300826199901,0.1790234688966244,0.1277809212056338,-0.017420083512867945,0.022312924292869043,0.025328095611775975,-0.044241141589427845,0.005440711427546575,0.10365229950303936,0.40738283871093056,-0.1997513007589418,-0.0821888642084071,0.09389807801207095,0.13747210240547464,0.17056385836703714,0.2488149503898424,-0.19730876256026197,0.13276446524599458,1.3215082448813977,-0.062478930576721395,0.0016584674281367173,0.0007809781089388773,-0.01982826739090703,0.3376228586935291,1.2795566827922182,0.17567913183881162,-0.08556454285968679,0.0,-0.00697791265309737,0.0
ACC0113,0.02317057100497207,-0.2816077391321058,0.20730352862203316,0.05578597815122176,-0.1370943607454514,0.02648705352424512,0.11550283066839419,0.10800688274646691,0.013262823102319026,-0.4624411401949805,-0.13235647908258694,0.00975603698255071,0.1510302896555551,-0.2068702776519909,0.014775414623914308,-0.3312659962882412,-0.11119774537535469,0.1382316282707304,0.5113830155645521,-0.05929848474528943,0.6468516530220588,-0.2617049286867895,-0.08732612553895848,-0.04103146638474968,0.26683428170302315,0.018832181771492325,0.1044435281221681,-0.08564546216446935,-0.20088226238736429,0.0888496224482395,-0.013154114257327277,-0.08442473405243069,0.12133185622920195,0.06371609900018733,0.017400173785752714,-1.2540975734093678,-0.4139236998113459,0.0,-0.07418129165752363,-0.021811746369547504,-0.009328076050073662,0.3895914787886251,-0.12528982150264154,0.013423629381950769,0.0,-0.004785269660593901,-0.0026086009425242505
ACC0114,-0.19365603450578925,0.02569329347532683,0.31598525637956487,-0.17889836508782925,-0.39761558702863636,-0.05867313580938698,-0.019461024639808328,0.524020573162136,0.08359638877546641,0.14858416786825712,-0.2593828699785203,0.04558001860490552,0.10325009471268011,0.6170361970821479,0.03061403614756679,-0.030810987040397468,0.03192617518525228,-0.017244958786747276,0.0765410028197147,0.02686895326609113,0.021501773278639426,-0.005531808273167024,-0.12024655929396658,-0.037661311965190764,0.16334354534385195,0.30799544428696435,0.68995384005479,-0.26028993674255363,0.10376365966386059,0.16206040279785977,-4.2232330841232026e-05,0.13502968152396425,0.309908575109754,-0.15438874072416336,-0.06258732837929433,1.2985743727252963,0.06329128033903703,0.005096753559639667,0.041106666679933734,-0.02729132345935371,0.359073743281262,1.5938400947869367,-0.06572231712637423,0.0010396011416146885,0.0,-0.011296627892133563,0.0
ACC0115,-0.2885693146146418,0.0488889148622896,0.1845322731478655,0.10921499606109213,-0.19717894390533056,0.05087863205231164,-0.14567143192858825,0.08756300572688647,0.0973647797688931,0.05986977628014827,-0.10112621669213052,0.04601303622747417,0.3359302094881856,-0.25036437876778095,0.013247953338287708,-0.12554039855328433,-0.16564505307818012,0.08148552730145546,0.0592716093047189,-0.02284405486888972,-0.042156293823226505,0.2166685230841421,-0.11012114289063873,0.026544873851879206,0.07309646538873649,-0.4976139040836373,0.07284935171935192,0.04558542105460756,0.13688261019990156,0.11954601263898319,-0.06955845740237888,0.20182437552597865,0.08777532353445407,-0.007261875329542515,-0.1625806789866838,-1.173619041354406,-0.46874807671014157,0.0,-0.10539523303479725,-0.029800911020928553,-0.008745987778251607,-1.113278814849411,0.0694509642713874,0.023086358338638865,0.0,0.015126587454003216,0.0027825076720258664
ACC0116,-0.19467795083737402,0.15968676334036308,-0.040311717513183215,0.47470926959344867,-0.21190841824386347,-0.003927455310126455,0.020496104056757915,0.2569986480525576,-0.22385343439230368,0.22484425592999135,-0.0563874881508297,0.05118783915504858,-0.36897233137143304,-0.2094013575243772,-0.05168328779848386,-0.1727949324147688,0.11786093901377766,0.021456167805332875,-0.17919235208207845,-0.026179739091707895,-0.03671380343958128,0.1444426657174711,-0.037365603182375126,-0.06391164156655735,0.04815976483548271,-0.0002863480686489256,0.05791651785521214,-0.11890662447705488,-0.09230637092397902,-1.3138786069471096,0.2334897333045394,-0.0678045355638523,0.1318893681348165,0.03378676559803502,-0.06560194044516682,0.6229487703617731,0.8663787440294001,-0.00015064018796832565,0.06516994976550072,-0.003540351598959021,0.2334096976702236,-0.4741132141088543,0.08850480109557197,0.0006909429705670427,0.0,-0.006675051638446654,0.0
ACC0117,-0.1590679022349807,0.14356034141197518,-0.15958229355155776,-0.11102084746689334,0.05212093424179984,0.255541479891187,0.20448380338008132,-1.5447854728705837,-0.17996668004285848,-0.32305163803936937,-0.008437329057032619,0.19986742701830984,0.11676159914195657,-0.014110039423985431,0.04762720345849057,-0.017083258155314317,-0.26400268026727874,0.2768332162572472,-0.5108020830729779,-0.053190169996726634,0.00040695374189067286,0.030094400830289185,0.07220622887141538,0.40514726575773774,0.02003547289024094,-0.33864095754057144,0.5209798622227382,-0.05958547651580563,-0.060630050746052155,0.24967309562219459,0.01288164425776136,-0.08821225083035572,0.10360301889185265,0.05721562044150384,0.03367024594238743,0.26605430886908116,-0.6066396365688944,-0.00015064018796832565,0.032368194252143344,0.002865998913443015,-0.31956206569767404,0.3281995047580193,0.13362828352438605,-0.004719739952021584,0.0,-0.031424533522607156,0.0
ACC0118,0.06875533994335833,-0.12990360359743897,0.002241346031015756,-0.3138785317822035,0.11390791482085634,-0.02303566890236842,0.06030839438785364,-1.5458884235389336,0.31649387221907666,0.14519248053542336,-0.07460018948178716,0.055368983039103814,0.0026676190019447837,-0.18248275292040356,0.011403350147931767,-0.039165263175900925,-0.3576262945221531,-0.017260990535805935,-0.2657131381531218,-0.07985839035489564,-0.08476294148244462,-0.578432386625252,-0.15686692819970466,-0.03268126074449199,-0.9366836025536309,-0.965341968029521,-0.3488322433180979,-0.09120580612283723,0.291829964962016,0.014364394133986338,0.08826721571387085,0.07658299696708883,0.00020394721820887925,-0.05876818697068521,0.026185313102025286,0.07563599255127366,-0.4378161423796376,0.0,-0.0546950798286835,0.001402075765325824,0.014551353436171515,-0.16317651447639409,0.14021217037107403,0.0,0.0,0.0626933172855973,0.0
ACC0119,0.06471104540050826,0.07752294059651793,0.14474620577226838,-1.6529177557117645,-0.10928609737872515,-0.01499295314157268,-0.1612617626293741,-1.448651393557788,0.17689610828198932,0.024628245463045182,-0.08650447474927246,-0.1556146516049507,-0.1404277736952076,-0.15926254644780047,0.027231820459693336,0.14259918473762503,0.1386653537237764,0.019523791162249404,-0.2554858494603898,-0.08119820645157312,-0.0081585982665201,-0.13179515689793167,0.10502637404525868,-0.06508020731397528,-0.011358937213822279,0.049154689535109625,-0.33633207999543807,-0.0021764673982591224,-0.1308272483810258,0.17962630323209,-0.04266954742415899,-0.08466146689244197,0.13008182092343742,-0.28264704883783615,-0.07699470367786289,0.40624318758451816,0.6198187356762778,-0.00015064018796832565,0.05255272842914713,-0.003540351598959021,0.20336210810515917,0.39811770177976263,-0.488400361818538,-0.032112496861688294,0.0,0.017416132408917036,0.0
ACC0120,-0.2080949046366054,0.06864584253171649,0.08922088487939288,-0.07194350301780159,0.16890228596603432,0.12023401919767637,0.018765511837083148,-0.021444805429792112,0.10320361331933306,-1.6127106742172592,-0.027249899797630154,0.13604195083274512,0.012664295358864503,-0.3701831241197822,0.06181113087794227,0.17893262896638082,0.2586599768401726,-0.053913709997396746,0.16628464565755546,-0.10032138989648898,-0.2284454351918087,0.07269953411564439,0.34055275248873546,0.6728474307639403,-0.006868775383559568,0.172380141550803,-0.2644721078572159,-0.12686584941623988,-0.08505928846207542,0.07200423607953306,-0.040292273687308,-0.004164351763464975,0.16659486674856044,-0.22256984776506245,0.10598442314159605,0.8843228670227198,0.3471370721611551,0.0,-0.00562123932708685,-0.02699047344618084,0.1862955914224158,0.6174913505584971,0.05394164927699412,0.0028892583540017346,0.0,-0.024295869279666912,-0.006676018471615174
ACC0121,-0.1754262831872986,0.0016749334278514418,0.3958858151520075,0.14786798650504065,0.11459479322395012,0.1691961200505698,-0.04307314069445552,-0.19328970142369523,0.09902932125446551,0.09401396757008718,-0.07785732220662046,0.301903688961808,-0.059682613910501094,-0.34887972313356763,-0.4475639434717479,0.3734826183462259,0.18358809160388972,0.06956786280025046,0.09087325112747746,-0.030012395845207953,0.2093455812417443,0.10922505514894613,-0.034087034779024465,-0.14439797564973977,0.017346952673929147,0.188901688421006,-0.24417752066889387,-0.07305539063692984,0.06789313662704656,0.13636965288722852,0.002456308402926353,0.010525318835238953,0.24140641036092772,-0.08523773367515772,0.09566437561609618,0.9467876796730278,0.658510914019184,0.0,0.019818668093689363,-0.043267629916645844,0.1569063879729661,0.48658744046638364,0.04796927687402377,-0.0020046577273738217,0.0,-0.02818984084662793,-0.011328063706434969
ACC0122,0.1356190560644921,0.023706486230931936,0.11039073501460887,-0.21872426921707241,0.4119959402352743,-0.023363981504070735,-0.0954552704836008,-0.1354250271664941,0.2649788079358658,-0.3497703238999576,-0.077817280537196,0.12872309360018405,0.24147033562580783,-0.27824911632149235,0.01806437633288739,0.27129494836317936,0.2650681940771087,0.022583877088195408,0.4571191642805779,-0.06373886461372118,-0.015546338489145519,-0.0853340903010921,-0.03365287744073624,0.03576932477315913,0.10858024173541235,0.4006252293877295,0.15412378442254748,-0.08253480935466381,0.36531455274338903,0.2205691681411666,-0.2606729804716979,0.07935455162539434,0.02530249445642919,-0.04573649895820269,0.05276368121394341,0.7103163062504944,0.5490458209921443,0.0,0.01593009289680929,-0.001523995397093287,0.0033935927465380614,1.1034080584268988,-0.06236271688384237,0.0,0.0,0.026771671832776373,0.0
ACC0123,0.1691662130806534,0.11496558446929227,0.39544478382945214,0.024194982496062542,3.181546554816923e-05,0.014447251608902978,1.1667302782987472,0.08362420224944075,-0.09634510848940941,0.14656289021938856,-0.20264780942397317,0.02286040981419981,-0.4881229093634307,-0.21823352025567763,-0.019543516807367104,0.1481561980511801,-0.031145448181527133,0.040676132918624514,0.5060151933557265,-0.019762979343589115,0.009247623574808874,0.05589985529290151,-0.16432970393077198,-0.024386103248229856,0.1591475577351245,0.30878768271296647,-0.1964003748770915,0.0713132365766654,-0.39572841869357606,0.470223576747637,0.10400571614109111,-0.20569039183908988,0.18728668550731334,-0.05506796843873869,0.03902559276442118,-0.9823022455536545,-0.3886075794074395,0.0,-0.10808988253877223,-0.051821936920958114,-0.022681489328272395,-0.8869591851367158,0.019634031495197123,0.013327943749829662,0.0,-0.014874455281048941,-0.0026086009425242505
ACC0124,-0.26256355975913964,0.07372376090802547,0.11315425939115199,-0.2219685648711531,0.4175469139499233,-0.026393115237927853,-0.02321093831354261,0.43335884315065776,0.10905901950836956,0.17743677567282845,-0.01957298395742763,-0.11233001160552435,-0.09943735088007988,-0.3728033154337881,0.007060228148176445,0.012957570038285925,-0.17379238810210185,0.0015859760588949456,-0.3386158590706595,-0.03777939452972466,-0.10028915176610018,0.3316252555460648,-0.31549218629398745,-0.09853437467593434,-0.35419230795755585,0.053493214470018015,0.4962247314963883,-0.05097729047951697,0.6873960573585565,0.11092717030059286,0.02425752817896151,-0.20395202117889746,0.014929618372102145,-0.050635973764914674,0.048515242985476506,-1.1695682473691873,0.36187039640251484,0.0,0.0792823177270542,-0.0009854811225020192,0.010853659219056887,0.9106491075358258,-0.10519875550419663,0.0,0.0,-0.011025186445595168,0.0
ACC0125,-0.21804255141722215,0.011690350343471285,-0.5479165224821133,-0.010847066971469256,-0.33874839481799246,0.18523607315307525,-0.060101226580071554,0.2476801803050659,-0.10818693988132792,0.1234874723510018,-0.35115499813406886,0.007232058134627217,-0.02350909762498509,0.559256213118903,0.03699408358542867,0.4902947853941476,-0.16715234536174559,0.0276979358881467,0.021971908166157537,0.1407642895523188,0.023127955732243966,-0.06218463023846196,-0.016179732931075202,0.056894741602639645,0.11635482970928615,0.3482320165797291,0.1108551426996255,-0.10247145155400147,0.09862740039390626,0.10831955413057051,0.03002081933404638,0.1228022993138181,0.2560629381083587,0.03325494527600802,-0.057420119418315575,-1.7967998429212195,0.2975884898305068,0.0036096055788857966,-0.033293325317057816,0.0660083650594689,-0.7946311071200558,1.0197406386795709,-0.08777015935609808,-0.0018411144521572422,0.0,-0.00539072851230676,0.0
ACC0126,-0.18205982443423196,0.02970505607787544,0.13851563144524826,0.2017827166838365,0.26487786887670783,0.06740737441280993,0.1093167765306961,0.23786148724592737,-0.027960876386504095,0.37038118353796423,0.4208023399954297,0.04040016825306465,1.1178938051158502,0.3079680583782342,0.0037007547746534934,-0.037286551938553784,1.346213955263164,0.07018470756544111,-0.19976842488849064,0.07096176677847216,-0.014688411788546156,0.17718437939474643,0.18083172166105413,0.010720711984051277,0.06139564260701654,0.04726267664308524,-0.053085438081294074,0.09617996366742194,0.2769557415531348,0.339037927155046,0.023676462019850318,0.04705333798093638,-0.08354594937184176,0.02556562353636721,0.07861946798413515,0.9254802715304039,0.49869397705533863,0.0,0.3200394428419979,0.18508276807132176,0.08507269194812617,0.6070206811440397,0.8779836933705153,-0.006845152317536067,0.0,0.014557084333528305,0.0012148977159549559
ACC0127,0.2542514109724363,0.02796638474379864,0.11225759434006895,-0.0002209217996079504,-0.07892617049348524,0.11700717051029201,-0.12351037875915491,0.287976097226633,-0.11203199464017201,0.28180567268394113,-0.03453867318767504,0.07656444521092164,0.024753655705006303,-0.18670598155730647,0.015290120928834852,-0.14718145565419197,0.2844082146342061,-0.04914247536555284,0.16087511906835225,0.058359939568252174,0.24087768598315643,0.42626612802909136,-0.08802459604189414,-0.16850212955227195,0.2539032887142243,0.2773635860747993,0.2938718169349775,0.041790297608594006,-0.2662670175996587,-1.0371299601753319,-0.1559291697052831,-0.20259388836904177,0.32890664021831545,0.13154242897014032,-0.06180584343977417,-1.718496246859742,-0.40729089735263,0.0,-0.040634684548439506,-0.024111819804534765,-0.44704018756162783,-0.9882392810601394,0.08320213157363086,0.0017361749723990958,0.0,-0.06903759149825042,-0.0059475019613956185
ACC0128,-0.14408063009998112,0.10710445487872586,0.5057528227377919,-0.13017201777064188,-0.23423524823481418,0.273238344093823,-0.12301858857695952,-0.6995296537337247,0.11466853691942579,0.18220179660130784,-0.02789413701662151,-0.1048586777256295,-0.10646599064120103,-0.45766743478747035,-0.06490293938423781,-0.5652082760683861,0.003030288169667639,0.008452812834776724,0.23401778247469976,0.0024564515803606433,0.16480811119253508,0.12402163160719182,0.158662609258715,-0.046506714848960774,0.0675333961652821,0.12496254207827502,-0.5126634221322786,0.23052219663122425,0.8784787453446546,-0.09703377207294095,0.0968608865413339,0.25608047431622044,0.05094810544309558,-0.0404396710046951,-0.026543918072610556,-0.8272434277547107,-0.4381803984464893,0.0,0.09047776390383519,-0.0015398142539094052,0.010302429954682658,0.4247918685098492,-0.1403577022676053,0.0,0.0,-0.015565831683367583,0.0
ACC0129,0.14009584126992092,0.05737638956266643,0.17308764848855096,-0.3161276714865303,0.43458461492676814,0.008030697927718107,-0.10046601122294867,0.048022308003219105,-0.029504373727021756,0.03734207552660954,-0.08032781993853684,0.022376798145542588,-0.3896866311006289,-0.22940286329746037,-0.006655930125856518,-0.298814255119472,-0.9864147159114927,0.0695470828285881,-0.03409192402910844,-0.04719339334345462,0.013813834903637188,0.09967861215820446,0.18488069827253983,0.14868018069563885,0.08525492058629938,0.1378500551045538,0.049142631500592705,0.028296749653279007,0.012317824127543262,-0.6270329617852093,0.01872087588850447,0.004303102224887532,0.15556769787258037,-0.03434868432324088,0.10943805116624508,0.9065885205870595,0.37094398500505643,0.0,-0.14183839641583584,-0.04638814897270653,-0.030305880324790122,0.43835909157095665,0.594458405452623,-0.1082869726056342,0.0,-0.005076677335175713,-0.0039863831304772
ACC0130,-0.04781857998499764,0.07135257793166785,-0.11785215429617488,0.18467557344472674,-0.42124035628054846,0.021622610977556234,-0.07573099104906839,0.21301147701694087,0.0694502608996738,0.11061675555340215,-0.16265866101620316,0.06566947305374647,0.27835537867229465,-0.18278547195240072,-0.0857206639289006,0.236087289463205,0.1368518777957242,-1.1332687235227794,0.16919835496871782,-0.002723797046951859,-0.07169474200325475,0.13352483730649564,-0.03903055327038143,0.09928143671882507,0.2873915956735169,0.07283045365865999,-0.004062462757562722,0.019272905412704593,0.29017174543985735,0.20573976435733363,0.03462933074616879,0.08286689135316437,0.14343984745162264,0.04997631520958393,-0.15882658317983295,0.19805414692481038,0.2715184848788205,0.0,-0.14080615347980427,-0.010929011265408087,-0.009763578272814684,0.31359768273770916,-0.5505888521478615,-0.0014861551512344515,0.0,-0.006595612157437018,0.004252142005842346
ACC0131,-0.12242347403227116,0.010812627426242368,0.11358315221526619,-0.040833256619311614,0.4247805432515602,-0.04227510233364107,0.09456591516912392,0.03576277433905084,-0.3435972553667138,-0.3087275021706595,-0.0918090321087773,0.10565754578314211,-0.13666160741543543,-0.4179966410940891,-0.0395861742971096,-0.12006657683645684,0.3940916070153346,-0.23226389689614227,0.005349317691147591,0.01918841184416182,0.03238191493353263,-0.163287944882799,0.015480201114062887,-0.1024990329153138,0.01813603087159246,0.2226087154777162,-0.3250869538652194,0.26760844346749424,-0.08484151637245513,-0.06260298507102684,0.09040765738055126,-0.26245322696421425,0.0010446477660448197,-0.025723420376721585,0.07631445296765457,-1.095780414573868,-0.32902300056766326,0.0,-0.01645289972086246,-0.0015398142539094052,-0.04054566052036651,-1.594558202770462,-0.03504019436103724,0.0,0.0,-0.026226050048225858,0.0
ACC0132,0.21536754849646897,0.05090397572577815,-0.42984080277880427,0.07869907268703993,0.021865243303091475,-0.08871563730402872,-0.08875393056410999,0.1383156502717478,-0.05142610845742433,0.06663075288049955,1.0957536612097234,0.07347585874762869,-0.24820393160860155,-0.10386610591298984,0.025859633841764342,-0.31453823677374265,1.266920913004985,0.004658216673701663,-0.2666710939898671,0.11915798177263881,0.17068452194033223,0.07153249065168119,0.17305645263823247,-0.201787703509691,1.1294101305543356,-0.023396937657873384,-0.17003800097334026,0.029184291026965906,0.035039804264673895,0.34156387290008666,-0.0014251422624087596,-0.08645670538220494,-1.448869470558014,-0.03597058938474009,0.015589544290864678,-1.1220200049041975,-0.834407243829172,0.0,-0.12614089045240112,-0.09412790485027399,-0.07023642086383505,0.3621095789238461,-0.12112326584162944,0.0052409369398102,0.0,-0.005081243522747267,-0.0026086009425242505
ACC0133,0.24597114644209495,0.1037733587385026,0.05184057822839054,0.20985431067769852,0.054173934890854425,0.08400735569422847,-0.015845263797018214,0.4013092880516111,0.2013005867037902,0.37652883470904114,0.024718180555478496,-0.5666438078436813,-0.3639819980644788,0.48380451472673996,0.1855596545793112,-0.00246427075853588,0.1946702893950308,0.15407452295478385,0.13229755122153758,-0.17207879753132554,-0.10929722137044766,0.2469542267133839,-0.12811793161904525,-0.06092358306876673,0.20998282118919637,0.10267766355366353,0.06118688840463785,0.16631855958902428,0.1927408723291415,0.13626955895228288,-0.07959868560763274,0.09561102893716956,0.03895201110857695,0.14611076400094475,0.04056361099662259,1.29615190264519,0.47209464805872303,0.0,0.018617224829809435,-0.04278897166365172,0.08200703323838168,0.44256188138031843,-0.2468850370879204,0.0014249031623158066,0.0,0.08989053605481614,0.004628972966860478
ACC0134,0.05378263464442124,-0.032250475023079775,0.3156313910346518,-0.1337193009547398,0.48525107546966645,-0.0822997537612824,-0.016320567235346868,0.5332976737583967,-0.19278629812190204,0.09383219327679208,-0.21637225195118573,0.1076933977654948,-0.7601076726611378,0.24760630644513018,0.04998492726983515,0.517578156719758,0.09368063554733644,0.003819333875800418,-0.024970288167523315,-0.06463613673193566,-0.024357858103728498,0.0007468014776043236,0.06399763375157806,-0.06978544675130621,-0.44141615003852686,-0.3548492548515449,-0.44626760794738246,0.18231993839510266,0.11359301694657666,-1.5400706381330385,0.10594269280218678,0.14914862174993504,-0.010630161244752,-0.2490920202641886,0.1255724648127494,0.6888784802074989,0.18428072030029732,0.0016584674281367173,-0.011429087028564723,-0.04006601041870905,0.3224373765211265,1.26273075463055,-0.012080536588882468,0.0033093797338977922,0.0,-0.022310394602998943,0.0
ACC0135,0.27164369696608953,0.09479147551702038,0.1806380948558734,-0.29260396488058443,-0.06295150038730361,0.008777847906800827,-0.05327851122849402,0.24730273992156768,0.010201941773201334,0.23733641236709982,-0.045513945193077235,0.006148283577288597,0.37305896906280156,-0.09153918616985246,0.001104822895937141,-0.07112260888140957,-0.8422925656317858,0.06052673540902803,0.18468969545027228,-0.0007049885735727552,-0.04395716901007669,-0.7679166769411959,-0.03853369347148971,-0.021942292684591004,-1.1727043387575347,-0.14733616415640863,0.00940308100327428,0.014595143200924377,0.07896836364383794,-0.5551770956459213,0.023860903795093903,0.005412668151645868,-0.018966758891996012,-0.01668355515098363,-0.03450254636938394,0.5613056092294421,0.15583922885187668,0.0,0.26927757916785083,-0.011913956077499392,-0.010363889688189578,0.7704001328888228,-0.07916997661416503,0.039565631541523934,0.0,-0.006137331314796557,-0.0039863831304772
ACC0136,-0.25397504552322114,-0.056286434511825814,0.11357821338155084,-0.024450550045184826,-0.1376304565329087,-0.051956349409118835,-0.07569275582301357,0.5966699129093902,-0.12620548770431939,0.2779135658124588,-0.057796253910177106,0.07715005022110785,0.040975754614738756,-0.23470804846968563,0.04669762919087267,0.016738462024372642,-0.21087961718259737,-0.048297912057906005,0.04548161798200008,-0.10954509434301338,0.17605824482682078,-0.3968925856862499,-0.06840257178000304,-0.1552171877814096,-1.5031088890144746,0.15995995071533556,0.31173826770630514,0.0782739133005003,-0.197244404048649,0.024090349405139024,0.015222423156485636,0.10652087518625207,-0.4123954517445119,0.0007364269620770223,-0.13182701328881763,-2.269107661145973,-0.382598291899623,0.0,0.05330737594732865,-0.021916371801613866,0.19154095799565038,0.16755857716499759,0.05187111498776261,0.0017361749723990958,0.0,-0.02516993198181811,-0.009514417300359988
ACC0137,-0.19014973834300855,0.03777584731146275,0.39121804697064905,-0.03463107678037794,-0.14205101930194097,0.719109581906923,0.6792362508245503,0.08790713620971939,-0.15657913408189222,0.07584144949255933,2.4518849638306346,0.14790314686410772,1.2782484048223648,0.7053671974586588,-0.041113540187230194,-0.3966450205470523,0.8206844174214963,0.04629463736629032,0.07238636583536787,0.04643386668296043,0.007870105034548023,0.0376233246016096,0.12369780358991837,-0.023529977630265975,0.4182374732422102,0.00816013846624618,0.1950120394466537,0.00236721351790159,0.12426231947390673,0.8802931425196754,-0.04158500686072561,0.09888039755880781,-0.4418033605780555,0.018454625636950512,-0.022465287167119725,-1.4164548817726637,-0.4812045233739726,-0.01817848310164502,-0.00048822917283118867,-0.08717348436865223,-0.4146763262794396,-0.841662797989102,-0.05558257846521707,-0.0005939306774725463,0.0,-0.003935264129431248,0.0
ACC0138,-0.023069975943925538,0.009998847879969726,-0.28530055612595623,0.17162875145261106,-0.033390602394200726,-0.16336650979308034,-0.03358474896334334,0.5015355806477274,-0.06507210259947688,0.2705779962888851,0.12617620678413005,0.22226200490947137,2.6933271502678857,1.2034506746843399,-0.3782195038208506,0.40309251719585065,0.31434187644632283,0.03391622854122511,0.11801906381137321,0.12793207733741785,0.13688519512076514,0.16124783972002488,0.05495645172095675,0.16743715672027396,0.030898673809123138,0.09045525025470037,-0.027028361318211576,-0.02139211845166762,-0.2535807207109755,0.017574685473508548,0.09500108027718059,0.07437155891486652,-1.0737091524114133,0.1829004688375557,-0.01661754321996832,1.2704271437755088,0.3640332969857972,0.0,0.07588506109187934,0.3709070667811326,-0.008033836907077584,0.6592457399435571,0.005459184223265529,-0.00407678292155903,0.0,-0.027613185059303286,-0.0059475019613956185
ACC0139,-0.13697211046914304,0.089443637866373,0.29627492166687086,-0.5904921963358417,0.04614762358227073,0.11187689991965262,-0.0958493699438341,-1.254238093991705,-0.0015612935813760559,0.18134654385064727,0.00383993309879559,0.3896980642636124,0.002752352685233404,-0.09333455777485804,0.05724785140165628,0.13652533260196234,-0.6214914281922737,-0.014206784270134522,-0.17887454703647176,-0.09188070904021402,0.30960172079309034,-0.3519724509664624,0.20995812114148182,0.5433097786401676,0.1561776730635288,-0.5759190741662307,-0.40100582000995516,-0.013178046564005511,-0.09110784904501405,0.019370560045178693,-0.019477272776102183,0.04913650585969067,0.13501603052310696,-0.27277951754176766,0.06938528595041764,-1.1707678628329583,-0.3172345311035897,0.0,-0.027985602196304346,0.017008712046009497,-0.4208010147175075,0.3923531136140408,-0.35174969136077855,0.005618753668603274,0.0,-0.0676889982147234,-0.0059475019613956185
ACC0140,0.260652768883699,0.18212297406608408,-0.09304859369920801,0.36272625504403844,-0.04246330370179318,0.004901916120286858,-0.15702492927199202,0.14044756756077773,-0.09952869540736373,0.15359644708640804,-0.08447555737776923,0.0649203158148055,0.2411367318896117,-0.041653431678908975,0.014995863039366368,0.39347667406273973,0.4778111271900053,0.015426718006829319,0.16071581606342752,-0.026085546537719648,0.06956206254793604,-0.10812729884034775,-0.015191367311277284,0.3011771923521284,-1.5296924274912502,0.12115501329280277,0.03696959867597579,0.057681411358619115,-0.1796594324165021,-1.2844377173731023,0.32026559546535704,-0.4147239359948674,0.0188798552350365,0.02928336452300038,-0.07835899683536236,-0.6251650180065487,-0.7284883354911504,0.00018078912603898935,0.026115292869407763,-0.003540351598959021,-0.24670204842136062,-0.7840614560079552,0.04739284759499943,0.0015851159650467613,0.0,-0.026227455628606393,0.0
ACC0141,0.042072596436024345,-0.18735174546851321,0.118905612766819,0.2134619919542739,-0.23470403376239435,-0.01903975703889197,0.20023176597881592,0.41703780708829635,0.0801577799294557,0.11002373579458925,0.2180719551221001,0.04550915843563564,-0.588838772951489,0.5719645960845205,-0.010303929973733928,0.6737285479504385,0.08012053002053433,0.05250365435773095,-0.10259948828834488,0.03992015603714724,-0.020144197973213217,0.07371737330799512,0.10135124683853353,0.0377325367813648,0.6160458714945685,0.17733879962724733,-0.16157208620539268,-0.02408328063712099,-0.008186708674036668,0.055333101672749484,0.030470207306954687,-0.3434943003098729,-0.421030464654666,0.3132392125511217,-0.002949970884560314,0.7670791960280792,0.48070401501588655,0.005096753559639667,0.026941380492847368,-0.08110354821867623,0.1600245305012561,1.5279199710844422,0.3904051560820055,0.01208379307027345,0.0,0.02721457137449778,0.0
ACC0142,-0.04258278246176628,-0.0696635003183999,-0.41591328869879934,0.2676121725756377,-0.19552117269996078,-0.0680582735287426,0.299694517644195,0.30487821303012413,-0.3916209587747648,0.10771611932707593,0.30598665596526775,0.14284286136567373,0.6442242237019201,1.3654829460890754,-0.037222049552218965,0.7856882177128318,0.34036747848508525,0.04181385907300831,0.14684654835097685,0.03772459811353075,0.10894376151714069,0.23665166420050507,0.7752005435890588,-0.9839335382306018,-0.012062067045074993,0.11639446476905795,0.13168787816658967,0.01807441530027172,0.38685860553379164,0.04715027556696572,-0.11265046021039248,-0.06272548232245465,-0.14118467097405588,0.07118870822393168,-0.03322286264208505,0.8623099935339741,0.7427735642134702,0.0,0.08538270511740544,-0.015480984816042556,-0.033580625758261186,0.869276649047854,-0.1048367590091106,0.0,0.0,-0.009346455980018587,0.0
ACC0143,-0.14188708269796363,0.08483404589738769,0.010255474909831147,0.4220859654595507,-0.18567799430247175,0.11476425432045544,0.13928667225463334,0.47379030935475175,0.041137279498898935,0.2737462947447354,-0.09050485448129936,0.04089984721820467,-0.3043264978434888,-0.010807782173845714,-0.07746592637281573,-0.20729013252778317,0.35427275049076545,0.04745000648412553,-0.09206885008615859,0.3072477367644273,0.08158980929414279,0.16210373351235646,0.026898315747931313,-0.019945056318577032,0.6260609650592786,-0.12306286982774631,0.38103966294877495,-0.05569027344267678,-0.12423227132982603,0.0974221762771591,0.061559084627333595,-0.06905380147135141,-1.3478033515367984,0.0029555239722223866,-0.08767593934000693,0.4423555990680704,0.5513628343611603,-0.00021192425393969203,0.038421224908684666,-0.003540351598959021,0.09149048308832454,0.5911378381044792,0.3831321530780544,0.003326144297817913,0.0,0.015519271636923399,0.0
ACC0144,-0.10604118658994068,0.029973657704462243,0.18353926504682952,0.3551945558006685,0.49418866472870543,-0.03031000228399204,-0.08880798295073355,0.7134807896604752,-0.17264957501484648,-0.10647958117703267,0.04992052061396446,0.1655460062203344,0.05060357026643543,-0.40598053212765617,-0.04266390493301998,0.17950795523622376,0.0019629967060393752,0.006885820477346503,0.2536133436109507,0.05898466612567094,0.06670270781310811,-0.051946349929850824,-0.016938072867600858,0.25315405304883853,-0.03613598342386939,0.31233953528750547,1.020612237321196,-0.04242507812114338,-0.009686898092355815,0.2257572748830571,-0.13305489590743882,-0.04782846881115281,0.04213429983727338,0.10188462699057542,0.08322193213095638,0.9900930386449273,0.7364112111216894,0.0,0.041764822120733826,-0.002987071366873436,0.010853659219056887,1.461614240020722,-0.015695696996374516,0.0,0.0,-0.011770303415169136,0.0
ACC0145,-0.030572102914911907,-0.049722608638822795,0.19630865748034532,0.20825292987355953,-0.15697544027999444,-0.08276087334464445,0.3508877398130366,0.4195189093100647,-0.47093330248862864,0.43864992381595763,0.14765842878745863,0.12667224327414858,-0.20789704345728346,0.47207720505155765,-0.08783352465373248,0.8626357173287187,-0.0026189949440348563,-0.2622576275536674,0.13504306120552054,0.008549034269325849,0.14713342916525912,0.30030933782405717,0.1502935015385442,0.12369481973143592,0.5636120947092541,0.06932738659528183,0.8073097934961053,0.05363082266648369,0.3747253731282932,0.010252093490149985,-0.11125915624283875,0.12274528126011468,0.07516423718451648,0.06524398651177284,-0.012898378593838715,0.8892308155698765,0.37407418112676377,0.0,-0.1964686692985942,0.014242506030759158,0.034355571592354105,0.7611402652271073,0.01268135332054162,0.0,0.0,-0.039946882942746204,0.0
ACC0146,-0.018539407920298106,0.2265119083215942,-0.012654045016089212,0.06793959340297269,0.28437039447055523,0.03566006984021737,0.3117620687852633,0.3214046987685704,0.029632852725434335,0.10592249031517639,-0.09809645743051569,0.08280778856641273,-0.32145697133799356,-0.21080565762701467,0.008029207853210377,-0.21000960253239764,-0.35078307265284425,0.10506832143759977,0.25286339616626063,-0.06344665510750784,-0.030415014470115027,0.06420560932036744,-0.015030897921393923,0.5932482493830087,0.15375004651565116,0.1892063648117737,0.07642746349500489,-0.020083123072613566,-0.061251071486643625,-0.2989108769696604,0.09271621588303676,-0.34528996092542136,-0.18312575731314207,0.06336498572527297,0.0641866899531661,0.5904777593054173,-0.7378851487038613,-0.0004996596396450045,0.03873918112319832,-0.003540351598959021,0.16256538369833662,0.9635030388720337,0.04181523948613472,0.004143315607944163,0.0,-0.007070234237305107,0.0
ACC0147,0.2187117192996509,0.05728557171542917,0.1839584013846379,-0.18931912032153617,0.4309510166031756,0.0006938493757006989,1.180887448045255,0.012616522642869617,-0.06121489640790194,0.17039270171839144,-0.10623429262596162,-0.016886960409422266,0.2904935627268501,-0.1710952242294278,0.030671478026482582,-0.22432487875180124,-0.15678681666546682,0.2000752339044146,0.44998706985338227,0.0032571815606196276,0.0714907102873616,-0.013794234182445533,0.05315002739867515,0.09232653265953011,0.2464790451664346,0.2999516323019653,0.5149183565634662,0.07003377484367865,0.415518369350021,0.05457908783200486,0.1571499326761907,0.29471511683583873,-0.03258024775933413,-0.06634522833004312,0.05602567699407153,-0.9537766802699611,-0.20367911177768974,0.0,-0.10532278837952891,-0.012917099614704965,-0.009346299193626501,-0.5052942007122695,0.044383112128132944,0.023305501466965833,0.0,-0.023369256394448534,-0.0026086009425242505
ACC0148,-0.23892336596792552,0.01677926109725813,0.12051649726557055,0.20135718989806792,0.2522166267047807,0.049174434011127595,0.0735098464857581,0.1835035247497265,-0.02932116842385448,0.20468158327616037,0.7903331363899903,0.017616465882375355,-0.02370790811149541,0.17452595339974833,-0.0017980356866267597,1.2180550760847453,1.2967757673526936,0.01295212415071671,-0.1970779751721862,0.07202450434560644,-0.002248085234507721,0.12568553551079648,0.19765124719359908,0.007624437871900603,0.758956801782471,0.025213248259142267,-0.7127126663244864,0.07106612308981168,0.05690193616668053,0.04850420560539127,-0.012884540303183567,0.0534509573798219,-0.8683451716139731,0.026004125533147984,0.08023563092407324,0.7061891367961174,0.4315934165324931,0.0,-0.16784872651299207,0.22921307640864325,0.09618857787205018,0.6104962083946655,0.968660374125939,-0.0026179871655135005,0.0,0.009144357266245037,0.0012148977159549559
ACC0149,-0.2513395436889173,0.04701112343853828,0.09136521614846325,-0.23858068346257413,0.066655515932117,0.033268258018568336,-0.040553661737878194,-0.06877238278893585,0.14527408149506238,-0.12626027072081794,-0.10353908473072748,0.13421758914978427,-0.3581735945728596,-0.31582594084645876,0.05044524547410842,-0.1010009730657799,0.22585236682938986,-0.015492082469553314,0.16978615539077901,-0.16989975812191482,-0.20195353891558174,-0.0857034890595587,0.38594980238098037,-0.12252872797897003,0.27684289349468894,-0.7830185542927725,-0.16113047626533483,-0.005206956881283598,-0.039986551878221206,-0.021376522196793535,-0.03716266690684905,0.011127629375684692,0.23020742071798678,-0.29139822690858214,0.04968507936212825,1.1528036170021863,0.5188636752694384,0.0,2.048892502523928e-05,-0.018397187842404045,0.1894937400379683,0.6594193414341335,-0.3157208426709222,0.005488541609264555,0.0,-0.022714252630949686,-0.02777383780116287
ACC0150,-0.1415437247916778,-0.0815426160065606,0.07851216513534931,0.2992227589155646,0.2924143269962084,-0.034126504042717394,-0.12343609496584304,0.2383552273660009,0.2937497417438757,0.4513556829608187,-0.012345380890082538,0.07118540918449609,-0.030170362500263073,-0.26455970469853207,0.009336516695327637,0.5002181282483399,-0.0009966729859580484,0.00810414643333427,-0.04331877450349835,-0.04078811462747523,0.017025607926434264,0.12346935329522508,0.1971212454250923,0.04097642751692532,0.03734223305001183,0.19913804227222892,-0.03741378845741734,-0.1261073699936381,-0.2788916465083791,0.3027321998828162,0.05121018919316707,0.5374361502971867,0.03998398388151813,0.08105922470486517,0.056344066095819476,-1.3626590720855085,-0.4599397563352212,0.0,0.05964580330798388,-0.0009854811225020192,-0.030898046549402633,-1.0025409763270254,-0.025259729096428103,0.0,0.0,0.04891797929834922,0.0
ACC0151,0.08042611498326985,0.05333636411363389,0.038793338057446856,0.9336320429420577,-0.043602523084144716,-0.0034657991111421886,-0.21313215569627228,0.12011076967598437,0.10470691715657689,0.14877199239256766,-0.03555417820714141,-0.20043133121006548,0.2008699362587245,-0.17892671913590097,0.001992269217439262,-0.010534570323684182,0.2580029147181523,-0.597624357064121,0.023171122765881017,-0.06039007090191101,-0.04558973655129175,0.11344929164144095,-0.016877194941234026,-0.015178133638184413,0.2783331057537334,-0.023576564263972352,0.4010855792964834,0.02985680296943964,0.7419854523703284,0.21731622796002698,0.2760356316329044,0.1149568774881486,0.14476761492060208,0.13860387357147447,-0.09334550847110942,0.3389718248490824,-0.41992442038845174,-0.00027568138974595584,0.06883386967174007,-0.003540351598959021,0.15232788775393763,-0.5449828157288104,0.18957189983461056,0.006331308669913914,0.0,-0.015022983506498815,0.0
ACC0152,-0.03228594610814362,0.11953261685389036,0.1174848043761035,0.19027079983500372,0.08711848474501005,0.03212388435572352,-0.03327707033168549,0.5235942730887624,-0.18764688359215162,0.43086630398695464,0.05106028025860272,0.16039178795801992,-0.10007151071820096,-0.4529728700669316,0.01177679456603534,0.37204577846556386,0.11398420729330974,-0.10452959247607065,0.1146667209706358,0.003066285031745353,0.2453938755407934,0.14287576954461034,-0.10327208275427549,-0.1174655367910613,0.08124466168433371,0.22538067383215413,-0.18424224686812127,0.11734681835804897,-0.0011978617275956714,0.0779722858351717,-0.01193818024597315,0.005789113082384787,0.3591577864173054,0.1746738022142446,0.06384974379588443,1.4098905442734957,-0.17541081912360357,0.0,0.07533949423431045,-0.023787107715623503,0.18695592198951974,0.5376325416913176,-0.0362217010724489,-0.03185549584132897,0.0,-0.020144048330578677,-0.009514417300359988
ACC0153,-0.11924489895440703,0.11017282688167043,-0.00657545164473878,-0.25297186358388934,-0.3985582566802736,-0.0031746222347359245,0.08136209448110117,0.24307797720427804,0.007801943867448438,-0.11064731363524803,0.0014487255603797575,0.01625930943174268,0.03282310355091765,0.19256261368746697,-0.03908037391907047,-0.1939453588185918,0.03962731275466123,0.1302750006021828,-0.4972522435219591,-0.040996143449774404,0.04849491315239868,0.06170775580888644,0.020972028605753267,0.3108419260789754,0.21127573149084072,0.09695009848791744,-0.38540297038791793,-0.0998322065186099,0.5141943163388529,0.15258369442332398,-0.18453113147868297,-0.3499478748286923,0.13537331941424355,0.0481888001719071,-0.13308223626119595,-0.6215240244636209,-0.7089781581239871,0.0003223610578354857,0.01555857765722989,-0.003540351598959021,-0.4116152300771417,-1.2890843916965171,0.07874417599369136,-0.007724904324117585,0.0,-0.06982925465869927,0.0
ACC0154,-0.11134230686025755,0.183128704628104,-0.008190753393210272,0.5582576635256365,-0.08210992996264531,0.09998686696053347,0.25013248497542767,0.4576195337003851,-0.1601255819233913,0.24635431285443907,0.7580355114800574,0.09229624460244519,0.7193284674144748,-0.025230815844401098,0.019962465946249085,0.6092180772640794,0.8830167014815163,0.05075582737615507,0.45846214264450813,0.26780530945759645,0.08242759305912048,0.10415998238794187,0.005797074301065903,0.10924694497054024,0.740222561312942,-0.04096520625182966,-0.06966180108324597,0.09424341090941675,-0.15855814856123257,0.015509157490930039,-0.11398381876214177,-0.07843493035376606,0.07225701650742847,0.00011546131078659055,-0.024261410151330244,0.6293150580682548,0.6033607158797845,-0.0004895747964695479,0.05817956655653289,0.033034408528632646,-0.1233478746275181,0.3167119673826605,0.3433725716159798,0.003326144297817913,0.0,0.022205123803668042,0.0
ACC0155,-0.039536382412272336,0.07001157642512756,0.145445389344631,-0.13986058294460185,-0.2403734128343288,0.011360698858456031,-0.2118495154065831,0.056900501029239346,-0.16060827365980557,0.08394488833294754,0.07588417009974548,-0.0901679711700999,-0.008207886068696758,-0.2081122108864544,0.006023805971794891,0.06971921917227317,0.08827536101470407,-0.6573158402765813,-0.37003822396150315,-0.0328428861801108,-0.09941500804142234,-0.023803332124238137,-0.059400338836651564,-0.07142483970500495,0.269649228963823,-0.32157587893752354,-0.2340558399959156,0.048851835530186,-0.058645384347047476,0.30178418167815957,0.03063637108687965,0.3632215316296704,0.03717326441083515,0.029870729664405616,-0.10804378186702293,-0.7102321249911722,-0.6306698068591379,-0.0022814888248440385,-0.007663238667188695,-0.003540351598959021,0.1948140336453823,0.4025661085953108,0.06706749477974304,0.0022745671426418618,0.0,-0.012817941073393476,0.0
ACC0156,-0.1587225050740813,0.11537325029588624,-0.13310038642589397,-0.17038934896848643,0.13396934337516633,0.027713447961800655,-0.07385106849384682,-0.10279647421354766,0.0723295824149121,0.0016069119424639215,-0.012619975844395677,0.017572875181373283,0.22566451042712798,-0.2088996643725833,-0.0470345233594532,-0.04513695204381388,-0.019719804497388572,-1.5362431115900117,0.2351027746748074,0.11121349942906283,-0.08001151380348218,0.21837095388804847,-0.051380016496771756,0.2191380311813564,0.26898917206558903,0.2253451182687235,0.04243367914373026,-0.05779734248490944,-0.17704866939428435,0.04012775823311999,-0.037697250171799805,0.017225876114359006,0.11711856716333735,-0.08103106334094819,0.05514996738980226,0.9692144994172467,0.41456697145945703,0.0,-0.11322807008529259,-0.030059309524087096,-0.010159298794498678,0.22131092287305856,-0.10164697157507513,0.014324923343030324,0.0,-0.004899170533234349,0.0012148977159549559
ACC0157,-0.07853483367458688,0.0815533111989879,0.044152934799956696,-0.21573102742479336,0.13243277324986633,0.12002301734566133,-0.09087383447180887,-0.011165414684072996,-0.6247485735328218,0.12913334820786257,-0.10352082233032743,0.10347676765293025,-0.27045071413479305,-0.4133476936355045,0.011670146257907799,0.2096615466917852,0.06194560088498429,0.028013541449558824,0.16284291037610543,0.032018466078984884,0.1377727223447281,0.1362678255061721,0.026731980633572707,0.21950945763115814,0.0750154377059454,-0.06367210606006107,-0.2661091942349202,-0.0969292360176466,-0.23548428849143718,0.2999681290274866,-0.05964152536426372,0.14927744480673794,0.053715392990823896,-0.08779661633201523,0.0003428000258395681,-1.3558399561156937,-0.5609884185639762,0.0,-0.040742392470066925,-0.0015398142539094052,-0.00015259024873885544,0.6288510910453985,-0.010817856291917779,0.0,0.0,-0.011556087609756792,0.0
ACC0158,-0.1281025117620683,-0.04171414983064397,0.2712787551306025,-0.05691004276369262,-0.7262863164269208,0.1893963757610035,-0.06976827050946832,-0.8358153178908618,0.05276634582190151,0.06031094793142543,-0.21360889385367204,0.006857535936208321,-0.29000195563083536,-0.5578565487747991,-0.09179788694821057,-0.11583412588109888,-0.21519697795070117,-0.010180818617306539,0.06283611928910983,-0.24029559465791706,-0.035004924938479814,0.0243121998876317,0.07964381328510467,-0.07018709469112683,0.22622760660929872,-0.6830246155879579,-0.3752223772767356,-0.19775879228203752,-0.17429320859638464,0.07289446659479148,-0.08502902358888324,-1.357318713592024,0.23539534287744127,-0.01147713680736649,-0.10787499785211437,0.5524887235546002,-0.48691420562013926,0.005096753559639667,0.01252551495140263,-0.0168861869247922,0.3449520449721736,1.0395568310789776,-0.05853363303222188,0.006010695220579541,0.0,-0.012146836371075428,0.0
ACC0159,0.09473025113938831,0.059984257951529195,0.08298717873591555,-0.3597952549518956,0.01585755517369456,0.01615642125275636,-0.05013357031374297,-1.872689803831648,0.07352445911715229,-0.8946938453802488,-0.04296300888304009,0.10088660229331681,0.0782314130503291,0.07640909919770796,0.10884195940140766,0.04077927925440799,-0.7478452208320094,-0.1101763380162349,-0.20942948651460244,-0.03640020077263025,-0.25180831633000506,-0.2558162594160455,0.16065038279567848,-0.16870350884422858,0.08267761851752345,-0.8364951694558747,0.6364244814185908,0.06569916887924465,0.09614325886882934,0.0658106015020174,-0.06907311403425051,-0.010637893159323336,0.07101078948905626,-0.17763557772212016,0.06684079868223007,0.7049648601076627,-0.41402695866220507,0.0,-0.004610455586991951,-0.014313872330251685,0.09993828108408502,0.38222989529112933,-0.18603769142611976,0.005488541609264555,0.0,0.08762748210866352,0.0018459206846622206
ACC0160,-0.10827898187562397,-0.029156442153720995,-0.3337854832290993,0.03447571677834652,0.5725527446525736,0.20298709017684508,0.09173369432505896,-1.3993221696883076,-0.1619119750200183,-0.32515629728337847,-0.11776025979847667,0.043674784204115295,-0.24948055022218535,-0.2941492080775516,-0.1611898638844911,-0.13085687004013066,-0.24444070504264495,0.05700916446906008,0.04741855148572375,-0.053598720148504246,-0.03680451962569566,-0.023405229616913215,-0.06571279415579781,0.09909972151541493,-0.6020609310189328,-0.7754889215423502,-0.07600448128230661,0.13154043171189136,0.126117163843153,0.11305855482219064,-0.0967161274008397,0.11130404857960342,0.16176456325859284,0.17631198069585838,0.217710071080224,0.219933789717521,-0.07633173462766599,0.0016584674281367173,0.01313181617022325,0.04179363100365456,0.15569303058892667,0.7616485881551741,-0.074786633648575,0.015501866760768207,0.0,-0.022538203953992857,0.0
ACC0161,-0.13696914547685085,0.06017577934829703,0.3970847460344557,0.08528456295562398,-0.1206060374298553,0.009966411809042501,-0.14621644481374163,0.08139724028655052,-0.030685821307373573,0.3375835629181747,-0.13314758168074647,0.0052240231746707375,0.03554020646354754,-0.17820697812319164,-0.015229466720704769,-0.2784051993809232,-0.11463477430879009,0.058494113927090745,-0.18693006707813534,-0.019337719523396555,0.6776321856995379,-0.2602938791738633,0.11090407266258155,0.03971978378912981,0.029809277753040993,-0.43308972604563095,-0.043312601406247736,0.04049659498482142,-0.3769252487212722,0.08496279395337655,-0.07591552678111264,0.14832441112754036,0.2823388256013078,0.06858219794157526,-0.04646863083202045,-1.387589205381731,-0.43538293615548984,0.0,-0.12440361562867697,-0.032808920235741806,-0.0091417082999356,-1.045208623650651,-0.03549942869747972,0.013529834409855078,0.0,-0.007003580985677498,-0.0026086009425242505
ACC0162,-0.10953331935532398,0.04526299122618723,0.1977687352881829,-0.2189512454461389,0.2501355977109326,0.05475637616097185,0.144188076057313,0.1403703405424012,0.024392950350512598,0.08862540487599634,-0.09972185327590084,0.04289898945572401,0.18037933021430824,-0.07564142941999198,0.10320743729082432,-0.17193612040045245,-0.03659840057199754,0.5501816753893706,0.27089632913379597,-0.040847479961026466,-0.03828567206652737,0.138679279948283,-0.0679919739809839,0.006584909425321431,0.29274743188239216,-0.09230488243957394,-0.013625316648389268,0.032366393361358395,0.15480785765543084,0.019945739173849748,0.07162760618593107,0.1136361372916898,0.0933567459418798,-0.07632152618216866,0.07415705825622881,0.7873500771634994,-0.04700914113345259,0.0,0.16645145614895415,-0.0260648878540898,-0.011373257264817112,-1.328010982532352,0.1648021032359692,-0.1361833817218321,0.0,0.03155243111340495,0.0012148977159549559
ACC0163,0.050223475143268324,0.10972058491963323,-0.06341021671977479,0.034094594784171026,0.16466957555243317,-0.02001695885013336,-0.10185716342185289,0.24183088440757514,0.4036112535748297,-0.6717412115453403,-0.07334774607648713,0.07484841810606682,-0.10275380581515546,-0.28411853258574216,0.010079247900024388,0.09339216654365455,-0.08081095012209766,0.011717539337824288,-0.2621363686645772,0.010357604075074469,0.06196089944676931,-0.21795599519683642,-0.21442520709982424,0.06728964772285399,0.014856122164075843,-0.18357572396034258,0.1407030571606758,0.052882833365405786,-0.2737356627646901,0.22003885587305955,0.06065034394026865,-0.25685322864567883,0.039943154489721834,0.020499094042101876,0.03250319395278775,-1.5606305896340753,-0.9200764530834203,0.0,-0.008629358905788857,-0.0009854811225020192,-0.01979450429067026,-1.8096442693228045,-0.061139531019560024,0.0,0.0,0.08129321526424602,0.0
ACC0164,-0.07521356111601045,0.021843795170671563,-0.06339624163137304,-0.11080328158103428,-0.4008645372504285,-0.10055004216142421,-0.04638102862255013,0.26218323677337446,0.053677913250644166,0.10352746029511567,-0.36053412550358144,-0.023762123985236236,-0.024912143859115853,-0.5324990520642228,0.027490745888425514,-0.0631775547385422,-0.1498679128913104,0.00335571213481563,0.05551844624320003,0.0017608859970366137,-0.0034490939190622086,-0.042821504305023066,-0.0029876620445669607,0.035196825662095865,0.008733639103663019,0.0024826937436092907,0.17835178198046492,-0.18290724498984087,0.09793269235056826,0.057574179164669115,0.13466098886598024,0.2403608460377555,0.16352204742861898,-0.17274637697722914,-0.044057108627513185,-1.7807243731252729,-0.13664969329578294,0.0036096055788857966,0.000986773273554448,0.06351460198924402,-0.8032062381166354,-2.462657806717958,-0.029462150493013557,0.0035559771399153502,0.0,0.008169033695111207,0.0
ACC0165,-0.021675922289157733,0.05621575595291933,-0.5106457972398871,0.11921032076777396,-0.053293584710144566,-0.18348335568916585,-0.011570390623144444,0.4892949770526884,-0.10256733444567066,0.26018443317309076,0.09889099826110924,0.1854957053831254,1.7621699413737495,1.0076830915619042,-0.44056160471325667,0.31370334954877777,0.7289882315904198,0.0310756752103771,0.10484252410945123,0.0557996370124608,0.23198548260611557,0.15327111033616797,0.05374814348594071,0.15326192182892612,0.04846543412243095,0.07740068323677565,0.21509682112149384,0.06610099676018355,0.0319567959310242,-0.005249415293784912,-0.21261513051552405,-5.8086986285054223e-05,-0.9745002338540854,0.1140086038244563,-0.029534049025712036,1.2073201108579694,0.11432773834482116,0.0,0.007643755175087113,0.35798273883611137,-0.031772906582374374,0.5266114537928764,0.05388325705285824,-0.00407678292155903,0.0,-0.03212868796754193,-0.0059475019613956185
ACC0166,-0.2981895694876989,0.01967996461346255,-0.035488219399714756,0.17369467012081494,-0.27196185092238667,-0.015192450947503391,-0.15289325543277918,-0.655972148591339,0.11959086560259084,0.22859880961678886,0.06276385086802407,-0.09819398028666813,-0.17961702864459428,-0.36862027550719456,0.020739336334403984,-0.08826670024979832,0.04071176728767316,-0.001192088139002102,0.3973805798133415,-0.06349766677950193,0.02642117026455333,-0.055866263269963495,-0.1762422043168498,-0.10212699820377082,0.024979086901626237,0.10398082797151799,-0.2993747050684684,0.0206904277578949,0.6451417006292132,0.47890784795506797,-0.18397467898623696,0.24319477844028303,0.06132708031996341,0.037798503449983784,-0.03992649438487654,-0.8333525748581548,0.6785587073176744,0.0,-0.04436295297522386,-0.0009854811225020192,0.008101799064123323,0.36489711891966564,-0.06741169550373247,0.0,0.0,-0.011025186445595168,0.0
ACC0167,0.18405554041574104,-0.4388382999274209,0.14978880361008912,0.17608657874017933,0.11756953717529064,0.0011740112316306318,0.17189720985777984,0.11535688491485029,-0.014484828305026417,-0.17231434869015064,-0.05042820805985932,0.0018406514462134275,0.09123641750248127,-0.2383724133420972,0.0034124179665223635,-0.25008881552394446,-0.020333971795180872,0.046172604807268404,-0.07662250666656184,-0.02913562641115138,-0.02917412487201134,-0.68501760485087,-0.15878140012919156,0.1886065887978496,0.20708955819536745,-0.06982039313147938,-0.8834116592416433,0.03706536193463019,-0.21552454301643503,0.06330298646289624,-0.06668283800709432,0.0717200245243568,-0.19266174728015045,0.023108343620352044,0.039024647328686254,0.602847744736854,-0.16009879220126635,0.0,-0.05926639786897727,-0.027321930877226695,-0.010772945849442215,-1.2052197743722464,0.2375106047573673,-0.08898632126245161,0.0,-0.0101292349971107,-0.0011389666087077712
ACC0168,0.08494077291261018,-0.10465228852959405,0.05910858022631842,0.18462752425093196,-0.20110640025147053,0.08878460406285801,-0.19147450229998192,0.0068147544381354,0.3220813509854519,0.5086049421428437,-0.045605441684463184,0.1703944660158156,-0.1413382731864045,-0.30722442342386214,0.019634072971605913,-0.29788324253655335,0.030929601171720545,-0.09501321371760954,0.01597432710733331,0.0543674595783982,-0.061924028353847714,-0.036240166533655305,0.1277793019004772,0.44747614859541907,0.02840549504970081,0.3626214605748326,-0.0838810296317949,-0.06992244323273655,-0.41815472372350226,0.3126904918737636,-0.09554267831937106,0.6096154704274155,0.06819368420949122,0.016335301699866696,-0.021773618454148318,-1.3789719683141368,-0.7546286311159452,0.0,0.027009286526503185,-0.0009854811225020192,-0.0385531696925687,-0.7496179990609381,-0.05454696195895262,0.0,0.0,-0.03568097812260727,0.0
ACC0169,0.17812445882608194,-0.2428923059320444,0.33991101212098096,0.069927939928851,0.03512973846728836,0.014250910826810445,0.3458659320248106,0.01672329288522808,-0.0004319926919565298,0.04972062510025538,-0.14367299156517468,0.05345046658087304,-0.4581006159807288,-0.2843607777977068,0.0073851439160663775,-0.07185471134911234,-0.018951218721195047,0.1482377636743089,0.4559021852844709,-0.01782880315711444,-0.22531647624315224,0.09109794687142087,0.22990660796674262,-0.058826999650314564,-1.0673870736222102,0.2333752763007808,-0.7486312911886772,0.05793758881870904,-0.1662705018259824,-0.5537510690660765,0.0006253104069648303,0.16272165511969844,0.017450023621732116,-0.08398748656511425,0.023181710522168747,0.6680661931379988,-0.5209368062554716,0.0,-0.09672732521230815,-0.05642191435887682,-0.03360207846038803,0.2569463310334807,-0.3813515147743838,-0.0005175655810189745,0.0,-0.004585177705859188,-0.0026086009425242505
ACC0170,-0.21349804608474043,0.013486132447275711,-0.16304688805030035,0.18740339348324406,-0.32388751178632164,0.21270748869919184,-0.17589987188950276,0.12193382751510101,-0.16683931529453544,0.07907968442935236,0.10600026158789322,0.17977936872861142,1.4676006517762872,0.4487020040096209,-0.014097575478485058,-0.5926083057574532,-0.07626442303339392,0.01796506071272465,-0.04409528921489126,0.04106051368114563,0.008558009930739068,-0.018142773349190636,0.08665541192787656,-0.013705629745872342,0.1907682593637811,0.047014258647557754,-0.1335376973325783,-0.015492925335948971,-0.07592295705691014,0.03187599672295565,-0.09729441940344835,-0.4277842470885554,-1.4672472756287738,0.3059422880121156,-0.044671317934450214,-1.6984933526035961,0.11669091192095236,0.023228061740990867,-0.053938025280314134,-0.05641131961992482,0.01248914568861461,0.7842263357961285,0.2680157714949291,0.021952080063362724,0.0,-0.005231722017817332,0.0
ACC0171,0.07961138540776455,0.02888114136577161,0.0436291530975574,-0.18852460693333212,0.568932452927548,-0.046672761006828954,0.10151490057616808,0.5781214356755191,0.24737010359642655,0.15999378436050138,-0.26253037738443397,-0.019515992865603286,0.03611410003403444,-0.38987576478209557,0.06877271626680755,-0.10854572495938809,-0.0643754448187045,0.012592934141148385,-0.1654989481456154,-0.0531207785684758,-0.01032227052384465,-0.0007603328839534381,-0.12782462392502728,0.008312086422756276,0.00790623706372348,0.21932136310198974,-0.3888907802905203,0.23193195553935375,0.12213709064288689,0.12210193797973828,-0.07551806695419266,0.18423793370557245,0.39584085279571946,-0.2166906103045461,0.10341428702260842,1.2315972319564181,0.27149949165079623,0.0016584674281367173,0.041106666679933734,-0.020955303006946552,0.3826932962218501,1.657236961490844,-0.12390223137876982,0.03100565154112733,0.0,0.011167067327201885,0.0
ACC0172,-0.03190614402155871,0.16032548488400514,-0.004902805576275648,0.5103361068962791,-0.06104952086140583,0.0076116953946598065,0.1409135019144293,0.47864537166719556,-0.032230556678647056,0.29200353386328143,0.8052488327603632,0.038928901342701765,-0.25180264170516803,0.011110712010811125,-0.03152796489753579,0.43508460069265037,0.9047667936494989,0.05258363463883859,-0.36997852049215063,0.1857689586623011,-0.010676788368968017,0.05239746695793174,-0.02083458091258017,0.004644299619110566,0.24429687901380245,-0.09726596373284786,0.19474380266151317,0.08722735675235758,0.35329486667411536,0.5935944874383289,-0.1779187631682836,0.09000489537176688,-0.045859524638344265,-0.004828902217102108,-0.0280675187146118,0.49548519197660673,0.44216851197886653,-0.00021192425393969203,0.0833076776771938,0.002865998913443015,-0.03758972052882723,0.31631405848015837,-0.003976312205144965,0.0011381512358481618,0.0,0.031356897020728344,0.0
ACC0173,-0.09052441253554996,0.107264231891946,0.11615316707506919,-0.1262120331158474,0.5840135466482349,0.19964721883713762,-0.001521882915779347,-0.08411694862216534,0.4052019328477301,-0.3274480590639504,-0.052091632779348356,0.08799170680128153,0.262628743548921,0.3801378656678897,-0.010926857054110764,0.2857477147274506,-0.017156651349977386,0.027421667950529683,-0.18602918538860003,-0.002410245756039124,0.10196985949130856,0.22337329895755711,-0.07426319310080388,0.1264437731103793,0.09195377085021794,0.18373284484963825,-0.5454593628798166,-0.22822119439063523,0.34388711346841555,0.3610961883735287,-0.032474284106647856,-0.06454827734985942,0.05542830483776886,-0.06188854262524898,0.11776641287458728,0.5725316412537901,-0.5450811911921556,0.0,0.006940271630900123,-0.004135723145617157,0.004429225328583794,1.3140016882929582,0.2990884484040311,0.0,0.0,-0.013103685972200095,0.0
ACC0174,-0.028295475808364143,0.1652672019387096,-0.4623173539774762,0.15133053660400242,-0.035293361329385924,-0.0679939841005079,-0.13084892943483242,0.24471615787622988,-0.07894091752180697,0.10337631762900282,-0.18867452040969585,0.3053238698426191,-0.4409221981669954,0.26941659520376154,-0.08203917603840447,-0.5064224943723278,-0.012975071047535494,0.027609799738852435,-0.0009103726928064212,0.1016538879152261,0.16809050438114706,0.32209843972420776,0.10988462283098142,0.22988377408469254,0.1388104592275805,-0.15013926182751658,0.06323416416924744,-0.13881293388763227,-0.3040850286737141,-0.5341994251388885,-0.1061162533601097,-0.11759616826375108,-0.9936818408624563,0.05541315791634543,0.0039836862608271465,-1.6107169683557157,-0.6224861459349869,0.0,-0.026226519623939883,0.27049007113022305,-0.2355484771380713,-1.0378737104236406,0.049675941075474364,-0.00407678292155903,0.0,-0.03258016727783534,-0.0059475019613956185
ACC0175,-0.10051161152942693,0.1800529242976283,-0.03871173881602228,0.393282076093195,-0.2356818743105355,0.24443220852570727,-0.20175997510239704,0.0775179080834308,-0.036701736562158735,-0.10147522814743762,0.05968452015473555,0.16261126026019068,0.18262419676393601,-0.21460296327725634,0.012452945807084543,-0.18451281728861657,0.188817666571762,0.03231503425455627,-0.6410797845846722,-0.023672790075340636,0.07192401290418259,0.03201877624134163,-0.0013818738856157505,0.36287456646306215,0.12750382010763558,0.18434744500240122,-0.3456149246369195,0.059075861641053246,-0.14392702692534617,0.11857745713912532,-0.23073200662292212,0.40147417751962583,0.02838655787991864,0.040641235790042744,-0.09604266867967118,-0.5116545602672876,-0.2846500219294859,0.00018078912603898935,0.02512167332957888,-0.003540351598959021,-0.39774710232724975,-1.0324268170975528,0.047412892964186784,-0.004719739952021584,0.0,-0.0359807508789844,0.0
ACC0176,0.12433604730912351,0.07043744325265007,0.09195402868671464,-0.3506260710153575,0.2822333517108587,-0.021759542429744295,-0.13196006925870873,0.23841774895322884,0.4420103914189452,0.47083746145691424,-0.018929377456451228,0.14844295989566547,-0.08281482871793784,-0.3772241564804604,0.00918602411703074,-0.5516100282738896,-0.02209657085446603,0.0183439667169382,-0.2815101390286413,-0.03495426724963661,-0.02075064834715175,-0.05410476591683569,0.0660599328180896,-0.06901426181246265,-0.029135398045740023,0.25726415301969685,-0.3834716297761363,0.057799306731530435,-0.4424043088324682,0.2637249379557206,0.053126065318304105,0.4205026940125498,0.03175883767720182,-0.10274955182669887,0.03964056966041167,-1.192580472797788,0.5236449558330121,0.0,-0.023141241076172134,0.000906642632701858,-0.009205018214856253,-0.434052624307852,-0.044490363196525315,0.0,0.0,0.03975724853822401,0.0
ACC0177,-0.3398296167386218,0.12988010947034676,0.05791883862857327,0.02036785875504408,0.08592127013296481,0.016113437814918176,-0.04126932422331687,0.3258291913382567,0.09141275522535122,-1.9804646639662808,-0.1335310694909307,-0.5075716839825195,-0.40179264046503815,-0.592120146797164,0.16680178163585205,-0.04259780738271194,0.018964971965025616,0.12145656890109721,-0.21931346779729435,-0.11263659799203288,-0.1991915128130622,0.12433883040863736,-0.1003784194713987,-0.10879324435166192,0.1876950011756448,0.24089487417316008,0.35449042692378385,0.014811481718183979,-0.11200879450517995,0.022095078445150892,-0.0622137881721076,-0.01271924113782789,-0.28363326379356457,0.017686777023172097,0.0477006829799779,1.26468259091885,0.44216813413910416,0.0,-0.000802324069921878,-0.016989110891634226,0.12595330002765415,0.36469638156268475,0.044018237699895525,0.005488541609264555,0.0,0.0649351580538536,0.0018459206846622206
ACC0178,-0.19696628638088004,0.0019394431183319568,-0.5914373496136459,0.16771075164404997,-0.11530258510187735,-0.35682348191962193,-0.051214299098475885,0.4458489536882356,-0.14026754731511093,0.24533911911454998,-0.030510587156926984,0.22745981854953465,-0.43465888778473505,0.382286207059882,-0.36392246543391465,0.25566146385455163,0.2156705186430944,0.027264055900035472,-0.13314702560450897,0.11079788764436872,0.14715720623846262,0.24851224955945625,0.05031195947509571,0.17834366431820223,0.1912336652922561,0.04882214012581342,-0.1118795889712501,-0.2549219326512461,-0.25345974724917125,0.14326875692748112,-0.13242142208415347,0.07674095613857984,-2.112090786337608,0.1651723757050178,-0.05477109289500122,1.077546663245821,0.5983556581805599,0.0,0.0716666058716907,0.29528680998145923,0.02219108920361865,0.290039255968093,0.03498969060540598,-0.00407678292155903,0.0,-0.02303034945609227,-0.0059475019613956185
ACC0179,-0.263033674163137,-0.07270645732156082,0.08879026467739151,-0.29841068334591075,0.01864863921335541,-0.009940081754045357,-0.04956521624247773,0.5751755417735698,-0.061833039275969344,0.2974009940497888,0.014761346474456108,0.09304909751129198,-0.43398932362437825,0.7259230825904699,-0.008056591555894346,-0.035599374145834244,0.03655785355490262,-0.07528860458720175,0.08522362761637706,-0.1860533493384161,-0.2840301507266602,0.16352182354639955,-0.10906326706859455,-0.1569111502593654,-0.9272308142047601,0.2688101512597758,0.37713878005817925,0.13485496673212238,0.1318674630191632,-0.8663756214679655,-0.018504519722203235,-0.07138760125285717,-0.20573069531796725,-0.2844020030452542,0.03121333160417249,0.846681670995865,0.41766342211830115,0.0,-0.0731938329434834,-0.03418043958672343,0.1512145208489664,-1.4235209502903756,-0.0008237256024411907,-0.0032656242463133087,0.0,-0.0543568426439678,-0.009514417300359988
ACC0180,-0.02073411950779246,-0.06296588253138784,0.6138996354261507,-0.16528083397749485,0.009901738379815722,0.4263619981917088,-0.0937773108813651,-1.370060059894557,-0.14009415762870664,-0.2496843430382737,-0.05935084080208088,0.11233680631700281,0.03497270544005706,-0.3586501014512911,-0.1849594703336431,-0.1309924528573298,-0.4277345985960128,-0.04440172295098293,-0.6459109080262698,-0.00877522753616499,0.13150489553029898,-0.022783490712001163,-0.10240913922984514,-0.0783258077642147,-0.6480773051567721,-0.6956018559119141,0.1166365513206505,0.17567181419202343,-0.090227430089479,-1.2310546256419195,0.08604756595202476,-1.0286249876434441,0.11255822605340006,-0.367229010039516,-0.04212039584248084,0.10698124745929762,-0.08120685923526162,0.0016584674281367173,-0.002961022437283928,0.029226064795923348,0.3202352283586403,0.19644009566908383,0.3153498038973561,-0.08753587005288176,0.0,-0.03008533163864469,0.0
ACC0181,0.1919731654010242,0.05007863045521872,0.14775372211640872,0.027851823387615916,-0.026318323474296638,0.0016581001532153378,-0.20715992080520518,-0.04546121429208738,0.0003070261678792731,0.30088059399356504,-0.08300479121041561,0.011129418653558973,-0.12856252684592656,-0.31059720075571273,-0.00994676110459603,-0.2601477743870219,-0.08199978427489929,0.07640530929847322,-0.05080340928627521,-0.010138539635089918,0.020741501689015795,0.1428444147295272,0.03517182379674193,-0.03441008589452116,-0.4559726843348539,0.09828360798013754,-0.6120068467045021,0.08283313242675538,-0.3658910354138321,0.28178253166400247,-0.0972601580339047,0.30937874464686776,0.09050495638223702,-0.07233798787207386,0.0386925778182155,-1.2424893399227317,-0.4097049057440277,0.0,-0.12192227674874077,-0.03677669638300504,-0.010741390865372564,-0.5437399492006497,-0.034840617772207344,0.018534264599229196,0.0,-0.007003580985677498,-0.0026086009425242505
ACC0182,-0.10312837929468723,0.011093722183959103,0.21747822332245545,0.13372222998088523,0.2326604434572806,0.014914325261086766,-0.1731557414931191,0.02524718757035755,0.08699644917358565,-0.11389033725391737,-0.013770329169191093,0.024475821025667054,0.1916745030011125,-0.2990665176058306,0.02310424362559094,-0.18013430907157962,0.0015714727704980189,0.5077235423097555,-0.5372373545873853,-0.00042762406729187296,-0.08981636751629259,0.2011266753692734,0.07812756148145784,0.014408210254269254,0.12060930944322738,0.058013384757223424,-0.9269578513999852,-0.07825102989408263,-0.21709932975175525,0.08401294649210077,-0.13787092598248396,0.07407212444504031,0.08162666934646104,0.04687411201347112,0.0633841061155167,1.0012531625415018,0.5078943899923143,0.0,-0.10356212934125653,-0.014284056940035907,-0.010772945849442215,-0.9528208419435249,-0.02419885039277645,0.02052466333629698,0.0,0.012447618194804007,0.0012148977159549559
ACC0183,0.05294115247538685,0.09260625817266484,-0.05238292569239813,0.8290705402666528,-0.27143957990368084,0.007842045230883223,0.21823792806546077,0.42740842939620743,-0.11378411475394928,0.33251837442015375,0.5412812909704102,0.1688129350955272,0.7900654226185915,1.2979549699749526,0.011250067472088598,0.5880562620541253,0.740965229739675,0.09766850980860955,0.501712475130278,0.18644307380922073,0.02475047838297999,0.18378622518503898,0.0026876768644493376,0.21107137658201222,0.11861215605638695,-0.011838297279671535,-0.19435450106004037,0.04886074852814804,0.3404993628503457,0.09739034079802474,0.11419785919868755,-0.009998194000951942,-0.7962817504407825,0.23886813953437236,-0.06686174110200216,0.6089244260062844,0.9118765726026639,-0.00021192425393969203,0.07003466201250605,0.033034408528632646,-0.13716162131121645,0.3710326161878011,0.008040283508365886,0.0011381512358481618,0.0,-0.013017186046408225,0.0
ACC0184,0.26065346966493225,0.03785555549829022,0.0255866251383919,0.035100472946517705,-0.6514202445402307,-0.042596594456087246,-0.07790598201104486,0.3703502114506477,0.10186742903095956,-0.8588933826185609,-0.3603355194440922,-0.7080565163865334,0.00011275265445433378,-0.5799210909835657,0.06208103279718556,-0.11665779217793061,0.012501876616033936,-0.005539895798665207,0.12451553785785567,-0.06968409956246407,0.1719243826078685,0.017238703519727526,0.005724757671145331,0.02505598879747,-0.0634720086336293,0.046117678695337505,-0.324853533724699,0.28681211671273615,-0.034729446257430095,0.10877301838327134,0.05438662973220432,0.1583734611870423,0.2255637906057351,0.24412881379626147,-0.15064317626076498,1.2008973859198522,0.20257619177103223,0.0016584674281367173,-0.004064906441326723,0.049020387763894356,0.30230129570429914,1.2691440858138865,-0.031158632280134727,0.0025790144371802973,0.0,-0.005525347303232342,0.0
ACC0185,-0.06924964481169989,-0.000878595759332002,-0.17892380026391624,-0.14485609565853733,0.28896723329075474,-0.11510072877060033,-0.13028265650510681,-1.2342539603279,-0.30283263004517263,-0.26917697452367223,-0.06096817946589158,0.09494166720090137,0.034129146736488314,-0.0872298613471919,-0.039228826804900516,0.04347920987441485,-0.35035138248050424,0.026400138500551278,-0.8577306542313089,-0.06303557663551569,0.21137835252095377,-0.5684223476784119,-0.06540790518200437,0.0610858863266572,0.1415688142279978,0.34335353125481055,-0.0637076378731216,-0.06283001102220477,0.2609911693569161,0.20638520394523135,-0.21871126542162428,0.14538920288581839,0.2668909430572613,-0.030482398211510962,0.06630290007527727,0.20127174805562284,-0.5298720999760779,0.0,-0.0027086060305564754,0.0027481056575235615,0.004915839972438175,0.3869435615932202,0.4850839597420381,0.0,0.0,-0.04469075724927889,0.0
ACC0186,0.08256482369150735,-0.015943316514731038,0.10903215080835714,0.19808031078807686,0.09220813776226129,0.018194089432410913,-0.07540980747694634,0.22153657513982467,0.008848184197851638,0.3463461008021827,-0.052275382621311386,0.18909071679489117,-0.3512185152834337,-0.11807469304081845,0.054532495203502805,0.07759597852937142,0.08654450861380837,-0.033779550316944525,0.10696046343345814,0.031284080720832295,0.23764872990503091,-0.6577592455910971,0.08134906122230097,-0.1271175126185621,0.26122216854349795,0.003146530231646506,0.26844749693396613,-0.1250075194440685,-0.15130099932687957,0.03360441969172581,-0.008551472894922807,-0.01798554857128951,0.19562051587034204,0.05310125041293174,0.07784709380170436,-2.0662516865662552,0.1544290138024359,0.0,-0.08065471558267062,-0.03274373321324928,0.1751971365330497,0.47611746242036357,-0.2404686322517699,0.005618753668603274,0.0,-0.023297187924866666,-0.009514417300359988
ACC0187,0.12436888883524078,0.046892195581358015,0.04553960978025688,-0.03572687016488051,-0.1602650180578461,0.03675709505637329,-0.11890781836332034,0.4408075603546414,0.3379186072311336,-0.5653296171519931,0.004425402880898736,0.1492247525350288,0.2554519873845621,-0.2835263293795439,0.02257231478317123,-0.5430852133741388,-0.08911577977364261,0.012452221943533846,0.33870314016875325,-0.026135100387832035,-0.21002952429885818,-0.13489235025522356,-0.31246677466248945,0.09522194207285042,-0.03466457505046022,0.2997649357074247,0.5340772285388663,0.15353174564563726,-0.08378452100105147,-1.25907059293944,0.015226675176961371,0.14176674145012783,0.055247275352048694,-0.0017828990306292681,-0.01168448899000463,0.8848530387100328,-0.40760980171559097,0.0,0.0004882826862476805,-0.001523995397093287,-0.009312395173206563,0.13580562733040308,-0.12458672996247297,0.0,0.0,0.06117147527341627,0.0
ACC0188,-0.2211700833597372,-0.009627344405556236,-0.5740422154115711,-0.1313798453112445,-0.7195811878084859,-0.029099147428535373,-0.113675400078019,-0.34429606552460124,-0.14889857388138447,0.12537234546191353,-0.3380259247116488,-0.03068822358278681,-0.2712062995918585,-0.3229914648887082,-0.07892562044022305,-0.3407697586058943,-0.12339334208481635,-0.007052778103401575,0.015918172771606277,-0.09547790003529644,-0.020660126997314204,-0.008198279419317743,-0.10225019644568455,-0.03818826000301846,-0.1372402374735771,0.15389089191970148,0.08675091849137126,-0.1746101687983213,0.0766925986296474,0.1381488788040591,-0.004820840335456314,0.2029884260181758,-0.00546146088701322,-0.059916730271387046,-0.09902408469664171,-1.321033359471554,-0.3256960327596719,0.0036096055788857966,-0.0022112891362240073,-0.050074596470760326,0.2930166171760828,0.7917180827572358,-0.062222463543248986,0.006010695220579541,0.0,-0.005465656280588451,0.0
ACC0189,-0.13055463014676463,0.02746569474491095,-0.45706548654253953,-0.24099681924253344,0.03192867317588286,0.11611926071136418,-0.0391955841525097,-1.5724094269286149,-0.016205401193208197,-0.0566771048044244,-0.034524189946168286,0.10824703213533973,-0.13207115233410302,-0.16339121873589485,0.024849853656164086,0.10604988341331426,-0.7672662221224686,0.3633309383177313,-0.18185916716361636,-0.10767946216330673,0.19883394794949955,0.1623406530720949,0.254130517595014,0.48222464223774,0.11867406783013155,-0.796706457728577,-0.4482022762535742,-0.04107666831409873,-0.0047012266425625416,0.2402558012619151,0.03545121088160999,0.011634705499464226,-0.9135554894033412,-0.289304077790516,0.09244332350782518,0.36899990570971136,-0.3460369019605739,0.0,0.04929869818636602,0.027051890070443188,0.04414824949876825,0.4439116264735993,-0.2969022308476343,0.005882348692787983,0.0,-0.024822774030318625,-0.0059475019613956185
ACC0190,-0.10545236554476026,-0.22193201507208438,0.16574710394866013,-0.10209043407477886,0.17779776766747507,-0.12852360843681787,0.12001357788706522,0.12160602487544625,-0.04895277294596558,-0.14665392620335135,-0.06135217739178117,-0.004925645040134368,0.32372153754886546,-0.25042938497678946,0.010491253742886552,-0.27447780167823027,-0.07270491057386318,0.0873247583905378,-0.2609673482241572,-0.013366767442392848,-0.19376138763938477,0.18044195927480913,-0.11378516715783384,-0.041380971064294544,0.2446286070184062,0.2711801944536889,0.006133273488996364,-0.08932739106803325,-0.0871649029645705,0.03623500366907447,0.015336345911209305,0.17369227154109054,-0.025391190219074353,-0.04217685167793936,0.057393445204197154,-0.9792916240752192,-0.327976448581411,0.0,-0.1310589925464477,-0.013133871263431005,-0.009928387465448557,0.10130797504481515,-0.15787713706309942,0.014354813699474884,0.0,-0.010418987099286525,-0.0026086009425242505
ACC0191,0.10501579552508872,0.026646116203557113,-0.7756784423995323,0.16239201186628718,0.203823860177462,-0.18050056972123762,-0.09730410894319257,0.2529376475663283,-0.025006495117838118,0.3777967029475518,-0.08758420946978353,0.11314884395010559,-0.465700405327678,0.2822365904912727,0.03724067114885123,-0.19335070561882592,0.16224857818604413,0.1309529559406989,-0.12465339430337191,0.14565852284813421,0.17845831976344825,0.03825564892379493,0.1232665429564021,-0.2999199823487055,0.18481400759769254,0.05218697033894455,0.2847162315252125,-0.1025716700633324,0.331662989965905,-0.03115446653624171,0.015303212508073283,0.029138285394181413,-0.9827534957882871,0.029184890630498093,0.04223803032161827,0.9765113619258,0.31883014070312277,0.0,0.2151161335219248,-0.0776105580735368,-0.03352574676440231,0.43797392761255954,-0.0343580652426328,0.00796353161365925,0.0,-0.0063706576889547,-0.0011389666087077712
ACC0192,0.18703982433545294,0.08627342366977722,-0.5525973337065582,-0.3962722943256684,0.0490091799101122,0.019882004973459304,-0.05177245461425952,0.4397650516714113,0.11727711292306396,0.2402338117050511,-0.01672099525362846,0.16893471654330192,-0.44105391626792795,-0.4152775718889583,0.08394782725824855,0.0955862071292841,0.009529628677757201,-0.11270922584879163,-0.016456963876350032,-0.009400125925901502,0.21123080708092304,0.16175772220463708,-0.09592947533180668,0.3330335408534956,0.05265497591845836,-0.004421275070538714,0.4758501262177096,0.040095970482372685,0.03773429376401206,-0.0016711089475960697,-0.05078801089906088,-0.951140744269706,0.15548466732896615,-0.23573158455268894,0.023061947843735723,1.3590456015601777,-0.2519700603765283,0.0,0.06284817350759138,0.13076000267691748,0.06997196469212981,0.3437480840344039,0.10811577039337683,0.003019470413340454,0.0,-0.02402585634102525,-0.02777383780116287
ACC0193,0.11201548721705591,0.1665252387789033,0.08595375979520814,0.06510463987882237,-0.022276144856730098,-0.00325712152307102,-0.1146600569296147,0.28171448529541915,0.1553531547247465,0.36261818523524436,0.03172372839799917,0.056327769020671624,-0.2965419185472799,-0.12525576335869154,0.08844759581359837,-0.1578478119247917,0.020561858567043245,0.19537491918088207,0.0330288957626112,0.11977542829580473,-0.06293670377011665,0.35492577073647374,0.007952895059766027,-0.07961197051165218,-0.002685089139892789,0.2367600401037964,0.030491649708449732,-0.13738476222463336,-0.40565172657502957,0.051230669191733705,-0.1539761620216345,-0.22708325217600187,0.24820939899911507,0.08233416204514794,-0.05556066940489076,-1.5660352220756866,-0.5590794577342741,0.0,-0.0459296414251488,-0.04783727682381927,-0.3780958534232211,-1.0142403701923013,0.10552248719735706,0.005618753668603274,0.0,0.14944685267442415,0.004628972966860478
ACC0194,-0.15797761940489816,0.11484478265675319,0.08812102985234276,-0.08827971614375471,-0.048079707194585486,0.0977365501814936,-0.10624857910063046,0.11183363424180567,-0.08001382930972727,0.22404472524213231,0.46370130459356534,0.061293841938750045,-0.23785119834746876,0.24295517897318303,0.07550733411288822,0.0308050276727038,-0.16552544655736456,-0.08224483816134429,-0.0537809976918598,0.0024222715837187003,-0.12278692327687268,0.6182841541805499,-0.09179879974167413,-0.11465471483760072,-1.701175138474856,0.063159396269343,-0.3265246996082188,-0.060653422288161424,0.4473927010699588,0.061285216169432465,-0.032472994086306245,-0.14058274273735685,0.26766963151229983,-0.17372140676837877,-0.08445832717697013,-1.1640530756900929,-0.41765567075093113,0.0,0.005907265589966748,-0.04609332630137237,0.17695284985016202,0.21779501563286474,0.11464007850142895,0.0014249031623158066,0.0,-0.07201557348270379,-0.0059475019613956185
ACC0195,-0.05336536548495943,0.06369188720177175,0.10568735267155359,-0.33416775445101393,0.23871101518872634,-0.0654014372410422,-0.08580639365054349,0.5514004309497931,-0.3870820292260045,-0.23431429211997803,-0.038336927652591356,0.09012922701498241,-0.13485973197127313,-0.3596848424796072,-0.051731511312628875,-0.027397680547808112,0.20128921610653688,0.005768948585014456,-0.3824206999856792,-0.039790486888675154,0.011811266911259695,-0.010562480607972132,0.15492051130472567,-0.09553443517634856,0.5424114207931385,0.10012930902429126,0.4806474638390251,-0.04149248339159257,0.34796789154564806,0.2847637273913337,-0.015619505703880935,0.15698391310766688,0.05610961668556022,-0.11251182282416189,0.03504388513944057,0.6032440468602017,0.6423689745085734,0.0,-0.011754119362148617,0.0027481056575235615,-0.025351411524104365,0.24187466016534817,-0.13763816851789673,0.0,0.0,-0.018851350653857558,0.0
ACC0196,0.09770272658682563,0.05932618363414626,0.13486200432844775,-0.2513338756026141,0.0742944948261937,-0.01954354349517767,-0.07550818359049612,-0.05866906254637494,0.3143191986334364,0.1449596935050981,-0.00822465946333899,0.15077218803612877,-0.2389537421215797,-0.27946770507385127,0.022187937602521645,-0.06962275337810465,0.061599270654780124,0.04718808230952344,0.42833700973267363,-0.06005251460400704,-0.04817847202306081,-0.13182267295716116,-0.30951617417129546,-0.031838165577731746,-1.1034017123814983,0.3112163067880723,0.3985141618843282,0.006691478388271748,-0.021137054462214717,-0.045376921105876815,-0.16629719041513616,0.20651041864898367,0.03853909393292145,-0.05992534176832119,-0.00846021992936178,0.8942058484356863,0.5525284890210754,0.0,-0.02155070278578408,0.001402075765325824,-0.004837545809465794,-0.254358149161712,-0.0731701938438453,0.0,0.0,0.0426259014607439,0.0
ACC0197,0.07993677297290015,0.16324021995304044,-0.0017665529373122996,-1.736632750781603,0.06672910850729498,0.01779647204042968,-0.16962099215272095,-0.0641845071532149,-0.0005910870140826896,-0.045058607031137746,-0.0388105938892509,0.05670634752910018,0.060158299682782114,-0.1498824560806167,0.03704664202112892,-0.15088672570221803,0.32432221166367714,0.02454765263033758,0.14189601805242053,-0.036293607338943344,-0.0163970659905381,0.03619247294958315,-0.006456070375676813,0.38181032154994976,-0.018274405007762468,0.14489351050168053,-0.4250375592833538,-0.09799091044892207,-0.07656057877819583,-0.29770706172778655,-0.012033227716036751,-0.10742724130384372,0.03266978151252568,-0.33623916932155723,0.04428291086297728,0.38006276923559806,0.90829267280218,-0.00021192425393969203,0.01945769848152396,-0.003540351598959021,0.20782685544768625,0.7942308894761847,0.13682399065325415,0.004143315607944163,0.0,-0.008358189769073583,0.0
ACC0198,0.2560816576208698,-0.19695067048374237,-0.01636832388839554,-0.3097763052085273,0.12152040556322445,0.08065979367227585,-0.053552493361438525,0.3192779059989629,0.1499491229843252,0.33097972457722763,0.06573467913243211,-0.6331813500433914,-0.021674405697074413,-0.3375379607950429,0.13208267674559732,-0.08577490434552319,0.05658599152842188,0.046026933633056676,0.11842889938871225,-0.06094749221353056,-0.2851983492996355,0.2079643646045311,-0.11643556768329626,0.2369750738109338,0.10070183028988433,-0.038083058645096486,0.43658954755005924,0.02774989640668583,-0.01400123486169669,0.20418653967646438,-0.17712945069275418,-0.014669339065603002,0.4878241396477819,-0.2866591549982809,0.026898835522354985,1.2487570067365725,-0.1409742740322403,0.0,0.06386709212580731,-0.01788711536091231,0.1624255809141472,-1.7384026830740604,-0.13227933812940204,-0.032603285096388476,0.0,-0.04948858441612504,0.004628972966860478
ACC0199,0.14559093690361535,-0.2125190368900653,-0.022419469606083046,0.10223390252517361,-0.09632080300172344,0.08457587364190607,-0.02173257748295594,0.32229185018196393,-0.9700611082561517,0.38307271416538546,-0.0703357534097991,-0.3541398985390912,-0.055458693418114,-0.20067734236974274,0.1575176635811462,-0.03382605677768555,0.042740088487519715,0.04722387926461921,0.13296633187170348,-0.17873636862227213,-0.29835476648582826,-0.12021472676077151,-0.009014028947001748,0.14024949971550976,0.1300979284480689,0.15382540467801806,0.36454536639992924,-0.11220903103343915,0.223797399945241,0.09002758085233865,0.12485940455059431,0.14854650343041528,0.2282771295956255,-0.26469752979827116,-0.12987418791406408,0.98001904979766,0.2883537462841474,0.0,-0.10197446190263283,0.05076617497164608,-0.255697852684273,-1.0507305127051028,0.15399628540937244,0.005618753668603274,0.0,-0.08814306533010685,0.004628972966860478
ACC0200,-0.21570812767494885,0.04118697469578211,0.18404358032286322,0.08976876760744515,-0.17956683873866683,0.0505759410094326,-0.13737728212769104,0.1284019484518821,0.10123025178027713,0.0784883236493644,-0.041448637634336434,0.12553843593440306,-0.07558767190105894,0.0021103054229584446,0.10114295262204544,-0.15286778323503622,-0.18864719939952018,0.42251491414457476,0.11306159454144124,-0.03557353730277895,-0.04572566859452016,0.13491658153001196,-0.2040628315018727,-0.019516270083784835,0.09819458768448722,0.3621749613695035,-0.13200729402032502,0.13286302487027518,0.72918046116696,0.07489849615004496,0.1170179276155288,-0.22827005007357484,0.2552586968403836,0.07394252399065082,-0.045017940785002875,-1.1370722591031848,-0.3978046130651389,0.0,-0.1035456738119609,-0.02635709163264927,-0.0091417082999356,-0.8851051289096292,0.023405831813702153,0.019016028617627682,0.0,0.05756643621815651,0.0027825076720258664
ACC0201,-0.1773664872365038,-0.1225539725518704,-0.29365052379818946,-0.18057628319563085,0.0025826872113527866,0.2929659377304033,-0.16191179909178463,-1.3826422101687785,-0.0713107545875586,-0.35140073100220226,-0.04490248880795249,0.05672881721538659,-0.03083125607211027,-0.34693914484235994,-0.015804470941735864,-0.2096800810406396,-0.4679945511450577,-0.04440172295098293,-0.6982229912890502,-0.02136543212165833,-0.06836731328242507,-0.03362113559320867,0.07376347423549645,0.11203494660822752,-0.062305797300900544,-0.6951716164135819,0.363484620226092,-0.14037161434030376,-0.07639594658936433,0.08744679571702355,0.08535431933225306,-0.323371747647912,0.051566808842965633,-0.23978528686030923,-0.08750693633714088,0.24933660062044108,-0.10330722540843991,0.0016584674281367173,0.003581978354579013,0.05016316174448407,0.30884152370529283,0.53915554340336,0.18639884962042796,-0.10261479169918394,0.0,-0.007150142341859234,0.0
ACC0202,0.026571370111547258,0.0977366004351998,-0.6399742712971559,0.1811902112707857,-0.19698431780872747,-0.07069778936267308,-0.09609348862611715,0.3466336143035316,-0.4808335306991526,0.23195957410720955,0.37283246353688415,0.16764117967603032,-0.42283508179299606,0.07776176815153228,-0.023154323406104856,-0.5094839514279955,0.34950307998284497,0.03566597408484523,0.17010639310705042,0.03770017169516908,0.0900249545021903,0.19272189860381436,0.6013657971924231,-1.1304377496389408,1.1899623589565875,0.04897371231643006,0.25431203614532955,-0.06874666679456529,-0.12417073179896378,-0.024717448921595088,0.21672732398560496,0.1527537194722532,-0.171761464030141,0.06505650435386129,-0.017123307047969993,0.8455892955010369,0.9864488946986759,0.0,-0.124118889650759,-0.015480984816042556,-0.02516203815208356,0.2149120636431471,-0.09973728405280877,0.0,0.0,0.01995661794581397,0.0
ACC0203,0.09597766925005397,0.13857260876315874,0.08229825647172087,0.37973442414173464,-0.08063923958993517,0.07719309769672134,0.41905498093410093,0.3967095819027656,-0.3337994404375704,0.3812484390319786,0.31981986265048146,0.10801950047556053,0.7011941896441158,1.428085445761253,-0.043602593961602744,1.1570983063369404,0.3141020083324697,0.002073629108447412,-0.128965000149779,0.02040848289622828,0.05088721374849306,0.24649981538400556,0.16815325310650306,-0.0444489687242682,0.06658020160618303,0.07328995634505589,-0.23995020787592344,0.1293432078337686,0.3235842144834545,0.27339667875518103,-0.24254636164363946,-0.0898931366507585,-0.05800005782712396,0.048242020510180665,-0.008411653224785187,0.7852641124513697,0.5751212039296499,0.0,-0.04791760677832452,-0.015480984816042556,-0.03616257930628993,0.7094837151636467,0.39019826118965617,0.0,0.0,0.028195029170762186,0.0
ACC0204,-0.03206144597600604,0.0633581276770352,0.22283418093628468,0.024180492825925135,-0.15399438067830112,0.02082243808175472,-0.14762086119050116,0.08550442486351137,0.08798370436821776,0.3904101976900601,-0.07381289093584985,0.04085707012270429,0.17383877406844483,-0.3167442707416883,0.01524487463493831,-0.2326840726491122,-0.11276173857272877,0.5158239162859399,-0.44581444412263166,-0.031023650307500046,-0.1289687669111043,-0.8078320701573485,-0.031693202349415736,0.003221566792023487,0.23699376889672621,0.4090278694493929,-0.07826058448315526,0.024535905807072413,-0.26626852976975657,0.07961415306037835,0.07310814575334845,0.20613464148992555,0.1735415645841551,-0.06587835267841136,0.022312575732693102,-1.3593390442374607,-0.20083997302257545,0.0,-0.09719810423305845,-0.031032529990643477,-0.009751828885412026,-0.9373254296501164,-0.00036655483388908945,0.01590684233200658,0.0,0.029496624653630392,0.0027825076720258664
ACC0205,0.08020818411570751,0.055096477115032835,-0.9185756985273169,0.058066213072711224,-0.21521040917627834,0.014743009806276543,1.2583965203988399,0.06037675993942893,-0.021297059446110274,-0.1408398242410627,-0.20486578763113886,0.03949557926633383,-0.128100956964682,-0.3199231597491203,0.003715281821802677,-0.1438568978776894,-0.03289542016815688,0.07305064859889848,0.030178672721521728,-0.03538782163350624,0.010550930012569586,0.047248751503801055,-0.020034976287534156,-0.011779432028496566,0.07110860461604385,0.3610804487508315,-0.14986316216126744,0.05610305355926532,-0.31638295588027426,0.3364681920873674,0.07946322363097742,0.20979061559165216,-0.09022425867936255,-0.06507380602337687,-0.05529487776346667,-0.9805169977106745,-0.37449480078147324,0.0,-0.09652015971314591,-0.042297631559421366,-0.010449286541979172,-0.7909287717629313,-0.0017151582747313696,0.007546483299692347,0.0,-0.014874455281048941,-0.0026086009425242505
ACC0206,-0.08423214480134075,0.13334986007204738,0.2003267921321849,0.3816418840823202,-0.4316896749281556,-0.03210144517966524,-0.1410233021859724,0.0042900859045380095,-0.26385870061995875,0.16747621805713786,-0.152968800938448,-0.047386404910389764,-0.2488622957716531,0.29876940902114063,0.018779828964725683,-0.20968953070077231,0.0818259942205792,0.010756474068790163,0.05484981918203374,-0.06793159057962853,0.1182693750039179,-0.20511000127229123,0.07824306982230853,0.25802439273013555,0.08667020180780012,0.07142115971656754,-0.24672239737179227,0.047278560215491545,0.8269294506002062,0.043887346702272456,-0.16987360546815344,-0.31187567192061694,-0.117963862839346,0.059117388195360075,-0.0857053875064469,-0.887944282758953,0.7979828420415045,0.0,-0.07002505069293827,-0.004199193867410226,-0.0027608103109201514,0.49577830481671437,-0.05357424728015698,0.0,0.0,-0.011541505382129832,0.0
ACC0207,-0.01014565474305393,0.05496140009919765,-0.5306418287970822,-0.12187694955788154,0.33413299602859053,0.01137704066903513,-0.08545028928970916,-0.4115723355222485,0.13054154055775477,0.10701834598571919,-0.07622806314055361,0.018917656639348156,0.2236023049152473,-0.3718725793254418,0.030536709708168148,-0.2494220420202399,-0.19543198127492536,0.33822874434008393,-0.11783818714567536,-0.06804584264458355,-0.01636553776668846,0.049913771472957544,0.01632014640553105,-0.04292772925814219,0.05870860340419281,0.30034797408848984,-0.5652496967067804,0.09844727663304766,-0.34064217889898657,0.07534769898221542,-0.12000236965587324,-0.23003609666874433,0.007787454111655247,-0.008507449662663575,0.063126724784057,-1.2016737042446433,-0.2555307521482104,0.0,-0.1200630887025032,-0.020606621133340844,-0.008745987778251607,-1.1141733981056283,0.019030745537593072,0.018534264599229196,0.0,0.015126587454003216,0.0027825076720258664
ACC0208,-0.12159512844195244,-0.018698102502935604,0.2524622790744987,0.14316655571896142,0.38351004065196087,0.04029058072625576,-0.04242145452080556,-0.10517797826839129,0.08825038703487338,-0.08119059601216892,-0.017684109503962625,0.06012722848157297,0.2768235960002764,0.16230219653836445,0.08866264151715447,-0.2043478809562978,0.1815834671056647,0.47807694404119283,-0.1885283520965369,0.09648605419430564,-0.09121071475911055,0.10266305359156289,-0.09382424511692398,0.009317661232517187,0.25060922113680584,0.21651268620095246,-0.06331060796204747,0.059168831957837516,0.1047696555902349,-0.5894550418954801,0.040718103839537174,-0.06727728745034164,0.08945898506245048,0.057820160245411416,0.07975242445409295,0.5725710337968355,0.5548896682679914,0.0,-0.09033528364370172,-0.01359186271208551,-0.010363889688189578,0.5480177526673606,-0.5185733195336557,-0.1082869726056342,0.0,0.014927141398804383,0.004252142005842346
ACC0209,-0.08086516704653868,0.023354833315777423,-0.41042458873824683,-0.2541745704124975,-0.17250177019073953,0.1711731369062448,0.5985392795773241,0.1486251726869489,-0.5597819289726296,0.21341561859035396,0.00408232625778027,0.05543184357625782,0.19569665421413837,-0.20855355351912824,0.0414423431690247,-0.16508011143683501,-0.12108380164510678,-0.0018864337642730418,0.18523506598191108,0.008190773613921334,-0.04613515826543005,-0.2476600292341882,-0.21737601136452267,0.0719957636831214,-0.7981490293329498,0.2789926088014172,0.33777386009990407,0.16626198465955305,-0.17305140371146538,0.03709528327888798,-0.04050537286403968,-0.43130383345744056,0.04341676316502137,-0.0727761488269725,-0.004453030775051087,-1.4961317566851755,-0.46882148723360806,0.0,0.02984552204418453,-0.0015398142539094052,-0.03854382281051328,-1.229420786856647,-0.029542808083085834,0.0,0.0,-0.022303177310659086,0.0
ACC0210,-0.06741454469086133,0.02402168587214938,-0.552625206324595,0.24913555035382492,-0.1981088515600649,-0.007216023639771477,0.25723600889573667,0.2771857791550483,-0.428412110149873,0.2538047625755876,0.4923177964408794,0.1332881566938909,-0.2935210423395258,1.4300660592095247,-0.03709016704012292,-0.567000511892508,0.39703993401934934,0.02704196358675051,-0.04512548095019251,0.03098054614522905,0.0613686992176343,0.23721690904387047,0.7698963052998967,-0.8551785056650822,0.9526969252978135,0.07239708307820551,-0.3217705608999739,0.08825053347079043,0.3706087298090139,0.5486445284608434,-0.14578298514584226,0.11789767857986035,-0.21526631117207762,0.05082156795921078,-0.028091393714279125,0.6619273609917502,0.9133144115698508,0.0,0.04893506359928788,0.014242506030759158,0.004811178397484114,0.2963117861823099,-0.08397802379648661,0.0,0.0,-0.013475381418228386,0.0
ACC0211,0.0906105939065828,0.1627174576176294,-0.007281859563434867,0.5409208727693551,-0.03292552281214988,0.01244333964359428,-0.11803245801069491,0.39681219814409885,0.013184358693890286,0.14703984603594472,-0.08258857183417996,0.07491057368081917,0.043017114700524786,0.23994417032677268,0.025395698389098817,-0.2215318231035989,-0.021090907294297873,0.027187161078955562,-0.20087729949188152,-0.04830219676374023,0.07915397958603286,-0.028704799010454734,0.002087171909358174,-0.03749682370897642,0.05330410513510796,-0.13099426450356805,-0.298775458329574,-0.00663968021840982,-0.04641990935777753,-0.32912659263621213,-0.04980889747566722,0.1679743382481191,-0.2378788991321801,0.03996440205196495,0.020204185016455913,0.5639435359839426,0.7811517841136308,-0.00021192425393969203,0.08000017599271819,-0.003540351598959021,0.1847914661786684,0.6131155852659801,0.3156859637978729,0.006173761006849989,0.0,0.021087858555178994,0.0
ACC0212,-0.13577882388963067,0.0373046622794404,0.15419059322819428,0.14800568740220035,-0.1654673848492111,0.281853725254757,-0.06440149713146165,0.5559291401826124,0.31485921229588587,-0.19019430782646385,-0.08808556595120447,0.12102152144618125,-0.07094607211101452,0.07449221223204326,0.023404409491358847,-0.05106635815545005,0.04902388745357613,0.018478974458608327,-0.03901477611980257,0.04013957233270682,0.06649716684258694,0.2669636170734104,0.018627567424292307,-0.07464904337510261,0.04873070065832226,0.11657538639738506,0.4581939377613376,0.05028068832647602,-0.5077280977755761,0.23979767140848696,-0.1077200633396835,-0.05245650821419372,0.12489944836683298,0.03543988551919789,-0.019897335177338188,1.053045575080736,0.638256639461412,0.0,0.05592304230658531,-0.004135723145617157,-0.0027608103109201514,0.9758281173688061,-0.07528155945760687,0.0,0.0,-0.010700974686797636,0.0
ACC0213,-0.2992925138003805,0.03019239536434617,0.011352825041529117,-0.11003635586043553,0.5113540952112765,-0.008952696048930614,0.08148061530395939,-0.038788352876367754,0.19025034961102932,0.1374051604554755,-0.16947761243644632,-0.06741553704491016,-0.0038906485906970312,-0.4077882518240573,0.05276900122853177,0.5790351944843823,0.01846655429785572,0.00444097205389917,0.08263662105676166,-0.019761544583696375,0.0019624830403013552,-0.0196343127668693,-0.11459276849608069,0.04116008917410059,-0.10142816470082891,0.3548486931149646,0.1437639974533289,0.28165569511397925,0.09339740805209959,0.33690578125595505,-0.17619289737822813,0.20618123302021313,-0.08096184217927083,-0.11519560416038378,0.10517880922367318,-1.8386372566447726,0.27833715635105244,0.0036096055788857966,-0.025249475644210675,-0.048339303354652516,0.345997635450555,1.104406995205953,-0.0449633207985785,0.012934759210182058,0.0,0.011167067327201885,0.0
ACC0214,0.026971663462166506,-0.14184810060433362,-0.08700316813961351,-0.1256064487549675,0.5670803517983928,-0.13201431708570846,-0.019795134781237254,0.44575049893612145,0.09595682949495607,0.13485920683611619,-0.26359826894809796,-0.14879893304251018,0.06117983553663729,-0.25600433650458265,0.062307501515830914,0.005014262980008862,-0.0887477814938344,0.00785276286613807,0.08326996786657918,-0.05744687891976477,-0.0010955724928723258,-0.018019157272169864,-0.004865733716012272,0.07149075250940996,-0.00275441927014204,0.042625934261008726,-0.23752930127520624,0.26558439837300307,0.004569679042805757,0.09757923732381588,0.028315407768445357,0.2027795107587683,0.2699388037256204,-0.10962974778320042,0.13854994415088914,1.0826016988285114,0.3066033746520767,0.005096753559639667,0.015383010715326398,-0.01982826739090703,0.3819154757444926,-2.6146798432930645,0.025655028105634387,0.024782547379018395,0.0,0.00825332743442811,0.0
ACC0215,0.09165253202758969,-0.07521643137896776,-0.015832789460343825,-0.1295485872587738,0.6192323509530786,-0.04342218282173733,0.08023970682081115,-1.584228206248761,0.016279365995026315,-0.3352605210413408,0.02972493129646976,-0.010863353333720403,0.0008740142152671042,-0.3165142862904553,0.05434090299844512,0.8067366543508151,-0.3830411733092042,-0.0306642714447716,0.05773079634191856,-0.07305392628855605,-0.04433840593964266,-0.019692795764456508,-0.02454031704316273,-0.07512687943883839,-0.022839116730800874,-0.558258550595766,-0.09444656170821364,-0.17543718135224787,0.10062052666929582,0.10645756828401508,0.18483817517675835,0.20441631883490502,0.17527202088627572,-0.21128770797718766,0.22560178381717416,0.2680214159605357,-0.21321037853655692,0.0016584674281367173,0.009878238049182956,-0.01746620670167978,0.3385796796945387,1.3213808287651199,-0.08819634846636831,-0.08304555058823958,0.0,0.011574519918976466,0.0
ACC0216,-0.1776729545519595,0.009403048471949463,0.19281500995526224,-0.21164877344518762,-0.4193149519572912,0.020383213093387968,0.00405979992221333,-0.7418387893068173,0.028697084719852575,-0.0201739851889671,-0.11725915150518826,0.02993364807975605,0.12816416682699877,-0.0818149764460984,0.018053675486454538,-0.2509810765508932,-0.8433530593293702,0.4278686552662205,0.07369237672342675,-0.0027519699228463522,-0.16726159322407183,-0.36943903111816323,-0.03037093392934645,-0.050712952366583755,0.26373623346992714,-0.5819321221746474,0.8758751083207579,0.02613708052728765,-0.07091214284921472,0.07306979210956326,0.023083374505798317,0.08460029406094176,-0.13590779623709803,-0.01609573997241981,-0.10845464303539412,0.2631384971373556,-0.20675888521513372,0.0,-0.07615352426305476,-0.022523569750883123,-0.009763578272814684,1.055936263671136,-0.5480955536595798,-0.1130962286401746,0.0,0.017616663828915635,0.004252142005842346
ACC0217,-0.18333569554981996,0.06190502774750082,0.1722865790474457,0.12429524901322322,-0.01814048488028185,0.020836060725877657,-0.18928695259845743,-0.027052322528135348,0.023941162752803485,0.38889175238959334,-0.004839054322291355,0.10980635726003497,-0.47221773949648854,-0.10641516623117894,0.029645126309234802,-0.20754355860860188,-0.1709745383064123,0.4874980282560182,0.5587289790260705,0.022858741549880386,-0.043191317075163084,0.07936241362652847,0.044234174851451466,0.036126125778185726,-0.9144156408966881,-0.18181968946084257,0.08201030688978903,0.07787647609707261,0.5959736608066777,0.06470772020189336,0.1600420820247543,-0.27032445913206543,0.17998226724895788,0.06498467641118406,0.037041560410685355,-1.1934675402717236,-0.5488096546077127,0.0,-0.12026678524416785,-0.04970281286900419,-0.022681489328272395,-0.4653107899664019,-0.02576323161290286,0.018814137957602266,0.0,0.057583702643871075,0.0027825076720258664
ACC0218,2.0741534310850467,0.0086573274721501,0.13941286047033485,0.0003767272001582036,-0.6499845682399479,0.1949183369462635,-0.08567587593883573,0.4028135559908183,-0.06131801205149358,0.05722783973568291,-0.2524696154185794,-0.032995924616427245,0.0985909472005944,-0.5429413140874457,0.005254468157396775,-0.052410600396687525,0.13941230611024422,-0.012392557051613183,-0.21528511925661722,-0.019889198307849652,0.025541202144687525,-0.03893066381973861,-0.0744778197086556,-0.02446688877923908,-0.08701535268447089,-0.008582178205979717,0.3869619955276802,0.1514808685244678,-0.10449490576091086,-1.7030063987788946,0.09006791122867427,0.10273193598741837,0.20153127064445686,-0.035732553726802965,-0.0901638881381688,-0.8542703886016598,-0.37654791077323035,0.0036096055788857966,-0.0035653335921694415,-0.018610052168483073,0.3241645603127781,1.2335258129576185,-0.05954852991453828,0.013924845637936653,0.0,-0.007654396332936454,0.0
ACC0219,-0.20560045387208575,0.02254173515254548,-0.36844816605219777,0.11142974398046548,-0.049918488676510865,-0.28153751783370085,-0.010392990119037314,0.43402866405127355,-0.1316081197272084,0.26112210694721755,0.08020452379368609,0.2255905085719304,0.9026163221857771,0.4169757532808547,-0.08611264717092461,0.16091986456119434,0.24544832371684722,0.03426122485827526,-0.10856842308185641,0.14398465703600466,0.2181509380661551,0.13522470869264053,0.08940104745770702,0.1649573558034146,0.3345420039257211,0.055914517193700955,-0.049423869911754584,-0.2880150075975678,0.09822362741202166,-0.5853208580230841,0.04241714248281149,0.009494201600765672,0.33550123370516,0.12880878079209077,-0.01697417494362505,1.6411003364169954,0.6286030776477761,0.0,0.08079660294836787,-0.14151046691607597,-0.004532718123198384,0.3400968157403838,0.05498111496611215,-0.004682125386357026,0.0,-0.016256593457709804,-0.0059475019613956185
ACC0220,0.05561550349968521,-0.04053670316245801,0.020682260444349173,-0.17827261022936125,-0.15416942355872904,0.025511758108254217,-0.11587933115391182,0.40056394886909286,0.04925969288545858,-0.4328401532531879,-0.06656149069066646,0.18244316341623446,0.22950519457841906,-0.24492033285555442,0.01559582242674958,-0.04960565481881343,-0.01583934690893388,-0.04901759224811961,0.2875562646952772,-0.033058823840209965,-0.1819616914031717,0.04260288380691146,-0.2540280557451652,0.3140501880456955,-0.4660540651484564,0.23907597067543412,0.5732208152858649,0.0009316483710767258,-0.3623507166544969,0.16574864391265057,-0.03807465415020009,0.13574646908147173,0.06745209298845932,-0.024092855251801156,-0.04052740996444019,-1.349822559860146,0.45002618709893244,0.0,0.005696155791773015,-0.0009854811225020192,0.010422698538755416,1.0215610805931485,-0.13228150011975062,0.0,0.0,-0.013331673016280354,0.0
ACC0221,-0.000551104236238887,-0.10678877302463244,0.01914118028410864,0.06437753254197148,0.35189523402680034,0.04166340331060166,-0.07104843504171339,0.3594067317802958,0.33149923239988965,0.1508169342281053,-0.02371743482885314,0.16287140047607215,-0.12887389332018576,-0.3938594620610702,0.03500657180828921,-0.4627275569734242,-0.04362888837149167,-0.029775999925129824,-0.12309830378102954,-0.029764421949726626,-0.07231415080027682,-0.268292237619919,0.14455547046047545,0.4048677689730517,-0.029909128961951255,0.22631520349893625,0.23991798510545476,0.27961568359529665,-0.38588193807984217,0.29035961823545,0.0711480521852901,0.16900839272175952,0.0434693292910835,0.026471312692957875,0.05580765403554905,-1.5236731564254806,-0.5436890950025594,0.0,-0.03873872823222479,-0.0009854811225020192,0.0092367935785881,0.5996604650085159,-0.23528776627210818,0.0,0.0,-0.028943632495315768,0.0
ACC0222,-0.08876615746337767,0.16370437378883973,0.010946001919965665,0.5241001050718485,-0.055655665004218105,-0.0035073566043389154,0.13808812016060368,0.46178139049862904,-0.021672056971209077,0.31239232712215015,-0.08081404111703945,0.055437620840989195,-0.19714339402073655,0.054867918721790324,-0.027343380482244765,0.6537114583562693,0.9017641522298194,0.05563477884338476,-0.3457377103313746,0.285539177815255,0.05653911450429692,0.15664468499185472,-0.0026073256470667914,0.011136478021562706,0.24702113471835516,-0.10732017381431314,0.13054896074679556,0.030000461492927604,0.6901372289005502,0.08173886953502123,-0.11388813035229589,0.12271692553994691,0.2102473120968047,-0.004747322639601034,-0.020607447209554278,0.5403970774555913,0.21401362192853443,-0.0004895747964695479,0.07494438117890097,0.002865998913443015,-0.1522125102860744,0.2813916474539137,-0.3545840180923658,0.003326144297817913,0.0,0.034284718237439046,0.0
ACC0223,-0.2209698182797487,0.04252869718409035,-0.5158314773015942,-0.08095127933654957,0.5014138976330994,0.01912806905084113,-0.10201186310051223,-0.016657509328294462,0.11859323658068578,0.06647899851207509,0.027505150533476675,0.11582371110792086,0.1905843348565599,-0.30270267719367816,0.01658604496202935,-0.12602165918153324,0.4368228396788125,0.2502061576597972,-0.48704962460139656,-0.0248183737540881,-0.07443682509856685,0.16055954246064688,0.098970606614354,-0.04821671374340412,0.211779553992483,-0.2154698451236315,-0.8535256681228914,0.005262250726342059,0.5870961144559709,0.017504841330746597,0.07191343866026347,0.09044456802078585,0.04329362647484305,0.05366513459849502,0.09177639261766483,-0.9384226733165929,-0.3659680627839877,0.0,-0.12397662302664447,-0.021354580937769065,-0.00945633524777884,0.4539248705374853,-0.08966531114326703,0.0144172873839928,0.0,0.04117007222464726,0.021495851522622365
ACC0224,-0.1915083935353563,-0.4018648503688946,-0.05533421538688624,0.3202041822153085,-0.34832391405348767,-0.42183496577663904,0.35105436453340405,0.29959687799974294,-0.18745217701864642,0.10319900436633456,-0.06857065316019748,0.2026043222663196,-0.1688901741816461,-0.03829101568154016,0.024740176718899103,-0.2932173437383235,0.23801562141618912,0.11206246688202488,-0.324815027071249,0.13921480689446267,0.051134814507867554,0.15110781847138066,-0.02428592487958039,-0.11088885955271657,0.052555497254285516,-0.11845214690237074,-0.17251591196111185,-0.020677584746224543,-0.30310846919461165,-0.11331302702662945,0.052495145958349136,-0.087416938549167,-0.11845835834638047,-0.00201695925908561,-0.0610252489860843,-0.9493496866431494,-0.9518737450254844,-0.0004996596396450045,0.006493311409392359,-0.003540351598959021,0.08694947351321328,0.3305799622792547,-0.01899565844839295,0.0011381512358481618,0.0,-0.009013798754570927,0.0
ACC0225,0.06744042914456844,-0.00806203062978795,0.4394093618732368,0.0667437626704249,-0.11212692739004296,0.008452795530622344,-0.006387133629362006,0.09865125429791033,-0.02294028119729417,0.27940275296860956,-0.01428479336898441,0.006131459838931198,0.15279726532842103,-0.18204465228016312,-0.01114230190666785,-0.2635955619206858,-0.1292606534762127,0.024531143895238985,-0.4522820645718913,-0.05515200728463068,0.43220042389481006,-0.24384950153881352,0.0338878624986666,0.12760853433104818,0.03774289106901267,-0.42601928818041424,-0.20222398314697346,-0.11736892628223965,0.4627688801938221,0.08437739670083567,0.08662166071336035,-0.12456250457991021,0.14260930070197683,-0.003292342943628252,0.027026249239766792,-1.282509533358188,-0.47497006127413743,0.0,-0.0680681504966379,-0.0356283193508259,-0.0091417082999356,-0.9499520236490532,0.028107270993203586,0.015191884991970616,0.0,-0.023369256394448534,-0.0026086009425242505
ACC0226,-0.3648307195644672,0.038163397081604336,0.1703915425375694,0.12313564793765018,-0.16340307240551932,0.044265168332827745,0.09713142592343421,0.2084239978929728,-0.02790827059802102,0.4506243360769126,0.015437114350836941,0.010729739686482921,-0.008434161361912143,-0.016648240421473615,-0.014462923366543643,-0.08291792275737213,0.025416336215375392,0.10604113866926414,-0.07830374047045571,-0.027081559776709275,-0.014190068978506274,0.16008287639534893,0.023058104625288744,-0.007445723094798065,0.24433006778649885,-0.20390670190298227,0.13737686298914087,0.16249848812502163,0.2885140243938935,0.02648115359738312,0.09884710061853183,0.1694229008804194,-1.2158794325907092,0.07990463423998619,-0.03599367850354782,0.8608812921807572,-0.48899638511261234,0.0,0.20884615841896972,0.06979473657361396,0.021597203745148875,-0.9305445471930065,0.06074837118657498,0.012953860908522054,0.0,0.03156969753911951,0.0027825076720258664
ACC0227,-0.04246949272058117,0.08175507629586311,0.0072692184744866445,0.4986818727538318,0.052470683489193704,-0.004984357399379506,-0.24535883751707682,0.1532905184080009,0.24134521715440407,0.21531275714415757,-0.014153364470590403,0.03672420284430071,-0.023722691231368328,-0.17980342862862694,0.0009241118756296198,0.38585761604684654,-0.3926713310663415,0.0522813536722644,-0.23974415381191636,-0.0014325294072259197,0.0826275419112343,0.08127676591740034,0.010771116525091952,-0.07991252514499751,0.06043194460508369,0.09945824244194075,-0.2570715608210719,0.014866361416697017,-0.17849006938412865,0.19715595005546332,-0.055759675072770035,-0.33417303535037135,0.16194215203442855,0.050411423061263595,0.02524294297224792,-0.7516106049559605,-0.7872149970076515,0.0014719282740929228,0.030695424653465666,-0.003540351598959021,-0.24329939479834153,-0.8910624485100325,0.06002037189391542,0.004143315607944163,0.0,0.05672563797396887,0.0
ACC0228,0.46496262410163214,0.03686331578770328,-0.022294981097621375,0.6203659064647729,-0.008776087981855241,0.2550108126502001,0.265162514489665,0.5962734958031586,-0.10062939660611092,0.10747517077148624,2.849644694414909,0.1350672859198576,1.472251769239928,0.8691763158444796,-0.0024254581489156044,-0.114479085467588,0.6855402977141566,-0.000272285350650295,0.21192273310094895,0.04753523332406953,-0.0027968060749289526,-0.03426060036593151,0.11802483200702328,-0.030634797248447653,0.5012240228202769,0.25024048329665266,-0.29457816089288397,-0.017644974796500304,0.09418682996782989,0.045109116364619097,0.12182949910095854,0.06442410357631338,-0.983066744360651,0.287012064258658,0.011683947996505985,0.3280998689426077,0.3375943175745016,0.005096753559639667,0.0474218826936771,0.1805104151915968,0.3577152450299709,0.9790374928098721,0.29151928602484206,0.0013388377824842188,0.0,-0.003258497588723557,0.0
ACC0229,0.285072177525279,0.12205918392148594,0.5507855493242344,0.04667951230796156,-0.1147290952454701,-0.0795990901664539,-0.07101351407322483,0.20393026156457747,0.0096139942198082,0.18727191378868627,-0.06256422028592722,0.006898528105426525,0.27788091801134707,-0.20235632618571278,0.002737437502209566,-0.18023743973908174,0.06344450848257462,0.15134425422341344,0.6240679025684137,-0.09559432237672974,0.02021624663852389,0.1311913546086963,-0.15256318849000983,-0.02243853092769711,0.28455459437759034,0.2259274836026033,0.3225268807874656,-0.08599655690324973,-0.20807347503931486,0.03230884519642277,-0.01955256275648723,0.0885617994366673,0.2077184158731777,0.006725401797382236,-0.00874776082947202,1.1394842796720508,0.45106941327489675,0.0,-0.10736158901721904,-0.019987536414941536,-0.010759610209873571,0.8118684880251087,-0.04917540541804135,0.016056823047243353,0.0,-0.0048132731471854035,-0.0011389666087077712
ACC0230,0.2059545700499348,0.06808476467828678,0.4858829129849346,0.19502371438444,0.1999816225284644,0.000322513016711626,-0.06003976606227577,-0.06410771550698703,-0.01076050331424369,0.029810604454500254,0.007721982013602592,0.0025997695749408324,0.28907083217686236,-0.19611624353202078,0.029617879833841333,-0.06751158241214338,0.13217792301530035,0.16310439189172332,0.2727466966214581,0.09835540190615727,0.35549623151856247,0.025870319475650858,0.11998596165122655,-0.0403841876390791,0.2163324755193922,0.0808275593998721,0.015556297945167913,0.042388924283163314,-3.5751621622339205e-05,0.10076174580996618,0.023146269947560846,-0.0050520857622681345,0.2434700853396454,0.04954983862528416,0.0680982880985802,0.6480496314250725,0.5819071693201482,0.0,-0.09776370697882011,-0.012738806113054389,-0.010159298794498678,0.7972659053496879,0.6950509216910735,0.004964453020354771,0.0,-0.007631621674530444,-0.0011389666087077712
ACC0231,-0.02126401687410519,0.013290498167927253,0.008561662213223652,0.4784618154853212,-0.27840283665856036,0.0002945698084380237,0.489446585633949,0.17696207311669418,0.22491870036379027,-0.6840663488898193,-0.035401657813301374,-0.16704075575625799,-0.3755029856800102,-0.16984733408569416,-0.025013694731424653,-0.19364049511239992,0.04219142221379671,-0.021152463760301103,0.2670871986112903,-0.039896771280988855,0.08711703534076819,-0.20918979479690783,-0.03901305297804923,-0.08190045864257134,0.25489495473470325,0.2006871417836121,0.2139723729931255,0.012097352591560515,-0.26128424806807915,0.15720264991194685,0.16953979112653214,0.25430676439443917,0.11145971399819504,0.06956432785917863,-0.08907774795198396,-0.8036366606087169,-0.5954791407244664,0.0014719282740929228,0.028662434218287756,-0.003540351598959021,-0.4194281266679879,-0.6212169651197962,0.07349569577794299,0.0034161264077039125,0.0,0.03810615557244185,0.0
ACC0232,0.18023953309391996,-0.22014289195762302,0.035564151440112705,-0.06584295827634455,-0.029451842672178336,0.02750683678312249,-0.020703945222959794,0.5230457045199179,0.14800225081352691,0.39864062311956683,-0.09802664970753705,0.18716318406706406,-0.4397291069526994,-0.2848839084983341,0.26601207309004943,0.13604310964427704,0.01770407700904056,0.0884236517899193,-0.06044728569895965,-0.20563193500404106,-0.12191046853788362,0.2034755161801645,-0.16128500013514543,-0.057409714086357616,0.24547699363025194,0.26828195694352075,0.47855918039320783,0.07202699771912045,0.07406878925561303,0.12686172532461862,-0.07246155239213174,0.09269517119469313,0.28717465409486675,-0.18767569450168634,-0.04909172357001008,1.0214112533978414,0.029652200741776477,0.0,-0.004840037061864525,-0.02834325039117916,0.13813626745170876,0.38986473982753206,0.13767219836007555,0.005618753668603274,0.0,0.06527572765823496,0.004628972966860478
ACC0233,-0.09778391135564049,0.06331579502072322,0.007359675748077199,0.29980245034170805,-0.13940686492331777,0.006014466761158825,-0.059075354256591966,0.4051600891917761,0.00971842074117852,0.37885398928020847,0.2050827048099008,-0.12835299830763733,-0.3220951199424507,-0.004701023318235948,0.0002893409530265506,-0.16344418638384717,0.13046344107095875,0.07898793771494457,0.27974247788091866,0.3356641541154398,0.040732217693942654,0.05953508913575457,0.01461885501732274,-0.022819340155910493,0.24561255875859853,-0.27660714363090905,-0.04197007853592622,0.03711833913847268,-0.2789884330682844,0.11338272697149834,0.06616937996873849,0.3285428132596028,-0.20632179681826465,0.0009675077819346839,-0.059336151133322496,0.4909814300596206,-1.1527290161186354,-0.0022814888248440385,0.01986190294394144,-0.003540351598959021,0.1457477045081587,0.5698289891100267,0.021911688527679028,0.0011381512358481618,0.0,-0.005526900739817002,0.0
ACC0234,-0.21830950024214527,0.030074786683396294,0.1352566338713174,0.1290915384671955,-0.025031636913750554,0.09861272025720344,-0.02952320470370393,0.3388048905656912,0.1380685226639224,0.36828935436062993,0.1778345360666384,0.27842722640941897,-0.3224706872147191,0.6823830860985224,0.030572521296882108,0.21413814031680048,0.11572581154063544,-0.038851270711086586,0.08417746212519636,0.002727063672146741,0.13621689453929964,0.23543777506047797,-0.11781449339647264,0.2756571676391255,0.06260323426558126,0.2065565051388926,-0.19116060907240842,0.038549326258499814,0.042864884490297836,0.11197839559970257,-0.04486033863048052,0.09493826781318782,-0.16060039726585906,0.22077131438753028,-0.03544272508564529,1.0374377149351888,0.16545646339752318,0.0,0.07538557154083844,-0.06885977956966342,0.1336698429683058,0.32236133889508783,-0.048014304968843534,0.00021179069501853058,0.0,-0.025985946067511936,-0.011328063706434969
ACC0235,0.06544055524336256,0.062465031352955946,-0.4896101991628168,0.09952839746149929,-0.033230177703582255,-0.06907342889552562,-0.08385882554722203,0.1986544050189283,-0.08497110954901074,0.17948266104210175,-0.08279181910868871,0.30704831241814085,-0.42701588915389066,0.25063697504204335,-0.12172217243343843,0.3538751279537156,0.022514593323694602,0.022340399619056067,-0.01869564640547817,0.02596480762012355,0.15005227829664783,0.391912342946648,0.1027580456176017,0.221413749786278,0.19690104917266188,-0.22806708335746687,-0.06312235151025918,0.008586975545781179,-0.26532429628101645,-0.5565036119064692,-0.15721362291478025,0.1384708409326902,-1.556668202535416,0.09004756247988067,0.0039836862608271465,-1.5790291330144526,-0.5433993465545469,0.0,-0.04174601495294836,-0.11386933803842966,-0.226583227157992,-0.9031299309979214,0.054976711862164275,-0.00407678292155903,0.0,-0.03200978481087921,-0.0059475019613956185
ACC0236,-0.1164493745891349,0.06484745123766363,0.1068640928708537,-0.4500168355987902,0.14423016266886987,0.36094607700363984,-0.034057312368626844,0.43535080969700146,0.12615312061860645,-0.4760683141472257,0.012109221901588516,0.12171810839805068,0.2125617474741978,-0.2864473202302496,0.013863636755407383,0.14825949208229633,0.20717620337998607,-0.00437313667323554,0.10800170867683292,0.052023671772334926,-0.04619874750729118,0.36986256066451856,-0.02979036269465383,-0.08062993192987745,-0.15850069467375047,-0.5467602292350875,0.5551431021609744,0.049328785511249196,-0.05873264351120735,0.11971424092574207,-0.12430635675117245,-0.20275753559575913,0.019702767803806386,-0.127339253562425,0.04372529202736486,0.7066806574999228,-0.5654843979104109,0.0,-0.03274904239968399,-0.002987071366873436,0.0005217334234310367,-1.4046892574465553,0.22895188418000254,0.0,0.0,-0.03758173372748401,0.0
ACC0237,-0.16005960497428573,0.004386659145970294,-0.4948953379962763,0.14961580109533598,-0.07709065458150735,-0.21178361204969307,-0.04861171318934822,0.34194049311841346,-0.09344046780456376,0.20600842317193524,0.17166495160965262,0.18969414455360462,-0.5266626790758533,1.013106245418439,-0.2867193068917692,0.39239949036374533,0.1737475956965843,0.03367423963544462,-0.1128675448723391,0.07290110044052725,0.13021946155428848,0.16902503850217251,0.0630643148250506,0.16928964123329374,0.20543877962666215,-0.06618280135419394,-0.04342996986563311,0.09273683253135936,-0.21673529321957005,0.08070267644235961,-0.08569808578189117,0.081797575444438,-1.493558029792238,0.24103851322709166,-0.03270577849305257,0.8171484599627639,0.5423222363769303,0.0,-0.0780912928909174,0.2816859519055072,-0.1626174342006015,-1.534267385500393,0.04782144319225164,-0.00407678292155903,0.0,-0.03381289802878612,-0.0059475019613956185
ACC0238,-0.11064017315923552,0.04727411002476376,0.14070314264541617,-0.10067535532617687,0.023248563014524083,0.03387492757785746,0.014382623038836414,-1.8138912859937366,-0.012685533329263587,-0.9061861646632101,-0.02345009974141479,0.14038892158291774,-0.0152060258938736,0.07249009071260622,0.07263582881832252,0.14101593916734254,-0.8916229817461973,-0.06211159353395671,-0.24229186155275284,-0.04904402637376175,0.05516066405574046,-0.19650875082894395,0.1774520169569205,0.5371859295377087,-1.5986922393215584,-0.8225072806558378,-0.4885029808197908,-0.013646357739549864,-0.05717170904634067,0.12857686887467387,0.0011121315855963593,-0.01759299341786095,0.10544960141627055,-0.19876767645138685,0.07873035660730593,0.7741275344578213,0.2111250438009507,0.0,0.015071139337574781,-0.019339488588838296,0.15161191634045776,0.2087126819071064,-0.1280525014542517,0.005488541609264555,0.0,-0.019453971002514996,-0.00585479143958943
ACC0239,0.012490478313401897,0.05790757896535378,0.029817716381303722,-0.1301634086734873,-0.13203469210169266,-0.053488641377050346,0.3875913944252126,0.24923711880746796,0.11947807976416963,0.3690798069233045,-0.09963960739818446,-0.25205481306812794,0.04470847512382916,0.03507955118045035,-0.022900417323637075,-0.21742606363427605,-0.24844668774047196,-0.6243956179469783,-0.23530101773262843,0.29480296876818285,-0.10919143183026064,-0.03606955088756723,-0.08280448332332266,-0.07094529102668824,0.3078297475052394,0.062321268309882195,-0.2102912803969811,-0.10704147439500304,-0.138394243549489,-1.133950968513383,0.005790172109647168,-0.4827240199103468,-0.1075994854251779,0.0404567830457167,-0.062098717999890606,-0.6775446296943655,-0.5629937044962503,-0.0007279513194674318,-0.00025691092482955653,-0.003540351598959021,0.14279537185013857,0.44865796527668733,0.03457143032956958,0.0006527219591183617,0.0,-0.01277967232952226,0.0
ACC0240,0.13049074224426518,0.052702606119757495,0.13230345131139296,0.20580212228519576,0.127693403336786,-0.05722770282082007,-0.11308907737046091,-0.07973772355039645,-0.02902906456089155,0.20906086392755752,0.32294323961115473,0.09375096081709194,-0.3398154319157245,0.4120136734498963,0.06843929348119945,0.4830411942135714,-0.06640622277147556,-0.06938493121264105,-0.02646197151998251,0.08881804307154073,0.22218430721724766,0.42984624087680157,0.054820376113594846,0.48505379070600013,0.2330226596658127,0.37840068270373267,-0.21548723751939022,0.13711168163546333,0.6536888954984867,0.08295162487197431,-0.15652744206568994,0.23863263630722079,0.4510780513438134,0.24200146888430515,0.054305716473076276,-0.9350440978487423,-0.3205597947205347,0.0,-0.03140457899259085,-0.05176394181564772,-0.3639295353146377,-0.8489917494078337,0.08570181289087807,0.0004952565459865745,0.0,-0.10250319160128925,-0.009514417300359988
ACC0241,0.030273032272279607,0.12253652095001029,0.0022409781235460126,-0.27006432569650624,0.23003411908694466,-0.016985102574344223,0.12678489407706575,0.2261698957715812,-0.0923353665690031,-0.22623061200978872,-0.08227367266528576,0.005615370027911128,0.07023811694105764,-0.09714103772807015,0.07078710376252102,-0.28876683913320583,-0.16215185052994371,0.043767076158155074,-0.18758550631292076,-0.00785445155908421,-0.05221729613034117,0.07602533837948271,0.00876867479071665,0.5162676093115512,0.12472134077923874,0.10218537375868697,-0.3545089594997215,0.03522878078894855,-0.13479886827946871,-0.24772653829046948,-0.17536391099698936,-0.1022950821096998,0.126335115322807,0.042655934346010616,0.1058090724154398,-0.7351368573196887,0.7944749233263013,-0.00021192425393969203,-0.08093759088808472,-0.003540351598959021,0.15301791174763174,-1.1031106760958642,-0.3585449483823141,0.007439406498851438,0.0,-0.013881676953103876,0.0
ACC0242,0.20230707765281225,0.04713956782399961,0.5566194224484614,-0.15136020495269026,-0.3949893925121486,-0.028089705548573696,0.28253243371818015,-0.7411073538790572,-0.022314954153077535,-0.3539200673633122,-0.05862750009547028,0.017537225651383676,0.08733043024231658,-0.18884121018139843,0.021910883629621597,0.2135498681696667,-0.9165352421761247,0.10307349777110521,-0.32456835213652857,-0.025426054905324888,0.6517777376879123,0.008597181925526016,-0.03297000789010841,0.18442096641437533,-1.274800323894238,-0.5481088454441372,-0.09514510839329224,-0.01090001431048493,0.018741118316471666,0.03481281867996245,0.01959802714175145,0.032146385225590234,0.13931314402344866,-0.0007754425386576839,-0.06060481253681307,-0.04812623515787343,-0.48095800675781114,0.0,0.09722233386885863,0.008035953774005962,0.020122821508866583,-0.30859138926539614,-0.10144206327765759,0.03371349136112203,0.0,-0.006137331314796557,-0.0039863831304772
ACC0243,0.11812828180558312,-0.0026743583054883967,-0.07329343824830233,-0.07181710491796398,0.28555457591950595,-0.10263940360604691,-0.0863970325352679,1.4296562651411757,0.14005339774018413,-0.3525051719935063,0.14544507796386366,-0.7622788559407842,-0.04127340913981467,-0.24983873861699354,0.07005764941345165,-0.02586999564936529,-0.041760223136103246,-0.015015621049871178,-0.5257545402204401,-0.06720248259232524,0.1353072886230034,0.02763093125477835,-0.10719545877180789,0.039938671944457764,-0.047575057404905786,0.11099424581909478,0.05744462542738783,0.14181697692817757,0.3908402715901395,0.9254928123076815,0.09748356696432142,0.12780873852897734,0.17807382285378365,-0.04639552868869067,-0.003620278852473279,-0.8265779053365098,-0.24618202294938357,-0.0028249087139106226,-0.021896908625773127,-0.017878128837671804,-0.9314548859234306,-1.7006756402171643,-0.01989330518405407,0.009708938661439041,0.0,-0.00509508765980964,0.0
ACC0244,0.3023669560305003,0.06029462298369851,-0.3319388828590035,0.1534303747622493,0.04319110417081061,0.004107037569576189,0.06815313257281677,0.230700162571142,-0.03427885667976821,0.27547417623706055,-0.05296277515561413,0.2619404384453764,1.4523521430801374,-0.03442090104228113,0.00681954639208794,0.07949365739174745,1.4272927690455537,0.07010131004067133,-0.18636319441178717,-0.014846083120935424,0.14784339851934117,0.06204006430977716,0.1871358136980831,0.11396889087160823,1.140959072239519,0.11303624208150462,0.09264401959747359,-0.14353703000655793,-0.2574807922404785,0.31594242773878584,0.013433480232463626,-0.017861800761356118,-0.11676907654714767,0.016755087768433756,-0.026216975522101085,0.9826703460688346,0.40026820531612617,0.0,-0.09089726763843128,0.20698912241849665,0.026271527621267846,0.6202157286817255,0.854074647361748,-0.005383191167235499,0.0,-0.0046232150814985214,-0.0011389666087077712
ACC0245,-0.11552672759148272,0.18135806620393902,-0.022553151354549637,-0.5013439380702729,0.2107333595033262,0.13323340973675724,-0.16545783440909437,0.17112935508604887,-0.03470016340508808,0.0906218478172404,-0.06993994046193165,0.0512391341094551,-0.3135256679877933,0.18947924531897523,-0.022935651493567882,-0.11792414234316552,-0.2795141180905476,0.08614809250355551,-0.2745569366967959,-0.045266992845926175,-0.0014050100989559855,0.06380200870725877,-0.0011661579385979473,0.3710274183092202,-1.632582548476879,0.11208961434317821,0.4702033514919445,0.059613259980346334,0.3528541937357116,-0.4264660769391719,0.16727196328844526,-0.09656088063580773,0.1772973210748822,0.005071758442821338,0.05600942330234842,0.4254288527597459,0.9438213293490155,-0.00021192425393969203,0.01799387742080093,-0.003540351598959021,0.1896428443666315,-0.8192128079120132,0.09589225218957881,-0.0007305972294541392,0.0,-0.010667064367814212,0.0
ACC0246,0.2578748190298622,0.011225962758840314,0.03907611830747791,-0.16035501387642453,0.6133763538659849,-0.136553664195807,0.0849638491079362,0.7364396909902065,0.19295792033386905,0.1759584655691128,-0.2743869871031363,-0.2782887166359061,-0.14956102140847244,-0.3051309068699018,0.07201795226979542,-0.041501095932270325,-0.18645930522292642,-0.028424585789954188,0.09762223631202473,0.04032508872463311,0.0763569811031595,-0.0008858724381449992,-0.030868305149768415,0.1278680872081557,0.130272425517412,-0.043368072625840096,0.2585067076893042,-0.2355569271450347,-0.10021837897615087,0.15360281440526258,0.2087815264206065,0.22518368088644924,0.2511251066879295,-0.13017588311086176,0.1233173357337797,1.2473967354557345,-0.16270276197630512,0.0016584674281367173,0.04022868781329099,-0.01852483051673513,0.3701292265620503,1.6204989635699667,-0.07350833450731781,0.02389703121128528,0.0,-0.005600275071514033,0.0
ACC0247,0.19792407695197028,-0.2112371200612566,0.016095852887388337,-0.07945540643816834,0.050512625307729424,0.0717625400128629,-0.03961404657449451,0.3052456371943971,0.11449513417831247,-0.0991040733320629,-0.13429215245215048,-0.28333239202314825,0.020437132663480604,-0.3578992045118836,-0.029345941512433683,-0.15376672622652163,0.06201652734192015,0.05506518693808274,-0.22177577526261955,-0.08622949698773115,-0.3109228269275489,0.09278092229205183,-0.10929445653169283,0.06710181018618014,0.21843719721416388,0.2326180565527201,0.432561895146561,-0.05442873692564304,-0.012075138245959446,-0.03270835826278262,-0.03710968447134566,0.08729115114170007,0.23999584604460186,-0.19143180147715655,0.13067693452003398,1.1446879343557241,0.593015261716586,0.0,-0.05122581749672336,-0.01687530114037386,0.1571862285353097,0.49352690915715297,0.04563257039664058,0.005488541609264555,0.0,-0.04947852113565222,0.004628972966860478
ACC0248,-0.23942140790357017,0.08544784692000564,0.14168212942588992,-0.044458713737495874,0.40263990946696177,-0.03350515761705476,0.038927933675197604,0.029406525659328622,0.17761337712407638,0.16768771584818956,-0.049046195104699396,-0.10311751193806422,0.2161883409799852,-0.4069287739125544,0.011446290621608669,-0.5684585813746189,0.14202835984545362,0.011300437547285698,0.29952471979727774,-0.03245568262013163,0.01606055484032682,-0.08868894604206401,-0.14828446953535293,-0.10514275703251985,0.043099366271315595,0.1903993276640176,0.03780879729033176,0.1152995253528056,0.7764135278248233,0.06877006695792906,-0.13646105491076985,-0.16574670270454683,0.05607774559047542,-0.011775793794479853,0.05208375188189733,-0.9903159616334457,-0.17636864253665616,0.0,-0.01152045592929324,-0.0009854811225020192,0.010668061011930867,0.9393834255561967,-0.07703537167041956,0.0,0.0,-0.01989385381491362,0.0
ACC0249,0.07843667480981907,-0.06366101119674938,0.026837613532991564,0.0651290104918863,0.05259423767885738,0.11985529732311569,-0.024650112822614714,-0.33412766787551723,0.42930483381650036,0.23017698073659743,-0.08152929743455063,-0.7338627747340858,-0.0993661687671663,-0.16633357186686373,-0.1323998260994921,-0.028396326819090177,-0.7446835958396266,0.010346807534325755,0.03148524939663796,-0.09160670328664858,-0.3201519511224049,-0.33341230161001306,0.27667976682822476,0.09217688844911937,0.2363856529046325,0.11902153464221046,0.16611800110833017,0.029450112917620116,-0.045695062460778924,0.09368832262530559,0.034240707521231234,0.06738695292380426,0.4627849204699801,-0.17233249342908236,0.07728859181246298,1.3302397524596703,-0.3375180282420219,0.0,-0.004237060930399888,-0.022766115596218908,0.13652476107246167,0.47114553697540357,-0.4054208015995217,-0.03185549584132897,0.0,-0.04989186774395657,0.004628972966860478
ACC0250,0.13922239177193318,0.22723410278266715,0.17208699914138417,-0.08720178541315125,0.6198486718577425,0.027238345141332537,-0.06983093189660013,0.11229424073177767,0.017193507397880732,-0.011647310900921958,-0.059766101421344975,0.02498587973135554,0.3389226906790448,-0.25964608036331416,0.008768908462883255,-0.21685429874601142,0.18083154981110722,0.13595189324273682,0.7081593374424182,0.12376915172965705,-0.17831799514063112,0.14636158625122614,-0.16446889713896812,0.15513416523688245,0.26762013160151754,0.3956902507158724,-0.006010528109394947,0.004427742505725233,0.21659938917879892,0.05207644922564411,0.058483046486197475,0.07676253001396899,0.09015982623438473,0.02621611059690222,0.02246447203886895,0.6629491511762124,-0.12801110278376723,0.0,-0.13599557387384442,-0.013395483386253319,-0.010363889688189578,-0.0341090094273498,-0.46369408809786666,-0.0023440064699042813,0.0,-0.0067833708996463985,-0.0039863831304772
ACC0251,-0.03419244702833678,0.017400808818133256,-0.08383094361549896,-0.026836648439301385,0.5848538417782608,-0.313265579537694,0.05944163186777786,-0.529264243528083,0.1871766888473355,0.12745858483709746,-0.2975767373221504,-0.053864210218344394,-0.05680650488290038,-0.322510851069193,0.0371940766876805,-0.10373284302149927,0.43061218103042387,0.0011498757826783675,0.07045770084652946,-0.05018540510833843,-0.026024482486685766,-0.010628794388350233,-0.09134584948977792,0.031007207851181755,-0.2138747578074743,0.1664140401818626,-0.20647224521415594,-0.2129108826694135,0.1263874239035405,0.09029262243406044,-0.10185089827787858,0.16961578467885305,0.17676431333362339,-0.08788564570542834,0.18433220910659157,-1.1893012294333036,-0.07704344212201997,-0.0028249087139106226,-0.010192538341536217,-0.019651866132774653,-1.032174264866756,-2.5717029264502065,-0.026587391088761656,0.010444559704339173,0.0,0.009067822980264685,0.0
ACC0252,0.15738443563267512,0.2121199499693636,0.057915643515093186,-0.09858924776357479,0.020112911442193904,-0.016544129068997666,-0.0274937995293848,0.3568011949156225,0.1689154679258695,0.46624926549949103,-0.09045781473434712,-0.3431316209411306,0.007965827884342606,-0.33772231600405084,0.14821007521096824,0.01788383233275745,0.015369348499761865,0.11769287463896902,-0.08645562073658569,-0.03726004428303111,-0.13496446406007712,-0.12080477704026688,-0.11321509667834478,-0.03435744291339573,0.24196550024277744,0.08910208368104222,0.3543884235359016,-0.0032568507474664277,0.0004695581374421806,0.09116971906312155,0.04076311781656004,0.0816292700145883,0.30748520403841056,-0.3469669964883961,0.11219093372060135,1.151901674335247,-0.266305210702957,0.0,-0.09787669478232139,-0.03520029142164938,0.09838159455089537,-1.6539434230006944,0.029106022998207453,-0.03185549584132897,0.0,0.0692728132970633,0.004628972966860478
ACC0253,-0.0877641235168232,0.11362966418879737,-0.04958918119487531,-0.5197569311693766,-0.008381679203661627,-0.38408103418962974,0.1165986282990975,0.4214661709837645,-0.19821477441442678,0.3542621826218007,0.4872613798068216,0.18990373516096395,0.8527603555623114,-0.033146979844492185,0.01178869206642009,0.49316401019057843,0.8181127857611099,0.10163339169733845,0.5049297114581698,0.15293526337799979,0.022043087009762503,0.14037655807982838,0.00321176012058814,0.17892246852181237,0.25693335571393144,-0.016005635307795855,-0.06735033502664314,-0.00489361813132796,0.2794340849013276,-0.14595427197661667,0.07814577097119813,0.12261519549563554,-1.2590631673741126,0.01835437840956805,-0.047480345041079064,0.5971600872760006,0.2962776987565962,-0.00021192425393969203,0.03939331331859034,0.033034408528632646,-0.01810853802588766,0.4078325595910832,0.02724143595168848,0.0011381512358481618,0.0,-0.013082105599832413,0.0
ACC0254,-0.27550683450326763,-0.012467559799544043,0.03633354442493097,0.22077600994425203,-0.24722698334480564,-0.07395606494994884,-0.09917656529278845,0.5319558082835147,0.2269754139438083,0.18674101025827694,-0.10647436480888099,0.1333136024169157,0.018887397482915843,-0.5929027902544458,-0.058087817485009074,-0.27377946222168204,0.09439138553747117,-0.002760483466011935,0.2609737503179777,0.0390730142403748,0.0330913309862513,0.19633566911084382,0.14516907947914098,-0.0016962383662223256,-0.004827616141293598,0.1770724507685368,-0.6243862963456747,0.08122378381043797,-0.0400534215389222,0.14511447655312898,-0.08375075862263849,-0.43629128474324674,0.13335979907322315,0.0497694527701041,-0.02618620072646197,1.1155439109064385,0.7448165359614014,0.0,-0.021102282853160834,-0.001523995397093287,0.00946773687441283,0.26973383807615164,0.4438895418327385,0.0,0.0,-0.013035473357079976,0.0
ACC0255,0.0010433152372315054,-0.11112051730396723,0.08348119306774557,-0.161311931320245,0.22111314283683942,-0.026180669296000266,-0.1481914432459101,0.06564681712308013,0.24102163346486088,0.17157854222538474,-0.06221496697856052,0.13055369081891635,-0.11175982100083551,-0.2566839148286354,0.008531637971410651,0.49687087749740333,-0.12706750295587976,-0.0021451008968162667,0.03873125997898578,-0.022136868260960896,-0.27236156035171316,-0.3348970412333503,-0.04766970421331636,-0.05023417878389913,-0.020295079561380457,-0.1290282088542225,-0.36366147671396365,-0.1802203998691131,-0.3702857584853707,-0.011478388929785692,0.034752369557525496,-0.4387186099348386,-0.0302619734518455,-0.026301090864426033,0.04847192828093117,-1.2780634023007467,-0.8613627953073938,0.0,0.009979377985009225,-0.0009854811225020192,-0.022998919143931467,-1.4922013356614525,-0.027986354648426574,0.0,0.0,0.059910465209189655,0.0
ACC0256,-0.1357212253691455,-0.011381422813053406,0.1765002698130372,-0.11243895169021385,-0.5313053658547302,0.04070787750009622,0.2780606741528951,-0.7709767421787427,0.03259588587496103,-0.3533712543451044,-0.062303810133650654,0.0013063529644276668,0.19297691791264432,-0.1678195436629683,0.013615304259018943,-0.15061385939501024,-0.9433497037340379,0.08934828639763,0.6303601921601727,-0.04894382534611987,-0.12262891785125474,0.10644022322627468,0.023105936580140648,-0.03912111751742284,0.2596459583357359,-0.7121596467379189,-0.06679284260431217,0.01217816459149213,-0.1413561626445511,0.10294976557894961,0.0002894545683804009,0.02076934647401847,0.3183200990556539,-0.006133856691373812,-0.17619043698354084,-0.006829791122863902,-0.35577522178655446,0.0,0.2456404201867583,-0.01428877355051823,-0.009839909968800405,0.21419400359136692,-0.4503906517876264,-0.1130962286401746,0.0,0.009787775763125438,0.004252142005842346
ACC0257,-0.12475766088924287,0.1224330905228973,-0.04525697317091211,-0.5338294729514887,0.09682125388423843,-0.014394367553133069,-0.2350354498407802,-0.17964049967846796,-0.05159910851421338,-0.16989587567007475,-0.08494152324897197,0.026916522878128003,0.04356438437381055,-0.2115008507966955,0.011117799188348569,-0.16994220768719812,-0.02886285000233645,0.06976549936008022,-0.5180333077805905,-0.04841746001716661,0.013071467915723927,0.17760522862546424,-0.006284987168826745,0.3450717159088089,-1.4755955958307803,-0.20972718504189672,-0.46000965896751206,-0.05925906970543941,0.24432133391180083,-0.43783937493952935,-0.15065973415669373,0.13470696786181546,0.17231014758223595,0.025614374268446958,0.08916960209679045,0.2167618332881312,-0.8139474382713138,-0.00021192425393969203,0.004416475694397824,-0.003540351598959021,0.12624513719893743,-1.0839012243565675,0.28087167447536365,-0.021454505098391616,0.0,-0.01444317879714451,0.0
ACC0258,-0.025997652782521287,0.16261299309857757,0.001654303755202033,-0.4417953032649304,0.3035022497239935,-0.0024009656385566803,-0.18913560513921537,-1.6759767152182132,-0.11863275953251626,0.08482363930679554,-0.08079187695881435,0.0650839912975805,0.01982739572244864,-0.026990153832426058,0.012389421298259344,-0.24238387790921315,-0.18513921246208448,0.027173661525206776,0.2167032152880414,-0.049063124229454455,-0.0009554359845628337,0.056406438351181504,-0.016605613127746208,-0.04999213377524944,-1.6890175407492602,0.09782703475648895,0.05722045023043316,-0.016834333273110964,-0.5912291411062817,-0.4570013843804257,-0.02193609112643464,0.0555326605601665,0.15476420122652293,0.044249577954627514,0.12171720514720227,0.28086643864646244,0.5812535161175808,-0.00021192425393969203,0.033139998443412366,-0.003540351598959021,0.1832951138991685,0.3677514777127501,0.0781681515336278,0.00042400304792353444,0.0,-0.014441497713115701,0.0
ACC0259,0.018549301099417343,0.17564883373786078,0.009563572753666585,0.3980567792029646,-0.0720721363658409,0.07767337265712365,-0.24363156303785677,0.16453779768448737,-0.19077575654966547,0.1724634893983218,-0.10920762247503359,0.053690228376087584,-0.32362423554124625,-0.021511161990890017,0.025029183712502102,-0.0782447293838249,0.4386017789306499,0.023331258680212668,-0.28302757604587553,0.18947379587571642,0.04832851090963095,0.04448867368155096,-0.053420755479534614,-0.08154406121827315,0.02968620888289852,-0.19163128285221218,-0.22038888582464294,0.01275708438325913,-0.2711946950008462,-1.4636306482002743,-0.15008412436210228,-0.45424359037418466,0.14098240031646272,0.031286209779553605,-0.06214220313515053,-0.705295036477132,-0.688651167882296,0.00018078912603898935,0.030271674431995847,-0.003540351598959021,-0.3733301266519318,-1.113693347508497,0.05607836200262771,0.0006527219591183617,0.0,-0.021571924830186676,0.0
ACC0260,0.15497515159904326,-0.035256308168281514,0.1415034248981502,0.32922658369218943,0.11479419687132615,0.03553763102386921,0.08653364733640011,0.506178951232889,0.4702470105383195,0.17508855606058502,-0.08076032209212947,0.15002966565569034,0.19186772720997655,-0.3591035354438307,0.010695420276033322,-0.09799670891859025,0.12837813814530913,0.01393784914852145,0.34411463078652565,0.003013354436518849,0.004524414271704752,0.07347317775002164,0.018742565344011378,-0.04347572861332849,0.0397700216285036,0.3343350919616032,-0.6374835292756987,-0.027457137144223452,-0.5532925727637795,-0.08593285393891727,0.02347863315015613,-0.09391366477032217,-0.038399188703929846,0.06539035312055796,0.01346003356405408,1.1623652271515357,0.670871927639263,0.0,-0.00709578085096573,-0.001523995397093287,0.0021816687210746474,1.2437430928280682,0.5002912119425958,0.0,0.0,0.020540078724906975,0.0
ACC0261,-0.14041648583378905,0.1902625834039932,0.0004770126612906015,0.303412450478888,0.01894588018353969,0.12256670061784247,0.041070320358451304,0.2787900461357567,-0.17038944149633234,0.17302097960672014,-0.010228183481999914,0.06214530356222737,-0.29886336891551496,0.22978707217996772,0.014638357434401913,-0.2982966418240345,-0.4135799719196201,0.06321937485780975,-0.30296183346035566,-0.03874867507129221,0.0883604532908184,0.04120833535442066,-0.0003548504220545712,-0.09279232308739228,0.046385422182103564,0.1258738194227746,0.47489478923483597,-0.004030802572516763,-0.16568216287463777,0.21966478661626515,-0.023694455918007812,-0.3886764368463666,0.17207220678282065,0.0404611555629876,-0.009591435603572306,-0.9789790042977324,-1.0316161015219767,-0.0004996596396450045,0.013733508746739271,-0.003540351598959021,0.16445495810835223,0.5010209335521526,0.03548217412253274,-0.0007305972294541392,0.0,-0.008587647680711408,0.0
ACC0262,0.1666308140924572,-0.24700212760009133,0.036743443427575295,-0.14124106251723756,-0.035585680912234144,0.062197189383626214,-0.03471698946740658,-0.1452317716185273,0.10922175601050593,-0.13019191769498872,-0.0886764335161844,-0.6485418401683373,-0.027301585979356814,-0.43000470009528835,-0.10867011119645,0.0047688738766727716,0.33995383110416894,0.04420654251791602,-0.22356763053755718,-0.08896263316117364,-0.20178008330227287,0.10451563230034273,0.17168114247924718,0.047989147084769875,0.22336328523186258,0.16808278758251974,-0.40733324639346896,0.015095814095365982,0.06983251756427539,0.16433648177800458,-0.2378103200738173,0.11942759213811513,0.229109141436474,-0.3554749662413278,-0.04511013524254722,0.9506767954800089,0.4168643437257432,0.0,0.17287329357946007,-0.030080337357925795,0.19323201992146988,-1.235640925929048,0.13157125034735814,0.0028892583540017346,0.0,-0.024165464642695707,0.004628972966860478
ACC0263,-0.2871330302733999,-0.02001048122137004,0.09774185099023107,-0.018906312212718854,-0.01240638751363245,0.104929543525076,-0.08742966145262909,0.407333975197806,0.1379341731254336,0.36314879615793944,0.033606001804317054,0.11448398467728975,-0.06949251186924074,-0.26845984067132544,-0.20862559400425754,-0.14424541659559814,0.0422580998518761,-0.013331025978737688,-0.08867518208662296,-0.007938524680738426,-0.17701017584770307,0.30481774452399857,0.03461328288957051,-0.19855543910499,0.07953158728042745,0.28548184039053565,-0.20546606850726815,-0.1587395983306305,0.14960992884974586,0.031259741608353576,-0.043371919614944604,0.13789828129181692,-0.3786285767528465,-0.14928760858289236,-0.03356671497862226,-1.3860587113279643,-0.4594310914074356,0.0,0.029414261034104754,-0.02569541984378094,0.19747666027858227,0.4209176583621909,0.10298744109075973,-0.00315774110897646,0.0,-0.024344360811168964,-0.011328063706434969
ACC0264,-0.06014205226055235,0.0630072860990734,0.1463216909989813,0.02777670346583673,-0.10825763676401928,0.3847902195917466,0.3839839878392053,0.5507470404907582,0.27723704240314695,-0.25738938887076024,-0.09319928093002071,0.1207433297326083,-0.030480658918722037,-0.4135310084493318,0.003365672491901433,-0.44491345706662294,-0.17825657116010554,-0.21360017765714334,0.25336518595190266,0.07446578725408036,0.1388469687326417,0.005871518242797887,-0.08578227310083916,0.1508632698822562,-0.19829623708547411,0.24057557188336906,-0.33730007727731337,0.008916321401841504,0.001771533110264786,-1.530738148966223,0.21994816058638894,0.09334691512985521,-0.14842264528595694,0.02984298579890281,-0.009545744213915734,0.9925180515929288,0.7359009983168648,0.0,0.009272444892842503,0.001402075765325824,-0.017630944514526452,0.4016186262068467,-0.06931375194554701,0.0,0.0,-0.0204316465076521,0.0
ACC0265,-0.034147828078078625,0.15880433505942995,0.24378451419378175,0.03471410362089069,-0.07941818750372151,-0.37051778243518735,-0.05473201110009695,0.42922843473276995,-0.1356041054981433,0.3036944993726105,0.04347162791877829,0.1370730582269431,-0.3767656058000292,0.3682576564791397,0.05751920844411511,0.223846892330895,0.7595194515254061,-0.03979336652486739,-0.14655544406899565,0.07117879817238724,0.11680967609438317,0.1445969963880051,0.09274775684339823,-0.08751314067649722,0.06492835259790902,-0.08777130214134751,-0.04405060384675907,0.17295140008308355,0.0039016572205530513,0.08840829243375818,-0.014317602752529636,0.0969962645129893,-1.3027340881141563,0.12969815720285827,-0.04755353913392292,1.3467579090311583,-0.8285932393161316,0.0,-0.01801948627316516,-0.11996070851981236,0.0377417587060029,0.2634071811882451,0.06062226227393969,0.0008171331598165264,0.0,0.032561864525663196,0.0009912503268992695
ACC0266,-0.2588259823743441,-0.0026228130981497725,0.09423797654852496,0.08361244691303334,0.059997189432505725,0.08533708883995392,-0.10441020227572925,0.09220667079955468,-0.04833372307578229,0.2967159750946387,-0.022943411470736915,0.07320440601037248,-0.3181560149664701,-0.24031969862250918,0.031094846838691487,-0.6278919638427167,-0.06442047655855404,-0.044497670879980765,-0.10128468717166679,0.05835342105853989,0.15499022530692455,0.2974665176961051,-0.14161445129389108,-0.14917524740904103,0.17018301073123973,0.21880409379744278,-0.23871775667144618,-0.06037918475003579,0.061313440079289606,0.017321949553258865,-0.17087865016602644,-0.052788590656106575,-0.43596140595013316,0.1292500789274458,0.06656804404371676,-1.2835986990859494,-0.5065818623360953,0.0,-0.04542051789194505,-0.0418485739354449,-0.4471278636872917,-0.9519056567045281,0.05320712530393156,0.0016990787761851961,0.0,-0.05425385640071943,-0.0059475019613956185
ACC0267,0.19922221446862715,0.21306036128129693,-0.09603957184195391,-0.0771981848836196,-0.11394411666095089,0.05950804423983679,-0.15086427704155142,0.2924107861493395,-0.0009514941281570394,0.0915345067704508,-0.048119615885656664,0.0331472992805756,0.06046441629035294,-0.0007578328820422824,0.013377523668542371,-0.06322600229637249,-0.24718678642926498,0.13106056763662688,0.2078832523743741,-0.05200224457828172,0.027045528966508855,0.05740854077551863,-0.004973183530952016,0.39475189792110116,0.3177067582544017,0.2119864160056066,0.4497097697054377,0.020298633401552055,-0.2651343675286536,0.6795926677654651,0.04023044482549538,0.3222735711936873,-0.11711920371971798,0.02616284323776916,-0.06609704462963673,-0.8524465606625166,-0.5074181661494616,-0.0004996596396450045,0.014099090436446993,-0.003540351598959021,0.1442838660814399,0.643118542556467,0.0014332178454919747,0.00042400304792353444,0.0,-0.0401700753187941,0.0
ACC0268,0.22967476366548123,-0.0151084359249164,-0.10502344200479655,-0.07755891491280088,0.39018411180813733,-0.07180431249780368,0.08842241439598567,0.5010831824733081,0.19185955953350395,0.10047944615233009,-0.257047251453917,-0.09795503001503901,-0.014967087743851418,-0.23823136668580888,0.02514199091681182,-0.019369596163959373,-0.22330693038818777,-0.03146043396644691,0.16205320245732494,-0.07964579070226396,0.07685482810409466,0.02208031699008594,-0.07721706294261994,0.0045364572202718145,0.08917086572363998,-0.0967773117617349,0.08717593837135104,0.20117695762586424,0.01898057967484994,0.01743501366752915,0.05561483609254305,0.13263299109051455,0.24492576727227938,-0.07641123711070927,0.02054562542624065,-0.7411484636233523,-0.22127418697424214,0.023228061740990867,0.01090415491067316,-0.01792789108641597,0.37468721500092406,-2.440087120081547,-0.007778279367740992,0.024782547379018395,0.0,-0.004344435045372369,0.0
ACC0269,0.15906823533036046,-0.4008210991467601,-0.8595783500481213,-0.1648296132551438,-0.07788866037613941,-0.003724602772249113,-0.13881692808398072,0.10396160064961533,-0.03968136241326823,0.19751652455140645,-0.12300591473875312,0.0013021668605012022,0.06322453323682763,-0.2337257269743749,-0.01357705556641871,-0.2842623628312065,-0.2020511514150269,0.05781615691631248,-0.03451053630771789,-0.07348676088793878,-0.22956050660212343,-0.768020596619107,-0.008817428688620843,-0.012851404941883969,0.04156467926334167,-0.29792037269133376,-0.1845825226458842,0.1007952472367414,0.3961911765908684,0.1993207425824273,0.1028138275455387,0.1556828009883491,0.09903913102304442,-0.05494667769181786,0.025394977207874616,-1.2662141697000928,-0.26265212542776767,0.0,0.02245029709968244,-0.017368268090937226,0.017519267714369242,-0.7868890663995463,0.0073354900230092395,0.0144990873867147,0.0,-0.01586306083948211,-0.0026086009425242505
ACC0270,0.05209570450622658,-0.08230278991750434,0.08499099907964025,-0.11516647100537003,-0.1457098559165102,0.017092484566656033,-0.1860380952815011,0.1664687758565409,0.530605017435214,0.5326600505794793,-0.04833488039931965,0.4569101637525133,-0.08024868886698604,0.002165311057573332,0.00420350919023847,-0.6257726753610778,-0.08362216180250193,0.01411465980637832,-0.14162585482527723,0.04792699963384095,-0.05189336608651232,-0.2672458988716571,-0.24458385462552326,-0.07434002622480929,0.08647247791635153,0.41633092827734935,-0.2516336751644021,-0.04164608947871435,1.3683549700500297,0.020112108753526512,-0.016777018040935086,0.6195588883543076,0.04216140703818507,0.00012849476077895008,-0.02080191399475427,-0.654171522880995,-0.5620551100058153,0.0,0.02849703783704617,-0.0019750177228744182,-0.0241463278858323,-0.7382143350206744,-0.0730572906469883,0.0,0.0,0.060409110617164134,0.0
ACC0271,0.018163088345636257,-0.05313975061771133,0.00812783573860462,-0.1632165686261765,0.1936793228376286,0.08215514749613864,-0.06984580329453992,0.3125523505145547,0.41271191199105817,-0.4146086177892463,-0.05954292562037882,-1.1575365612447592,0.1770655462640951,0.14289095305939767,0.013030651854569246,0.010675389618419684,-0.10320645125126812,0.0077290085305490985,0.24286704149671742,-0.03113634796312216,-0.21864183468749532,0.02576293299272796,-0.22633302590443188,0.03907289249719409,0.08323506922591727,0.20718184361759234,0.12272216998162953,-0.15766130189224306,1.2749228200674565,-0.01224718518403261,-0.07017586827024064,0.10035967505193934,0.04539018894077124,-0.07405413540501628,0.03904106349911965,-0.8879235352424542,-0.5062449849243801,0.0,0.05223918705582687,-0.0019750177228744182,0.009037266385701584,0.8778126996237877,-0.11395872866774363,0.0,0.0,-0.02339980910958066,0.0
ACC0272,-0.05428426177964295,0.05055849779799651,0.060270795197155905,0.07581205819048074,-0.2890166774187659,-0.06219593524293944,-0.07597747010450892,0.23007807931679028,-0.4284187126070493,0.2154709330522829,-0.044103075356820585,0.08233528217249171,-0.2142872564881905,0.07621373832036667,0.020568648283967556,-0.5583494248564141,-0.06480635059600016,-0.007577188757277012,0.17207293747823652,-0.021859367235543194,0.10762374058776956,-0.09390581470764706,0.12679740102669793,0.10989084909106207,0.4162259073091331,-0.07491355184966321,0.24187726968162593,-0.0093688439344687,-0.20791076643931253,0.2511283589710127,-0.05584339866647619,-0.4178425074454187,0.06486158257808988,0.013928603540655334,-0.02698685287894718,-1.4319820424401954,-1.0478188426083153,0.0,0.01035902906602128,-0.004199193867410226,-0.04129107997419118,-1.607408479595449,-0.034465213602740984,0.0,0.0,-0.02663119944220512,0.0
ACC0273,0.14831270812387873,-0.13500722273310473,0.18150793320431513,-0.2140244756919325,-0.08188943680492314,0.014656639549799476,-0.08508890881970459,0.12929778947414466,-0.029610238623807895,0.3546653522270389,-0.1324781336740715,4.31403370153606e-05,0.2183481786787272,-0.2953450174448943,0.029234566542259772,-0.21764442756198074,-0.08673834491591947,0.09523150781411398,-0.20191128716261308,-0.06976405565310592,-0.03827844095178782,0.1490123588751791,-0.04536671913524832,-0.06051317300756291,-1.2654769170529596,0.039673311666609125,0.252582008229003,-0.06403269131015338,0.4392409007135187,0.04544925027241666,0.02855767146180504,-0.05995727832051309,-0.053478821588659096,-0.04572340891645019,0.03605298190362775,-0.8017475934783501,0.30583043280874467,0.0,-0.014323032357132809,-0.01344427981058887,-0.00925174435408794,0.3616922150037533,-0.2310587158030312,0.013918487350523555,0.0,-0.023983920742254312,-0.0011389666087077712
ACC0274,-0.275322521877681,0.1387270142003491,0.13415759772387387,0.0859803773604306,-0.03361942543224611,-0.0053452499519741105,-0.027623606316968113,0.3048079874180183,0.16174521324497085,0.5234660592757704,-0.0802739366287892,-0.6749241595076816,-0.37226753913246635,-0.3256087420979666,0.16473780206382374,-0.1666009975154009,0.06915466247057012,0.11043450414480771,0.16889697410773005,-0.02482993388231875,-0.19400739526616362,0.21107202179749943,-0.04204957595606103,-0.06645913434153418,0.2208058161728419,0.21753832104538226,0.42568258900811795,-0.057317561066373465,0.1991972058471983,0.05583553712423593,-0.09951138075440717,0.06717688296966125,0.31521921636994416,0.08491761368016758,-0.030266449463625483,0.8488839044890798,0.30180169328981704,0.0,0.005110174872165604,-0.03311974326317831,0.10615562645017272,0.22343126601209104,0.09422423681315378,0.005618753668603274,0.0,0.08471282007698973,0.004628972966860478
ACC0275,0.09211352447053775,-0.262674720510763,0.03740130372968836,-0.0862986636813181,0.09754613120275313,0.07562803938248129,-0.10014428152557382,0.4517550660574259,0.13753723101876375,0.30419131570131497,0.056537814403635915,-0.4784244775428087,-0.3649040614377566,0.2292657388471836,0.0019581948524815653,0.28626837877436184,-0.046315086842043635,0.041949038970604105,-0.07196510492588323,-0.14863819005764833,-0.08204119814723687,0.3642717156484962,-0.03472760235437866,0.05254154662306159,0.5251042706235555,0.14132571057034163,0.2937610011267791,-0.005183264932648341,0.572934199595399,0.024494232780488432,0.013238695548685724,0.14814723791855536,0.27555653456267426,-0.18871973599814915,0.040771852133367155,-1.5307564278104,-0.2724768711874266,0.0,0.0687550623309393,-0.050337399609595906,0.17966684854573411,0.22207443570411084,-0.3558616866436155,0.0008171331598165264,0.0,-0.06510796205164386,0.004628972966860478
ACC0276,0.08764234878221659,-0.042971124526100565,-0.0007477515741301201,0.4595000161504091,-0.12895580658224995,-0.01777900290526396,-0.039346994060709496,0.06889794374741569,0.4228598519294991,0.19329842579153178,-0.015749379616249636,0.15295442878329776,0.06271377156009054,0.08613652303595823,0.01464607779432068,-0.1027456786517732,-0.3458554775607447,-0.008861982700652023,0.03513186988727686,-0.03611249098462217,-0.03633075090552992,0.3140606856321643,-0.026791246660200205,0.04014330039639858,-0.06852272340242034,-0.5960109608186566,0.6017765316916697,0.029956887058302427,-0.0030878246197006444,0.08742584512512952,-0.12707108200395806,0.1117939259517987,0.052902635680579,0.10611705088773711,-0.030443522973352607,0.8065394763357928,0.5552569698842493,0.0,-0.06938825956302389,-0.001523995397093287,-0.007719296394249732,0.7977363160728299,-0.17640201324714508,0.0,0.0,0.022337742743067747,0.0
ACC0277,0.07434714394751232,0.0537350490402312,0.1143163472449653,0.1000661598272881,-0.019358532202750287,0.07920235941490238,-0.08005788765303823,0.5100051612451808,-0.08746204313138682,0.24660269232657042,-0.06238020409691775,0.07439327242549927,-0.34840313229536246,-0.13683734331578137,0.08181580760442304,-0.6327230302375705,-0.173772015709762,-0.0734190389703177,-0.11005558287835511,0.02518000018646866,0.15757394903154823,-0.6522031731717415,0.010459954643566305,0.37911243103683434,-1.2088560692651493,-0.38208417670885475,0.1516206334151575,0.12349126467507862,-0.20336970930721446,-0.01613776897686162,0.10732956236719211,0.15842615516298153,0.24774033956583424,0.06039629676852749,-0.04162322557111382,-1.7016461985075657,-0.15958218493113252,0.0,-0.05618214343890343,-0.043984826794048956,-0.47970668636752084,-0.5710903537094207,0.0575999558229739,0.005618753668603274,0.0,-0.05581456878175627,-0.0059475019613956185
ACC0278,0.18051331080548752,-0.10819756259093329,0.17397578576600398,0.3810814386190438,-0.17425991351540424,0.048347957107666754,0.2930535102408493,0.46949373514997883,0.23070056611500697,0.35926910553243113,0.4408829695289271,0.15737509419146373,0.21039534923012476,1.5078337175964258,0.0067565557964254265,0.24718454445136662,0.3173053586605086,0.019135180749487574,-0.12504224006181924,0.011582720940491674,-0.00032050726119838696,0.2853090469816231,0.5666410138902649,0.051878951387946175,0.8703548399176594,0.028020573572809668,0.1802114109690715,0.0628186641838688,-0.06058485929423638,0.0898462652097064,-0.1712078182334079,0.10501235000778009,-0.20083511858327446,0.059147598435294095,-0.015160775816237895,0.8251300164430198,0.43839421034609627,0.0,-0.09628317482932439,0.003804865293967785,0.04372442420208713,0.48781708510004557,0.41946716648924665,0.0,0.0,-0.019517268914174435,0.0
ACC0279,0.01360155671962092,0.13533110399299325,0.038793338057446856,0.9174868740453512,-0.04697456944101666,-0.003246295754861948,-0.13016015630253389,0.10831626545760392,0.02465727096124452,0.020778830690228078,-0.10921659484196722,-0.21801984672617758,-0.030800515292372196,-0.18202805898015387,-0.04811330683781371,-0.18291714872086706,0.08500660800264964,-0.6263819049525016,-0.14381802988707404,-0.058933382818117344,0.02258483018597475,-0.2640250568892501,0.03154134333855711,-0.041022060814723614,0.26329844259503854,-0.19129765529261614,-0.263331401232977,0.0026223724667923114,0.3117848219363786,0.17404195782464862,-0.22741857361686493,0.11203525358296454,0.16330056331189705,0.12384373948668277,-0.07991634318914095,0.45633278998092414,-0.2172923644997234,-0.0004895747964695479,0.08614472469246624,-0.003540351598959021,0.16606863786744253,-0.9597257234468124,0.21020880778266166,-0.03496011357072037,0.0,-0.013939900869783847,0.0
ACC0280,0.197403152712975,0.17503643677670155,0.16616759124571787,0.10806274818089114,-0.07305489505374528,0.01527867689000858,0.05165108843871134,0.011090871276505914,-0.0165254785444298,-0.8251226721271938,-0.17457005112818022,0.0137653160944467,-0.0769562802372526,-0.3030681274921688,0.005985456365610709,-0.10850525840127011,0.09040293762089743,0.12709319798148286,0.018569279033935883,0.07724781221668314,0.08900159952655708,0.04403754768736617,-0.2289900424226683,-0.055423876740284,0.028376407366826326,-0.1507358612694966,-0.8983890663530114,0.027016503660370454,0.06042471527529074,0.063773146501146,-0.06545334727929629,0.10784997630478643,-0.035297478864682194,-0.03784846323847909,0.011579305097400417,0.8123250419880282,0.03844790306553032,0.0,-0.053354699327687084,-0.03803873527333764,-0.010772945849442215,-1.0118073077826135,-0.3173134323263281,-0.11254407178622784,0.0,-0.005477860759521468,-0.0039863831304772
ACC0281,0.2537997097267107,-0.3674589109191033,0.1682330891365189,0.050036911197924486,-0.2694916237172975,0.015092361952763308,-0.1490544841374211,0.07574571261616436,-0.014323717557330208,-0.017954947834759,-0.07026439941756743,0.010562235499398297,0.17098964750797851,-0.23703267595475963,-0.01438258479451734,-0.27474290250359323,-0.1330676727321985,0.06587256268573322,0.20085171407299923,-0.033608550023266646,0.02872679818735546,0.15298355236369124,-0.1385965047114902,-0.035048593176902086,0.07473675680981158,0.3037163197087467,0.0017128887008563119,0.03404264499288377,-0.4192410033078264,0.0373828234721962,-0.06013431637705911,-0.2008183912148109,0.023101049067169616,-0.020116465627873698,-0.07678094460124286,-1.3344603339482386,-0.5630383208780771,0.0,-0.13036920735477067,-0.020205541011110863,-0.0091417082999356,-1.1408479338546158,-0.018949555139900088,0.011174700746261295,0.0,-0.011665207163534745,-0.0026086009425242505
ACC0282,-0.096249958403399,0.1854893084673347,0.009963938767735854,-0.16258581984606335,-0.40572505804768383,0.002982157810585369,-0.18681624403217362,0.06172534655046902,-0.006817719887724961,0.1954085110462996,-0.038313262846125844,-0.08032160289213283,0.065056339587198,0.004893611338635913,-0.004170407319213241,-0.13381545446851323,0.19112875124921583,0.07000532186816213,-0.2988921253255532,0.30663045888926665,0.10152779040595994,-0.0026246215266590546,-0.02766315740504679,-0.058836778022624006,-0.021066462816452827,-0.10133831572914906,-0.3383620483547801,0.11287775420990648,-0.19913228738947822,-1.2719290078141017,0.0014863981828038626,0.1880869590264719,0.15926587972708892,0.03556573662460636,-0.1660742940629748,-0.8081782761646409,-0.31407077874724154,-0.0004996596396450045,-0.012336838587092794,-0.003540351598959021,0.18691843566107796,0.5416257500488728,0.05152205169438126,0.0006527219591183617,0.0,0.03659905404641649,0.0
ACC0283,0.013089738348592526,-0.14081107941870677,0.05835475041233373,-0.05560811576798344,-0.5011973233510574,-0.05477051957128911,-0.11426558127652205,0.7439087009499361,0.0877994079238166,0.1264832194362477,-0.16579076101443405,-0.062136896730271514,-0.24139917150937493,-0.3119810651861951,0.042176822575438866,-0.6490238076243209,-0.058650776013520506,0.014015521799314156,0.07744855826875542,-0.0963486766900134,-0.0064744165726795325,-0.0009477206581240823,0.24373127149113014,0.06912423124299225,-0.4286750690037555,0.20757023099197855,-0.34093523527301517,0.17268144140528338,0.03423985618916323,0.14319140448479967,0.13602944528546004,0.21109933277555396,0.2009427977997085,0.038946624701367984,-0.06588514429429375,1.119140838610024,0.16462119222839214,0.0016584674281367173,-0.027181259518459306,-0.026274130560316303,0.33353867691679184,1.0987788616887086,-0.03570233945415395,0.005970785057175163,0.0,0.036434174810817614,0.0
ACC0284,-0.14437172641092666,-0.003499509798983677,0.23421351571791527,-0.04782734098930863,-0.13164063230549944,0.02327760450382404,-0.06842760977153678,-0.00621279392911612,0.09834178984076132,-0.46429814916960493,-0.0524869990586648,0.030557996212992614,0.22197333627282156,-0.14289111289974876,-0.051729224532418495,-0.27721062996006113,-0.06951793527094273,0.49574065487137925,-0.4761650657233045,-0.032686924081412085,-0.10831237689070093,0.07149861762242582,-0.04741191441455505,-0.03692454833669257,0.20099485253972277,0.05841027752130964,-0.09138359258305796,0.016572711790635093,-0.07723472111796252,0.054534876777277676,-0.0158405404822283,-0.004824155247530968,0.05061861114510838,0.014034284215800616,-0.08324812026432858,-0.9389670066905071,0.36516427634356213,0.0,-0.10767732857295968,-0.012201484582621264,-0.008932355528389668,1.074063282612948,-0.4124975062053523,0.006831484757995138,0.0,0.011986419738342318,0.0012148977159549559
ACC0285,-0.20654768868098705,0.05638906670175993,0.26798148932904997,0.09624797825591476,0.18380391869762552,0.05724548818186206,-0.0309477339121442,0.3034997799226825,-0.09680499786920237,0.11302453122069799,-0.11107231558490457,0.15480025503827924,-0.026227557460600272,-0.2789021405140956,-0.44001499531027993,0.23557718497489127,0.0051699604090054705,-0.1060739063378052,-0.02333944034592869,-0.023067089162078263,0.3676359542540194,-0.07320044935431855,-0.10010391062775052,-0.12937619497920935,0.15029948176892052,0.20456805184698024,0.4674004950826756,0.09154579504054089,0.007187404582110023,0.006065549221464676,0.03091037890865521,0.10513930802539526,0.18295972627861232,0.08426789148740227,0.1323989990405936,1.554303501303025,0.6245598083847554,0.0,0.08880818407592307,-0.03339220657130753,0.17353441391008786,0.16170168485370714,0.0816066528686696,0.0005946255278889985,0.0,-0.025303984183814122,-0.009514417300359988
ACC0286,-0.005717813152544891,0.2038697536917497,0.008979630284951703,-0.17467504366726033,0.2125170706485327,-0.006738680006644478,-0.20177695427460746,0.055376034774012754,0.19247522439976414,-0.6052894665279442,-0.015261758681838851,-0.12168908417956953,0.2286287181986078,-0.1832241526733161,-0.040433417902386644,-0.2621583960863655,0.7510536119691876,0.04383729051706007,-0.12539481871965025,-0.04846374899797541,-0.12282250214801141,0.03620196738330927,0.06067902473991994,-0.10438348822967025,0.3064058161117906,0.1515324005612934,0.34478422987651175,0.023902946363895273,1.095147850120664,0.17951070330180732,0.19170040201797747,-0.414739480268666,-0.43008892166249135,0.019248314320819512,0.09707021237012936,-0.27991446083797294,-0.40944591587900747,-0.0007279513194674318,0.011376986022776868,0.002865998913443015,-0.332069693303763,-0.9992821194706359,0.012092976172609182,0.0034161264077039125,0.0,0.1819773263065778,0.0
ACC0287,-0.25215990846452785,0.027852580010317,-0.5504351649520582,-0.10161803344218087,0.014723688577534503,0.0391244214703369,-0.09794558590038722,0.1771890224135321,0.019967754315954135,-0.642143762920405,-0.13148011352241037,-0.002949640975102614,0.18847136057771685,-0.2662055138205724,0.01810747769722352,-0.16646167590736458,0.08978062896239025,0.3164574847441382,0.008031135331435168,-0.039462076449498416,-0.08119951145284122,0.1044181477231408,0.19231313474737755,-0.016174646263920726,-1.1652560124148927,0.08305051105014526,0.05448573852597774,0.11310685053191498,-0.16572498826689375,0.16432363391241042,0.02062208736393429,0.14163183629896695,0.2763606954535972,0.03351522510208524,0.031238471435611422,0.9471978991567713,-0.3968246728187199,0.0,0.1476733485272798,-0.02263323414338067,-0.010235630490484399,0.5213605458906916,-0.21351830592282986,0.01875523502991013,0.0,0.011739175916383892,0.0027825076720258664
ACC0288,0.030095824463778877,-0.06565056011646102,-0.03880044138380159,0.09462850552682303,0.2961511619009524,0.017929946633938144,-0.1552613681170055,-0.8690492433129922,0.4237991660018153,0.45925638997381246,-0.04842664002423721,0.14193203622885028,-0.05789936413975373,-0.24031214332383746,0.014015904669767843,-0.39930772605661985,0.4108463114390137,0.006025020592366938,0.2791174630483342,0.08264389977095575,-0.21868735561028857,0.04302711723176064,-0.2424083473734279,0.0486364486346044,-0.04030411984138656,-0.4560208099814045,-0.2651113586201894,-0.13096214589837288,-0.3489842057029891,0.2130167643865209,0.018951575948235586,0.6059826776843804,0.04393051216960357,0.006455926229323662,0.04373920893718736,-0.9259015314536423,-0.30564863457428665,0.0,0.02143047714848472,-0.0009854811225020192,-0.019934650419925908,-0.6432562641409715,-0.03375301416305783,0.0,0.0,0.05836033892410967,0.0
ACC0289,-0.2494266481713682,0.00677522081991233,0.1654426086884159,0.16179233414011876,0.04134281987565996,0.03299355989418743,-0.0701601368099802,0.28840334309796034,-0.00129435241049926,0.3420157527547454,-0.008604613975471395,0.01836563424195259,-0.12000782460573262,-0.006470997540045258,0.001793127701623287,-0.04652883612441448,0.18783073401615716,0.07508569964271687,-0.2598809274807791,0.12784515602839952,-0.037963520872100476,0.14552574717140143,0.27270387446827465,0.005237450611778998,0.41052903638310484,0.0573520498470783,-0.010023065756969868,0.09895369314057827,-0.04468684988876083,0.06807661979434075,-0.0009160995909415813,0.08787563131557304,-0.06985841651185752,0.011758990430321248,-0.02131774639854763,1.0640231800973499,0.43442247036711595,0.0,0.2976445501565226,-0.10342111269626364,-0.033596568093352375,0.5114067426505006,-0.40292343367711564,-0.004450354324561014,0.0,0.009576116467748681,0.0012148977159549559
ACC0290,-0.03401622428252905,-0.1441672502809461,-0.08718636439175542,0.10670139427699506,-0.10174066633611396,0.02821055549842904,-0.06702533009479904,0.2357664998191901,0.2849776972737355,0.2188873321060122,-0.04695018894076792,-1.444992860902541,-0.15621587383810437,-0.3383635086646139,0.03391244996822336,-0.5594910091208066,0.026206229439866238,-0.09752889018957908,-0.369881361549644,-0.03070416680375411,-0.15701638850130617,-0.16244265223940937,-0.2844634240557702,0.23888156890250029,0.002554270588521499,-0.19746890293686303,0.48348198123882835,-0.04633019414359744,-0.3307257426837824,0.20513438818325486,0.0040970032736812115,-0.42843536818195244,0.062482131353603455,0.01645835367626103,-0.0042410846697670925,-1.3160632060361463,-0.7973885927529231,0.0,0.033038343426372234,-0.0009854811225020192,-0.04845413480789308,-1.5373683313236692,-0.04350148492235666,0.0,0.0,-0.035275828728628,0.0
ACC0291,0.12590165999071531,-0.40442383806492216,0.11934145675728361,0.2066707045753934,0.43599168651659126,0.039446857064453666,0.5379400264522013,0.037979571048056986,-0.0008561186371378117,0.1870045994539639,-0.049971199482283256,0.009465652241921694,-0.1457154332393351,-0.09787091428896891,-0.022101620103853605,-0.12122682136812153,0.03515328483601595,0.010855540964791882,-0.027424620277071248,0.05626304340559362,-0.19514201598934824,0.07776751804776821,-0.1824449750990482,-0.030875204123554514,-0.47600475946970083,0.07207689816193182,0.6438880142814509,0.030647699117695836,0.41823046560235655,0.028806217875320093,0.1100314200764992,0.15457544413411656,-0.11016341884378207,0.04079731456280045,0.06886627958144001,0.642419263307241,-0.23516540089759608,0.0,0.27918315464979926,-0.03066841255890987,-0.009834745870027639,-0.869119892747217,0.19366917983890458,-0.09636813465034644,0.0,-0.016606436515656332,-0.0011389666087077712
ACC0292,-0.003312434840382637,-0.008113218328206188,0.09416988276196125,-0.10656157782672274,0.052719966606021094,0.0228909543036167,-0.022512370861705697,-0.17054169520345394,-0.08234063678343279,0.27011821972898886,0.02623377469078451,0.15360743134755125,-0.3352139124648708,0.4063589687741171,0.03048256640246738,0.17757938217752853,0.14108191534051326,-0.07098014215642987,-0.14045653953252962,0.013921599293437033,0.09259866335846823,-0.39048397635253795,0.0009792081174255156,-0.10673624819445504,0.12853674296694498,0.18210581356695302,-0.5237503060134325,0.194478274926695,-0.4299887693285596,0.09987439154667663,-0.11370611237239181,0.11955545739618718,0.49816595820139165,-0.3496397484330298,0.04932046147492444,1.132109957460718,-0.1917135493506062,0.0,-0.013382676866569042,-0.06093890833329572,0.15848311947497484,0.43879055322627114,0.05594817990376238,0.0005102057593862056,0.0,-0.024735133775811245,-0.009514417300359988
ACC0293,0.02497193295782371,0.15346915060262084,-0.1357382275355179,0.48378212194801584,-0.40081357587818345,-0.33166389822010184,0.1092149054530575,0.4009356346700295,-0.08490180231533515,0.19060058909112684,0.427488809036314,0.12482038874365417,-0.34321502185198355,-0.034981682986160154,0.053436064437456465,-0.3471429916391891,0.39482642019037856,0.09650385725222749,-0.4966027056630963,0.13730493428824167,0.053329319231564025,0.008959068040506082,0.09082073657974805,-0.2817672774099948,0.11228994891995188,-0.26841979175619524,0.3630036097873422,-0.036293483840205296,-0.13400312246052218,-1.2313820776795612,0.015861902178021837,0.08038144361043972,-1.2424192808189276,0.3122026942092427,-0.07836264364032004,-0.9659475767938959,0.567748311911901,-0.00021192425393969203,-0.1487572944868119,-0.003540351598959021,0.07844571468139498,0.42763977262607444,0.011513066768598458,0.0006527219591183617,0.0,-0.008344675716450914,0.0
ACC0294,-0.004822265995160096,-0.046064537452960796,0.02472352465977662,0.011803994079971323,-0.4080191802406771,-0.04020363359661116,-0.06505156537243335,0.2561904714154846,0.14759011515705192,0.08284356962136398,-0.23909245221834827,-0.8065275110826942,0.0029623330656686243,-0.5678448511753761,0.04138551605365072,0.006495548339218766,0.059802659937640223,-0.01415552146393463,0.26103557798806964,0.03921611947688312,0.08279081313897764,-0.03930519581961336,0.17178347367900865,0.03488536932731277,0.07161219730350504,-0.052710566946272845,0.20104700700669173,0.13349983520067446,-0.09969923538992537,0.10756730311214267,-0.024785724019893804,0.22669131291900904,0.1458060558982824,0.07066387172850473,-0.050039859420513935,-1.8272789375987901,0.2798036079199708,0.0036096055788857966,-0.05237235410584167,0.06358533438853721,-0.823991605672675,1.336795891824508,-0.03371859416606074,0.0014257157314876028,0.0,-0.005525347303232342,0.0
ACC0295,0.2741760021606637,-0.23957257468230878,-4.900663964374052e-06,0.10725815323903035,0.23238706069712176,-0.006852008817974987,-0.2217693859076723,0.2463777007304485,-0.03330030303288787,0.09686140347189348,-0.0023321225178614268,0.22618455931522768,0.23487023023586048,-0.16872879708631933,0.05272862090801407,-0.3200108732890118,-0.2573447601178844,0.08591106237402406,-0.1632990370162047,-0.03680137811508426,-0.025712267494463936,-0.175067836598186,0.029671183588658372,0.36696330672060407,-0.07354809248635587,0.0988296375449352,0.15098395280865937,-0.08584420361515512,-0.14329370868393537,0.2037306896833924,0.1888048045772915,-0.16191799638139548,0.1025839519677554,0.03187087046542003,0.07174866231689819,-0.6561118275382913,-0.6696864649045193,0.0003223610578354857,0.022227372675628663,-0.003540351598959021,-0.3611692326252816,-1.0548273723187016,0.0334706903614344,0.004143315607944163,0.0,-0.026787081349847676,0.0
ACC0296,-0.22403849915442306,-0.07687718882837555,0.3077912893681447,-0.14153369474195107,0.3533972677833995,-0.12926964806696636,-0.02909579420105463,-0.05987106330862668,-0.07358140691254011,0.0982050706402946,-0.2592130399870341,0.00019071184890322667,0.10945790901302968,-0.2433315497418642,-0.03538361710105028,-0.010782142544157542,0.14768918972745537,-0.005130292223725932,0.1439487182741813,-0.048126833807245945,0.02448292179429794,-0.0053152674605740965,-0.059014155259755334,-0.05056756680877784,-0.30953126837925116,0.04995330401037311,0.21768316256015888,0.42598957133466336,-0.0681506691861594,0.0038608092600109067,0.07748871350150097,-0.29385017152933735,0.17783908953071365,-0.15665575457545144,0.09055645197300764,-1.4971598924752259,-0.20007887719954784,0.0036096055788857966,0.012310910384753605,-0.04603087054983117,0.33599686456484357,-2.363664665982267,-0.0819666597733944,0.027427802037676287,0.0,-0.008444679045805389,0.0
ACC0297,-0.15474012668305107,0.06137499767531703,-0.10274454427360612,0.33306442676176895,-0.23383721219830284,-0.352047001267632,0.03382932371196536,0.34813798929538764,-0.2689787532163792,0.191115091939133,-0.08218197442583942,0.12547429690576187,-0.29123785311189504,-0.058319998593163176,0.013730698558659429,0.5335343556102652,0.22378604007465377,0.1736447253511129,-0.2972512163854315,0.12001576205679505,0.05404891986976097,0.07044080310883963,0.007127497078095187,-0.20725116167752317,0.0820179640330599,-0.21680591487527637,0.8226786574086364,0.02447969060178087,-0.31367031374561993,0.1322944930316836,-0.05790120586905055,-0.3229949510735051,-1.0367823635479874,0.010825734524974567,-0.05046170362406631,-0.845930800645348,-0.7898793393547124,0.0003223610578354857,0.018929398250227637,-0.003540351598959021,-0.17443991151886054,-0.671215501652483,0.019316789004054202,0.0011381512358481618,0.0,-0.012110226794470502,0.0
ACC0298,0.19658073252837105,-0.37700059271400715,0.3014519378313324,-0.23698500226219704,-0.435342711380797,0.012343087185253832,-0.15439445515782962,0.020354332001541686,-0.03155466429489409,0.0056405242031988614,-0.1846190211950131,-0.0009881474691015642,0.12496934851733367,-0.5138119971423104,0.010836481637003202,-0.20964924336364082,0.06114065341914209,0.09867778636935291,0.037662314971332496,-0.03834740015241236,-0.005206620686830633,0.07339478494121228,0.1617528258398206,-0.09292719081157427,0.15548224440229502,-0.5176233543419081,-0.9255729882695463,0.00992907498642868,-0.10515922040875883,0.2832279008107881,-0.11495650953277366,-0.24058286177671417,-0.24309479683095703,-0.05491230560483147,-0.1512505651596392,0.5372880603800402,-0.029650374744763345,0.0,-0.021208907913678004,-0.019905771597245006,-0.009190103932911798,-0.5884736862343527,0.08665339006583553,0.0402992585439607,0.0,-0.0101292349971107,-0.0011389666087077712
ACC0299,-0.17052729992248303,-0.040465648329303085,0.08420045618301486,0.17469609364687388,0.07486871090590264,-0.09159064977634741,0.4470064054103658,-1.6225392834069903,-0.013414603371084875,0.2611040870812521,-0.02904211885373873,0.11829898096513078,0.010186429566920018,-0.23678995916513534,0.05691856147026875,0.11811906839511903,-0.8757871722762948,0.34198919616134293,-0.24097321243088007,-0.09956183316375486,-0.2501931757455186,-0.13487919532816303,0.29294499647217714,0.5160736052297558,0.23078831479208814,-0.8565258570284895,-0.41973057416581105,0.013431632640636628,-0.07003303458490437,0.05087289274007655,-0.00013026291242748504,0.01914185410212848,0.25730287287954134,-0.09740396786010161,0.05161087126786964,0.5186499937510234,-0.323624938749422,0.0,0.05896168240781688,0.022354423429848284,0.14540463161401193,0.30744072064121764,-0.14463116869863402,-0.010093152142787516,0.0,-0.023904181385806127,-0.0059475019613956185
ACC0300,-0.052357492524423205,0.14999828931366682,0.05108656540014097,-0.22758455291593044,0.45951697262868163,-0.017701688682212453,0.2880490820161525,0.2021479802766069,0.08362735057648937,0.09848165801793429,-0.06727176166780384,0.017002342218458436,-0.527110633503,-0.24628460053719456,-0.10929290250853274,0.08782621178274902,0.03347589693427263,0.35803000948934,0.40774604592325076,-0.033207665801499094,-0.05796501504455045,0.06964952871112684,-0.2655024075875524,0.5654120962126314,-1.1449491591420566,0.1445562363550885,-0.07808858677040832,-0.0006014814844054198,-0.04162974421718581,0.10732686737171962,0.009044340173603234,-0.04996020405267106,0.20520601604390476,-0.042309775447340325,0.0759207964764757,0.748482537954852,0.4101358439901253,0.0,-0.10879790531165791,-0.03948744114374539,-0.02597168571090384,0.48244908935224956,-0.1471453774850305,0.01938555895064813,0.0,-0.0048132731471854035,0.0012148977159549559
ACC0301,0.3377373659619063,-0.030605058651358968,0.3591218614008762,0.01038151514809484,-0.11328015561065122,0.22601934534068066,0.06168750942854416,-1.716611070408487,-0.04755181954724583,-0.36547372588200233,0.0073992131775388065,0.18725412958738946,0.011495509714987731,-0.28811401002743203,-0.11991406060418465,-0.08374730771084958,-0.33378364085503587,0.09845720602269212,-0.28881313211071036,-0.06515745024117585,0.14459499854907942,-0.014660140742632157,-0.025795622628128307,-0.08359376041400164,-0.05277285432668982,-0.7587129050745939,-0.5233207283288439,0.18959084981324043,-0.0727601860865719,0.08067609411913788,-0.05095809075581491,0.3039989789852415,0.1420247703729693,-0.06982535347360937,-0.035008518939555866,-0.38147963678399655,-0.13101532137591346,0.0016584674281367173,0.011172904365798724,0.0419989971731456,0.2691699575332588,1.2263037305724391,-0.06963557913493935,-0.059864189692195556,0.0,-0.013165665547952505,0.0
ACC0302,0.2360285299872263,0.1190118257821928,0.02831866343050859,0.056880790596707934,0.13050331886058095,0.007754931672826771,-0.05722242060129485,-1.7033838754562802,0.07805191490012517,-1.4258953288623795,-0.10235146746959609,-0.6791469422036235,-0.09823660906786306,-0.5171317559045098,0.16470639137473975,0.07016026656893906,0.31224368628776994,0.0823152350954494,-0.12319957715193693,-0.07367016360083421,-0.13489614543617978,0.5688328742826408,0.1790410933247254,-0.12584125069157975,0.18987078883869152,0.18410999364021358,-0.35604849510220393,0.11894012240076925,0.06424762133912948,0.10546970676107548,-0.022055303050345285,0.09269255694701664,-0.033203996530821504,0.057596565074532216,0.06786848740583998,0.9012614987488254,-0.22924626201811993,0.0,-0.06774174616270001,-0.016494438011206494,0.08385345342127401,0.3371267881666893,0.06828061792823814,0.005488541609264555,0.0,0.048027320271571756,0.0018459206846622206
ACC0303,0.103066233482066,0.033833681081834766,-0.6404404602016971,0.14634593582362637,-0.011765031458386487,-0.14886752976562254,-0.012980990345915116,0.43968977556619004,-0.09959751916127048,0.24190423760088126,0.14821010738400017,0.22044849941159794,-0.4944163495446762,1.106499561312118,-0.2731949692975955,0.33900203169695875,0.8116832424851465,0.03194707644188721,0.07828803375336417,0.09730291159785678,0.14196412577856216,0.15841595034236913,0.07151177444270912,0.16538358365461048,0.35190373945556674,0.06053022058062571,-0.08516203853220973,0.11461434821623621,-0.3108380198651381,0.2694565098353762,-0.23667544647228972,0.07926592549916546,-1.1621089537413232,0.20346299424775982,-0.014402419762782859,1.0316653429942602,0.29338634966405586,0.0,-0.08952603064608294,0.31116566871494516,0.052179177502619134,0.4335260248560251,-0.004996853956949011,-0.0002815472811625063,0.0,-0.021598328574814852,-0.0059475019613956185
ACC0304,-0.05460000591895125,-0.031042747606737784,-0.4677456978369739,0.2948291266399926,-0.1120942949852014,-0.06820764790145341,0.3576663669660806,0.3087077930145585,-0.4030183141040458,0.22500892977536474,-0.03998751342520708,0.14636378251124407,0.7916303787091967,1.328052574358753,-0.03935415399767161,1.2627582410361422,0.4034758499424377,0.20766122726173164,0.2387805380730704,0.040198384251019695,0.07591073783855501,0.1837299067031039,0.6174805231797224,0.12292967278592608,0.09481126038933926,0.11108987403298791,-0.06578134918246789,-0.0065976480162808085,0.36415105795513075,0.2588988765508664,-0.0685940140147995,0.14459111731162347,-0.1795490288676192,0.05534132178656878,-0.015460362031600847,0.7949366526583425,0.520744358579608,0.0,-0.125595078228752,0.014242506030759158,0.012757309967274331,0.4413095963223372,-0.08560991705707496,0.0,0.0,-0.02560884500318617,0.0
ACC0305,0.12372530485315977,-7.0264532198321e-05,0.1737524408772584,-0.02866682404047292,-0.21577215539077316,0.10195288606942493,-0.07879392672164161,-0.9118534612002233,-0.19813313292983173,0.05348481461606434,-0.2807899899934614,0.12718454199145557,-0.06802619324543457,0.8325542014044902,-0.08052684994897308,-0.20365378691791952,0.020809316876186368,-0.020608989257601785,0.02403204034297801,-0.19338383845286522,-0.02659729613695798,0.00018209197949610093,0.09523808213752367,-0.05753920010687132,0.022272412600937874,0.25279257199257077,-0.05431426400229589,-0.13624974270436152,0.024213746123366752,0.009555028943735236,0.05356351279349278,0.09668133761693766,0.31222252451830745,-0.07132385308479991,-0.02254192180082384,0.8721817910249987,0.06725399953125158,0.0016584674281367173,-0.044495846473304713,-0.027935194626079293,0.3133601864089888,-2.588384672083619,-0.02184672788700572,0.0019251173093478055,0.0,-0.004169198392202366,0.0
ACC0306,-0.07196908612089635,-0.12272394291546268,0.09033410208725047,0.13162970618124178,-0.08997658319472362,-0.03791668978439225,0.17903719960419687,0.5590356439426063,0.06109907282876026,0.1191002836806734,0.3867210417512764,0.035733476732808155,1.170898532273345,0.9872774069483976,0.005925569313971452,0.6172245731113306,0.5989309615893712,-0.007238978323594986,0.27192260381328515,0.050658963660469326,-0.015362834176712793,0.05225782229577658,0.12203194605984317,-0.026433823424414263,0.10175273879882286,0.11520624960550624,-0.25122281673741637,0.13062610520945428,0.1300708837303379,0.27532355367308603,-0.1855244858626652,0.16701370787965755,-0.30188757190436993,0.15361943465563116,-0.009747920152446382,1.2142296670430666,0.2917247636306649,0.005096753559639667,0.00799219190287193,0.1805104151915968,0.35478090700257564,0.9658938516438057,-0.13202747562098002,-0.010920404952197054,0.0,0.026108535340430547,0.0
ACC0307,-0.203408408383365,-0.0369307143180771,-0.01895245230119383,0.04604656140205267,-0.5702317403668873,-0.10047159774377394,-0.07209573344875558,-1.396775955561245,0.055461480767551447,0.16386034936519037,-0.2660138923976469,-0.036517890193929516,-0.20534758088903354,-0.5867416900573199,0.04811975444651693,-0.07981372244409869,0.10258231263665817,-0.005574351852767695,-0.1951373416407707,-0.017424606555359084,-0.021057698685557312,-0.08208337977829097,-0.12224843267556969,-0.015656375682168662,0.1053970283523904,-0.7641868134422795,-0.3443861138303268,-0.17325024621277,0.04008553388318953,0.3011484936088158,0.11730019645013456,0.18657605748690387,0.1571327566583028,0.11659620258947036,-0.07044958019000616,0.3881195208481879,0.1257622111548427,0.0016584674281367173,0.021150019787519556,-0.026733752910766656,0.3371538113360658,0.9954697393341099,-0.08261762865150975,0.004765949979884914,0.0,0.033829205176244416,0.0
ACC0308,0.015298522949743567,-0.053329363777021715,-0.034969884831164325,-0.1864467863456771,-0.5217803476890666,-0.0654172872488954,0.044217006130527994,0.4462313186869731,0.12861103816289354,0.09528447187157253,-0.2852525259598946,-0.06625860341376248,0.018131243270612073,-0.5536629166356934,0.02033240479893768,-0.07653586471949338,0.04496198223655507,0.008663106855638779,0.045588728351687834,0.09169751742429659,-0.01251732256354817,0.04741295038734407,-0.13462314868113273,0.03220921072185552,-0.6681780180208519,0.2928607358608415,0.6476028577562091,-0.2790870145505123,-0.12702599354630364,0.11663574176080589,0.09964033932189488,-0.3448663329097933,0.25553086828698457,-0.2425289989318994,-0.04673548207200359,1.427393551298337,0.1929095678563066,0.0016584674281367173,-0.031424950988995726,-0.0563034126895675,0.2933633693609091,1.502058736603443,0.24259303259158851,0.011126450866839622,0.0,0.036434174810817614,0.0
ACC0309,-0.08201875225131265,-0.013088066631098585,-0.04483820409294703,0.09594756554687026,0.35117541877681113,-0.04089732282100931,-0.04943366082935103,0.012531663321172578,0.18374297726929004,0.09355976665383853,-0.31922259019038307,-0.09647698752932798,-0.06187535059737992,-0.296076386535583,0.040989413120524766,0.016521155594593034,-0.23941224192774674,-0.050056259330300494,0.11511841707434799,0.09842190652491425,0.003421442698526264,0.0403409183282603,0.16976591527499693,0.04643558534947389,0.1068802971858394,-0.024185735522850187,-0.19867275477426008,0.08734951995132699,-0.13819088593490406,0.01764691940172961,0.03708929276815706,0.12113300554510173,0.3207805352777024,0.21690760014283642,0.09614504144336872,-1.5563905594793468,-0.40949601611762027,-0.01817848310164502,-0.018228770928054906,-0.048667071920895574,-0.9950918316270361,-2.5132649880922373,-0.028027432627360467,0.013341821158144584,0.0,-0.0039049931508586405,0.0
ACC0310,-0.158253531695648,0.17073439416733596,0.09180710827614112,-0.08695971688673763,0.00423978417744171,0.038754544810846524,-0.07489833279857658,-0.1746286474519423,-0.02085697468718731,-1.4887518270986457,-0.02770454042998319,0.03378952720781945,0.06172072513807806,-0.4058133483913191,0.05668323634175513,-0.21307616956786204,-0.1885948922765664,-0.059655606172989054,0.03563512891738912,-0.00818504301240688,0.09218376462624883,0.44411526937388357,-0.1201261219194542,-0.1330165682031689,-1.161787212970468,0.19098866696275693,-0.34972312288211166,0.04353760855297422,0.6024840780685671,0.05462021187589898,-0.11154458625720247,-0.2298970450591148,0.12968317997558682,0.011507717019755635,-0.11577547734241311,-0.8016103987624777,-0.33811387556915506,0.0,-0.035457774317160545,-0.021408126619650664,-0.40621236901588775,-0.6476728082150547,0.05969088534777442,0.005488541609264555,0.0,-0.12132104440144258,-0.004239676559702691
ACC0311,0.3269136241838363,-0.091199941007362,0.05950866200157845,0.18538073991342402,-0.07726442974535991,-0.11258856444774051,0.3597343288276196,0.5530379831455439,0.06373548442591395,0.09923567561736908,1.5531964254677673,-0.0787166167340582,-0.5030050963749595,0.443661782245862,0.06269272283863057,0.7556624874605876,0.6373954791363476,0.0057687109409543325,0.09533524979908875,0.04842061812330524,-5.780656944472172e-05,-0.002904728391242554,0.10197374660319376,0.08180243037021041,0.49165355067385597,0.08045030340231275,0.42116447778278143,-0.005516637325786996,-0.0704095046405725,0.054295142057402934,0.05589220268032282,-0.35432606689353974,-0.5899909212298371,0.2270440220855158,-0.022057972553004786,0.7892382217108156,0.4111505628165393,0.005096753559639667,0.024074932787887793,0.1965378075330846,-0.22005360844136307,1.3043281627426688,-0.13285863311893212,-0.010920404952197054,0.0,-0.010741598381536406,0.0
ACC0312,0.19798016232509438,0.04997121819372992,0.19343192563602404,-0.10865213969351636,-0.09283339567984154,0.015187092917794486,-0.08453775568424679,-0.11765285526348382,-0.030418058958775064,0.45442793407001886,0.00271447611220394,0.03085048366999788,0.23172803558406985,-0.29842031664603347,0.0050245930836375075,0.3513722997536744,0.15560331481675205,0.1030646664032541,-0.5171049419672687,0.09476954531588608,0.010967201879720516,0.15550631649249874,-0.13760831921486832,-0.03233120813381759,0.21781795970823525,0.3260295795656382,-0.945635043103385,0.04669830266769378,-0.08054477516769812,-0.0876716247819914,-0.020426362342722985,0.1410997142758792,-0.07590378820235738,0.027505654349675154,0.017334663032055973,0.790808219750527,-0.07575933223716771,0.0,-0.12686278978130908,-0.012658176561937802,-0.010759610209873571,0.6741037347532954,-0.10373691225175526,0.01875523502991013,0.0,-0.010234587381141228,-0.02015236080245847
ACC0313,-0.11722944721301747,0.08334641181479052,-0.001680753294769403,-0.11104919161036583,-0.25398818573500637,0.30742717370121075,-0.11122262301371409,-0.02048850366175824,0.2483276221541499,-0.9661074469332266,-0.05094032328766891,-0.12147544859581678,-0.07896472898168969,-0.4234000551172156,-0.050070447990191724,-0.10982071695130854,0.02243837730801518,0.012694465533667793,-0.006991169772310618,0.05901711269468553,0.06210624655831911,0.035044347245668364,-0.19272345786032,0.10092766854935153,0.015978015142112983,0.13670861537293844,-0.2367545012807685,-0.03419207512000428,0.9381140572621972,0.07877307597196069,-0.09052042118624755,0.3737435250630668,0.04632308315656488,-0.0034773370580256837,-0.04061744285818091,-0.9064970904753216,-0.5278387057872286,0.0,-0.014161123016623934,-0.0009854811225020192,-0.04893351339088153,-1.3802324901866392,-0.027228208221204305,0.0,0.0,-0.020682226662490758,0.0
ACC0314,-0.23628705951455536,0.050801591914356715,0.09488184504780357,-0.18583684462359207,0.058305501647866874,0.0002916378660050502,-0.03293802285115761,-0.08972987033717261,0.09442495930620194,0.3061152362384093,-0.08121429163366362,0.10747592064666191,-0.16981660697129755,-0.1204026651842056,-0.1425434153823097,-0.13781016547509992,0.2509984216901586,0.009841097964774066,0.08270863375282891,-0.02471009477620235,-0.23747033261231626,0.17997255946564086,0.41469164440202516,-0.17110958557896472,0.15389787005996117,0.21728563997898456,-0.12314533773107832,-0.048809308637828376,0.2405074850956807,0.06220129701273917,0.05042207280431946,0.0216926272106531,0.20340704615791988,-0.20962380119524765,0.10862790515028176,1.2252607471023031,-0.13247081869253918,0.0,0.004507851734903986,0.024504231969029813,0.08620366345961082,0.6048707362267065,-0.3090094541369251,0.0005946255278889985,0.0,-0.024420744801273413,-0.02777383780116287
ACC0315,-0.18954637749135886,-0.09376397210938327,0.08256979382736356,-0.30645938229628966,0.4346699006581411,-0.03407849380355619,-0.10732423854008054,-0.15914378154571504,0.2457616490270687,0.1060855404272106,-0.03907689829271157,0.1506956139698974,-0.11669099382431285,-0.003351396148501104,0.017132370057271678,-0.09298556285101056,0.13806452364405056,0.019625183795287555,0.3005529725260101,0.05073975125270616,-0.22996006447892442,0.043097616263131744,-0.2553693382377385,-0.007225531744022767,0.06191190720852606,0.4123109633355897,-0.6075560356025556,0.0008966030870693535,-0.10520989077292373,0.25371655099515944,0.06753346851469078,-0.09758871702846696,-0.009052500600867444,-0.07655748506140637,0.06603211763238472,0.7867470963745755,0.5297214602590862,0.0,0.017627767070377068,-0.001523995397093287,0.0011813619680333502,0.9670678596859176,-0.26329631322788494,0.0,0.0,0.023000863713354698,0.0
ACC0316,0.09010476057131968,-0.07657853130438128,0.10472291871512596,0.08224237395848648,-0.3704473496883993,0.047323216906721234,-0.1518310305825834,0.08393903539514189,0.3849256171758938,0.18087213572744396,-0.10406576089142347,0.1697568729937515,0.19142163415651692,-0.3149668309553521,0.008660032461744554,0.4120070844224729,0.01423230668952484,0.017569087287989303,0.2408599135438491,0.024569375709994182,-0.18083074031752186,0.04050867702654112,-0.17555046773862956,0.013363933266061556,0.0462054390362297,0.13822755994081082,-0.5027541099625266,0.0503682240264932,-0.7780057404642905,0.3315048916696672,0.09327899107861617,-0.11547866298515204,-0.10331083036305325,0.024429201571513022,-0.028674376192685362,-1.2483628707319365,-0.6459998088509689,0.0,0.011472907762095972,-0.0009854811225020192,0.0008775204869755722,0.965125426393511,0.510055835062392,0.0,0.0,0.0277747550259656,0.0
ACC0317,-0.11928283468545083,0.04679547114732984,-0.4808308950651935,-0.27268043408557674,0.23787705544219853,0.05460842420641372,-0.06661270107696753,0.03979891309886497,0.04369432345520789,0.04409902459892423,-0.02790883776359976,0.029875440583732815,0.34862898548792115,-0.3107749354768456,0.009599271721571594,0.08597462162022616,0.02272176751423114,0.2643977667782418,0.258026612195659,-0.04726662448553464,0.008980644470618936,0.21509615409885124,-0.027610806365084162,-0.024246487509065242,0.2794020909986692,0.28320911987627284,0.06689777753163394,0.038905643076060245,0.04479359127431749,0.06509625415220469,-0.012371977334290529,0.048868663466547224,-0.05735243301348477,-0.055385446149971866,0.07382967739943763,1.076174332641742,0.33045577923104225,0.0,0.3911207010384414,-0.015940575384608285,-0.010235630490484399,0.4972149101068913,-0.007387175554614392,0.01938555895064813,0.0,0.015682530101371737,0.0012148977159549559
ACC0318,-0.15398989705650887,0.27392058555429905,0.11468471005309962,-0.15656240209045694,0.8729056698833276,0.23594122185766353,-0.0951302981505387,0.12451027119236256,0.0890745504420853,0.13317938644611862,-0.23634867199742854,0.02568617754003121,0.1250204044453714,-0.2664746818283869,-0.07795121918910566,-0.056327672460021336,-0.08812420659444217,0.0006567136247120197,-0.22142576206759648,-0.07083894174281752,0.010439693420634092,-0.03175742610941003,-0.06593097420301496,0.03313933651372607,0.08830506317729635,0.25234978541486797,0.3784643028563877,-0.18693962886743543,-0.18206450771551502,0.10313160072804903,0.13566557036859989,-0.08041574850073363,0.35571151402570017,-0.14416245812174286,0.24347161616186896,1.2676144708974126,-0.2874503767980666,0.0016584674281367173,-0.019081589854917685,-0.04703586648048062,0.343611178393927,1.5768401057747603,-0.0826293372541574,0.024632652254185414,0.0,-0.018526503712365628,0.0
ACC0319,0.0024406078335647468,0.2905544642238611,-0.0363426084073043,0.4268506520695642,-0.04351414682885735,-0.00627487929992892,-0.13714071110635376,0.17099072946061614,-0.08269980863582292,0.3163641158843437,-0.0015886772371026428,0.024964615691974334,-0.44308413463657187,-0.19394114616440525,-0.01271506115152135,-0.31350563649987934,0.010836521374026225,0.0877023980072852,-0.5281823722877367,-0.05942727981009017,0.1422522717349086,0.06513434473239722,-0.047176098089203,-0.052403915213182266,0.2606811372428756,-0.3479713228425315,-0.09725827589204435,0.03456755362233845,-0.18019387489462094,0.18264382830233244,0.22704173735543345,0.1755562595616559,0.12733593454691003,0.06210439563112742,-0.04194613080307738,-0.7972709285873265,-0.6500381224712417,0.0003223610578354857,0.018150368983359283,-0.003540351598959021,-0.42289491952954816,-0.899806262303292,0.016265729668074012,0.0022745671426418618,0.0,-0.020918890335659003,0.0
ACC0320,-0.16299759123415125,0.019559511116284112,0.3844558038351178,0.15045495909046167,0.07431010711486367,0.7555947429139726,0.1723362093945578,0.05657353697662192,-0.1633498174605591,0.12395169747342569,1.8281868877898355,0.033521278582762125,-0.2278455448346176,0.2887955442269789,-0.0046449043114176365,-0.3573994774937559,-0.12334120754941982,-0.010136298891993713,0.16733051936943558,0.03339401958383886,0.025269544625344968,0.08800300142084516,0.1712847709476725,-0.01606782670139942,0.22737682839049667,0.028713706459607056,-0.08597847624391823,-0.017142420397062184,0.10203097135111901,-0.03886875043340657,-0.10581847119681012,-0.393543316986445,-0.4365824780065558,0.3049060258040216,-0.020585265099894803,-1.4625739147312664,-0.5092964944853998,-0.01817848310164502,-0.0029883627430243326,-0.06350271071055985,-0.7346437036144307,-0.9867730020599912,-0.046489387321393155,-0.0005939306774725463,0.0,0.008834222230410905,0.0
ACC0321,0.04257958458262374,-0.09856598369820382,-0.07057589665492309,-0.2332712102152127,0.22256358924989694,-0.023210865073282044,0.2600062101478106,0.3353501134628341,0.23055191836968103,0.6407143033456996,-0.07039422314451793,0.22714006222453823,-0.11392421948124912,-0.3695887422617493,0.011904174251798611,0.23318467343507188,0.058071062436647405,0.010561576013859725,0.09123393994744255,0.04557579368707785,-0.0050609320760293865,0.3208107944460748,0.09582580828385173,0.08612962680590897,0.030518151922312393,-0.17320042107625325,0.6334635782397715,-0.08360132994890383,0.5090382525100918,0.542007105785335,-0.04943800471303941,0.4527147322042636,0.04894946956929942,-0.02097875743546827,0.05088946812001419,0.3086185196625402,-0.17079516812636203,0.0,0.0789612688614212,-0.001523995397093287,0.00017983101122142492,-1.005281822766702,-0.15019932052292106,0.0,0.0,0.05754085447200236,0.0
ACC0322,-0.027943915177181238,0.03543462002999567,-0.0027862630369495005,0.34223379858631936,0.6868513206169172,0.03425600245395334,0.13969492489345883,0.4039694480132643,0.028162373695980868,0.26870814249420716,0.8720228649258964,0.04191760383268298,0.7298200007784096,1.3407115912791687,-0.04983828727166018,0.6117190651154087,0.8711400583861245,0.04778125701794495,-0.4738356700993652,0.2568712757946139,0.011133144061620734,0.14778048288777618,0.03526864295234984,-0.015015334951544366,0.12180544926267113,-0.048563888645018226,0.08818712773773596,-0.21333788736294193,-0.02189433588349845,0.024904147281393542,0.10755330363542652,-0.09997618705717014,-0.7280360679678676,5.572381252502137e-05,0.13840969419840243,0.6524134261030022,0.6474703761265096,-0.00021192425393969203,0.03912544633674454,0.033034408528632646,-0.13973994934112105,0.2852294051006995,0.36770741609530194,0.003326144297817913,0.0,0.02282969193969832,0.0
ACC0323,0.06667258029889626,0.07171517881378608,0.4656967402898376,-0.08050487084800438,0.16708425216675132,0.009294007117593785,-0.227147076612972,0.07615536815685602,-0.033275940420628876,0.11260484111352638,0.03603939596238908,0.04290306670072413,-0.15396276422595467,-0.22154112880875265,-0.02291865359548798,-0.23145661478337107,-0.10317079201230948,0.07983874296119343,-0.024777158752049687,0.01805462340886001,0.3243722906507176,0.061479770886538346,0.10609213747098299,-0.007804525080213053,-0.6878811007722196,-0.2937339532432878,0.08082341622700437,-0.1378835145376629,-0.25160841396420525,0.03483094886774196,-0.10345272550530941,-0.21483601613220074,0.0034472619592497435,-0.031189397793254244,0.04633267393768781,-1.3768127732032795,-0.531824393824438,0.0,-0.08529340051881787,-0.03369833461797778,-0.010653877435670074,-0.8862819543147835,-0.03599465999761641,0.017819307259193232,0.0,-0.007003580985677498,-0.0026086009425242505
ACC0324,-0.08208349169865592,0.04185111506818494,0.10281231255890746,0.4041377869195296,-0.13377450700086246,0.12433235893327714,-0.11254332852144194,0.48501998508930316,-0.43901212304943793,0.14276670123596877,-0.017961962778361776,0.15180358048839063,0.7105831336155407,0.45034966304315643,-0.028853851980271916,0.21156482628037296,0.13372125082573788,0.1766429027988089,0.01370814284495609,0.024810354084978517,0.10741752580758566,0.21572416743340006,0.18968274957878642,0.13143988066407378,0.010123357556185673,0.08767800323498141,-0.326362152434303,0.029574440080905776,0.3848048917791429,0.582940729783645,0.08554979741103805,-0.12189663834485373,0.08517173624858697,0.04725088982175369,-0.0028059176439154667,0.9475764154261876,0.5839842674686611,0.0,-0.02852740157097806,-0.015480984816042556,-0.01517643192085101,0.6960343393898255,-0.06529899466271172,0.0,0.0,-0.018871499375894663,0.0
ACC0325,-0.21849030793994026,0.05907237852509056,0.10412225336366475,-0.2049625333485534,0.28861894166816293,-0.14367704827996225,-0.0757519191435454,0.2388919943586299,0.11691241979477317,0.4838857526984799,-0.12029456190377938,0.0899963311716307,-0.24053761589508,-0.30080783941411166,-0.0555287378504209,0.2132251887056912,0.02657556274628323,0.00756621638863522,0.3399517894941634,0.0455075020877887,0.07858425353508694,0.042886948918119575,0.09714349629140599,0.21463448222152814,0.036115086993273635,-0.18667848664198616,0.26489005641744506,0.07078402028143253,-0.31894486448206016,-0.05802793607243283,-0.12793134581375953,0.4879266751103163,0.054264928735331765,-0.059118492059448594,0.02789832593451059,-1.2950392229172578,0.44265939248822594,0.0,-0.035467557947941056,-0.0009854811225020192,0.011145897099174958,-0.31030461764894474,-0.1127660734217589,0.0,0.0,-0.010681484834198257,0.0
ACC0326,-0.08127378033226788,0.2155405749248987,0.0034946008956541737,-0.28080462906196607,0.0006437254147813533,-0.0038633753944457795,0.2553963393334491,0.4037255981000241,0.020650902739262813,-0.13876246169827103,0.0006823706606168173,-0.116484323881596,-0.15243496264195427,0.026186356813052453,0.005340706838959502,0.21167357373931314,0.01339153939222507,-0.007096640416372611,0.3250268028391463,-0.04642925599319374,0.04610151785721838,0.15910719478451207,-0.040714825693027826,-0.06573659553944562,0.16107231749719791,0.18609228807111888,0.4981030311300101,0.0020329332077018377,-0.03865686914968319,-0.29159282347724114,0.0460777352691559,0.28400510524017814,0.18535327341686322,0.025344553130047184,-0.02950815309609537,0.6569242995373555,-0.36557298244229447,-0.0004996596396450045,0.020617756094109166,-0.003540351598959021,0.11175788687103715,0.3295266440243632,0.024270683337576194,0.0004109620356079111,0.0,0.018095772627365163,0.0
ACC0327,0.1347436747958255,-0.09293037666239201,0.05709486911249187,-0.17330636044781234,0.05236355393416896,0.01912259327544854,-0.04204281825902836,0.5159956780917185,-0.9992108701371065,0.39788148037119575,0.15451571879951553,-0.49936318877698826,-0.04858962295857562,0.34020273904367254,-0.11973055687935837,0.02822550118522831,-0.04235856068653625,0.032897509911347045,0.07049670538464332,0.0030279766523185854,-0.18701393858560272,-0.4354153157316262,0.2191413686041439,0.03779639272687396,-0.9429929230608023,0.06658374816471221,-0.2207831941366654,0.045167124226387696,0.09128214463079849,0.04634294938130654,-0.07835969126482939,-0.08172446013836529,0.27176925328911455,-0.31778721890618294,0.09060515042473434,1.0372046388929128,0.5485352739186223,0.0,0.21034323224778637,-0.031729005756469475,0.14651797097106414,-1.2305807320077484,0.10860862742614921,0.0014569552893506092,0.0,-0.03289704351097831,0.004628972966860478
ACC0328,-0.1298108159914127,0.1011819428793269,-0.06551896585996052,0.4729680002941087,-0.16341269472836809,-0.40973668632348875,-0.19634377101353212,0.4623125392138198,-0.1852158746174495,0.2301797909635184,0.8459441236244762,0.1520610490396705,0.7645848362476908,1.4292773118114657,0.011250067472088598,0.6971722944971013,0.6912517806170142,0.09907658605766495,0.24361240156437172,0.20249401706068174,0.029724085286770396,0.18978478564985457,0.00562435088134204,-0.2641097594000034,0.12010308691815572,-0.007876629385870085,0.662746406122777,0.057936520990553485,0.2849760863646038,0.14462707551778647,0.06423184231502911,-0.005538711403110859,-0.8826556273397365,-0.016392083580517375,-0.0543767793306129,0.6773956697280311,0.932476431106538,-0.00021192425393969203,0.0644884293231253,0.033034408528632646,-0.19028311957308316,0.4705019995630266,0.22471556630045172,0.003326144297817913,0.0,-0.013017186046408225,0.0
ACC0329,0.04416748666099574,0.10324862310081782,0.03460120370240342,0.7822644492992696,0.41840448478036235,0.006397483213328567,-0.19777648404131629,0.43948644485147176,0.14988422025635414,0.0888762672254305,-0.11122274638384597,-0.4260718602300395,0.047358256189626746,-0.16012395440748273,-0.02307038578695713,-0.12903014909365432,0.14799223923104032,0.041047956329258214,-0.4970828940966217,-0.05364016610352511,-0.09916732571454315,0.07869146424402512,0.07240564682173468,-0.0780118064186967,0.09105359135952201,0.1287300412786616,-0.311721151677651,0.017962594484216946,0.41274567016735,-0.22015267017861403,-0.05006202423593914,-0.08560945364995139,0.17742388734801381,0.1071934429023109,0.14660934093018943,0.47701032866603293,0.7799340312803158,-0.0004895747964695479,0.09241335482457476,-0.003540351598959021,0.21904364326504394,0.7502136394671146,0.05271054735740244,0.004143315607944163,0.0,-0.015025584915958144,0.0
ACC0330,-0.20150221541642985,0.08297561370666402,0.1209596782068006,-0.17644431608200553,-0.05565109309450477,-0.027421897642790193,-0.012523202703135389,-0.2531091505957125,-0.0036752801291178912,0.24501949447705992,-0.008991794752877858,0.17447518389527025,-0.056692558959158014,-0.2478614509147596,0.07356647276909294,0.0730650756553896,0.13183362628683332,-0.1039766595838822,-0.10442629231423732,-0.045947023033535206,0.21372639410494987,0.13799165205198752,-0.17807176025938187,0.47954249041443275,0.21438509790419258,0.19602895223761246,-0.5419675913381387,0.0514563213523287,-0.0997148204002248,0.04338062780585342,0.06238584622233296,-0.00753011409043391,0.16478783642848346,-0.2982883237089323,-0.07924302891266694,1.1972028904309278,0.49941313721027575,0.0,0.0014521079781928971,-0.03790880278955373,0.19368402822492636,0.6450698634109138,-0.4327780452876811,0.005488541609264555,0.0,-0.019884193993182902,-0.009514417300359988
ACC0331,-0.08931083426725787,0.002040704306530478,0.15862992681271407,-0.2174980873535588,-0.755607510131715,0.0033959944994702883,0.30789643472078587,-0.7052425515095062,0.03213807931476874,-0.10502661383502433,-0.1198674023500366,0.013825108519306,-0.16883785013292862,-0.2148205137577317,0.013193968471948347,0.24026171239861221,-0.8511953171380808,0.4187815492517278,-0.532707875165313,-0.1233015728357041,-0.16445243340909718,-0.3478174031265911,-0.07636408906166119,-0.04679277652636433,-1.1543723363333123,-0.6204832265694556,0.4683859116624289,-0.08973075483058705,0.20234324102203313,-0.5285279941351501,0.003800893987008009,-0.17014104713271802,0.0037388249657400695,-0.046357998786795945,-0.17170628634527874,-0.2026902898014707,-0.4406048655078699,0.0,0.17025594294527419,0.014129257224561449,0.0034340699970362423,-0.3149157605183153,-0.4837211940131414,0.00019826288625500628,0.0,0.047662629784967006,0.004252142005842346
ACC0332,-0.0975985131695645,-0.06985479256983186,-0.10228304673150859,0.2086517955220865,-0.4485407359407635,-0.2233491924697121,0.002119972785798712,-0.2425349635651802,0.2112606857533701,0.08054624931309451,-0.32842727556814516,-0.19299571035921465,-0.0739032102994719,-0.4098893330997302,0.04853940790879969,-0.021275717995540087,-0.07260630591378654,-0.05319585697298431,-0.08297187423745463,-0.0660502533090913,0.05980626562679429,-0.0521755503643855,-0.10037553664873053,0.04305255973410974,-0.5152022065839956,0.12787898127873726,0.15067021749807621,-0.08132538294594857,0.03675094302602293,0.05990993493660891,-0.05360463225953494,0.13745989486243254,0.15260374911411514,0.15263183524474358,-0.11462313456609462,-1.7273014831404345,-0.37769461212184113,-0.0028249087139106226,-0.0006144044812040367,-0.025606717294727133,-0.9547383459098451,-1.9866255559743744,-0.0344781964479386,0.003777496805858279,0.0,-0.010522798109213999,0.0
ACC0333,-0.11915208389290446,0.22608062459370168,0.1667496890906856,-0.16463699759989203,0.5675726649291811,0.32182293370044557,-0.0014619557470585468,0.599127334676264,-0.2556588167338502,-0.6594373890937081,-0.3622840599177397,0.05193447736719359,0.10962965154355284,-0.28385239987604366,-0.04149953008985783,0.03824707522377271,-0.018538373821441544,0.01718636322161034,0.24756251238895577,0.024722245996959012,-0.006535506218660423,0.023669455194244324,-0.057673575667992256,0.02431680335776551,0.039638745994168896,0.15690774895969659,0.428796575725217,-0.18004618769740396,0.052080954281159664,0.07901380814006848,-0.1750901205195562,-0.11117689714314657,0.2680686226310989,-0.06853460266161135,0.12078451118847318,1.340606086124008,0.2731659997136731,0.0016584674281367173,0.03887682652915414,-0.020955303006946552,0.3804605974813192,1.3353981051529598,-0.05588999682014028,0.03254680267154252,0.0,-0.00697791265309737,0.0
ACC0334,-0.06682488079930696,0.032942325701177534,-0.2407815960164415,0.02678513067241355,-0.10756385475475516,0.03920396425295432,-0.13512596558023837,-0.08605246440348707,0.023938432259301083,-0.01724574825119238,-0.003968296665960489,0.1107396845342722,0.2323633528703562,0.07650934856577402,-0.2531560411532537,-0.1344624204303844,0.31131529969329963,0.2750499014632487,0.4193158261118819,-0.05440775439795504,-0.05987848835043402,0.15771402649296942,0.012808439182135823,-0.02010830101467115,0.12433755844241111,-0.29174115405061957,-0.017237852787147685,-0.04065661822994151,0.6883030026100592,-0.6061587886974222,-0.1198678923637765,-0.071986944382338,0.09523684194051919,0.028464426086532477,0.020892725620188752,-0.9590003519976066,0.3692246136563158,0.0,-0.06343208203130224,-0.029137873726007422,-0.00992322336667579,-0.7309233026578331,0.01323078483674151,0.023305501466965833,0.0,0.04128396449748046,0.004252142005842346
ACC0335,-0.12974984748147042,0.08070448903478122,0.1333837158470186,0.14959404878066523,-0.37047208501590717,0.01181474364936839,-0.050052855948623964,0.3308679744586368,0.5269730497107684,0.17524837126981588,-0.03165767873484518,0.17661694772873118,-0.06912374812383727,-0.4540717773712878,0.02912299618985171,0.47419165901028204,0.017368079925133974,0.0448641390239819,0.28765163308407043,0.01486250821481875,-0.03109668221947923,-0.07642717936995809,-0.29343691789464194,-0.0272755899332525,0.025210565368793608,-0.04037754425300391,0.3339041161395191,-0.1280999451781409,-0.33381115370214653,0.28494783695517556,-0.09936914771626121,-0.1612711031622201,0.07783143355765657,0.03754189777087176,-0.022402902391216728,-1.4658715448770154,-0.6666905054516015,0.0,0.020177055476899387,-0.0009854811225020192,9.655714181362935e-05,0.0586487144699057,-0.18101554401104827,0.0,0.0,0.024947558712692112,0.0
ACC0336,0.07591246740501142,0.012444738765642439,0.02427472183604361,-0.15772375096358843,-0.5916906302951801,-0.040007508930002676,-0.0759613100640794,0.7040298242781832,0.15667361136178845,0.14469462449106554,-0.2744926182931736,-0.04718891693032689,0.10463331318454366,-0.531517993369942,0.03602811796708315,0.05753256570117793,-0.14414718161414017,0.010532497518051222,0.12780608966877854,-0.05814415706523572,-0.0005493463721707136,0.012883224754356928,-0.11220443856619801,0.027223830660495562,-0.02121253896640343,0.18186308197159531,0.5105819287440695,0.21448657271106483,-0.10521436822773785,0.1409423027464625,0.09545283842154974,0.233601516072136,0.12546439760133501,-0.10625273451004852,-0.0728288234463005,1.3555347294268059,0.3124605198949476,0.0016584674281367173,0.0397430657270806,-0.021420212577540756,0.34856574110518546,1.704139358835929,0.01753914497393644,0.0032032613590827095,0.0,0.011167067327201885,0.0
ACC0337,-0.26675147722496373,0.1189568706186776,0.05194844686510125,0.10810715143025776,-0.04852344938179938,0.0024516269331049992,-0.044802469348528204,0.5096671527893485,0.12568516138050925,-1.499575431791236,-0.13532596729089244,0.13191093563237838,-0.26291634768558614,-0.5153105103268326,0.10274310062308926,0.21767732917823177,0.12760600493390203,0.20985118452953616,-0.02964555780686442,-0.0574380245484186,-0.14992834573544553,0.6674349831837906,-0.10823797145151999,-0.10613185720440521,-0.012182176259629418,0.23127236192426484,-0.34118520037533495,0.10372334053672244,-0.03221819768258947,0.01658028190952183,-0.02148832830843361,0.13268645169777937,-0.2568850416509501,0.08683203301327978,-0.06851732972950492,0.8447871573510156,-0.017307704959122674,0.0,-0.029481993754369926,-0.05126324935712257,0.14179289474460988,0.5674249169717748,0.04552077400932816,0.0028892583540017346,0.0,0.04469752393225596,0.0018459206846622206
ACC0338,0.18632517039283986,-0.053702774246781104,-0.8234137500359404,-0.1278546324257244,-0.5580606860964099,0.0152034547761341,0.1336230137793064,-0.08254759458805754,-0.006064328466906972,-0.3214494903175073,-0.13176267899882751,0.027481338283694645,0.029401004094422693,-0.18302897782284175,0.005724081501619828,-0.144937717408966,-0.9722411590928361,0.08786209437561203,-0.26664275818801747,-0.06610237312809746,-0.04882536761179642,0.07851328787774661,0.008527395170582213,-0.0778380358892125,-1.159114219852504,-0.6763305445449681,0.31354928603164733,0.1043083896998339,-0.07016173939676128,-0.011238906330270155,0.02296651660552907,0.0015575620419799336,-0.15852128615375577,-0.0010472710177969764,-0.12944604418221087,0.3974221980361796,-0.2106666049034947,0.0,0.17318766774891464,-0.013297952988822812,-0.0104402213841753,0.0378068005295356,-0.6162356065985622,-0.09585906562351283,0.0,-0.005076677335175713,-0.0039863831304772
ACC0339,0.011687364863084129,0.009548511046348431,0.21736708343722405,-0.20731045084116104,-0.6191952567611271,-0.08161608247960603,-0.11291118927713625,-1.6488277201643387,-0.17877721860286525,0.12019544414797417,-0.27992449473349795,0.031220113704152667,-0.3464324950012484,-0.5683848809496211,0.013635763438531404,-0.2236198988821892,-0.29706697594331505,-0.02679258290050072,0.08076349392106093,0.059994372734589116,0.04226270307333853,-0.0038778550390445084,-0.13561384633491208,-0.09166759251579343,-0.7183821156044092,0.3014725179185482,-0.09954270841520006,-0.3087069643946994,0.07903059870342005,0.08134212356957998,0.07570872397234724,0.1773897221573855,-0.4167013642157684,-0.2540031397827582,-0.09673959273182889,0.4204294250527951,0.023151172965618468,0.0016584674281367173,-0.005251362937903989,-0.04370243232247908,0.29658155555599747,1.125401482692726,0.05131946351662907,-0.023667491319405456,0.0,-0.02316060308194081,0.0
ACC0340,-0.07266370393976762,0.19528999850492762,0.001962783413398954,0.6105886152479643,-0.1967054700550782,0.03831349514287802,-0.03008350714130236,0.3062609280726967,-0.08536865981713368,0.26352996926737465,-0.010864406771192981,0.0170627586642101,-0.33774738096851703,-0.009442307549028011,-0.04967210826856204,0.23469788652946222,0.2586844898787437,0.04063923036566192,0.24747370975413657,0.23156876865207449,0.009873159417922273,0.15176779069244592,0.00536724050653766,0.04711975534937141,0.9045157204830445,-0.2138104969994226,-0.23760968779387756,-0.11952853556416101,-0.11112333042667959,-0.05427859303603142,-0.003318400753919173,-0.283081309466308,0.2841684575629137,0.08489359621664917,-0.04900393763417184,-0.7864749832005995,-0.9397733699145364,0.0014719282740929228,0.01756945329107153,-0.003540351598959021,-0.18339764824018748,-0.7998974116124875,0.01540289264418774,0.0011381512358481618,0.0,0.031641378811207994,0.0
ACC0341,-0.07129940844931977,0.025255701887833486,0.16707528951467362,0.09832375523927911,0.058987287930154876,0.009986679543937116,-0.09871955417853091,0.12943087866805975,0.043982901427951776,0.061950199599859264,-0.052186306905352656,0.0556446433426076,-0.16092027629366695,-0.09539154456581281,0.02476892105684099,-0.0343786357194415,-0.09266014817012677,0.4841288506062191,0.7537968241489075,-0.017027603574024597,-0.061839533095905466,-0.5106824314995376,-0.18245283684639035,0.028937461299289265,-0.7710511622973176,-0.04424318121470407,0.48973544388652185,-0.039657851192082975,0.016085156902911422,0.10166202884758264,-0.0076029707755202874,0.06151022200257243,0.2197379768328129,0.02762373864964569,0.05062732100849496,-1.389748459832663,0.5273931109250213,0.0,-0.08975144854250579,-0.03131882989048079,-0.010851426919524903,0.4403389237419276,1.318453724897181,0.005789473379627253,0.0,0.011757494017251003,0.0012148977159549559
ACC0342,0.02186036066024866,0.021072526825905005,-0.5953344310579191,0.010543405799272959,-0.2583905797346091,-0.07965026895588449,0.2655693434859278,0.19550691550337793,-0.5483747505616005,0.16525566464895408,0.09038688481583085,-0.05021192485139709,0.8032912280884761,0.7793327162090137,-0.037519722047958524,0.7218897610635094,-0.11419043623636797,0.015146865421772631,-0.02823487872033633,0.03096038844794089,0.08330001727986104,0.21451681480908114,0.155643339789797,-1.0961683148561987,1.0113643259602878,-0.0018289884254959502,-0.2774512451194853,0.07701683074073276,0.7190255833926379,-0.06882484627481374,-0.11451174980754263,0.11366041798394778,-0.05877582776834423,0.019147430429434197,-0.020409791131663104,-0.9781011946520135,-1.136395836894512,0.0,0.02914837469093846,-0.004199193867410226,-0.014166138372031852,0.10852836347382469,-0.12377035804679892,0.0,0.0,-0.016869015772244467,0.0
ACC0343,0.031015879267283598,-0.14415854644057344,0.08309183905735319,0.2843465631544012,0.4168497102238502,0.0708525372511697,-0.128316421095333,-0.052288859059996876,0.2818470534163347,-0.918219094402257,-0.05572488426449814,-1.27587816458985,-0.16570427687822473,-0.21495289436928805,0.00936475067028377,0.026059314847844805,0.4176544685873201,-0.030649956156009725,0.21118731883032063,-0.005992588260779197,-0.17413329391128837,-0.1025191925736462,-0.06453795442098545,-0.008598143038306204,-0.3743952438916327,0.15372507842415503,-0.18947749455832597,-0.09593384367390799,-0.36793898742902387,0.1814673497092396,-0.09337407524809595,0.31074013006873696,0.029686690073623772,0.05667294782364612,0.06392148647785753,-1.185357100316161,-0.41262573783432127,0.0,0.00858561526592201,-0.0009854811225020192,0.010960298892048938,-0.6450633243029263,-0.020347982755266388,0.0,0.0,-0.02339980910958066,0.0
ACC0344,-0.1376742526829569,0.035966674815922826,0.15623803997292235,0.058608797780908536,-0.14750751915944635,0.0058562891054610095,-0.07751242749773712,0.17072745791354824,0.0184076021217188,-0.9089161940407151,-0.014302010401357812,0.025009761619915843,0.07683812293078582,-0.04639077832656787,0.007546806426652841,-0.2014465712945525,-0.006491490643065734,0.47843228377938957,0.1352903771092865,0.0021284409848685033,-0.16847957816625245,-0.7652842163516231,0.14786626290242194,-0.01570429125729288,0.2009357317916219,0.060391174167912905,-0.9775678352450698,-0.053366964530212065,-0.083311746004376,0.05449378797914898,0.010155729217745397,-0.01053670484857922,0.017378911592464734,0.009343522390954801,-0.049613251502812095,0.9923197456788889,0.30538173630440596,0.0,0.0014261633053098428,-0.021748694916715425,-0.010835941905859294,0.6256153225635852,-0.08903444140005466,0.015096086101309978,0.0,0.011161781619695195,0.0012148977159549559
ACC0345,0.004486717336223779,-0.6636684927861665,-0.039462235220932236,-1.1886335638769945,0.09285050118817745,0.19173879736782368,0.18956223923098228,0.5991284454165045,-0.12010141170919426,0.024729734520321144,-0.08136749033672773,0.31876215468094593,0.15724035074597603,0.19636805465653498,0.012479812620474366,-0.07996838349010452,-0.14343759042724533,0.0077258322202408665,-0.5030510915122598,-0.02870631822851669,0.026782267409833378,-0.5761327888821745,0.04096927664912143,0.31644821223722636,-1.089492334690029,-0.3907333579059464,0.10320073378662833,-0.06303907584028166,-0.14560460316390866,-0.13244170457355167,0.08024033419659551,-0.009382720326207168,0.061337925573270606,-0.2043585774453194,-0.003013752397442953,0.34851819961418246,0.5823804863063777,-0.00015064018796832565,-0.012855694070161119,-0.003540351598959021,0.17076427268467795,0.015076502574269996,-0.4026947263425361,-0.032112496861688294,0.0,-0.007623335094819208,0.0
ACC0346,0.3350706831819825,0.27012076960446746,-0.1209063527651359,-0.15767550963918897,-0.17719484831502594,-0.2647186851871466,-0.016911890735551376,-1.7098203322255399,0.13333895759554582,0.09063056029850211,-0.12968579079249828,-0.03882119024063272,0.015815601341943448,-0.37238893960093744,0.042057675050840126,-0.0823989969537362,-0.46756259214418944,-0.0527689306730002,-0.7680011925300798,-0.00714100618702406,0.11736673897736229,-0.027687343138539214,-0.07818576723507831,0.26787880902117484,-0.6792615790131888,-0.2742767441629483,0.1262834013262692,0.15913029026555037,-0.1213079131149247,0.1088870613362938,0.06546628031893892,-0.3758029781337615,0.14764682734727358,-0.15494879663350464,-0.08269006714602187,0.5828450461019612,-0.07048169104760091,0.0016584674281367173,-0.017429527933992606,0.04089807005795651,0.19657420034149428,0.6130099888838139,-0.15643118544581788,0.015501866760768207,0.0,-0.034524110535605584,0.0
ACC0347,-0.1855202468832269,-0.015288540718489436,0.24731508312842126,0.19417369611699214,-0.28436991865026745,-0.06497915951117979,0.3164838680807038,0.32074168398632086,-0.31425564014508134,0.41103021793257577,-0.07962483156095441,0.09671206955309754,0.5214585355291659,1.0428432816441409,-0.03450887623236925,-0.415767880246859,0.21449595265627625,0.013858896668241456,-0.05914649089227204,0.008577010186452067,0.14766451954341098,0.1652848424634774,0.07412107096803312,0.13161027519169408,0.03651876505007482,-0.018036690702600347,0.7102408318844754,-0.02840677020219919,-0.20298245416796612,0.4921578297279331,-0.10529210589339828,0.07062918025540577,-0.42837112788965426,0.03241332192041478,-0.038997206744340374,-1.5089546387483757,0.9172054354835153,0.0,0.03966437929516326,-0.004199193867410226,-0.01100184012860092,0.5211589162484817,-0.05606081448638419,0.0,0.0,0.017814890358409108,0.0
ACC0348,-0.07173362132041933,0.2356699730510863,0.012843707446052895,0.29639240703962233,-0.08832195963086288,-0.004322277880079046,0.05402288010559849,0.1751593790854622,-0.0023674230175499108,-0.08697336628044505,-0.09678155987644114,-0.19480373790925187,-0.33941973268776204,0.020237919776359796,-0.01609822033605789,-0.12245752550741078,-0.4085446110457674,-0.014205632400912365,-0.3366830756563357,-0.04542212692311828,0.028295849390546447,0.03762047245017723,0.009110586113502515,-0.09483038806636672,0.2726996254002691,0.20248876799097662,-0.21288712786937178,0.04850778465808457,-0.2522237168703364,0.18002223319065944,0.007782505904163242,0.35907647582031477,0.15058482428506575,0.044876518610100974,-0.03505090386834202,-0.9412363810057275,-0.5553232804144753,-0.0022814888248440385,0.01281260775772167,-0.003540351598959021,0.1677071325689104,0.41050827151614416,0.03437259954325081,0.0004109620356079111,0.0,0.025093431343078957,0.0
ACC0349,-0.21901092156035903,-0.11628489654984514,0.08524697182736352,0.04076035990879855,0.03827790586907567,-0.1297642069027122,-0.10079445354069506,-0.06958924576260121,-0.2456696460921294,0.08104525460609349,-0.05306342667259597,0.02984509119902053,0.14987154847354048,-0.2542092820582696,0.025169844744068824,0.5092523855241454,-0.11996931835296654,0.02861189187938679,0.15717764575103274,-0.21588262503871025,0.08952897758075085,0.013913335076458573,-0.012495779288779428,0.03187551864136931,0.06394640661634324,-0.5637002361261528,-0.5609166318345012,0.1461189337883234,-0.18388269951529432,0.12653568837149545,-0.03852811132307593,-0.27855900560491087,0.2470018099991958,0.08762170922605601,-0.020969126150512503,0.7444909554453499,0.3955146597543921,0.0016584674281367173,0.010934962152041884,-0.017519834586085668,0.39218380775193196,1.3893536421179329,-0.05301124599616945,0.022035167358476476,0.0,-0.006223663289115321,0.0
ACC0350,-0.011476591803345105,0.1147138720863294,-0.36367539277132893,0.12836287219651216,-0.3343173440372688,0.023812240237852757,-0.1505973625536066,-0.09426490226756791,0.029722952138318128,0.17412074739942177,-0.09760811613078219,-0.39896512110903737,0.16108835542144184,-0.3490710460808976,-0.09873969986308058,0.7514839902763809,0.31505067162828954,0.25736560759755683,-0.005886914175434146,-0.05550637500962254,-0.06062006173206723,-0.05203895982719537,-0.10386587669494214,0.6030252239715733,0.10815873337060035,0.34542650631367444,0.10819861392908124,0.08172030015097055,-0.46741191723068354,0.07967894301457261,-0.09573174129978533,-0.3043255982808876,0.10381144660138392,0.0686119631549344,-0.06012421075796082,-0.938790373167492,-0.24867380005573683,0.0,-0.13794774776551022,-0.027557079494252196,-0.0091417082999356,-1.159185918506986,0.003244866246711986,0.014242711438391745,0.0,-0.007003580985677498,0.021495851522622365
ACC0351,-0.0016438985421676814,0.024616536304857866,0.1671609971151098,0.0178666284810408,-0.5782342018115743,-0.04808309218763273,-0.07593219573490093,0.7359753379572156,0.1612989852940805,0.15142139176165087,-0.20161999768047373,0.051589027664113614,-0.3033059761221983,-0.5573833381679314,0.11202390030517746,-0.004317125587115709,-0.008518066967442612,0.013442008119341892,0.08678394024549965,-0.04465617869535396,0.00651385941911743,-0.012209607220184831,-0.08364087148699662,0.05063301480657438,0.10444073664665642,0.3673542171055616,0.47911598695543445,0.17314894763348804,0.06282880105338019,0.05256426092604855,-0.1305043800957218,0.15975386723023566,0.3016769851985861,0.0721537541858102,-0.03568547928084583,1.3415998856243083,0.18888071977590612,0.0016584674281367173,-0.054902433383503986,-0.027792376725822004,0.3378100737872301,1.5081804609922254,-0.040142696922146795,0.005275074177679408,0.0,0.027477747420115287,0.0
ACC0352,0.15061944589276174,-0.18757416827956666,-0.029915943289448344,0.33485871597187683,0.33909452669853507,0.04528588398360619,-0.08740992246727965,0.30173495587857474,0.26145352497818947,-0.11879377509261715,-0.03524460444457863,0.15405426323444868,-0.09657266337883198,-0.27337655010725365,0.012946179286669954,0.028350549455260485,-0.10963048291332614,0.014756527210177658,0.16069048823060014,-0.007548165274845565,-0.2263943810318847,0.0699878184820467,-0.20280816009353,0.01862282237691869,-0.01874280686977781,-0.021301665508635333,0.7738027859868079,-0.17849763559497836,-0.4398995867202013,0.128151678907656,0.04804425139861637,-0.0964880209640899,0.04738060079584884,0.054565870014727784,0.03131552712721722,-1.6704875252168028,-1.0385602131627427,0.0,0.03328808567788139,-0.0009854811225020192,0.010668061011930867,1.1213456558937367,-0.07795062022009643,0.0,0.0,-0.028943632495315768,0.0
ACC0353,-0.1034414998893872,0.16785904365885207,0.003978200380097179,0.5109966073920373,-0.06041562977771457,-0.0023870311181638064,0.1686974955049336,0.4911605557956375,-0.009589365240057017,0.32341849483329754,0.7423822026959289,0.04744836931966241,-0.20140798973216129,0.03357725729905654,0.014766064058207372,-0.2732134618271354,1.0154991462905834,0.049161233810410605,0.2562892309080028,0.39256870554088585,-0.006432126676688681,0.17591274691654102,-0.019581070305392457,-0.0012105766027090297,0.7404699833537205,-0.147235477202758,0.17185226706827333,0.024288614493729103,-0.27012267476477203,0.5886652675556318,0.06982874085623793,0.12826049994913305,0.2524615692593486,-0.003987887662600736,-0.0448191195028895,0.6180851790263046,0.35215335094729294,-0.00021192425393969203,0.07120106523694648,0.002865998913443015,0.0003087525493026742,0.41313116351758133,0.3946981905660112,0.003326144297817913,0.0,0.022088862670785935,0.0
ACC0354,-0.1622992381242174,0.016570487574004377,-0.3017766575344654,0.14602740320380167,-0.21481112855732348,0.028055584622267808,-0.08739927310450885,0.23755497659746141,0.012863348775424143,-5.933509511767615e-06,-0.1017454909551451,0.020445222653325212,0.25950796252371716,-0.18827149020970013,0.01787262549270971,-0.10320998202423495,0.2315897442145089,0.10550541016939145,-0.9065554575560217,-0.04394551502897853,-0.13427638469258107,-0.6098129802799181,0.03985821345764696,-0.0164545469954437,0.25446934537656646,0.20225413709798096,0.3219361175318915,0.04297152417233353,0.05831989454590058,0.09666849982125365,0.023486709115605173,-0.11804423319211133,0.03287557047487968,0.04554266071347879,-0.09836015693641093,0.7841882833681268,-0.09471377386261416,0.0,0.17161182529993702,-0.01555574917368939,-0.009763578272814684,1.1988892990168272,-0.026172932711587084,0.039565631541523934,0.0,0.04268166191918738,0.004252142005842346
ACC0355,0.22498291636352732,0.13181962089019086,0.1264833583707562,0.19066339796775902,-0.055895879180516875,-0.003988428517230009,-0.043123854969428166,0.5296835161569317,-0.07678338492390241,0.34437885969054094,0.22528237600721895,0.1599195210211644,-0.39300495614207387,0.990569268060649,0.05735777973913126,0.5205015353601605,0.9384236525868737,-0.07790631830525115,-0.04519293656427704,0.10219497749593573,-0.07889722288712181,0.16204080150626315,0.10864503072055616,-0.06698833684356159,0.11100664801518408,0.04975649790151104,0.031578279025585326,0.1879239663034893,0.13720185334288512,0.15875597751981796,-0.15991208331253146,0.05872227636238839,-0.9283691380492247,0.20800072323864954,-0.030242963437320882,1.1508597598393935,0.6396119395298588,0.0,0.07190511781327917,0.2969488177151273,-0.07531207512171878,0.5784621427258841,0.03564861163601373,0.001210940243339955,0.0,0.0874651313279448,0.0015857362167266645
ACC0356,0.23471809753684905,0.043041782818047165,0.4301256234873942,0.2048000891070548,0.07433889679510586,-0.16005723505290237,0.11962199483971887,0.2727161847857104,-0.009756168498220062,0.22626484411784206,-0.07997587201761912,0.2717785450746087,-0.0826415909454547,-0.011141991043430027,-0.005417262886048836,-0.016820742829541175,0.14322249996846778,0.142083914368837,-0.19726851006260498,-0.026958289320436344,0.3410038631555023,0.10830707743432928,0.28704330712994314,0.06054353730657708,0.47195558979673424,-0.03037844407741288,0.6629084459495342,0.07107306357565128,-0.03636622714695548,0.034738357526363735,-0.0008457414667317502,0.018016349760383504,0.1856215588025178,0.030592112992634642,-0.020582961752307862,1.1457265134662373,0.36115057195178135,0.0,0.3033603100678539,0.2338420636397217,0.0887417109143865,0.5418022457527966,-0.30218054712631665,-0.0309830475738298,0.0,-0.005445521679525134,-0.0011389666087077712
ACC0357,0.05618898862958081,0.15091120127240346,-0.0375600230349695,-0.3482118011318494,0.23855781015017094,-0.07895343860840681,-0.08049537337224802,-1.523100213459541,0.14357356284696296,0.05758328047211375,-0.07096465155702021,0.03181083966412472,0.019069949948610596,0.023649928827425767,-0.035046453667965986,-0.07765747535129568,-0.582824840938446,-0.02014341842933852,-0.48841307407537055,-0.05505822788529996,0.030191545755208504,-0.001670399336249592,0.11496341703635317,-0.04760887959943296,0.0719449360119856,0.008634062789032112,-0.3746895749285842,-0.07834795640580389,-0.09944012598934235,-0.19833928948952798,-0.03713954640459109,0.19543473720649013,0.1249482635751091,0.05646467360589946,0.06924516463965992,0.2681126397858629,-0.8078370424286088,-0.00027568138974595584,0.045446840008544875,-0.003540351598959021,0.12630666919272135,0.32026800867959265,-0.4576005522922543,-0.032112496861688294,0.0,0.022387453866213637,0.0
ACC0358,-0.1557702778023951,-0.025992251253002963,0.10270031762002023,0.24713164030005114,0.09582314418118132,0.10116981952462668,0.49501500517675906,-0.3371427870385558,0.009194983763665183,0.1518732640535005,-0.042001222671400225,0.09513582476528745,-0.49573275343316636,-0.08727585878038231,-0.061532338871998285,-0.09198086285999325,-0.5463411250727094,-0.05316366858553303,-0.23856183743256956,-0.19256595139995886,0.1936594839853656,0.05674616618948194,0.1282999195249327,-0.10826469417308031,0.15081505450664348,0.07536015491993762,0.5002221676653742,-0.131203069177929,0.018852033397398382,-0.763843110793765,0.026442112639561564,0.08800893586416002,0.25642470517662996,0.06909328624780313,0.09973401072394877,0.5084327396149805,-0.20993110649723806,0.0,0.03967605124967121,0.04947205786936763,0.16398654512696273,0.5068040741021044,-0.11653156902612671,0.01647382087039408,0.0,-0.02338401658326205,-0.0059475019613956185
ACC0359,-0.07144120987850087,-0.053462841974944754,-0.48181974470058625,0.30198693527592263,-0.06973510798959182,-0.07840786898975467,-0.19111191046587864,0.3240988232710011,-0.442943365590857,0.20681262013988452,0.28215150627379587,0.13978124092122834,0.45459108979979307,1.4066080169737094,-0.031104933447244323,1.3115737522000555,0.3857734370101715,0.14792809381028318,0.11770324013759913,0.028043974004629532,0.06407288531075675,0.24193539622012894,0.17587884181230176,0.10045020395201106,1.2523699569555629,0.11442605991712843,-0.10322532679978536,0.016052255907515262,0.2785616815733359,0.2958055840818225,-0.03955947148153595,-0.0924624041966307,-0.03187705871673483,0.06197092669556316,-0.0032027155772737367,0.7582050637595263,0.5854868652105073,0.0,-0.013487906620995757,-0.015480984816042556,-0.02563352268125789,0.6823038208076,0.3505312451521008,0.0,0.0,-0.01813225067400318,0.0
ACC0360,-0.15164822262532976,0.014101884411614134,0.2099264540907201,-0.15613504648461113,-0.22409138712836177,0.2066828447244599,-0.024435549713030552,0.4592400390588103,0.08332047433605921,0.11376215136262455,-0.24334270079533593,0.15606710612925237,0.13765414547968358,0.8106051410455227,-0.11788949803411307,-0.03882928020425653,0.07835760587769618,-0.017232211712854707,0.2149141413180968,-0.08307390606985673,-0.00798111529192348,-0.012686510819763101,0.16660332757679353,0.006417405449303904,0.0330302138225006,0.10316722963805257,0.5682678009956142,-0.012351997505790864,0.04027714708718577,0.11612574773026423,-0.11252781813783289,0.16908182195277088,0.38861624589384236,-0.06117678656615975,-0.020320362664249365,1.2674858641932985,0.30826561240945066,0.0016584674281367173,0.04028101944343625,-0.05247422341627432,0.3097778275732585,1.328394810181396,-0.01958353103716727,0.0010396011416146885,0.0,-0.011296627892133563,0.0
ACC0361,0.26769990030512697,0.053056137119050745,-0.76634230305934,0.007367562220383715,-0.08461394580736424,-0.15332796544293847,-0.08483426716463353,0.40660348798184104,-0.07637733486507346,0.22778480441966042,-0.12165136471854103,0.35300312587331595,-0.3646155001031456,0.31224692436599355,-0.37377947542419887,-0.696254612194873,0.21441810439376865,0.05083848252920749,0.08340758187463697,0.09581126506695656,0.2145873440100623,0.4880291189943418,0.09584898470981891,0.2540999919621494,-0.023568696830882967,-0.07740025950268797,-0.012770747398213746,0.016910257297632715,0.31469704899326517,-0.04280423756125796,-0.08447250591432892,0.0630898515656073,0.0512430520884113,0.06187636015489474,-0.06474788057557665,-1.685259117843682,0.4773162423852455,0.0,-0.07961739774339575,-0.11661862928646052,0.14891947380459322,0.2814610898736184,-0.0015832189587957983,-0.004682125386357026,0.0,-0.023317443462467842,-0.0059475019613956185
ACC0362,0.23576443346951484,-0.41987518633381815,0.4961339171643212,0.07866201439505872,0.18515256319876514,0.007137144659984185,-0.04083243760710673,0.12022150532838925,-0.010282280617769991,0.03917303174083133,-0.07713342675576085,0.021544964956309896,0.1473844685975747,-0.2626911250447831,-0.020528995717958142,-0.3052020825848501,-0.15223775443775336,-0.04035494322791288,-0.4134222553383758,-0.04276787771736045,0.05213263320611972,0.11390228160547812,-0.03337473953683762,-0.03489314322077562,0.184356523315185,-0.12920000404760767,-0.8940632687595833,-0.19093325426610191,-0.16584121572398808,0.049438510778787435,-0.08874722980169043,-0.2818262339528294,0.011577275514380689,0.0334803096189404,0.059541445854969365,-1.35349161748603,-0.5102762039269975,0.0,-0.12258587516314234,-0.023125268921267872,-0.009751828885412026,-1.0870491438233043,-0.016731976427703382,0.011871665119492086,0.0,-0.006507297117569231,-0.0026086009425242505
ACC0363,0.1956477320844637,-0.23084390905623903,0.02726581146977773,-0.5133548203318334,0.0309431990930419,0.028452563665736355,-0.08858351352245943,0.38138830365481974,-0.8286011272769318,0.3027560526546567,-0.01088846505036492,-0.6103746881712445,-0.043171215920979285,0.46816506050363116,-0.09227864043171033,0.2519711169757263,0.034683526898052715,0.03039762713033632,0.07362033342587579,-0.002751619755008999,-0.030140835413306172,-0.5703559431664849,-0.04443523313740483,0.07830918727873387,0.1600230755004831,-0.021801890839890332,-0.1084863153241124,-0.28304662650284795,0.3679925191486115,-0.708224492080805,-0.014902842326329671,-0.04443138591426051,-0.06263033756895078,-0.28829782345576355,0.030543583947188622,-1.6677475821578838,-0.5859835638435388,0.0,0.06038508291548365,-0.04114032300385771,0.14359695660454438,0.518738441093445,0.08653050371333015,0.0014569552893506092,0.0,-0.07893491420988161,0.004628972966860478
ACC0364,0.06968552510269035,-0.08023046509866383,0.03750741260064229,-0.012825431879110425,0.6007978109453279,-0.04861283865287335,0.008516930566807327,0.683434599476582,0.18577315753411117,0.1301289084201985,-0.22008316004725892,-0.04787170019579851,0.16752722219743588,-0.20576032986689216,0.058904570006233024,-0.03717702937971575,-0.11234974709470644,0.012602608762254013,0.3150483424909357,-0.018941394429679664,-0.011633202461550973,-0.013004373380872692,-0.11330654464095141,0.012673584547187013,-0.5386191539751095,0.2006354815883971,-0.26958358559314566,0.28753579110823557,-0.14744043865468578,0.13476239446867377,0.0015915606335787076,0.2629872167554187,0.3058481450042026,0.013947755845954762,0.20176484923600263,1.1264002914764033,-0.4214517595927484,0.0016584674281367173,0.04686864160609918,-0.020955303006946552,0.3858815355437511,1.1398915032668253,-0.051320927445193266,0.02178692717197756,0.0,0.03811906057514681,0.0
ACC0365,0.17849470036730045,-0.1576255691063127,0.08293561000978489,0.015378107178479658,0.03867323872994855,0.0030756502153303934,-0.04072797254376862,0.671963340174395,0.11140429373487742,-1.2158023398171278,-0.16213658595523792,0.10836498594361955,0.0010022566930007791,0.11843471499892237,0.08738686158364639,0.0935019292266027,0.13415902006282301,0.110370796798807,0.04043658441233715,-0.01745825137507012,-0.11104680996341267,0.6413688457333272,-0.054103616219963103,-0.05638198969472061,-1.455475151821053,-0.7973240991759768,0.3909249284787947,-0.1641090806394408,0.042430517122183015,0.12223671825148849,-0.020879280408019597,0.0797330375445227,0.1379219752659504,-0.018434982952905424,0.08887876183233828,0.9104332788158234,-0.33644353802029653,0.0,-0.06609585200490609,0.010153123890784457,0.05163598207612961,0.35931654429934995,-0.012541387668725703,0.005488541609264555,0.0,0.06849873831521232,0.0018459206846622206
ACC0366,-0.21114566377753435,0.03168286154122892,0.011711067208408019,-0.09552920515146282,0.6708021506332084,-0.06252094470349813,-0.08165648440765974,0.5514213342122298,0.08041715090795892,0.07846045922175955,-0.15245907105747586,-0.037491186012395726,-0.15269856717340768,-0.2676108119252709,0.03771127289809527,-0.09861781876586591,-0.004387480358183261,-0.021100164059697158,-0.1150789495200908,-0.04454865426120578,-0.03275593071728444,-0.03590892194972794,-0.038565201635005646,-0.0680258425180352,-0.8571400109399311,0.2010810133769024,-0.2870876436017534,-0.2722327182051837,-0.14865128549601037,0.07729687073658663,-0.0012967224963280385,0.19535457583191013,-0.2053271093871417,-0.1252619443223247,0.21579410394051185,-0.7747692899005211,-0.2085517548276283,0.0036096055788857966,0.01656516886444519,-0.01746620670167978,0.3970693938823653,1.1032550721378358,-0.0739854140103471,0.016319401520388684,0.0,-0.040617195325973576,0.0
ACC0367,-0.00883034699394981,-0.1117961705149359,-0.1594027833145152,-0.15291028598548123,0.01391180452027153,-0.06923552939661724,-0.10049100385807298,-0.7095937183432186,0.05903894610815415,0.0214527789875363,-0.06522815172397206,-0.031237839854610434,-0.02036889451010497,-0.31662319608903905,0.06565096495119992,-0.04063416904548345,-0.4233265983090406,-0.030654596823665975,0.11488589749299573,0.001970499934732111,-0.06101777894220679,-0.032306539433237816,-0.0835980562084946,-0.12013140378265655,-0.015384500728317279,-0.6593528274216232,0.43096142414167987,0.30316364671268436,-0.12896629616639285,0.06871504094192886,-0.20795834101411892,-1.1685804037477148,0.17155558189087833,-0.24664464636760614,0.004327494423749361,0.31155974441173667,-0.1869642030761012,0.0016584674281367173,0.010254274130081458,-0.014412595395049304,0.35587867830119374,1.4554854337627605,-0.11200194703809234,0.031551550672324694,0.0,0.009990474681355034,0.0
ACC0368,-0.17946541595475538,-0.03374887858417053,-0.5050809636597651,-0.1112988168804267,0.5721682474922458,0.02328600453609739,-0.087873067722088,0.5122883535769783,-0.0020244943059827642,-0.6398267998802485,-0.3688252806759983,0.059870522604439175,0.20635823886683702,-0.24654221593659567,-0.003435385318463709,-0.0471024212006986,-0.04367910077672281,-0.010352222551615163,-0.15870231046908048,-0.017939107997456783,0.014156177676393449,-0.01246592257310324,0.13419063655896382,-0.0009880404530597658,-0.05246514629921934,-0.4780223638298421,0.43780843923758145,-0.21128113286250794,-0.16939633716955746,0.42959770739411585,-0.023580874884286493,0.17107296110094714,0.07402642322288319,-0.09585156931105314,0.16425328848544535,1.1226393274370043,-0.2778116505853991,0.0016584674281367173,-0.014012243823055517,-0.02508840561399686,0.3490314721457919,1.0351721592806595,-0.09607034218205475,0.024632652254185414,0.0,-0.005459898498200961,0.0
ACC0369,-0.04033912889904602,-0.16688158188477117,-0.01739891515565236,0.1330368733548281,0.4243031697771679,0.0011905994753676798,-0.03388963016625542,0.34615966377893315,0.25852759449805807,0.18487371400993813,-0.011329603429726692,0.12195461715183081,0.1360034513761869,-0.28361458176294374,0.014668483126486128,0.0708596031641803,0.008263967568297278,0.022963996204213733,0.27705113734347564,-0.00777177393454489,-0.2195979891647128,-0.12442592329907287,-0.24283764073719294,0.0299708676924075,0.36038810495742346,-0.25070335046236386,0.34020128145803685,0.0047736865974595324,-0.34494985930831235,0.027811469323608683,-0.0587523430684275,0.19459564925683007,0.06428254016179501,0.055266761369176694,0.05502924193926706,-1.5290912055604182,-0.8753333748785195,0.0,0.07226077432619853,-0.0009854811225020192,0.009549510984957814,0.7552607338391187,-0.19054710309704634,0.0,0.0,-0.019071786978034626,0.0
ACC0370,0.23254646201762075,0.15657243614633454,0.0015764077793459306,0.09657131299708484,-0.028485438194339848,-0.0057957369318081715,0.09248236548097623,-1.1386620025792813,0.15133920460293024,0.40608830862045353,0.37358307148592,-0.2908902263103412,-0.36475564601110666,-0.19656596393587808,0.11930763024899661,-0.08817314334944149,0.057419128418944365,0.14051843341718867,0.13218190304911626,0.06706849251266321,-0.09234696518900831,0.41719130387981146,0.015472048003568658,-0.08008974157147658,0.12666083551784427,0.38289989963195376,-0.16281939048063146,-0.12700329413072975,-0.28005178953299725,0.47356240488316115,-0.19405038201181501,0.2910004769063032,-0.2768748466550721,0.1542073717901712,-0.06291537988114128,-0.8960881274480195,-0.3377647455116082,0.0,-0.0402483456281656,-0.041161630061056775,-0.3006285524273982,-0.6176090540139662,0.08241919129526418,0.006012560752126703,0.0,0.13839306599619156,0.004628972966860478
ACC0371,-0.08670148081195511,0.1302747414380992,-0.034413795108022185,0.4736542293134981,0.08395354833455723,0.25329717455750095,-0.0781153603359765,-1.6079492222699425,-0.024046035182948348,-0.5745486717161841,-0.09563885016933865,0.07363449547282247,0.10529871496992037,-0.1005065020574948,0.04318723680959469,-0.04482426844524177,-0.3194307993880952,0.26788589926685674,-0.3033250714112803,-0.0498445652711329,0.10177210837134613,-0.041859253459510644,0.07976041687868643,-0.035993907729850186,-1.658785151746045,-0.23229787594313328,0.4937378527073832,-0.03485607734127999,-0.27347171139003434,-1.1762952229613208,4.601454676557274e-05,-0.06836390529343157,0.14379969943642332,0.09641190289744556,0.003789856611288094,0.17130131236441518,-0.4267444321775895,-0.00015064018796832565,0.06711904200543993,-0.003540351598959021,0.12069390896747104,-0.06665907803050478,0.1736878476182945,0.006493033445190731,0.0,-0.012615458888528273,0.0
ACC0372,0.16672710743842487,0.016778129142294936,0.1005901757367722,-0.031276964790692925,-0.5778563591342402,-0.0967539298579081,-0.020227134274505888,0.5889828935734754,0.10907736364656971,-0.7736985042897461,-0.2624069233868781,0.04788008628526331,0.0361707088660825,-0.4955251290727337,0.03963594599368952,-0.023685023771038198,-0.07203945622429839,0.0394487509275714,-0.26692915072720375,-0.055379832542297454,-0.024368365278154894,-0.017951329953509728,-0.08403397467920416,-0.030809394499459717,0.10154012221007147,0.15627454910246438,-0.34647255645845365,0.11831743890349433,-0.15433640066452986,0.43809335072355465,0.02560068377248167,0.1987977438052474,0.18825694398158369,0.05294843258596073,-0.04503948732062817,0.9540984045696652,-0.474684162139773,0.0016584674281367173,-0.012969765332542044,-0.02666534110978248,0.31814839235377224,1.123410874255278,-0.08420832739211875,0.006010695220579541,0.0,-0.018526503712365628,0.0
ACC0373,-0.23755537139410587,0.014452661947786449,0.18881691104141732,0.199503306321929,-0.22185293642519976,-0.10305801507497234,-0.1067540333517004,0.5472846732807577,0.1889239436872226,-0.2530331939063786,-0.03935474902163587,0.14343588576784727,-0.15014051441713427,-0.26630638193831824,0.02257689923568922,0.07855192456982915,0.19471359379342915,-0.00028301294032759185,0.4400936801095395,-0.04516786155026425,-0.07116491407943089,0.22897628044571153,0.030002821253200196,-0.04081701583226065,-0.02117435787702363,0.28290926898301044,0.5690291776606436,-0.008594961277112163,-0.0284883050717928,0.2725635394815376,-0.13565421421985327,0.0668152690085685,0.08498440845337571,0.06179871644297499,-0.03906181084294902,0.949653686518792,0.6902060120951262,0.0,-0.06055815221575073,-0.001523995397093287,0.008036469441070062,1.1193496390250346,-0.046771744681826787,0.0,0.0,-0.011770303415169136,0.0
ACC0374,0.19352567474486984,-0.07758021604308436,-0.01177396999089077,0.339870250363976,-0.31524574489124013,0.0280260913214448,-0.03977094729346774,0.31116760489365897,0.2802260825842428,-0.04610279555708458,-0.04452689563568513,-1.2595866704520642,0.18265445765735622,-0.4425918575995746,0.025935465060339592,0.11952960194774821,-0.028725006294311052,0.03035259805087391,-0.9285962141509977,-0.019092450793078825,-0.07929987147165496,-0.05481238996934898,0.2083168372294871,0.056484657073445514,0.04185933134093147,-0.13076393775026687,0.28280580822873397,0.16928742819971873,1.2014112467051778,0.45094841546736886,-0.028059591637991266,0.22287357950497658,0.013808257791501558,0.023510725183067654,-0.04667965929288631,-0.7049370497717939,0.7318290961138663,0.0,-0.06807383445438513,-0.0009854811225020192,-0.0014431501848049797,0.7743274712054177,-0.23652595635204413,0.0,0.0,-0.013331673016280354,0.0
ACC0375,-0.19352734712479022,0.042447612319805435,0.09830474569195036,-0.2596313172799968,0.3177945886541695,-0.008177813320498883,-0.15243252965426612,-0.1211780058407228,0.3992327230401792,-0.2855357540003519,-0.07020873725697997,0.16910579827557937,-0.09597586335323473,-0.38872397007450965,0.005944951916718955,-0.6307760895171588,0.11663104242463646,0.018853765699772814,0.34726948887759546,0.038168161305290965,-0.008358061275384776,0.18458070507735738,0.07088302685813663,-0.021595973077489318,0.08477142723180303,0.10305469768743436,-0.6564931678628347,-0.063522617167634,-0.5594145614608519,0.004604165697192109,0.1571081135097907,0.1180534274449225,0.028135139516480515,-0.056290503267885025,0.031045399212532868,0.8673218995694147,0.6891943058324465,0.0,0.023760940670819696,-0.001523995397093287,0.0029048672814941884,0.9456104583592302,-0.05396283039706702,0.0,0.0,0.026771671832776373,0.0
ACC0376,0.09700457068547862,-0.28370838657679825,0.11666528117917191,-0.452971134191269,0.0907217918509057,-0.0011742412418105858,-0.10296308561687943,0.12110342710753974,0.13667709659112673,-0.08832727786275227,-0.06377828970499184,-0.3493645068334935,-0.3146035816127381,-0.12723895879287817,0.05747314703088121,-0.02116423142245663,0.2909780922120291,0.06645808462998982,-0.09196371583597944,-0.02472220638730365,-0.09381122116695229,0.38001009765959015,-0.12245485865140891,-0.12194054077828616,0.1951719383616364,0.2873489730288147,0.2646548863433584,0.12946462348757884,-0.3077524175440907,0.0626933749840005,-0.2509653208487087,0.1809329247757255,0.12187956247053239,-0.3193870411373487,0.0751938829206903,-1.775974543650891,-0.1533253213304986,0.0,0.10066367152590608,-0.04322608055803937,0.10697426982532797,-0.9230768135725094,0.1489505693465502,0.005488541609264555,0.0,0.06252351962357286,0.004628972966860478
ACC0377,-0.15718285856180958,0.0789167469587343,-0.09060249682173183,-0.5164458141479704,-0.08889084995670024,-0.10607492008751694,0.19890405605402464,0.4338644833518899,-0.23135161627577244,0.36223514706823207,0.6117054668378678,0.1426727649142425,-0.18096770937393794,-0.013818739627013795,0.01178869206642009,0.660206488892354,0.7388776081181243,0.09997970811610679,-0.2999931720309976,0.09443895244555689,0.03987530542047622,0.189370798864003,-0.014542994717558372,-0.35586207580772683,0.1241925074294859,-0.06377099605699699,-0.10637741371481432,0.06011249558856398,0.564856129550501,-0.27941728102282304,-0.18521749607218996,0.17087496755026946,-0.07780039339768291,0.01683469042642939,-0.028992881452965927,0.581360189773602,0.181719719887768,-0.00021192425393969203,0.04125427710697185,-0.003540351598959021,0.039826693823612286,0.47396783070228654,0.015033690236681649,0.0011381512358481618,0.0,-0.00990788325843268,0.0
ACC0378,-0.031061484622311977,0.06517190610359717,-0.31059735600377397,-0.18986191543513276,-0.28699856215812625,0.026811870611897194,-0.20830808641682888,0.07248484138373279,0.06895925356142005,-0.2542480139903517,-0.0154449161154319,0.053225223617334394,-0.4513344207055438,-0.03207390662879145,-0.1489542930467936,0.03028013703913545,-0.05696508630245391,0.34973195831390846,0.14333675952692407,0.02793538155772978,-0.02659131136938749,0.011289909534471393,0.0050991218074495775,-0.021362100307359945,0.21292501465350847,0.6336268477634535,0.5172679983212908,0.07815345291251868,0.019250012486026064,0.025213772181848604,0.11990776930419361,0.271800110919292,0.03115844660564885,0.021784404275211916,-0.1325652713692879,-0.8444788531331598,-0.12314493551939747,0.0,-0.1217008673560288,-0.04170571292166454,-0.02379581750254649,-0.9397827279673329,0.03345001889780775,0.027857595206375506,0.0,0.03087063051020015,0.0027825076720258664
ACC0379,-0.04069403405775175,-0.13035796409381034,0.005079736568425711,-0.08646160646343219,0.4268093722636784,-0.08998707077317185,-0.10402002750162578,-0.5551642589947479,0.2772461771973563,-0.4615472446050714,-0.21328345419874056,-0.08060401864102242,0.020610474393032284,-0.2459153845149736,0.05851149551832532,-0.13159972647382098,-0.13150738271023785,-0.07269327472443243,-0.13724410699715225,-0.06572766239412059,-0.010297936987097668,-0.027424295681678923,-0.027680786854763134,0.009534758724981019,-0.16705287593611162,0.16824574609422138,0.05610274624451012,-0.26028123659495106,0.16568684149416138,0.02252150313347641,-0.1605748673078233,0.16596733925939483,0.19789827473439128,-0.11433806355155014,0.09159749981945274,-1.4164270289683056,-0.05512083358486061,0.0036096055788857966,0.01875520601799917,-0.01702031838196187,0.39146470953274437,1.247562042504528,-0.07753342969706131,0.024632652254185414,0.0,0.02268827533957405,0.0
ACC0380,-0.10601698931563894,-0.006037256890761338,0.15246547468821423,-0.11291239563074335,-0.5999257380730691,0.028380667072848923,0.28106174183487403,-0.7219475478823996,0.04743101098280383,-0.08052361483995803,-0.11085731584551031,-0.007348805001630503,0.07116894667746561,-0.22302651834199488,0.009182567357788121,0.16770496815420577,-0.9918722989696103,0.041560726642767526,-0.6045029763746753,-0.0850525052897003,-0.14283095995088538,0.08685094253689453,-0.12231801024363101,-0.06105687217268083,-1.248009559230433,-0.8868292561707258,-0.07181463996302923,-0.07523765020432528,-0.13649111468597117,0.08833445231356775,-0.01582621685996314,-0.05511947900528794,-0.014414593283760874,-0.04354289432387234,-0.14227461827941676,-0.10283458432702329,-0.3326392045483375,0.0,0.13567954931592183,-0.00850694244625932,0.01865539360461684,0.11449963740567903,-0.0860465732603596,0.03610697623505661,0.0,0.009787775763125438,0.004252142005842346
ACC0381,-0.06736766853253973,-0.06544411942048088,-0.4988099093466328,0.2728780986266016,-0.28018038307419413,-0.08554422656161915,-0.09087143183880288,0.39050451936872876,-0.46536335169735565,-0.050187990724577684,0.17244133895264718,0.14530675504440405,-0.35392723513040814,0.12089524936206111,-0.03313833602738794,-0.2501622905478372,0.37591833034357125,0.04876711801117428,-0.1749333084473769,0.024788227339789363,0.07518688894943344,0.22197179522557628,0.17273158974485928,-0.9823048588951858,1.3316580407974783,0.08417616819292094,0.35407071627915926,0.10602098158108479,-0.5023032622762852,0.0037601335257691692,-0.1099118615041467,-0.06268556217426588,-0.06402665443188137,0.0710320163408515,-0.043296943440659666,0.8671358250604759,0.8235134116559804,0.0,-0.009665927262394724,-0.015480984816042556,-0.02563352268125789,0.6738124744075299,0.3505905279862083,0.0,0.0,-0.011226895926816992,0.0
ACC0382,-0.2094200244908261,0.018102331781641577,-0.5805850866546429,0.11754573863868374,-0.026767331870806106,-0.19599339011889774,0.02472115967985399,0.1805002049692377,-0.03334251625776662,0.1047385848584363,0.4747983643929825,0.2186897554087991,-0.3431791965205806,2.2352367366619217,0.011102231420607617,1.1784863424570156,1.1883901792884055,0.05531758185600027,-0.08869119345841757,0.08501289784461165,0.14420882107530122,0.06577723728738713,0.09723500503744405,0.12212542272778566,0.15425445250670852,-0.03051077049071158,-0.16051408627899694,0.12108914464047259,0.3039196454022053,0.07230971092405357,0.002633331719814346,-0.11188948951734225,-0.6063432564825055,-0.06532355605800373,0.009911860972477583,0.6362621903462045,-0.8576883350383344,0.0,0.18560751662338681,-0.08786064806179371,-0.06679232261499263,0.4331188531244436,-0.06540377666264291,0.007280563724950591,0.0,0.011170492431869275,0.0027825076720258664
ACC0383,-0.12021806416383478,-0.023019421736456987,0.33475367918391596,-0.10755416367231305,0.1798360880138742,0.4253899013609809,-0.07992599680665188,-1.4488661090923547,0.05394284490718601,0.014354591238943832,-0.08355900780742669,0.04421662046531739,-0.30252008174867806,-0.21886030964749414,-0.17324642280880326,0.808410390839641,-0.3297505875388755,-0.021144862772554448,0.04105092079022608,-0.007656969805818459,0.13595240276973203,-0.010640716428334798,0.06574263709093935,0.07142856344352291,-0.5370312735445163,-0.5017820497437636,0.18051203911035102,0.377791275175151,0.12416432493443415,0.09348806418630455,-0.05751037287645827,0.15772481132545577,0.08090199412210881,-0.1464943765072693,0.018516215237391463,0.3123012779708206,0.12420488723442034,0.0016584674281367173,0.0005668448424785747,-0.02189501029374791,0.4094419416820109,0.6041290929674065,-0.0181495273093033,0.019189442276268624,0.0,-0.028784347025919938,0.0
ACC0384,0.13133372032364984,-0.14898676994079693,0.06712646674542282,0.06975552126285421,-0.034559860113404645,-0.0004980059884997678,-0.03946677567867167,0.5152164389632883,0.07397038941116874,-1.500764731161157,0.20539147212728648,0.11997211562640417,0.026236790145886462,0.9080049556287291,0.022897629854837016,0.5287520298603889,0.13648381390064332,-0.053036651455929354,0.011305806561244296,0.1156822441675874,-0.06789345885336324,0.37770356508862757,0.09920002597183346,-0.09325898904445129,0.2675014807034076,0.05960391608519597,-0.16153971197263875,0.015284076739935613,0.09428310819477416,0.07630568011588663,0.047633119536632545,-0.005248028348218097,-1.1510597239715943,0.12879688277918114,-0.05980206795539547,1.1471546146725786,0.35675943235944946,0.0,0.013932906337192246,0.2861029560529061,0.10675476149024526,0.6342008338278854,0.04137133629925736,0.0007850810327817237,0.0,0.06030753720244588,0.0018459206846622206
ACC0385,0.2473058480134158,0.005284722613721482,0.024066384966006077,-0.194388620051245,0.0905934132652391,-0.042559005161953316,-0.020479304495802774,0.544884287471022,0.16004497126809608,-0.03684450243407831,-0.33058559250527025,-0.7142562840337603,-0.07691901676201725,-0.4927784701711601,0.06905080398420334,-0.18814096579810152,-0.0801826329391926,-0.0030210429450947267,0.09093212972359312,-0.06957309279530607,0.13716606529623213,-0.008491626265106826,-0.0496738167168299,0.1064218997643694,0.0022766892783248993,0.2189795035936529,0.19627825863008513,-0.325910861335142,0.05841678500169707,0.11595993059308399,-0.1427240028376042,0.15579681400490794,0.05161134308072155,-0.361721054141234,-0.0024109283791389135,1.3152663638507078,-0.0193435978997121,0.0016584674281367173,-0.014377396372471825,0.04509357355363738,-0.9262682323154974,1.093709349393096,-0.05697657400067316,0.007724400381722721,0.0,-0.005621306418192161,0.0
ACC0386,-0.19724374271142933,0.021388609953510006,-0.5890632825867484,0.15810029784022117,-0.32081623401524034,0.2074408333388808,0.5259877675496815,0.1677931047254125,-0.22788001077259176,0.08806918414973644,0.2583089565477003,0.1886926728898997,0.010369342584388114,0.563995720400043,-0.030296356921918167,-0.5411381796679617,-0.06910576242974974,0.012406552751416505,-0.029787173091525752,0.044910477724057325,0.018288496400300266,0.04722103912104793,0.2263654316383028,-0.03885782147399883,0.6826689480335786,0.0394189944556253,0.0706818046829413,0.012103224827368548,-0.08728024711904328,-0.846196792816682,-0.021244615501798327,0.12551018039542924,-0.6586371356319564,0.3910319265649985,-0.06970926402257911,-1.442840015562995,0.35950543376000615,0.023228061740990867,-0.04991631131852393,0.17496309419654119,0.5782879554893928,0.5751759991920612,-0.11515308833890804,-0.009868530810228107,0.0,-0.00424857887642424,0.0
ACC0387,-0.13506615450899637,-0.06593754344884112,-0.42553872488805666,-0.36203312154437645,0.006374834495095835,0.08354818914190235,-0.08416695354578528,-1.2438704061824062,-0.05815428076852994,0.0011978764997645482,-0.0004919277195052081,0.08111715157149056,0.14566828353095143,0.013023531543364844,0.06844266910627175,-0.06687337616235253,-0.5432268152665084,0.31079378053661527,0.0725689312339118,-0.06834151939506847,0.14829474532838477,-0.5615115290577859,0.10037174490479885,-0.09113930660870402,-1.4768895581525885,-0.49460184013743946,0.21557727341391403,0.042444942466072166,0.1868219545933701,0.02376509039969305,-0.06025487803083159,0.13939581847546664,0.19529205754651272,-0.20648614886166983,-0.03926872939361044,-1.2501210056475198,-0.33469190587906555,0.0,-0.008619344724828455,-0.014872197834886951,0.1217589663067128,0.055430844079616064,0.08956702717165393,0.0016990787761851961,0.0,-0.07179322151835314,-0.0059475019613956185
ACC0388,-0.11824779566400725,0.0072108908663481314,0.37449648367858274,0.15841811461719038,0.10503241654449039,0.7488126319923096,0.6310834201850745,0.13385842166751374,-0.1368648767602196,0.08783816480770162,2.300405764600442,0.13448280658129147,1.3758219468593322,0.23753106417819947,-0.0020540805790332886,0.3411347789647202,-0.00782750090362146,-0.010136298891993713,0.1586515956233815,0.031706331469465596,-0.007361725872162002,0.08307088689328425,0.13102292318255937,0.02734370766588548,1.3997532855750185,0.02694064134404063,0.022127432497616083,-0.03836509033754567,-0.19826853146304985,-0.016579965224207113,0.11230571943460528,-0.32066181562547863,-0.9737064228030431,0.2594171471070785,-0.038645285236045546,-0.8974583505787054,-0.5636056556259329,-0.01817848310164502,0.0017320113623684895,-0.06275842467738842,-0.4521885036234629,-1.228725755909413,-0.05327507277643761,-0.0025355534591411134,0.0,0.008834222230410905,0.0
ACC0389,-0.032085685453197496,0.10765730902619206,0.04100569789580736,0.5451886614399488,0.17400855364238074,0.003920029417086218,-0.2663236954441732,0.13695195376505914,-0.007723888340376348,-0.05958058514802077,-0.014808621098021895,-0.10988061825810408,0.055843930402559944,-0.16972315898580867,-0.00018855066346500736,0.19898264923673262,-0.3883656741809825,-0.6200639917155565,-0.14779249185301896,-0.0498311433098505,-0.03629125263273566,0.08951492817684309,0.007161662147792657,-0.09253776026248065,0.18919603540679658,0.13695349796246434,-0.2153701895747575,0.016390993376821865,-0.21008752434446315,0.08236837325620544,-0.11552022696136884,0.30137085330895597,-0.35248975811440064,0.10840595540273064,0.09568009625593066,-0.7078542689495165,-0.5480726844562646,0.0014719282740929228,0.02893381469589265,-0.003540351598959021,-0.34632208756767335,-0.9607062381057986,0.0065161422009778185,0.0034161264077039125,0.0,-0.03598534454090981,0.0
ACC0390,0.08949240952853615,0.1510075046362316,0.009902852203752583,0.3582288890023039,-0.2661113661798047,-0.009540946714877273,-0.006753631766872466,0.066244469518289,-0.09961239202914175,0.04707940907775387,-0.02137159045364228,0.04592625234764463,0.03920690734926545,-0.173048840830735,-0.03908037391907047,-0.16749143800215324,-0.43120815996281825,0.04437876694781626,0.05072796253795897,-0.05074788229617015,0.08438964958941342,0.05857629213676751,-0.034621964579092966,-0.06813725758205623,0.48190811295468494,0.10388230190594729,-0.25675041509534585,-0.18327644403435192,-0.19561016674277168,0.2522685025256024,-0.22786523786848903,-0.4013979680840523,0.13434688850590507,0.03921113859008919,-0.13949767773910318,-0.7143025067156095,-0.8763512041209885,0.0003223610578354857,0.026294863642180602,-0.003540351598959021,-0.3408621414732961,-1.0502339001603427,0.07620119748910494,0.004143315607944163,0.0,-0.03598202150326196,0.0
ACC0391,0.09401982918459768,0.025889660453415946,0.03196206011969136,-0.18831800387853304,0.020304680527628183,0.006875931529777075,-0.0854411027622991,0.34362726247088893,0.1788235025731802,-0.1650863333091179,-0.09102977002646784,-0.1846445077934682,0.08604819433277057,0.051370416712672194,0.0018519353257905598,0.13200346737216354,0.15562654602928297,-0.08893674928787118,0.35001295736585214,-0.041878058563977284,-0.003388529234962792,-0.2035119907822555,0.003762951101769141,-0.09105678368092528,0.32556627060905047,0.15798506256111122,0.45279015833389336,0.008488792945382703,-0.36481071407207827,0.38722829206879245,-0.020724723669184618,-0.08174519881472718,-0.07462028385276838,0.05221898314516232,-0.04853654967517526,0.62810844986394,0.9432170077231781,-0.0004895747964695479,0.01404272794033058,-0.003540351598959021,0.2379024380722903,0.7471423860882747,0.07770963724343029,-0.0003031861523167161,0.0,-0.01014759650945584,0.0
ACC0392,-0.15774586826144762,0.1704171386346053,0.04764979540425309,0.06523429294721733,-0.15679107928818958,0.13934571373690238,-0.04951308575429706,-1.5995482184640386,-0.05923803153608894,0.29860292066231275,-0.12739820403218194,0.08568809044897792,-0.10167669833156334,-0.2789086147723962,0.020296821552103723,-0.1806657061656166,-0.12858315909760348,-0.11232021258103016,-0.004027497511562621,-0.013510330212803522,0.30334469696688465,0.25877460981458245,-0.0958641925594214,-0.18989357899345002,-1.7001522837740397,0.26164602977598733,-0.46173831320588093,-0.1005406640351657,0.0696210847950811,0.12362643039252161,-0.012028358479893524,0.14543826624937403,0.3667845626006187,0.08764720741791489,-0.12504753897350898,0.8381023510390451,-0.3098201758388763,0.0,0.04936542841451513,-0.033914736775269266,0.17672215980522396,0.2733295367886003,0.08531786435940424,0.005618753668603274,0.0,-0.0195409668814801,-0.0059475019613956185
ACC0393,-0.17825008583916355,0.05094989520023952,0.18309799664915094,-0.06763217755562491,-0.22122012660256177,-0.004059638738538411,-0.1209612894032857,0.49247082227014205,0.47130164967766575,0.22197873552658587,0.00392908582985664,0.0820043993247991,0.11667043660382935,0.09302766776006445,0.01539185531580751,-0.012545457474201896,0.10951142396600315,0.05309713928832511,-1.4628532169203925,-0.03672030736814696,-0.06488929961714181,0.016862821918644317,-0.050112632940321894,-0.025630228471526642,-0.05466016787907698,0.20488892517514556,0.45252187431372715,-0.11846516473621763,0.3106597058562556,0.2676529663563121,-0.12720152467119047,0.11426461005633415,0.00991275905136706,0.009533870554981207,-0.0290510626082919,0.9259386674164015,0.5056680433105245,0.0,0.025683425067413203,-0.004135723145617157,-0.00992102672756155,0.6055296077817958,-0.1296423066046905,0.0,0.0,0.021311132264890655,0.0
ACC0394,-0.12229068012618853,-0.0052691007550817685,0.20649384618042355,0.1793304642341856,0.26951304279429333,0.3250491643082751,-0.08097098116690522,0.5433520817498647,0.22510991239782122,-0.23944142342728889,-0.02861892425359239,0.15459731624291773,0.30069743859005316,0.11293660882420413,0.017547248310856887,-0.6470082700977882,-0.1459918126198322,0.20277159979689693,0.32801554999397436,-0.02744650256143127,0.15328043757903975,-0.07456055113523966,-0.07701691792018149,-0.02169394663823468,0.09810982734850487,0.19368778157483077,0.5430944797964843,0.025478579370296756,-0.08853269439142593,0.04689475997773505,-0.12623149954615323,0.14310618303520323,-0.054324786590084384,0.08494808694626788,0.03295385220154474,0.8984599588287687,0.7082186255054752,0.0,-0.004450462874434357,-0.001523995397093287,0.010679660899876244,-0.007854985352652857,-0.16910717255005242,0.0,0.0,-0.013035473357079976,0.0
ACC0395,-0.1274633219933417,0.06781382221125924,0.18079276294783725,-0.07027479036877764,0.4676598210133645,0.3170493717888332,0.030202575943577652,0.29196154665409074,0.2888772270338497,0.11328603852959798,-0.018480039568637658,0.06780110801637394,-0.1762442156046151,-0.21060387178696513,0.025665873784678408,0.6505560210907784,0.308332537927692,-0.2838214872168164,0.021319391301870855,0.02724516090675255,0.09427558698813278,0.005417074906713937,-0.2509988544769557,0.11113188674819492,0.047997889923035705,0.16155239364903545,0.3604018484319846,-0.0564006815252187,-0.26209254170239854,-1.3276242164868661,0.10522647517590283,-0.09339762727489936,0.02744172680969921,-0.052683576834534424,0.09084240760024428,-1.393039490530748,-0.2476304655358827,0.0,-0.016479399235215204,-0.0009854811225020192,-0.00117368969324402,1.0656611984688693,-0.023232988565162527,0.0,0.0,-0.010784376215271684,0.0
ACC0396,-0.18537067609371616,-0.08959399402414549,-0.10718090694769403,0.39593655961749474,-0.048772627414434465,0.08109473603005254,-0.03749895618129461,0.48817547909407216,-0.0550471048115389,0.3486134536266585,0.21533752581466584,0.2144585102397481,2.28467053914505,1.0626294141444221,-0.1288645013713436,0.5702486030347244,0.8839484911425532,-0.08595145302485573,-0.05429534096723697,0.17732274315645663,0.16237774569892507,0.19866585081673108,0.0507390982706829,-0.07182981278048708,0.28089784185259875,0.07685146941597677,-0.06438717304267895,0.04716674351764003,-0.013865944916373926,0.07966382744902334,0.052973177369687444,0.004508471625485443,-0.9030495335234183,1.5091719890389619,-0.04204635997013522,1.6529576271347741,0.7112989343223657,0.0,0.004638781215932754,0.3403518405221648,-0.028543048629430568,0.6386872690356041,0.027514622563338743,-0.0003533617213132012,0.0,0.042473935378508874,0.0009912503268992695
ACC0397,0.08677587964652292,-0.026071378906211903,-0.022204282883830927,0.7547439234997986,0.02642101204673953,-0.008010856621267586,-0.021043561096631393,0.27336919108887064,0.33123009144564874,-0.3713886072285218,-0.09140032600065542,-0.09179307355521799,0.1789788089471855,-0.1818140331962901,0.005563340830478473,-0.13154602581171163,0.15073619642614525,0.02562139862400885,-0.41791086404592126,-0.03753752190285688,0.016820104367110345,0.0882806840049894,0.012931751473781838,-0.09933698033498486,0.11486825980053832,0.181432220559145,0.45943187456982826,0.016783494302429293,-0.09876000519707115,-0.28657034823129385,0.30821922598539325,0.10779168029296038,0.16163698805116436,0.08394205675366298,-0.06660691148722094,0.6163871886847989,0.6902816740135299,-0.00021192425393969203,0.06365082468794021,-0.003540351598959021,0.1945226538610623,-0.2065511620248518,0.07130715089363614,-0.004719739952021584,0.0,0.024873098919296913,0.0
ACC0398,0.04439320623473161,-0.07389483145550835,0.06764143799486562,-0.12661709393126916,-0.2806125334662102,-0.03460061459379933,-0.06018079990411868,0.23495256590857141,0.41611634206874176,-0.7374880715519695,-0.08805593031321032,0.15229108530773783,-0.18109511066896877,-0.37990896646843825,0.026508088466360522,-0.2964821650046408,-0.09523862401162247,0.009327198584581017,-0.2703612830444189,-0.006453606823047944,0.024326636463692486,0.044737025666368016,-0.01347673740183057,-0.0871865017518621,0.04199288877761227,-0.07973072060188555,-0.09348443664354325,-0.11102562163457773,-0.38739628790542385,0.33157756448649406,-0.056604785867432256,0.16382995814746307,0.07522107827529442,0.008631497998751441,-0.02845477799882091,-1.3286121311595451,-0.7681110248548036,0.0,0.011619169383083907,-0.0009854811225020192,-0.02148580689912212,-1.4988238136895975,-0.0758505943493468,0.0,0.0,0.060409110617164134,0.0
ACC0399,0.3633334043845971,-0.15804656774483863,0.0558747285118733,0.2681767918383904,0.04662829951195674,0.04930105872655608,-0.0030786833968822138,0.5859739170172089,0.10288374901369696,0.3718434010031153,0.2407719897423336,-0.5735621209155232,-0.30692466987453226,0.8471867580262595,0.096669134916076,0.4686119419020542,0.2580502947434388,0.05249665700040035,-0.06133802416479627,0.22051991426160591,-0.06699433643170456,0.1502043980390406,0.16658360252013407,-0.04961189346764096,0.17408391018302258,-0.001115440182842284,-0.18300160247792654,0.11998148895649172,0.24085853723861989,-0.7067598735118377,0.044544579938989845,0.012555844051439747,0.12697128836054938,0.21314685104069692,0.030049475744740897,1.404180000438734,0.5456469599791193,0.0,0.061546221514954765,0.27012636157675807,-0.35242163367761664,0.6358599798695458,0.021464811426818615,0.0008171331598165264,0.0,-0.06241858108121219,0.004628972966860478
ACC0400,-0.12581816049460554,0.09576363075530657,0.08086672866038971,0.0793724364122103,0.08280824161726029,-0.08069196020190329,-0.09935184903520132,0.09900133159510491,0.1580014733120162,0.32636920172930606,-0.03855275402893159,0.037893716457728883,0.09770462170375085,-0.1552852211450821,0.08034466157759246,-0.5873948407104465,0.6353048959662336,-0.07113762669534911,-0.1054987007494058,-0.08258455005156594,-0.17124851711709574,0.37947999249109593,-0.1204050209602156,-0.09734012348776959,-0.5978745457459607,0.22745644896661055,0.25936135053419673,0.06620281358093612,-0.3028569449688781,0.1732181753418862,0.07602135633795387,-0.23557610408366864,0.2068402926281148,-0.1479052176844332,0.08412627424932463,-1.422111794838962,-0.2941656991938127,0.0,-0.05672084068713415,-0.021150746484291112,-0.4759436917758691,-0.666722495106731,0.10145988999264939,0.005488541609264555,0.0,-0.07446577420256585,-0.02777383780116287
ACC0401,0.15526979006754568,0.12501728589196553,0.27598339000231753,0.04595037277945265,0.06962626626294341,0.10164866846730962,-0.06241754605502322,0.23233304357952436,0.07061726182420396,-0.9894635715927521,-0.058657157194481266,0.04676320405161427,-0.12706349082046928,-0.33913010886817335,0.06997556607028953,-0.13914774341234273,-0.04154085879117704,-0.027527092906462672,-0.11459416845362431,-0.07761646450798568,0.19503821158664172,0.1544426711800319,-0.10049843305318612,0.7510160220700222,-0.13953242240203262,-0.13339706930387943,-0.1482459846067373,-0.08379554896912912,-0.2313786508269796,0.15863656996383657,-0.15966396245770598,-0.11119393778914044,-0.32744452888213593,-0.1556025842504109,0.09381289651860483,-1.2453553824261654,-0.4004847947974913,0.0,-0.03921017270660683,-0.04156788023980632,-0.2536132141187738,-1.045085850768103,0.056201645386639146,0.0028892583540017346,0.0,-0.04477164993082706,-0.006676018471615174
ACC0402,-0.09596592898786306,0.21298921734559773,0.006615665506220486,0.49534957362859255,-0.25967377667537817,0.10063258627779556,0.007677130542132977,0.2781949518167272,-0.07454445323876481,-0.5378938544315224,0.012903155958121046,0.12353828156711205,0.19261450974660707,-0.14609715812359497,-0.03623602171477041,0.03139930544784437,0.2534009750664769,0.04009956575554922,0.5458647975109227,-0.05014814014370151,0.03201441320873029,0.055269164036587735,-0.03480988653886243,0.084368654475315,0.2146810323080265,-0.23229434314841,0.17802844197835596,0.06076988893399812,-0.09002091945875618,0.25292734280057155,0.3081538652883524,0.11526066907613522,0.09349908522454303,0.06307417038029797,-0.12232858068141997,0.4687446045898283,-0.5387764865193171,-0.00015064018796832565,0.054335838280525864,-0.003540351598959021,0.1673511736931206,-0.6663224278880499,0.20027354971979286,0.007439406498851438,0.0,-0.008849630200147654,0.0
ACC0403,0.09178264232053406,0.07127677508381801,-0.020190365515891956,-0.176702058138657,0.06512149763830657,-0.06590593825515922,-0.06928448308202935,0.16255081769436708,0.05233790218666601,-0.4833836868277612,-0.03100621895714337,0.044287714878198985,-0.33848300318291763,0.2238511840947446,-0.026918465966402145,-0.21699753007332181,-0.7390870236916004,-0.03301744986423036,-0.24094404126792765,-0.06780094942560076,0.055987548385206254,-0.4378915069970678,0.1133648351013236,-0.0796067031099882,-0.013116530909785443,-0.15727433260923723,0.1088047450008615,0.04698758129928039,-0.09583032641637487,-1.178742939962915,-0.07224290448172595,-0.10385299046290045,0.1343843695892167,0.04107064017886764,0.005121158589942945,0.3450753645597265,-0.4177636945149394,-0.00027568138974595584,0.019123252397516523,0.002865998913443015,-0.12163232719835654,0.26901436185521677,0.18479634036655226,-0.010984890602935959,0.0,0.02611227203124291,0.0
ACC0404,-0.31344715839824494,0.05823673731331724,0.4973019128233381,-0.1319470296391521,-0.43159159418863474,-0.10864718868274066,0.004395630477927397,-0.8908011858665973,-0.09018765744057385,-0.2494108686672454,-0.056884805017930154,-0.1078590866473209,-0.029192930894374535,-0.32864866771116474,-0.0512332228341489,-0.1566985473310671,-0.02850994581755907,0.02076599146829861,0.24763091888001149,-0.03823675586261169,0.12057382709228258,0.025238403142979204,0.16981693428707817,0.235104823421121,0.05337035278133405,0.2078605293321144,-0.5377568371998616,0.028957981799096682,0.8480094435698026,0.5977749154841627,-0.17407849372198042,0.2188179139357814,0.08228725523416282,-0.026926760071587827,-0.0566220806947091,-0.8387430720989444,0.6494750545218062,0.0,-0.08737209005831259,0.0014166291135966531,-0.040473737702952206,0.6994074750937885,-0.03895500075251148,0.0,0.0,-0.021237498437030985,0.0
ACC0405,-0.07986886240263304,0.12502055826134403,-0.09050438529569116,0.29845917723685916,-0.33118405229524833,-0.4208003139596462,0.05009400302040251,0.3147711919613925,-0.2924407537235952,0.24215392095793115,-0.05405690300865062,0.14364579483216044,0.6709166224954113,-0.05837793141196373,0.03842876900673398,-0.32190196505083357,0.28214347362019004,0.14648559924532475,0.43161905823250196,0.13895432788825676,0.03613908408925374,0.19445431398201365,-0.02412208731685721,-0.03039563571620566,0.026021155312520177,-0.1826403314789469,-0.22385972776984497,-0.020922944596547838,-0.24802928853404294,0.16610158254850124,-0.08625217049828027,-0.1702596660511914,-0.14960220644365754,-0.0003465066114924846,-0.056348667073194136,-0.8781901196031784,-1.0869128273327016,0.0003223610578354857,0.020806352862819684,-0.04080721053536976,-0.29176967782365465,-0.816766891453392,0.02256126909682124,0.0011381512358481618,0.0,-0.012110226794470502,0.0
ACC0406,0.14084953995055055,-0.055289777327290034,0.17462058138191472,0.04248102833279053,0.14225750678676075,-0.0007988333362381446,0.1696063470435576,0.18986544767031432,0.20996244936702674,-0.18598093729602685,-0.08221402816073402,-0.1737982564916589,-0.3516495420571805,-0.19767663023784915,0.01678191388084399,0.26570517126341237,0.4630849209770172,0.04344137133823014,-0.04978405483000588,-0.045772898615012006,-0.09338784245452725,0.11324517866728721,-0.009357574076865683,-0.08875106816177025,0.20263663956773142,0.12113517803553787,0.47679780102128333,-0.021253290875211606,-0.06718869833451349,0.2512783102184598,0.22987498495641315,0.11575415639449721,-0.22679221686115292,0.01978260246838851,0.11222248945975483,0.5789715048783697,0.7355333578568294,-0.00027568138974595584,0.05988390837460798,-0.003540351598959021,0.19384714839682318,-0.9068205922571883,0.20337530009998578,0.019836917142242665,0.0,-0.006875565418602676,0.0
ACC0407,0.10997530131029716,0.15103474077934784,-0.05134165283705205,0.10168515572288661,0.1570001883634175,-0.018538185933037233,-0.11952640662325623,0.23917684010449924,0.33575583395028247,0.49372727516125925,-0.03651806428749738,0.08558051020762424,-0.1297937242490008,-0.386355716152957,0.027904192524063703,0.1482217948646808,0.041979738721250257,0.013381233621731168,0.38701961534170326,-0.008027706856981325,-0.0048931329113116,0.2586087995049385,0.13250729773884592,0.10682630800495801,-0.010017943270391232,-0.04724553735160828,0.13248475755379796,0.04877456125332563,-0.6443600449261642,0.030081591242372002,-0.11372866412690995,0.38807438060979915,0.12378974596240384,0.06173331632130768,0.015655822483122663,-1.4054470220978963,-0.632415713546349,0.0,0.04241214739032261,-0.0009854811225020192,-0.021006428316133672,-0.9874332572845657,-0.04897341913498698,0.0,0.0,0.06834808230460052,0.0
ACC0408,-0.2125065146678493,0.14303140225864935,0.2792189822751483,0.08001936823465079,-0.06604272499580195,0.14442757336065987,-0.08912602317549494,0.15578930178247766,0.1650926906917546,0.36969550613894886,0.3498982893050673,0.0922749806233211,-0.008914934501726002,-0.2092126232841099,-0.271523169110028,0.40182260760451993,0.0061068829013299275,-0.048774323991274286,-0.08300686486929913,0.052536159365028486,-0.1891046262693377,-0.43932172238639916,0.1872847880808964,-0.09282477005183913,-0.04832087301684938,0.19713098674048682,0.3203659847673484,0.01731938977006296,-0.1338579659232323,0.0005995630498041566,-0.18948628217455118,-0.07277934067486831,0.24697726324550393,0.12825099630565606,-0.0440186969111996,-1.718237552739729,-0.07567438292527996,0.0,-0.011761960391100819,-0.050001612397036196,0.19476508387271546,-1.1513497307703169,0.05530393488029618,-0.0020046577273738217,0.0,-0.03162891185766366,-0.011328063706434969
ACC0409,0.19501050678965046,0.2033042548853018,0.028431554877417407,-0.14281320063459668,-0.002310698958519499,0.01897213810282478,-0.11353563948479192,-1.5550869731231274,0.09435565560914679,-0.04203448400523172,0.053291443038647954,0.08998163532709369,0.0394616950857839,0.3912662311304935,0.059477447136977064,-0.0508080310701857,-0.046410328140207464,0.19183593157420398,-0.028665950523543253,-0.13033640773055138,-0.13131911538718166,0.5348693270927398,0.15214487158521453,-0.10158454232200152,0.1632566810567758,0.1215471963234658,-0.2942766892923821,-0.11669984758918452,0.6797514247865597,0.04254602353601488,-0.039940470503542484,-0.8227136572960955,-0.06315169713942217,-0.18258893542573534,-0.027900239101102065,-0.8187094030476219,-0.3944132081570317,0.0,0.028606457974582448,-0.034629476662761505,0.08648350690609921,0.3341244253637982,0.10341406481940711,0.0014249031623158066,0.0,0.1951833232763192,0.004628972966860478
ACC0410,-0.23062925914713164,0.0284332822594516,0.01871338753016312,-0.04312856248165228,-0.3128664066084804,0.7409330330604373,-0.07652790164484137,0.01827955547191461,-0.18025384857708232,0.09875844943018014,0.16585176287244574,0.22528186442603243,-0.5106495062316535,0.4523007868564824,-0.05023193287699863,-0.4088518948708093,0.9705725838053381,0.04629463736629032,0.09588153901644149,0.07635017273317268,0.008484362596865361,0.08197973682681929,0.10329577042781422,-0.016218037457339254,0.11891132056470148,0.003056845143210362,-0.11746767465931589,0.07185820113207426,-0.20043938143140413,1.0651535313561704,-0.10169739881974771,0.0908649952387984,-0.1113830362072211,0.0008101227171238804,-0.07616045266659213,-1.5002675992043972,-0.5761026889220945,-0.01817848310164502,-0.002593796832530344,-0.08110354821867623,-0.7808864889739859,-0.8552279963813987,-0.034965643375837546,0.000906265568384679,0.0,-0.003935264129431248,0.0
ACC0411,0.0049519762123295145,-0.021723485508969808,0.04124301732920777,-0.024449950119220205,-0.10374297582585615,-0.06653205647183098,-0.1248449346453811,0.3488800128787874,0.11349308471763468,-0.08470664524689094,-0.06651547041892024,-0.15974195728442947,-0.36227230837178137,-0.18831679875988183,-0.0012340216808958762,0.060983487388043975,-0.35011690808882096,-0.6900082145315282,-0.3353998800831118,-0.048633676722690186,-0.11243164549655815,0.04476544684035008,0.03723732238251271,-0.11089236563329367,0.048074540340796085,0.12160072187190264,-0.03794948639765181,0.13175337331332662,-0.09351387696249479,0.1709506120580256,-0.05332104246337963,-0.44694955286961424,-0.017254931028732205,0.03846479770388391,-0.03553591828938053,0.5167640595671307,-0.5311765213218161,-0.0007279513194674318,0.013060169930778557,-0.003540351598959021,0.20499025532195045,0.7008869731689898,0.035150715639843094,0.0034161264077039125,0.0,-0.006665926132424089,0.0
ACC0412,-0.2447418855330078,-0.25025497714092715,0.08202794770892079,-0.13853906157683038,0.05529812496265534,-0.014958081841961346,-0.06677389194427981,0.5444501791579125,0.1216146752557741,0.3297868821396607,-0.048030061011742134,-0.5707837053211615,-0.06637055485736637,0.25476304831670993,0.06114649805731393,-0.13060682989773248,0.02808476296354761,0.04275296137625463,0.10697902086735082,-0.03551947747439349,-0.12243659233642679,-0.6095556465340877,-0.15532600960735832,-0.11229869041285408,-0.02919720151787345,0.19382597367374557,-0.37499466870522263,-0.12361998379691606,0.44152910249860106,0.056281112369534196,-0.05353914978694513,0.14876380232194258,0.2911911410139791,-0.2715104363016384,0.06420318418681657,-1.5969369552324006,-0.33414822130896743,0.0,0.006590836131488515,-0.04411506603287231,0.09349164645924384,0.36829635180823167,0.017307644942838703,0.0008171331598165264,0.0,0.21489368937225903,0.004628972966860478
ACC0413,0.261980197897473,-0.25813163260534666,0.06291578684398318,0.036846750283960866,-0.011290518410922169,0.05637796021739056,0.49724482574682793,-0.2044492402189722,0.18049406690913272,0.2725661897236864,0.03664312267912217,-0.6528972560434055,-0.32930132488012426,0.32564136356973533,-0.09943799721874311,-0.5414788712887069,0.11332041660853509,0.06107440123358133,0.1113990592256329,0.013374756614471529,-0.07608800798909364,0.24908348984005818,0.01767601928861267,0.10290032391196913,0.06256659545117738,0.12238652303952408,-0.08228471274612588,0.2372708730503352,0.17674849498091652,0.05335644757597508,-0.0469439482071648,-0.9966060653310705,0.31329997999687975,0.1457608291613711,-0.05828649717595756,0.624324107976774,-0.5284589178500942,0.0,-0.05718979841033674,-0.053119873365584123,0.11779524575896817,0.2159437712384466,0.10286915598761903,0.0014249031623158066,0.0,-0.030992364125956302,0.004628972966860478
ACC0414,-0.16087621487158693,0.05637704353029528,0.22501454631610796,-0.04038310222424052,0.04658241721222812,0.13349255107421718,-0.0775009952028731,0.0846543124506153,-0.02099222067014847,-1.3591400715845148,-0.03504992625215057,0.1933931109560199,-0.0776826475885378,-0.5237503609882224,0.010061225469434467,0.10058065121979463,0.12291079527507437,0.05123913185879408,-0.037586652758069154,0.15604302684207885,0.2656902565585087,0.0398529588239984,-0.09916077643282088,-0.11693646732124162,0.16262869121754656,-0.051985060897139446,-0.30290067816184785,-0.049706276323768776,0.19068050035323206,-0.7897044233432416,-0.11332600507963192,0.0831169256116409,0.20799377788869522,-0.21920754208544957,0.0770088424305485,0.8755090170565697,-0.26148909900651973,0.0,-0.020210474257474003,-0.029533484917307003,0.1629705714743949,-1.805197609383167,-0.017828410565193367,-0.010093152142787516,0.0,-0.020335713414570585,-0.004239676559702691
ACC0415,-0.12564905003499377,0.05685850356946142,0.03310886470486634,-0.1090986332411074,-0.3096221086984119,-0.05400305568491626,-0.1431014982959707,0.20877898410700474,-0.3028799740543894,-0.5352557947309478,-0.042103911623876875,0.0692406314348034,-0.17685244088640753,0.0632428619916989,-0.041517575031533256,-0.18446238970537293,-0.1885473742171435,0.16335480631566687,0.30083074224168227,0.013920899000222546,0.05369798352518695,-0.15102944644486457,-0.07963621414260598,-0.059314829785279966,0.03742941908040061,0.0755217107388594,-0.32662739223709336,-0.14439937710116044,-0.5856332861188094,-0.027943283894612817,0.07363685838116586,-0.24975154462616092,-0.009028575586748553,-0.051974537323442316,-0.06773749576524811,-1.503401733654171,-0.8339894134240492,0.0,-0.017968522655105637,-0.004199193867410226,-0.04168045767346681,-1.6950324528404686,-0.03980620802954055,0.0,0.0,-0.02663119944220512,0.0
ACC0416,-0.17162758656508334,0.07106327256149533,0.11815744278423546,0.07674386637556688,0.16568420554234348,0.020880448851833967,0.06295204920071713,0.014832160789612964,-0.016697718408473648,-0.44246442486664267,-0.04766760983834767,-0.35176116192263296,0.2031329924991893,-0.23863485942068782,-0.05706700214600244,0.24765994702284702,-0.09403453134719773,-1.3506203979041038,0.08704700575352695,-0.07549108026574207,0.07294005082476139,-0.01144924859538716,0.01779848788031133,0.31515688029352046,0.3099358958501969,0.44525017277354056,0.4151964938795206,0.1950104602102054,0.05823263155192375,0.22304883612370002,0.042772565280740485,0.024307422770504152,0.12790139924807703,-0.014121007826285017,0.040225312726743706,-0.9558967569509003,-0.31941775903088226,0.0,-0.12956322004755316,-0.012798325408375213,-0.009328076050073662,0.46836151967367623,-0.11721180487916757,0.017736085394437183,0.0,-0.006417852954103941,0.0027825076720258664
ACC0417,-0.06413865846692868,-0.14846398432733113,0.049832866066751635,-0.12316534792349786,-0.5477764474444289,-0.26334682153740163,-0.04415455727308683,0.09773337859832842,0.24539460676429203,0.1200453010588904,-0.28727529924151524,-0.11108689825500814,0.07283821060554987,-0.5759253379993934,0.02551008670868138,0.49829782511645104,-0.006517765704075968,0.0019221192003286926,-0.28149353670054617,-0.07213591722955714,-0.01956383297659931,0.051572284819891775,-0.15147361445965907,-0.006201484951209536,-0.6296256578835016,0.2832303519266453,-0.07709617935204033,0.3020794518180709,-0.06090782817741057,0.11225642014562277,0.04298793984073343,-0.32557027540331807,0.26731776480723185,-0.07913009034392086,-0.07241686599318882,-1.5895415717123482,-0.39113253662785,0.0036096055788857966,0.0012038619071600273,-0.0563034126895675,0.29026155807294474,1.1938898753846443,-0.11242010371584017,0.0033733001614662246,0.0,0.04913197546903664,0.0
ACC0418,0.43825388663092174,0.3386633831966357,-0.05828557909049704,-0.10720096149244403,-0.14629425005790828,-0.25815864907222213,0.08859474243349966,-1.673608065075086,0.18867995373037194,0.08911367589518372,-0.18861659600272493,-0.033190961821326075,-0.03975622310947105,-0.349170111625175,0.06911723679661087,-0.1311985690410252,-0.4384236014054258,-0.0527741780205471,-0.23466222399244663,-0.04488387775536182,0.19233357840825646,-0.01736341545749988,-0.053869438125350104,0.14147486089283065,-0.6758519569480333,-0.27618717693559175,-0.338245720404055,0.24766242713047087,-0.06306507518755007,0.05688378360609917,-0.12280167922140604,0.20032107285162554,0.1872077055710927,-0.20520390431258406,-0.033802568854539576,0.4008482021016016,0.2703079072673368,0.0016584674281367173,0.003944023704710831,0.0419989971731456,-0.9423549007045854,1.0376732585149633,-0.008698497225889747,0.010346200951103746,0.0,-0.034524110535605584,0.0
ACC0419,0.3890761791968027,0.033083054917457895,0.06031645034622687,-0.09803982046729329,0.7343232912680142,-0.21968827942829755,-0.058293406908349665,0.6529637593386417,0.22969136018684977,0.16782045519505137,-0.2200459768706966,-0.0457711972056954,0.06470972600819047,-0.27628324321073516,0.11309497264213528,0.019999976104908987,-0.06314223973020694,-0.011391610444586453,0.12215931381333837,-0.053259735338619524,0.22684949724419348,0.005228047072150413,-0.08731103593849066,0.06042553574620117,0.098032366275092,0.09758814338028488,-0.17480091881834697,0.24209150350317263,-0.15250726569617937,0.1460872037884342,0.0391614878932009,0.2211743769847627,0.32951827977778697,-0.10150549421187043,0.15365917103224028,1.2865912673288824,-0.3615514140955164,0.0016584674281367173,0.036384786574324646,-0.019651866132774653,0.38211217730578206,1.514200579930201,-0.042836300690762164,0.02389703121128528,0.0,-0.005600275071514033,0.0
ACC0420,0.05677084410659651,-0.373891622798748,0.19243578814213297,0.06270143909150323,0.155418757987283,0.02157656785420164,-0.10555999820492036,0.11589827707127887,-0.021894726198563145,0.44127066921008773,-0.12080936424570435,0.015931404287619483,0.006247036307828307,-0.29892783520720084,-0.01077425991121663,-0.23025442765250634,-0.10350056070803418,0.12900256709947483,-0.025050517106223944,-0.05174150743913981,0.016927492949228885,0.15358438011803918,0.16679582202742382,-0.04150321096952716,0.10096025251661708,0.3883670600085728,0.09365451133562527,0.10801040928019642,-0.4934758939084073,0.031452065169760283,-0.1121192522793494,0.2500558671176765,0.20611271152296984,-0.07300306604338641,0.05588395404083145,-1.3541078749073612,-0.3778245383903658,0.0,-0.15029745597341393,-0.021190143266341735,-0.009346299193626501,-1.0373746779000599,-0.013212152952956037,0.015214044726750663,0.0,-0.006507297117569231,-0.0026086009425242505
ACC0421,0.05550545188243494,-0.1026453186245219,0.10745472187972903,0.18100479566508687,-0.6576034591889832,0.007886016985102006,0.04654839003429045,0.13889984055455562,-0.014128372467301743,0.010549861978684868,-0.0015720352697764877,-0.024621667519491918,0.26842069986874495,-0.28063886128185883,-0.0024567198961355304,-0.047727195374834656,0.14320471913666957,0.09237430328636805,-0.0036710211039323944,-0.09222402027504063,-0.21537942315081304,0.1126878712111989,-0.05800264180708024,-0.049295263464487475,0.1760859528770496,0.085402782615851,-0.794303824820064,0.0859394900700759,0.2641602555917882,0.07024260511484863,-0.02179366491615768,0.03546186205414169,-0.09293291292297678,0.04252240320233079,-0.24519423813946337,0.7977966450043579,0.3361554846562058,0.0,-0.16831511537308957,-0.026410294406914413,-0.009763578272814684,0.25170697257201385,-0.4274416243201688,-0.09208074747255765,0.0,-0.006074683826801333,-0.0039863831304772
ACC0422,0.22138569516674442,-0.11501623656232218,0.12177328858736634,0.12033935674254997,0.06579761015394986,-0.0007402044955282857,-0.08856324562281409,0.4506659974041178,0.13221537718816956,0.13714574006033592,-0.023366819523655102,0.13590169348844566,-0.3486717009065125,0.2185376781970576,0.23287349175702873,0.022387103198376068,0.12207910097266379,-0.056238282989015634,-0.16217236054641435,-0.011432762946075266,-0.08958071116589518,-0.5172473173035584,-0.0695204305001603,-0.11297300653461737,0.1696639293136688,0.053125898507908186,0.32226074349957057,0.11298629020911236,0.013324385376570666,0.02257643955170758,0.02401250134333203,0.08318977358883463,0.2892529215773723,-0.0445658891681145,0.09899016679362332,-2.3177908425868754,0.36064001678669866,0.0,-0.10087949618554976,-0.06322643059247242,0.15986043853422285,0.31310946996583133,0.10762734338020113,0.0014249031623158066,0.0,0.0585185595146007,0.004628972966860478
ACC0423,-0.26184882896280537,0.03834837964770291,0.2863489964139819,-0.0831508270819602,-0.3935545701505532,-0.11600666867819685,0.4471140957344178,-0.13860145203950008,0.002060088654320319,0.06900015684759414,-0.045336340848402025,-0.014776974732962864,0.05597851575977838,0.433920030677949,0.03126641712085149,-0.46778272735354753,-0.2117281817584101,-0.013120743588444707,0.043622558402908226,-0.013630712639729231,-0.020635346793394918,-0.05340291473223904,-0.05146853489943183,-0.02676299839820353,-0.062843534093745,-0.027043524015744492,0.090157564512006,0.1744006025678404,0.3519180294282021,0.07682008822695925,-0.04458991896759395,0.1587984209229796,0.23228582930169128,-0.05602417070019445,-0.09766463324999054,-1.538250358270882,-0.2750531736531944,-0.0028249087139106226,-0.00022257797785958438,-0.02009051030564132,-0.9128069683073677,-2.2596076430731395,-0.014334328113260212,0.000906265568384679,0.0,-0.009852705285871732,0.0
ACC0424,-0.21500963678604776,-0.019658670001231015,0.13885677632323123,0.12309612844777357,-0.17580708217216143,-0.10289120696472753,-0.12813440203986667,0.35912824257667664,-0.03989923274372184,0.19355019200033058,-0.03465595352154064,-0.08538615757235114,0.12210826713237745,0.2542298790467459,0.028515618069974033,-0.5759203019715152,-0.00330773547715246,0.009302349880074669,0.13317010413236355,-0.0013019754204589662,0.07167970600698662,0.06695575999526049,-0.08650344420114957,-0.06787136452830136,0.1102353153597513,-0.01185488481936268,0.2892402577992162,-0.06052043978201517,0.7113189296400041,0.2178244059070806,-0.08994065582032028,-0.18296273519624673,0.12292604959502347,0.03911908450612274,-0.032054448645870516,-1.3887020382749096,0.7370018936068116,0.0,-0.028929711970516046,-0.004199193867410226,-0.0008240093938944363,0.8671955255867251,-0.04862253861853065,0.0,0.0,-0.011541505382129832,0.0
ACC0425,-0.024414370638616064,0.22387879551770015,0.17313622146428176,-0.21019284372366676,-0.4577901686018909,0.0033433533327394327,-0.0843622291277188,0.1095936269559754,-0.028652903641774505,0.01888647062402271,-0.07936213398497523,0.021080777172415056,0.37545943278160177,-0.1118102403338549,-0.009764128045632817,-0.09035556123059718,-0.9204522334587304,0.12027978813160432,0.06577643096888683,0.08839048117745481,0.23838347652842282,-0.01369974694384372,-0.07213944947241042,0.16064721015297218,-0.36737200416128213,-0.028790394534255408,0.030024752331298775,0.027736089620414496,-0.2040742643288492,-0.453987277768749,-0.008256461279915688,-0.0659673427976257,0.0666879563039264,-0.012434138478091014,-0.18749637948248157,0.43391880343139366,0.38708928973171347,0.0,-0.15562272404714997,-0.012511045903044186,-0.010363889688189578,0.47308632952949137,-0.4018828588947775,-0.0013828366824157681,0.0,-0.0048132731471854035,-0.0039863831304772
ACC0426,-0.08024100542832621,0.03366551572456214,0.14244126482127423,0.12077693802584531,-0.047668874089500254,0.018662117631850664,0.16324177938313425,0.14332663095203968,0.014742881260902113,-0.855067815155866,-0.014198381625845094,0.03701630400712867,-0.4119355426625799,-0.21252106011072922,0.031057784707214424,-0.22514832619936204,-0.05653213184192758,0.4416165127187918,-0.011978523110097923,0.004856046277602875,-0.1282097441645054,-0.5519867798882765,-0.07344231796639177,-0.02779432064529628,0.01941670915038795,0.2804864175945247,-0.20089475112754307,0.07221096140638394,0.12981964383725864,0.11767236607932205,0.0735032161235406,-0.03365983277658318,0.10783538593758941,-0.015839640468389364,0.016050556269758973,0.8480429193574821,0.09183591832606602,0.0,0.012021516938474737,-0.0702592593649896,-0.02980519920545957,-1.240396602844648,0.19741961082365747,-0.1361833817218321,0.0,0.014017608833857644,0.0012148977159549559
ACC0427,0.12525292872375868,-0.015642744809421644,-0.10363879902680176,-0.09874624040952408,0.5142408512632617,-0.17013970478212986,-0.09924840045746194,0.09405380817094337,0.15700815395733445,0.10710646253152475,-0.3250078781433212,-0.3063336710687086,-0.029722020255877283,-0.32736323304343046,0.05491535696708758,-0.033608567572170726,-0.17750658993942706,-0.014927764881584952,0.065748457412426,-0.05545340731370503,0.10044966642443755,0.0031179005824677384,0.08178139288038244,0.03899914103827517,-0.11770023654681286,0.10225625226545598,0.05663950823511754,-0.19377270254741147,-0.14206097852829416,0.01523744028568582,-0.08298813434332,-1.0412769741531422,0.18165625031504437,-0.27775939210940875,0.13195173739197344,-1.6990261788094365,-0.22168639873048696,-0.0028249087139106226,-0.013092441558426345,-0.014059216664970746,-0.9952432897986674,-2.4960092441189663,-0.0176154521464483,0.010444559704339173,0.0,-0.0017104953161231461,0.0
ACC0428,-0.13097311075939988,-0.005267003634541405,0.01771478709734079,0.08097986446642051,-0.12554612682072214,-0.02622228040776471,-0.20853747140145357,0.26602825916918527,-0.32311037244647295,0.2742407537067102,-0.05749273487358569,0.07448852048218431,0.21946054227634507,-0.21197852053467406,-0.0558792337342948,-0.6174832532159726,-0.151287734963843,-0.007870139077475675,0.2987942618733239,0.008276281717701726,-0.051653760408787046,-0.1976275693323578,-0.15996445696533082,-0.08814464208272862,-0.08244801483314804,0.17076208638483342,0.2780960611677816,0.021526016717873957,-0.1990583895792248,-0.04454495853960139,0.03125217638640177,-0.4947856828711782,0.07178648095579003,0.015019944593975411,-0.022187069065601077,-1.4851077759593074,-0.777951114756205,0.0,0.02289320413885888,-0.0015398142539094052,-0.03806444422752483,-1.507677407915554,-0.027574341028268726,0.0,0.0,-0.02663119944220512,0.0
ACC0429,0.8669046682408157,0.09289709982791178,0.06617829186163064,-0.2824693383149961,-0.1342176792421129,-0.0524928135312491,-0.14802237252014272,0.21816179241322037,-0.3001831370144128,-0.6199682645578525,-0.053419018193008934,0.051283050839846966,0.17906026908723377,-0.4617435883413013,0.016305367852695946,-0.1674344950478179,-0.005252500393941265,0.012682567999874404,0.03663583594190546,-0.00676252346483713,0.09029676709570394,-0.258617257529235,0.048437632345741215,-0.09854273450952476,0.05598536134299442,-0.024256271087397044,0.49982293281089957,-0.15181529803386543,-0.1637965946424895,0.13943884123010367,-0.015418978670397838,0.2979121810184073,-0.06407727456299321,-0.07906813537135897,-0.0357257539540375,-1.0206546610914957,-0.7721851757017663,0.0,-0.003170281035291893,-0.0015398142539094052,-0.04844478792583766,-1.6007209121142711,-0.023617681656375813,0.0,0.0,-0.026226050048225858,0.0
ACC0430,0.28905571753569914,0.04094520088311854,-0.09795567511875108,-0.04585611262003457,-0.5979672766318873,-0.28772892215890317,0.09185669564274929,-0.4875294368011495,0.15587380783020202,-0.6995155171093248,-0.3539555947900031,-0.061306633216831885,-0.058701942225169765,-0.5969393420376734,0.05048390836920206,-0.052296916955062125,0.05223409827640156,-0.0167506430652501,-0.05214507296753753,-0.18110864621221184,0.08079700617756527,-0.06110771993652126,-0.04534264812269309,0.08311551526250471,0.026748685645595637,0.14369479505591531,0.3545631955722478,0.1000563799166799,-0.0960726554612736,0.02369297564235834,0.20757908782549028,0.20517307128824488,0.2115265509112294,0.05973419026602341,-0.09219780635271876,0.9618681661578328,0.0795828221867535,0.0016584674281367173,-0.04441199365996788,-0.026993109676025532,0.3100126154270045,-2.363869325670892,0.13898160251105865,0.011831553590729762,0.0,-0.006890747930237057,0.0
ACC0431,-0.11031029834182873,0.0334933911011057,0.006435424228115378,0.317235804649041,-0.2541196727048453,0.028022796975430978,-0.15565210222598808,0.33051680075243933,-0.040783230869867196,-0.07028099856108715,-0.08553904412981618,0.035427508115381846,-0.45972175740013405,-0.0327986827512623,0.025353371546160165,-0.21757375017163383,-0.10727946825859369,0.07311889263866607,-0.2898031672504736,0.2060076029606198,0.006422054537356627,0.1751830391449918,0.044132659522184176,-0.039738176836794835,0.048847284009889136,-0.4561732965090473,0.18087721314416425,0.03467072267474051,-0.18998337768686036,0.012847657094529667,-0.11371788494335146,0.2532739204710746,-0.8784654298937327,0.019497995412307467,-0.06734509595086068,-0.7627815871662454,-0.6999896655807428,0.0014719282740929228,0.027009248174410774,-0.003540351598959021,-0.25145391792061644,-0.9507223711794743,0.052381590738658376,0.0004109620356079111,0.0,0.0523634450732521,0.0
ACC0432,-0.012202793115126143,-0.06103490943054053,0.15496352213157175,-0.20223501832236043,-0.7199237305697819,-0.15978319309990405,0.3107773830661927,-0.7330919218976911,-0.04153120942738258,0.2152998391516497,-0.145640153205855,-0.011943437585983001,-0.2727276551251078,-0.22305898595910112,-0.011095846576332568,0.17269095109527202,-0.9389058706161093,0.08471242338105985,-0.55141887617102,-0.119659203676986,-0.040613984141107465,-0.021545477840381362,-0.1001833628116743,0.09316074573916028,0.1679653340997381,-0.7815778599817941,-0.545504701446988,-0.069300947617102,0.31556381465346167,0.10029534494547324,0.012259389541609246,-0.2649838769045259,0.25591795939908313,-0.05820157471684635,-0.1699997257823614,-0.3170351768111953,-0.3822254930396024,0.0,0.21418389057039636,0.017673985361945733,0.01715593389876384,-0.19471022306106398,-0.43099387822947627,-0.11216170106466261,0.0,-0.026683584375849077,-0.0039863831304772
ACC0433,-0.12441441256043179,0.00980286317568666,-0.3597212442747471,0.1745722871598791,0.14838243788734967,0.043996821547528035,-0.0636620260700243,-0.10716969503001572,0.01137725476533409,0.0013445764389647325,-0.0708343177385438,0.020642841833421376,-0.38999253674934686,0.13256509654239088,-0.16651909300304038,-0.13213036615489646,0.043470787818000706,0.276415079656084,0.09970491912796547,0.01082559658213584,-0.07077144532670675,0.19497931360688175,0.04377236992166245,-0.04400635758896895,0.2146329823049687,0.22125719923431686,-0.5964666795303124,0.06630496587453252,0.13352280063426136,0.03282752698102189,-0.0041766072267211,-0.09314870358462282,-0.053127940775512576,0.04788829865766297,0.05750440257089277,0.9071260410026213,0.4546604657611328,0.0,0.4646853143913094,-0.042888764575986726,-0.03352574676440231,0.7174539204954197,-0.4741362341811824,0.005007518920795383,0.0,0.011179048045409751,0.0012148977159549559
ACC0434,0.06865285814551828,-0.10855436192966043,0.07807386797125182,-0.2617913086183723,-0.13411438142343715,-0.01645999411654094,-0.2106588216805733,0.21268531624838952,0.46886569945267825,-0.48474472895473225,-0.08048089958865255,0.14671799912737674,-0.19966787572636238,-0.3886439293376451,0.022606207872014707,-0.6151193129169081,-0.04577347531552477,0.006556931815040734,0.3376259401973251,0.008509616003377886,0.006288557337345119,-0.13068382877919094,-0.11373710898789659,-0.0591551183285805,-0.5050459714830299,-0.015873507399120447,-0.5371027523801013,-0.11093076172756877,-0.08962870681154045,0.25412508635285325,0.1134308368025888,-0.1418430557335838,0.02176207676132955,-0.028886621591843634,-0.02935166526380903,0.8327487926289129,-0.07600642536129756,0.0,-0.05366841376833207,-0.001523995397093287,0.0021816687210746474,-1.4339861982659647,0.0002681747868476808,0.0,0.0,0.06512649601811787,0.0
ACC0435,-0.19552165615489597,0.08089865403305757,0.10841505614854667,-0.14305396974307988,-0.009005239075364895,0.09633659276315686,-0.04469243984441232,0.4583924415292917,-0.01678766946040776,-0.053580638995196675,0.033047939339187433,0.15310122936754209,-0.04429699400617397,-0.3375977666609387,0.062548445379304,-0.133292311437879,0.007497995634209167,0.053819546690901554,-0.11086136913383499,-0.030807909758063058,0.1939234262947776,0.17141118939567535,-0.05070707426214,-0.19044545017719355,0.24478530169610296,0.047067377482122405,-0.3565210723794223,0.008130587524352063,0.08264594271515388,0.15964411554325264,0.0022206554759260436,-0.017455812426900072,0.20069374047739286,-0.2341047711515861,-0.030151742011305202,1.252898170984059,0.301312123701216,0.0,0.04148641027740377,-0.02524094885083475,0.19381682717517335,0.5227789287551139,0.11976444994725373,0.005488541609264555,0.0,-0.020142028572618174,-0.0059475019613956185
ACC0436,0.009301451872244333,0.07329452505380121,0.041093341494919944,-1.2984988599834404,0.24616636402874523,0.004463114095199391,0.20397371437943454,0.2482831757026665,0.1921799505379879,0.12828137332272174,-0.13003262348806444,-0.08632179585853161,0.02659755103882437,-0.18412643822429017,-0.011382710441003056,-0.22701542583089612,0.48635440469724533,-0.26572736193808,-0.280958049022095,0.3111896418450163,-0.17545206008365846,0.1917823095309613,-0.03405926050206882,-0.05523014918999325,-0.17565403079434094,0.09910913224951085,-0.27882081751622567,-0.04832699446786328,-0.3121949111932365,-1.2067507791158896,-0.03886134243321763,-0.3743648750423225,0.1851334433019902,-0.22434402259381592,0.09886484456492152,-0.6204209512298664,-0.5393373864347807,0.00046964601255963193,0.01380983779605977,-0.003540351598959021,-0.32250643667463774,-0.9837728441559982,0.07285258036535934,0.0015851159650467613,0.0,-0.020236945585732177,0.0
ACC0437,0.19046066184370533,0.03612920921479101,-0.7848270673481449,-0.03937100716364068,-0.303455209294139,0.0027904460873189015,0.137517918693269,-0.0051398446423313385,-0.03850034369944208,-0.5728951117175892,-0.13788303407790672,0.013955332654425941,0.027061180012799172,-0.2111271759808448,0.056637847586062294,-0.37875515378935354,0.1333199820897926,0.11943705138034415,0.393825161875891,-0.03833416623340203,0.10679047485463082,-0.48606420338087536,0.1305847559180993,-0.04697429641120966,0.06672361089797557,0.24323758849573893,-0.15696416053606432,0.006862383379669259,-0.10079915693631954,0.28644163941329004,-0.010534877916441872,0.05329552212663512,0.1441632476586325,0.011520572576671266,-0.09812375128435727,-1.0752359028514835,0.37246556989478424,0.0,-0.07298172602896855,-0.019987536414941536,-0.009328076050073662,0.5259808905990336,0.7235094578964592,0.0033526319928489983,0.0,-0.005281553528702168,-0.0011389666087077712
ACC0438,0.17628914122623976,0.052816663911435593,-0.09049991093874034,0.5510847225901332,-0.14383492307384318,-0.13014120380364866,0.22220580574756377,0.461622801202053,-0.13349102365300936,0.33044356888854337,0.49852384614062495,0.1377772173651351,-0.2667582770687699,0.9850575731756157,0.011250067472088598,0.8521751248562736,0.45466400026505294,0.09940756129958925,-0.3889014454550558,0.20566993315623072,0.05347383365579116,0.13453918374185694,-0.0018656615006497478,-0.22668697152913275,0.6641624784602781,-0.05512304202032019,0.762267651391263,0.05409678792794278,-0.45606263684230064,-0.15965349497903042,0.07988064758543105,-0.04797471125258136,0.0036092331053848565,-0.014037363481897599,-0.048064067814878444,0.32276757798954503,0.8950729056738396,-0.00021192425393969203,0.06282769402830408,-0.003540351598959021,0.06056203324868472,0.3929321913434754,0.2082909831672827,-0.008027160549881333,0.0,-0.00990788325843268,0.0
ACC0439,-0.019117847267837464,0.13380524509359668,-0.023117722369028957,-1.2753432779264422,0.13158445663870452,0.14176471700413185,0.04908966667505878,0.1599419522264089,-0.10861968911379472,-0.009012961091676593,-0.0411061480258642,0.047224893676659184,-0.11885194578596202,0.485090281518417,-0.021671478210123912,-0.1721707435253748,-0.418969146298521,-0.00021113688033271374,-0.40457867705151684,-0.04404037461324498,0.03281928666150694,-0.018017530101935485,0.11983801557879675,0.3207192518807004,-0.026206892650448912,-0.3324505007767572,-0.3157853582045486,-0.07029431135309394,0.044571917699602684,-1.0813581901100973,0.06967301782377457,0.1693380778646106,-0.054016029784789386,-0.2801418356512975,0.03708870235969356,0.35556501964124443,0.5187982581583198,-0.00015064018796832565,-0.007804424370887593,-0.003540351598959021,0.20345563251477122,0.7011878410854807,0.12489888707829905,0.0006909429705670427,0.0,-0.00618754340201368,0.0
ACC0440,0.22540451657626784,0.19208231383076024,0.0064549703307812695,-0.12280056170114431,0.30858299335248,0.03728562871726206,-0.10533953187153186,0.4868880528118133,-0.033948951754290066,0.1739992501655822,-0.06668115028185627,0.06787860874568176,0.2010527279953031,-0.13326733280761682,-0.07585600406873426,0.0031119729968046086,0.506598459954366,0.06167076096668396,-0.47845960711749475,-0.06186460907630906,0.030418598561417987,0.08391601765480176,-0.029844503022405787,-0.06675798697576317,0.08381259178727779,0.1796115886298914,0.26001621959022864,-0.0014537311663980967,-0.08730676603283041,0.22620091236683032,-0.16133884353418926,0.13824841565420262,0.18964480360060698,0.06064798023039333,0.08322816666021784,0.5889687841337564,0.491540990302701,-0.00015064018796832565,0.037891508077880956,-0.003540351598959021,0.24965059899555148,0.8770285849336601,0.1481323501936577,0.004143315607944163,0.0,-0.009253878144124466,0.0
ACC0441,0.13862682948444058,0.1821897257340452,-0.03083388985064677,-0.4214842339966357,-0.0684109360980375,-0.014384880334200347,-0.12935395970285277,0.1532012636494475,-0.1397345007472478,0.07272127072386744,-0.07712615218781688,0.012564626563201746,-0.14654616465699935,-0.20105353655029634,0.01248146664941433,-0.20433335319083826,0.20754655295347768,0.10660182400937565,-0.43876669231125515,-0.04087029307323534,-0.017745824224835553,0.042281161234518284,-0.057980442227640754,-0.0760631931656831,0.262902007027837,-0.2508848815056551,-0.41664111626682154,0.12124926811008942,-0.24262623798417327,0.22554318449024446,-0.04091573648415714,-0.1124340274970406,0.14405967199408742,0.0508673521313567,-0.10290523267378468,0.44058444267631947,0.8123416138676776,-0.00015064018796832565,0.01523547829903281,-0.003540351598959021,0.24259669826882244,-1.1796471790448948,-0.37441907922374174,0.00917892537894599,0.0,-0.007276550485835837,0.0
ACC0442,-0.008184785970541114,-0.0399526660008596,0.15618935109927895,-0.3347210944162164,0.0287238563662931,0.0006736870381106766,-0.21983614976376828,0.12366361025996242,0.1557299213336682,0.3972594973602913,-0.059948934127117194,-0.3240077814271137,0.16342315491396692,-0.05770752022493332,0.02875787980510058,0.06375010476734545,0.06595797878277328,-0.14621083106706556,-0.23942270558868797,-0.04598029337217905,-0.11144860928092731,0.05302474240928508,-0.06591277742061287,-0.06446036032164387,0.3098340769363599,0.17734127235233674,0.3119218553612775,0.0019154693259677566,-0.5137358734745959,0.16813348083425933,-0.1248673421197107,0.243976511495569,0.14291605862770212,0.003257539613928096,0.00661781780822248,-0.7998455011045884,-0.5806551065426401,0.0014719282740929228,0.009015367692564955,-0.003540351598959021,-0.4027885805767243,-1.2156414436984022,0.0932042496408146,0.0022745671426418618,0.0,-0.03396324463097033,0.0
ACC0443,-0.048113923500984174,0.052826750501724425,-0.3326509487818142,-0.17977618937630768,0.18802500388058113,0.25183793590014303,0.17300897561256876,-1.142325093125289,-0.3550349960490781,0.11239656977709597,-0.031235790704778138,0.10539544071219695,0.12839939183657034,-0.14052088430878798,-0.04350071515930366,-0.17006062008019532,0.1775510901004295,0.006925004832205355,0.28970731009194534,-0.07243421170998685,0.22927078231910047,-0.08375768450721768,-0.15329192065731473,0.1807600176850854,-1.0032393868786584,-0.953834231087394,-0.5664036411817468,0.11274172811498821,0.010624396316040532,0.5383014607384881,0.16358852532651832,-0.3730079871741177,0.01515944032975053,-0.05535425246345325,0.02430578493298368,0.6214116217889883,0.633184742084594,0.0,-0.05196722726995905,0.0027481056575235615,-0.043440862041155735,0.10467717496921837,-0.11555968919846467,0.0,0.0,-0.021470404592259587,0.0
ACC0444,-0.07936209097273503,-0.11735935665457908,0.016602676181925353,-0.10459268615949385,0.4218483620756027,-0.07678463155448341,-0.0450097811067056,0.19279592718146946,0.04784097603621061,0.02516804739036724,-0.3336827964158324,-0.09523042878758296,-0.07168160846963778,-0.317452068691733,0.05184935721135699,-0.06643481017385666,-0.16628683710672262,-0.0007247622272809672,-0.07014721402299941,0.03532073427181443,-0.0021534041011655944,0.03310721800128326,0.06882808052348291,0.00895297406313829,-0.0170660344810227,0.153506593348324,0.24526392303410496,-0.19693201137335606,-0.17101590366127511,0.020762738361801366,0.15060701137026647,-0.8706067593212273,0.018764590271736686,-0.15118606380340102,0.11695751792553971,-1.7926997338840782,-0.1414533263192607,-0.0028249087139106226,-0.013080701118162891,-0.030015020313989525,-0.9770765562481218,-2.4647602335792347,-0.034679882962958285,0.014077442201044716,0.0,0.030377616139181364,0.0
ACC0445,-0.09529862092574373,0.03671415948884109,0.1010385420002713,-0.024089756709439837,0.1765591574045971,0.21386788329040637,-0.051938604032459756,0.440842780324064,-0.3008540368174257,0.12803914663228821,0.13101116498561552,0.11809248648142816,-0.29272259062160644,0.44757906891418625,0.06811235744763999,-0.013669285193337218,0.0320813596231236,-0.014140048200836551,0.009942246235633258,0.02535080117682217,-0.017050714547208367,-0.022598513966710157,0.02507210034708422,-0.04652914532445016,-0.024736144640095766,0.3488773973339459,-0.3235117109875578,-0.07009604989969548,0.13347549754142693,0.12104831423014016,-0.04754226950350947,-1.1869155054560094,0.2749420318026959,0.11978748198822588,0.06632195859268354,1.1044907152531351,0.3560394107369905,0.0016584674281367173,-0.012822373973297939,-0.015231072451084538,0.36227658368839755,1.26614115503649,-0.05526343061494902,0.00511970721510904,0.0,-0.006223663289115321,0.0
ACC0446,0.0954844491860299,-0.07642140705952305,0.05265633368742648,-0.16963453807376616,0.0028894898750614958,0.010316479725447436,0.3946390811507499,-1.9027608192368148,0.06523047938444047,-0.4278235941931787,-0.05950035389069742,0.08222474511809118,-0.004428813833680623,0.0940383965357404,0.06680859827317549,0.0476874435158337,-1.1001279386664693,0.02470662448419621,-0.15952817271337413,-0.048785110797776386,-0.14952217179993457,-0.24067295270745048,0.22581885946892738,-0.054352610898859434,-1.4242116730728684,-0.7520702967936229,0.24989447855075275,-0.11222641303414435,0.3407357466444708,0.13863206278064003,0.03920792662230854,0.07881012104827814,-0.6408758971635973,-0.1176366916119164,0.04772569320592016,0.6035321818489447,-0.27299242264536605,0.0,0.016959798277809978,-0.01893553150452105,0.03052959126289673,0.24292429184293235,-0.12678848256517866,0.005488541609264555,0.0,0.06123680790813708,0.0018459206846622206
ACC0447,-0.17921769670077586,0.019736105622878992,-0.7005152570869193,0.2690050295649571,-0.10902019631957553,-0.28972935445716413,-0.043683817089424516,0.40413995128058644,-0.06461761081906926,0.1803533999474592,0.06501226673469901,0.2191630278727172,-0.4842124425034276,0.4894011851919045,-0.37758557627883604,0.3862448291727265,0.09195313221919582,0.04629136391725572,-0.09914188170592297,0.10695850223066386,0.17945818239473804,0.2176002111978217,0.011675693369126498,0.18541888717048008,0.018038908666433453,0.013579720609035131,-0.055147457596670904,0.1715336397811531,-0.027948292634021786,-0.017481935099028546,0.07233581552450866,0.06257886527764545,-2.0616480649199684,0.14093067497039097,-0.07798108206411562,1.3362047040791494,0.5906754355661228,0.0,0.014069800356096377,-0.11296200447745167,0.034071559354329164,0.5231501427216186,-0.22273902306952534,-0.00407678292155903,0.0,-0.015501224681525665,-0.0059475019613956185
ACC0448,-0.14629838040890128,0.1704996452229746,-0.04513350987551266,-1.5775085125669064,0.27226333479126485,0.012267470383273294,0.3735099663371909,-1.4363760879228515,0.025539365543635773,-0.12099879973101524,-0.10454653764390892,0.05624040626734786,0.04605134940794154,-0.10744081128609358,0.01767994784035347,-0.15757090667585136,0.06774635630037787,0.07523930650804242,0.4160908206213377,-0.04359172432759388,0.0368293045724121,0.04207533049362794,-0.025215972058862276,0.43915523970826864,-0.0035619755900415974,0.13541033131574626,-0.3264061815065163,0.03653893447148349,-0.06820901765543902,0.3447218689586937,0.01122464089185272,0.2255008069835463,0.18266310112209505,-0.3425766267489626,0.0707225833620124,0.3680283674889569,0.6610370536169233,-0.00021192425393969203,0.04632523522749827,-0.003540351598959021,0.20885237783645816,0.4135138025068095,0.17137891267505795,0.0034161264077039125,0.0,-0.009480871934841538,0.0
ACC0449,-0.18578280044711587,0.19612126294293553,-0.0531837647623522,-0.07687863484974469,-0.47595206656362876,5.747663253864981e-05,-0.11640319833950714,0.19663225621565056,-0.17716300908163313,0.025928356665861806,-0.15740389543610764,0.0964011665626964,-0.23778517296321783,-0.14372161618647408,0.02456224320442022,0.17447186058993816,0.7639820708356924,0.06757088590668893,-0.18331979198699916,0.1635196850914317,0.06198549365867315,0.09519633217808657,-0.011572821650642731,0.3050543312142926,0.19594167911880478,-0.1010815385268107,-0.27206803008485997,0.09805312013872744,-0.35544763104153754,0.12892409505458557,0.018794347700583223,0.45412741426495573,-0.13195048952315377,0.05338698494418814,-0.16752549867152083,-0.7998474951731317,-0.06687796036885094,-0.0002802231453604338,-0.00281318905909444,-0.003540351598959021,0.1995539687322192,0.701282119779979,-0.3430552858328706,0.006331308669913914,0.0,-0.011694710008636663,0.0
ACC0450,0.3011884801557773,0.03377571460146458,-0.04864736553448014,-0.01880028353738108,-0.6430352761841355,-0.2638205176142312,0.0256482637611059,0.28251287007205755,0.22033568405840034,0.15461571839420973,-0.29113164613526793,-0.06488247375981196,-0.049590664902844514,-0.5667329657280614,0.062821716600065,-0.05562728848205956,-0.05663816053322628,-0.0167506430652501,0.060133506929736805,-0.051461520220715644,0.14891981282327055,0.008462633990903528,0.09458454962769228,0.044699452461565106,-0.08455735066972733,0.03927004336797282,-0.24589886246175963,-0.19578070243045406,-0.005262318304383309,0.03593245062902208,0.16527061209305982,0.20060756332981608,0.22367482927953977,0.08665123814585564,-0.11921583183960326,1.17706695695361,0.22910599559349693,0.0016584674281367173,0.010103685321729559,-0.026993109676025532,0.33265717004123674,-2.6397968071580693,-0.02531005697873461,0.006896211388312658,0.0,-0.0039049931508586405,0.0
ACC0451,0.31175309995529654,-0.19582625392925437,0.025349663849534423,-0.022898340485975246,-0.04896669505539991,0.052299956006682954,-0.08643807954929027,-0.10552066114670179,0.1733071898306323,0.2976374990394525,0.032067267649856054,-0.30136414114490456,0.07955338301032694,-0.19364831149631373,0.15748996106689656,-0.01537587213421642,0.09539463765274316,0.052505635198252305,0.14276147714945658,-0.06723576265332519,-0.09543207379693615,0.6081036624981329,0.11482696035807687,0.13505858290262743,0.16079864383808232,-0.31111881277108583,0.3508739916089999,0.15045051611991936,0.554293245781314,0.1925828382197412,0.0263422124311602,0.1996358417419768,0.2537977505029083,-0.18535273372243644,-0.062219608967219384,-1.1086531608861498,-0.19640353865687976,0.0,0.045410211730970984,-0.022397582744489785,0.1714046727748419,0.22362328536150136,0.118483784065266,0.005618753668603274,0.0,-0.07146819409919301,0.004628972966860478
ACC0452,0.11031415963913568,0.1307078036404362,0.2201249861888918,0.076695332819458,0.07052991191837825,0.10099791191039813,-0.0393237789962877,0.20539652046017962,0.14169712735670914,0.08256814417992904,0.021202925275026513,0.12129832232337615,-0.31682028905610377,-0.38386911477210045,-0.1727365399166553,0.0855590232230755,0.23846355054073717,0.005635941102576231,-0.23981801444078235,-0.010481675682058033,0.21625133023218052,0.1230556569985562,0.11925859856754929,-0.11774300307805914,0.17442978718621752,0.22183733849679219,-0.34739966838604414,0.037312420092254536,0.10302245108356749,0.1666728046360281,-0.1267893583304234,0.09834882922149817,0.15942108760997759,-0.33286323340855434,0.051765356359311336,0.9942418105184259,0.35670741946011963,0.0,-0.06256558441228205,-0.04214986912736822,0.18873048126476327,-1.7647637353053982,0.14595086764382167,0.0005946255278889985,0.0,-0.018657550045187748,-0.011328063706434969
ACC0453,0.10440181650039695,-0.03885281258019062,0.054915492845118506,-0.15959461872583477,0.5082574492966941,-0.03757772387708793,-0.17383632154728182,-1.56265252332811,0.06462965426508037,-0.3373811209928776,-0.24139476223679185,0.02968743718457925,-0.0464605296069308,-0.3804616991723088,0.07512633964402464,-0.2467581008849407,-0.4105474384134117,-0.022891132157954425,-0.12971427874604408,-0.07949463427721548,-0.06192083062896147,-0.02371654754752536,0.067449193677932,-0.09446308603017856,-0.5133883689515406,-0.67595173353683,-0.3623911759030528,-0.3256708204373296,-0.08353331164490438,0.08347520584624898,0.019749061325170948,0.18361374356248308,-0.10176871037606226,-0.3143318884981753,0.21427290045762012,0.21906902618969204,-0.16488402299826724,0.0016584674281367173,0.007090950948376513,0.054918008522088786,-0.7752374807933284,0.7404694250106423,0.3840480539754961,-0.04132298725264695,0.0,0.06023786687491698,0.0
ACC0454,0.18255915424426247,0.07954063901042131,-0.08736711040014904,0.09655534373145823,0.3765478403540994,-0.1978082811162506,-0.020546784390466033,0.14146679544562016,0.21391002000494924,0.09219189366812752,-0.34627939071131836,-0.17492692204994484,-0.18385983091154107,-0.3066799580900398,0.048689835084983465,-0.07816773169410694,-0.1970500106898143,-0.024452333465463882,-0.1101129306389262,0.017741578871088147,0.061916007594626184,-0.04819349996601378,0.09393930554755581,0.07444266439843725,-0.13868202491188686,-0.08739000323002175,0.1182421902983583,-0.1680708194979539,-0.07997004861493036,0.0063595648605114154,-0.1635949852714843,0.16268556989022379,0.24526558481911492,0.19849762925846623,0.12180895187808954,-1.8247430011159849,-0.37269221248989876,-0.0028249087139106226,-0.012051762466000716,-0.02015603595715008,-1.0164134776582934,-2.411361584111285,-0.034193787361585085,0.014077442201044716,0.0,-0.005599341650886862,0.0
ACC0455,-0.10323095539154091,-0.04633549101928257,0.1251553607291632,0.2978666851809537,0.35853416363708157,-0.017422613351909273,-0.14199018580863818,0.2727547679511036,0.18746271393822292,-0.4564506223192477,-0.022955058460346713,-0.10354737124757414,-0.19418134167244583,0.08897120932626805,0.009905345919043644,0.5955999683463857,0.0388823590972248,-0.008134619072814889,0.21970898988065787,0.025727101357056723,-0.20295225968833489,0.12556293203712873,-0.13811908799694722,0.08939892429868687,0.03462911202991377,-0.08249937283424949,0.8271475670139466,-0.09034871810149042,0.8638861395548189,0.08658110805750124,-0.04479402168481076,-0.3784985432884074,-0.060232572979800905,0.08253075754830141,0.050723747536553634,-1.158797530560252,-0.467389100272538,0.0,0.008633709082007938,-0.0019750177228744182,-0.0241463278858323,-1.81167275314954,-0.04097553565280337,0.0,0.0,0.0494166247063237,0.0
ACC0456,0.09381913069002239,0.16224312173260494,0.12475185587193333,0.14875984964567252,0.45145353600866156,0.0010545840528703421,-0.11644873233749047,0.5099479722349085,0.30743165952413326,-0.49726237381363125,-0.08094029074525048,0.09736485675190173,-0.04887853695844994,0.5097612699129851,0.011118306147484183,0.07522740295996133,-0.10225347463541241,0.014914342415745891,-0.295478571763222,0.03705604120673028,-0.012461839016493203,-0.292561539052843,-0.11878025468470842,0.002603902564604145,0.054156284278440346,0.2631497439057406,-0.41009313066729,0.007094889206500161,-0.017369467553194302,0.21739086145845282,0.1783228773081948,-0.040146022179164555,0.05244807150484109,0.07453371333585318,0.08166359268407093,1.0706302364587872,0.614508997446341,0.0,0.05778486456750563,-0.004135723145617157,-0.01502960886801675,1.2957907854757384,-0.11463471061963446,0.0,0.0,0.02070179285394265,0.0
ACC0457,-0.06322547339789235,0.0025774440317962288,-0.18297573100987705,0.14363523721867286,-0.18235761374979093,0.10393279440532786,0.3319258706650495,0.2654265242958588,-0.16633756062827437,0.09142214294250496,1.9683192179518647,0.14215289754299412,-0.5691666355261152,0.24961058301262848,-0.01514304602084906,0.3458038506348147,0.8269958142128607,0.016728999589733905,0.19845535183418797,0.028364852527633384,0.008567001180651602,0.07054040158570482,0.10104601505033697,-0.025936323565100908,0.12846869013253776,0.11058432077590455,-0.11998450196628996,0.05279511157139829,-0.302879903469065,0.35949846590785733,-0.10100405105271607,0.1309969665536651,-1.7524374433429257,0.11371801606430014,-0.05423947410095845,0.6128129508377673,-0.7846942105634942,0.005096753559639667,0.01933197582745855,-0.08110354821867623,-0.04631094065041908,0.4732165859089434,-0.0992105091955138,0.023375203902497182,0.0,0.01097690232746402,0.0
ACC0458,0.3046094557215902,-0.32409933100870586,0.1250771747742721,0.15349662937116257,-0.0603712622842607,-0.004669956875154403,-0.10470122371768549,0.3780098079013229,0.09732716054334652,0.36791553907256624,-0.04087772648996842,0.13019148307788364,-0.29315291358002155,0.3694624324624239,0.007746325503104603,0.4801991090679705,0.8370257630217224,0.09197860671942591,-0.14425382992279062,0.1440679752863948,-0.058378752893949414,0.2823114552965271,0.12301231054560155,-0.05243658437374272,0.354456256477641,-0.10337503416889068,-0.018637288235198262,0.015859345525220118,-0.2998106190669843,0.08749832240350298,-0.026190182572883875,0.06962054123769909,0.07196018356614171,0.08175521482725946,-0.027152346272072504,-2.187245690906523,0.14479637077839191,0.0,0.058580459341145724,-0.12454217090215022,0.16539040166201185,0.49835519911062603,0.06610105435441307,0.0008171331598165264,0.0,-0.023905317642156965,0.004628972966860478
ACC0459,0.10655613258263638,0.13809862961558783,-0.0023663887891109,0.18905614538010038,0.13843946328269102,0.25673163296914475,0.05574741115101079,-1.474822891912696,-0.06787537575330525,-0.4841339402540212,0.010909691394509294,0.07047046736883474,0.06294904341595112,0.04900182343748991,0.050621611264561314,-0.15203057078651244,-0.00969469512524182,0.2915525598550611,0.2028329956948597,-0.02231749945416361,0.03219360445299369,0.022549565356940277,0.0756656948268364,0.45298895033979864,0.09193627682258196,-0.2917360866092941,-0.32981916398667027,-0.006774483178360317,-0.07920809667490193,-0.17312034408401375,-0.029665002772093826,-0.10828214813898204,0.059834795073450436,0.07728593787618816,0.046207175360568675,0.2662726893268077,0.7235998692477325,-0.00015064018796832565,0.046759677290023935,-0.003540351598959021,0.22371242452477522,0.2705594508132553,0.07031031544143367,0.0034161264077039125,0.0,-0.009480871934841538,0.0
ACC0460,0.03990153826624828,0.22920403783625307,0.0093693166251115,-0.17308301216861977,0.2294833258391638,0.0020986802465267026,-0.17110559039503973,0.4474246678807908,0.020926204367415862,0.18781552343321134,-0.06248074860053787,-0.059650702998971836,-0.27499606343718597,0.04529337823038344,0.02460750166428074,0.05485816494703218,0.0647817794746249,0.05945283924033412,0.25779959474496245,-0.04642529016089501,0.031400381169554584,0.029381515932587643,-0.044043433845419616,-0.05363963351133542,0.07680357190328486,-0.34737986743176574,0.4601583018978622,0.06825672223555324,-0.047872687016623915,0.33559519510862773,0.022403293233668513,0.10876936628263287,0.21789905699740666,0.05242841519787257,0.06266657147620303,0.6593665348124226,0.8506803211925491,-0.00021192425393969203,0.0371970782691529,-0.003540351598959021,0.20342524553891267,0.613261197881726,0.156667581412637,0.0011381512358481618,0.0,0.018029614826597706,0.0
ACC0461,0.02329165570187935,0.08384856747593614,0.1456731682923492,0.08107649882579389,0.15827169585901962,-0.016374392080888256,-0.0381675082252209,0.3577138374926109,-0.056718595054629124,0.4053977025822568,-0.08568071914496636,0.117400142538994,0.06596929840806606,-0.31740164286143124,0.06335461471729804,0.014403685825206495,0.08891916806795462,-0.11312169975222656,-0.003021867413407344,0.00655836294498648,0.3460644721933517,0.15911298503246765,0.03707641893824671,0.49585689479889744,0.19419410712731125,0.2713898263404783,0.4078563389660654,0.006423536143528944,-4.268009648512677e-05,0.07882552543434193,0.01828212160637235,0.022001206651238548,0.3139303723185732,0.0945746127246157,0.15923537445939068,1.4246176114968832,0.642452968234137,0.0,0.03855080242513896,-0.02269217645476202,0.19313400836245284,0.49139943502525185,0.06322091544085309,0.005488541609264555,0.0,-0.0252700854459217,-0.0059475019613956185
ACC0462,0.11924417739664048,-0.1787861181491655,0.018386393288412486,-0.4834685838541868,0.0687530456822607,-0.015508888836032571,-0.07684995626645096,0.37705801375028336,0.10558407324164065,-0.00829493506543487,-0.03725622103642916,0.10021579202886953,0.2502950910881178,0.4238673083126981,0.1599118912162181,0.2759260744552646,0.01968680943750105,0.09440223604158257,-0.08423744607259889,-0.023757897265281658,-0.08255823447295053,-0.7602338912400229,-0.0071982174717498465,-0.07738902161835046,-0.12092074783852441,0.13407292846039692,0.3499982529532037,-0.08747004932041239,0.6311255956858962,0.17034649516876318,0.08202252220485133,-0.20631722144227965,0.24593335802538216,-0.3297061914176341,0.05277600007034963,-1.434930728584927,-0.42878843770118324,0.0,-0.06739903930651527,-0.042150089305774935,-0.24728495936710929,-1.071383850869903,0.0838858882305813,0.0007850810327817237,0.0,0.3304664730294373,0.004628972966860478
ACC0463,0.04443528438678073,-0.1291532029716853,0.2075228197110542,0.40715060552385646,-0.20476397075183858,0.011205144499268991,0.3129927561429186,0.4257531968709853,0.24539775020761392,0.32315564578929484,0.0005332739195965152,0.23554968368245752,-0.2926455211048025,1.0888613836105057,0.015886811677629634,0.8366547155025827,0.16213211849303177,0.04724772965537445,-0.0026366132796136277,0.014456324808780171,-0.05053279663898819,0.32075223878181647,0.1941594856532001,0.09389919376026439,1.0120972008532838,0.06186925835533068,0.0969334197870403,0.029540076973342082,0.36658986790670106,0.21549506059581536,-0.08595827402408544,-0.08500703527098857,-0.375258568214175,0.05473543591833782,-0.019295581367143134,0.7230638866825627,0.629196751426803,0.0,0.01472186646872138,-0.004135723145617157,-0.007229328843847711,0.6768605038992691,-0.12898069127842166,0.0,0.0,-0.012688783178972245,0.0
ACC0464,-0.26500944962732903,0.21145815612291793,0.04806821867054546,0.04279292642521663,-0.06770682116982163,-0.027907383861081537,-0.06612854290631391,-0.12906918755724145,0.08475077271906742,-0.006231447536883829,-0.025127874694563433,0.07624460210436618,-0.032334683680978825,-0.29345253714431985,0.19208113620847125,0.4038558533597411,-0.0881591642892682,0.17835214463203597,-0.11952398522500027,-0.049983310955886574,-0.1540279634544526,-0.43727603021087075,0.03514187316838767,-0.08139458040052654,-1.8305181016689298,0.11817895105785013,-0.11679004733255198,-0.04665453528616188,-0.22738990604066553,0.04907291804107541,-0.002463662513151656,0.08412975071696209,0.23453089693758855,0.028070228241025227,-0.055418724697235716,-1.8241597825833025,0.4192453958524293,0.0,-0.1071377019912027,0.022031551876135324,-0.25902884269105303,0.37638968872992656,0.0805044069216826,0.005488541609264555,0.0,0.17402433882994742,0.004628972966860478
ACC0465,-0.14993535593538085,0.017763986142372745,0.46156043714013056,0.14454188000926252,0.10190458183754719,0.13293969469789063,-0.08639669288181592,0.22931813015843877,-0.16818298329397546,0.02660795928973275,0.15846912253060572,0.1512000107681989,0.20533081421894742,-0.2471299703454219,0.05279756425804822,-0.04782697266115105,0.19302609068851942,-0.017810691476567463,-0.20895010397349867,0.06115823316456205,0.11051487745581533,-0.010932922730337557,0.05160912597341342,-0.03640141535385711,0.010479904823657465,0.35859696594881246,0.44382093916408877,0.14238264173500784,-0.17388716314357947,0.08391838742120676,-0.1431145316130946,0.15015649139893114,-0.008064928410006878,0.25296987732002074,0.037940343775502705,1.1549762359858005,0.2929304229583203,0.0016584674281367173,0.036111793955617755,-0.0617645500148071,0.3484764257490478,1.4582481123174629,-0.057214253220569875,0.024632652254185414,0.0,-0.007750355447896273,0.0
ACC0466,-0.22878583696971208,0.05407048704257903,0.23664528497917106,-0.18783537874658282,0.11887536380774434,0.04936873278382544,0.08089970730965725,0.029176986046935385,0.12205907792883575,0.20111303479111348,0.004306929575569521,0.07708832063310958,0.3741555215303327,-0.1810741278374649,0.034573894146342314,-0.24614458175441611,0.04254450191468159,0.4007109926758739,0.5475754521261829,-0.006581532698246787,-0.041200699885519776,0.12996740383258495,0.10754150233844013,0.04717100071825642,0.19897826050165043,0.21035756689008156,-0.1397752731883331,0.08235709818877758,0.04283205972083538,0.07403888013306469,0.025661175705076245,0.0760033873254257,0.3175465837922004,0.014962368557566129,0.038717750394492406,1.0056381579113005,-0.27226281592216434,0.0,-0.12093132061577529,-0.015085922599510802,-0.010159298794498678,0.7278394277776147,0.8062140940279499,0.008130487437179115,0.0,0.011721909490669334,0.0027825076720258664
ACC0467,0.12177422647881228,-0.20247846589683882,0.08529753126268133,-0.3250222024664825,0.21286707185965426,0.05617774884284155,-0.1095808609858667,-0.114541910615339,0.2517577672260052,0.18648065489471038,-0.05882635510948963,-1.5209079777527705,-0.05199855028262999,-0.3135212956890093,0.028477950096649534,-0.6882485974277875,0.17657532823263936,0.01360835903727485,0.2643739968618286,-0.05396429860474392,-0.15798305518558486,-0.06222868659587556,-0.2006829681368459,0.022964533412232313,-0.03149428882557434,-0.7859843924913616,-0.21263830580450624,-0.06295496434694009,-0.07222704509238471,0.23858422925662184,0.1620868904801557,0.20031270259471137,0.030673054766556632,-0.04319433141727549,0.012069855168970736,0.6566418693854373,0.5833425109235062,0.0,-0.07478590361730016,-0.001523995397093287,0.010853659219056887,-0.12866038102631658,-0.06374181775715076,0.0,0.0,-0.012902199481601467,0.0
ACC0468,0.00793756687660425,-0.018674643478205556,-0.1321640488907522,0.16047669365328363,-0.16899815993248224,-0.05936664490746687,0.22450449262402103,0.15553348890540536,-0.4368843055423113,0.5380875038358477,-0.03333334913931537,0.14584349900547505,0.5031206214920982,1.1284394891566807,-0.032457498105161874,-0.2193816960879797,-0.07694225896143554,0.175833231152183,-0.0044605399960521,-0.005996014103703245,0.0889064165138219,0.1351156129828677,0.6138541293801788,0.03920140538939623,0.9934038978417663,-0.04988112503338809,0.20518514148174005,-0.055002340573713344,-0.2239629954179133,-1.116393041984536,-0.11061710692647722,0.38025609716608294,-0.3675732241535574,0.029389235251464897,-0.012464427337052738,-1.415921793712424,-1.083255370999015,0.0,-0.04971697758045105,-0.004199193867410226,-0.0041678052485535485,-0.9814252766525209,-0.06842454637476054,0.0,0.0,0.046376005413887485,0.0
ACC0469,-0.062380071024709736,0.11785055265994568,-0.006490374632437383,-0.29990034159307594,0.11808359360051097,-0.006275838663364315,-0.2863424800012057,0.21551368512751545,-0.1962056172787216,0.10717295767475021,-0.11777378815669787,0.11555438724468264,0.070355917673861,0.053300656975598514,0.013780504332803029,-0.17706873765381267,-0.5114425934245431,0.1089341516512537,-0.41446454894153073,-0.048632060207520304,0.06178896847741364,0.03717461815687943,-0.0070001882034400435,0.34477344052467623,0.32575279590886436,0.22655231927723257,-0.3904817217103984,-0.019190736069261055,-0.14523112045302447,-0.3067024775904228,-0.17184770173056374,-0.36098926882693283,0.16788587385139855,0.02995218057634873,0.03070019130721171,-0.6890655194732211,-0.6282017962192781,0.0003223610578354857,0.014537067734960848,-0.003540351598959021,-0.3171783915468013,-1.2563453555945574,0.06159306463446628,0.0022745671426418618,0.0,-0.0359807508789844,0.0
ACC0470,6.207803799819362e-05,-0.0009305672965184688,-0.4013223681497064,0.1960383852189089,-0.041950138817492204,-0.2791609499436057,-0.013873592865541585,0.4634524923434229,-0.09824724671973052,0.2667495908035992,0.17199668457185627,0.2343456162217083,1.7680760471891535,1.1849845812214124,-0.30525093070480785,0.3699667622426878,0.9617480781407372,0.013380567244705458,0.12051963157870534,0.16794761179359988,0.11853337775374304,0.1507816268865213,0.06540180601350767,0.16002964233066935,0.36190598312966576,0.08078702258258291,-0.045015349643114363,-0.04196830964049102,-0.26272863911969163,0.09260246298845984,-0.07131128174488086,0.03099314474557467,-1.150508978814294,0.1847127039717138,-0.031214867850775256,1.2121583525693294,0.4285151546352375,0.0,0.027637293853744804,0.3709070667811326,0.1482176410507187,0.4570908018858279,0.03744924880069657,-0.00407678292155903,0.0,0.051108126867793834,0.0009912503268992695
ACC0471,0.10653674040015089,-0.07252816414661843,0.07138194234952382,-0.2522264812470844,0.29461834302873957,-0.01730553972845727,-0.08747630031864555,-0.010483103952940536,0.23022615874345406,-0.16247582981231365,-0.06651807976119113,0.14658028506248796,-0.10333300659638507,0.19077730698469206,0.01474221109615977,0.036690462513828244,-0.29414282025076244,-0.009166758414496443,0.26733018383524976,0.080669598505519,-0.01360781275986327,0.13491816527887185,-0.19921762232805162,0.01599544879779651,0.04034688497368494,0.06365534744241798,-0.23228205450299766,0.07474035992001515,-0.06217870395748742,-1.6061127881901824,0.08945158212371195,-0.05654271082400353,-0.011439930226432032,-0.05822019729111936,0.04738242203465528,0.6394171631272939,0.4555114821306665,0.0,-0.008312879119909529,-0.001523995397093287,-0.008227590346986844,1.1257256720427073,-0.19543362405934048,0.0,0.0,0.01960649091904563,0.0
ACC0472,-0.1639600312556951,0.12770577814240514,0.009879847225841083,0.7041398719967296,-0.13055492461439977,0.1149187061637223,0.14307947578574143,0.4793244654799365,-0.09629688206360942,0.301347810612929,-0.040889004307834494,0.15529414116949602,-0.2965944268061285,0.031124646159971018,0.06613284759540883,-0.11648004553018321,-0.03504502657952125,0.09691073011764251,0.08304382855783997,0.23394951570812214,0.1297748610590786,0.1525660449832255,0.051830690494037844,-0.038792615445126695,0.7302376255037002,-0.12918062622338586,-0.3209791585021151,0.019834830302834023,-0.0865404713268227,-1.38812179828722,0.028421890765913997,0.14629035326187037,0.24629197365491737,0.21566931347225163,-0.023727623852422393,0.6194988132445203,0.04558938692523117,-0.00021192425393969203,0.07611860516057575,0.002865998913443015,-0.08957316238853733,0.43299916120847187,-0.16397621885451893,-0.008362469921671976,0.0,-0.016897528188082853,0.0
ACC0473,0.10689140293009484,0.08268036237285806,0.039862929991358174,-0.2714824026208029,-0.11639218119062684,0.003529226294369149,-0.16385181491313247,0.19958871739116732,0.1086915550773167,-0.2256051864704023,-0.05874883749110509,-0.418132893303593,0.0628700950287682,-0.11841071379681911,0.03153479249780185,-0.04833135145607268,0.46798552206727256,-0.6419574636640052,0.41720599047915086,-0.04669069438677307,-0.004036356045855314,0.0720200557405385,-0.02224290374575991,-0.08863161222217199,0.3181163177661028,0.14509876574679276,-0.3050497144879415,-0.02253791134523122,0.27023508710781186,0.3165328517896284,-0.003574980936996753,-0.11332488012959503,0.19179330110581808,0.04074719573455221,-0.10651332085181756,0.3660944326133997,0.806887810052588,-0.00027568138974595584,0.04326775366278014,-0.003540351598959021,0.23573046092004865,0.6352221370224015,0.1580790984371075,0.0034161264077039125,0.0,-0.01393729946032452,0.0
ACC0474,-0.2438009547452037,0.03991240473989818,0.08747699261888607,0.0011637256144731265,-0.054565084578172475,-0.056583131122700164,-0.12366993892403139,-0.16591211136915165,-0.04604588908555364,-1.1609723390117856,-0.10142596819072121,0.06050728999725912,-0.1017323580903081,-0.49330015376770103,0.05375222950223496,-0.046432179115391714,-0.21162566496174787,0.024425260998589462,0.05579195770856109,-0.01009996232190915,-0.1650857745957006,0.28485363448636913,-0.07256858793398449,-0.13869008568331484,0.023477797120101857,0.283398907894161,-0.3256173805108264,0.1312082220735015,0.0663134824934061,0.013383703247940089,-0.1639085460361605,0.15053655165635674,-0.41088249356727735,-0.24980329557287068,-0.08873841387644504,-1.02337466274245,-0.08458593316665443,0.0,-0.04741555947779342,-0.03972804026277645,-0.42056136678055517,-0.9141446528701771,0.043296983950371744,0.0009585673201617066,0.0,-0.055625659042362316,-0.00585479143958943
ACC0475,0.13557822083646845,-0.046233206146207635,0.12996078987603205,-0.15636417622929757,-0.04173295481024339,0.009597899291837336,-0.08215222414792567,-0.10360551100238209,-0.05173090954095729,0.22838347569121445,-0.07161659799752998,-0.013721235766479283,0.14235578646231212,-0.27215387518021983,0.002595452859935834,-0.14740992615281864,0.01592806160457818,0.12745499209265979,-0.2694601910475988,-0.09657197864370991,-0.15572839232485639,0.17730815357794932,-0.07893376889325394,-0.025391679456652556,0.208978318722551,0.26546200965273037,-0.6674830076138951,-0.009185866620334411,0.18169096979550053,0.04872099935436458,-0.008757157303539823,-0.054930137368797136,0.3066182132592029,-0.01616190581034435,0.04097900333187293,0.8299935857321955,0.3928412186052937,0.0,-0.16542192712599918,-0.008869207638358703,0.020176965466752794,0.22129193636624173,-0.548869719722462,0.007169317649690601,0.0,-0.006307563506919291,-0.0011389666087077712
ACC0476,-0.19494910586266007,-0.08114451761328553,-0.5227771191685053,0.05958474090697601,-0.0021079823132888528,0.06688776577824031,-0.08955025720002784,0.09199361176190594,-0.04798639193694212,0.16722625355522283,-0.02537732407033322,0.4022050586582713,-0.15966576993535692,-0.11271435826944283,0.05857519784582985,-0.160051726625991,-0.11828300910148912,-0.046248288522749766,-0.07094073098636045,-0.0011120726339473542,-0.15618502854858735,-0.5197403468010539,-0.03275136913788973,-0.12320716708156185,0.22060063446317182,0.11881175886952161,-0.20796395865289535,-0.10351148717492864,-0.21247925036534007,0.007604493765446155,-0.113680995547203,-0.148779560682895,0.2150464027488464,-0.22813015358046712,-0.0544413674043755,-1.4831353715859952,-0.41077860535655314,0.0,-0.0436653599594183,-0.03150483330292084,-0.45593374801195713,-1.0620232636641334,0.08886994098691384,0.0016990787761851961,0.0,-0.06996773932465722,-0.0059475019613956185
ACC0477,-0.10139420103880464,-0.019915744429746012,-0.4853522188339506,-0.2041905611320597,0.8696374196021639,-0.02182340829006966,-0.07830278447613857,-0.035808890969893925,0.031936385019167166,0.02159805842593884,-0.07542904878355233,0.04980038375874008,0.3535176060816447,-0.25182535633670144,0.10912872993215472,0.03490876934869896,-0.9304457908547379,0.2932271153683661,0.5962776078907226,-0.06926195762661837,-0.08485283396892383,0.08522636010396031,-0.008667059814124566,0.01333784327657654,0.2571928464516451,0.24410692669689024,0.7044558336235823,0.016195794077456797,-0.030739820552822712,0.10290223734706976,0.03650313143668894,0.09104411924579175,0.10990108009149309,-0.060126601027936113,0.09353102374452163,0.8274579475268204,0.35275891980469404,0.0,-0.11253775255145816,-0.012619142092369137,-0.009763578272814684,0.6356401896100146,-0.5265374598557024,0.008130487437179115,0.0,0.010175099254116072,0.004252142005842346
ACC0478,-0.11551824378731332,0.017034384701989824,0.19170018926753096,-0.024803374537521034,0.20862954890981703,0.028750576018640575,-0.07602961570563459,0.1939416640383417,0.044782578863400604,-0.6401689181135086,0.005815172594198458,0.02265180532125082,0.3320556331361707,-0.15456978976778823,-0.25908746889922163,-0.22636026641177998,0.18545162124221382,0.48222831174240227,0.630358600700745,0.11146445037495141,-0.12282266778109652,-0.6738949660591957,0.19318312095145368,-0.025246191130346898,-1.1609476458217984,0.3331696535735688,0.6479008167877732,-0.029737585498336487,-0.171773890914977,-0.09043357537765248,-0.02675616645584224,0.12366301302714426,0.17918848811572988,0.03747578306770825,0.03584102273739505,0.9325132275682901,0.4253893140237253,0.0,0.16558734937812133,-0.013765290269056027,-0.010835941905859294,0.6543832826541803,-0.12198400748204286,0.018450307921177935,0.0,0.009787775763125438,0.004252142005842346
ACC0479,-0.2645046905687884,0.10711963411871453,0.13390857888832053,0.1944283463693348,0.08502317239959965,0.12402143183614973,-0.02317636524531341,0.5794435198948032,0.13886838459474005,0.3590006848356084,-0.0983409088819102,0.16944551457815765,0.07017660112180617,-0.4165349862508316,0.03988493244271694,0.0835346034945045,0.02013537297764098,-0.005445570688700588,0.15015244436016872,-0.0016200855420562663,-0.30987656397501967,0.22705828689370408,-0.13312129890742289,-0.24135367544363046,0.0037713033106269818,0.2600363248004084,0.40174995324783913,0.04211651543357609,0.20255248258363956,0.11510843194611371,0.006909210110816554,0.013725567966231068,0.19282339611438926,0.1235354152290704,0.07865446264181261,0.8927039624088589,0.4805482831720784,0.0,0.08237623080831397,-0.03233362744407714,0.14363548539778745,0.47278728256423413,-0.035502761214200707,0.003019470413340454,0.0,-0.0568929550327649,-0.011328063706434969
ACC0480,0.32599769417542196,-0.0027041264618401875,0.18859615723945866,0.06074976269768786,-0.056310552773105274,0.01739216233047387,-0.09500065868365724,-0.011597773259784292,-0.024452183058637108,-0.4290926263540702,-0.1019529715106818,0.04903345820942758,0.2293474021481941,-0.08887919968049345,0.0029549464659891244,0.5910549213524092,-0.10307205517705521,0.10355508413300411,-0.48847284819086145,0.04894501599987537,-0.18646747353835377,0.09958805348910447,-0.1479820307569672,-0.055471073326712486,0.216171137438657,-0.2721288146938828,-0.6419476915179775,-0.0002042680572584666,-0.16693691227958818,0.27787682297769223,-0.02552788290118675,0.1302439784978119,0.34283119070715445,0.07184429207270453,-0.027850230712315984,-0.7981240414174247,-0.19946123762211862,0.0,-0.13181818270895218,-0.014893079778293999,-0.008932355528389668,1.0241598253448172,-0.33294814417430657,0.006831484757995138,0.0,-0.005544957716692475,-0.0026086009425242505
ACC0481,0.04639811695820338,0.06403191325071124,0.1467335251771512,-0.4087447636190048,0.052878225190675164,0.0006379366962103506,-0.1870227315287547,-1.255123560420165,-0.21076686528934652,0.34956280197173306,-0.0677905432551744,-0.35796444028635,-0.24111846000215678,-0.11636041910852715,0.004681804839659682,-0.029697055797362655,0.31230478039270654,-0.6647257328300734,-0.38699141188854946,-0.0804171070461941,-0.07983536347640657,0.07996994635751953,-0.02819130971536035,-0.0721749964905374,0.2701361991064319,0.08287090501133351,-0.16829081100032794,-0.004022068907709785,-0.0705023248250254,-0.22886104487263986,0.035813199094415285,0.0679484794279204,0.17270673874746909,0.039479656397136464,0.039315454747053814,0.48228800996094523,0.5717229228372316,-0.0004895747964695479,0.0016862119063989793,-0.003540351598959021,0.2240212534903086,0.37387991863679426,-0.4390449892251687,0.00917892537894599,0.0,-0.007310165406877431,0.0
ACC0482,-0.11414493432814994,0.1737367181610581,0.10227475984418967,0.013790435562502255,-0.07540526834724834,-0.05488353445307203,-0.10978916231118947,0.29275441250395745,0.07968016294383026,-1.5961525506493686,0.014070582651991974,0.18879765899440082,0.028065818104580392,-0.20247753232340052,0.035607891845855395,0.1195331790441305,-0.04145234052143694,-0.06073740835355772,-0.09408828364944787,0.04835482501825621,0.19306121752022928,0.29962159154769663,0.07283689364658945,-0.1702434125713357,0.08359725843604579,0.3409859518359093,0.25502653653249574,-0.12079658566732529,-0.4135621616893051,0.04888135095504486,0.18269875546716188,-0.2716978735652511,0.11296849088072479,0.0844370555631597,-0.21311412877433103,-1.3329518587914682,-0.29424744740319664,0.0,-0.06729654514415416,-0.02358585471285502,-0.4894464495220639,-0.7696157714575609,0.06246363509700336,0.005488541609264555,0.0,-0.06893158582598796,-0.011075524107973325
ACC0483,0.08984814141877119,0.045315551626998615,0.11252496905133932,-0.2970678779446344,0.35219720796526044,-0.002791027952089584,-0.06636902623046678,0.612878758649258,0.4298224839757113,-0.2711909512859731,-0.036448998898687565,0.21593690921935335,-0.25579242311989037,-0.4410210945780499,0.003745782128949382,0.05100294376716212,0.300273148118233,0.019293645317416987,0.466204342277454,-0.057364343451882724,-0.02693898774555614,-0.24218124218737686,-0.032382823025467695,-0.04646168214381057,0.07600483699904997,0.0870000916081606,0.3564486070960627,-0.015913009852661728,0.4384883815283081,0.26907398995385134,-0.05854071283573175,-0.08773650163786248,0.02299171131528104,-0.051818826881769045,0.04762189542529585,0.6155184737929584,0.5839141775932339,0.0,-0.012034511350625545,-0.001523995397093287,0.002612629401376118,1.1005478407805032,-0.06474401077476591,0.0,0.0,0.021333236289669072,0.0
ACC0484,0.13833709818990947,0.08187323311125139,0.17223669877971534,-0.11416546599098723,0.09618224086038148,0.006472266880469987,-0.1699290111547868,0.15701554701040268,-0.038813837645510656,0.20380638123118044,-0.05601608816172957,0.022143383473382273,-0.2557855878649974,-0.20054577264131024,-0.03598455763286821,0.7090326072655116,0.31261302027754845,-0.0039453895837958655,-0.09440512096610024,-0.03356652700235114,0.030326043567340068,0.04522990288559285,-0.17510982646417905,-0.008951251978492778,0.051097152490917154,0.3299768384190979,-0.2238125649720719,-0.09596945655284927,-0.44508428837844205,-0.04931245748250671,0.09241104951459293,-0.22989748899504633,0.15735637152816975,-0.050713079544440626,0.038468042665404024,-1.021659475426231,-0.11403260248573673,0.0,-0.1196538983892325,-0.03480647936184663,-0.011341702280747457,-1.1876463167214564,0.026808082162785858,0.020024171888529063,0.0,-0.014874455281048941,-0.02015236080245847
ACC0485,-0.10398635211803066,-0.8872237495305736,0.0006896811519759123,0.5399269496457801,0.0017825634105405202,0.13234435341150777,-0.17646358457482458,0.20663212507134338,-0.256262354390095,0.09894436812703614,-0.0008635554693363685,0.001214504324422187,-0.23879793372367356,-0.15936018107408068,-0.011298328813909549,-0.14042968469963546,0.08670996684950046,0.047652750984400305,0.3953950811971347,-0.0357502419193705,0.014902306067609176,-0.02235626128717869,0.039985010325956465,0.28527754946127515,0.13245694961003207,0.12603105370173173,-0.19123886902282555,0.01389896026439108,-0.19277836994836703,0.09221105169676405,-0.13363766824719298,-0.2182680720336047,-0.2604958128465217,0.0859216521591379,0.0025471060788754838,-0.767468356316044,-0.8084773228071037,0.0003223610578354857,0.027315824674204556,-0.003540351598959021,-0.43294340561743944,-1.1382544688083085,0.020408713656750576,0.004143315607944163,0.0,-0.014368231707595743,0.0
ACC0486,0.07499247860668795,-0.12677973764666478,0.021922003500244053,-0.13681117567546644,0.580812884920792,-0.23839387146161592,-0.05017918848768791,-0.0732678617342712,0.11921582479508717,0.13482622116877818,0.010429015018545538,-0.16412457126706462,-0.007729261416731591,-0.34480601503794833,0.08063257708334631,-0.12317158273224307,0.18264178463843253,-0.017925977619513637,-0.7315530227704141,0.18137709370382238,-0.028495367327651084,-0.09906885661504224,-0.11453602760568417,0.023784583012988372,0.0019064961174796247,0.06768264662657299,-0.37455193981663815,0.2790792428617966,-0.05452284994770804,0.09463665181289317,-0.013477611706475684,0.18394161731300618,0.2589803455968386,-0.258294672749424,0.180054248395545,1.002609524849283,-0.16360388391451874,0.0016584674281367173,-0.010119085030183866,-0.019170210519879428,0.3631025446184377,1.485968799545793,-0.1551726355358138,-0.10261479169918394,0.0,0.023864867985420903,0.0
ACC0487,-0.055327944903176454,0.05037924466267612,-0.3251332347325954,0.13264256312952427,-0.1346020886587352,-0.0398916085050481,0.359469370818882,0.12659002606879924,-0.4602239860697178,0.535649403330546,0.3762887503881365,0.10159311739254295,0.6227696460603188,1.5437506957881821,-0.02224352234233111,0.9144131879368068,0.07437064265920282,0.08511348690375829,0.17871587550377624,-0.005219710474375092,0.0711184914090762,0.2755605100230819,0.5524568927146889,-0.8563164769049474,1.0613824143726183,-0.02976998138300342,-0.14140720393019887,-0.05536347622612563,-0.13685001844769373,0.32433005507133666,-0.024158745136650697,0.40605993380495053,-0.18407679105964364,0.06796779485827786,-0.010621233042836416,-1.1155395283763063,-1.468169626667055,0.0,-0.013854302336489297,0.003863258358017408,0.012803990708494849,-0.8647522768849291,-0.0495780152372222,0.0,0.0,-0.01465183583293998,0.0
ACC0488,0.20064602341910015,-0.11838354944585075,0.01035184356180266,-0.06731930269211515,0.06658413321003877,0.09767100238546307,0.10829083587330952,-0.11489020401512184,0.5201988217518342,-0.0290617539274144,-0.06212848684523621,-0.5554759608090879,-0.35055486520537793,-0.19465744429582293,-0.09287942079742349,-0.07494124668628303,-0.00809948724650873,0.038623624631556504,-0.17002092619462467,-0.16211947040089403,-0.31161853386538646,-0.5934954066424603,-0.16566929588837143,0.00475009439255376,0.1613008200163531,0.27280303746912393,0.2597675501438518,0.1016743139710357,0.011677576748572517,0.04976211946163846,0.19059166268446448,0.20904149960109555,0.19707436782733978,-0.2716546714899515,0.06880853482358693,-1.577128391156095,-0.13608689593194223,0.0,-0.04163596998758959,-0.024711457107081104,-0.43514357237428997,-0.7217952029582236,0.13052220475686396,0.005488541609264555,0.0,-0.06304603537441116,0.004628972966860478
ACC0489,-0.015379880080354222,0.23831394487599672,0.06432751998765496,-0.18662818447303625,0.7369665930208256,-0.08694165894303194,-0.07558488266565629,0.6744233594328916,0.31556343932461295,0.1594612958851435,-0.2880133209280602,-0.021919173227018394,-0.6933407568262802,-0.317224906183617,0.05932124354638637,-0.16081146222312037,0.12519400195763625,0.00841468488848179,0.06712061789801997,0.0598834260447248,0.022072260533705243,0.026257756168841666,-0.04647288868427397,-0.014992658401088923,0.13706926321044244,-0.2410880109909607,-0.2545164881491971,-0.23201403094663053,0.055235257788648115,0.1219543817138562,0.12299311276087316,-0.4404195810742362,0.28933237344771356,-0.15060129382362955,0.1853926270430395,1.0274946903107263,0.10055586039074817,0.0016584674281367173,0.038383092894504645,-0.01852483051673513,0.3556447499506917,1.596792385348404,-0.04201218872019234,0.024632652254185414,0.0,0.011167067327201885,0.0
ACC0490,-0.0633533468316432,-0.04375991469152108,-0.27745993169335575,0.39062944543199496,-0.10854003829884189,0.11504669813796974,0.5710445846476002,0.3097865953853058,-0.5098755620546561,0.14538413821338805,0.32798845783354913,0.1675211016582831,0.3671011519467956,1.1761547312288454,-0.03796260769427276,0.5509375791140942,0.3506470037587516,0.15944344104273458,0.055224354085686704,0.04130223182056106,0.06422724854384763,0.007212787846183983,0.17375716984966402,0.11662189601674389,-0.09311514545467045,0.13416820749857686,-0.10687162869580716,0.08755239659226607,0.3585980925923641,0.16653268936614782,0.18024768360893662,0.12711009599109943,-0.0430809979356348,0.07222974506324684,-8.944894812609652e-05,0.7566223519297722,0.35962607961808074,0.0,-0.032806473314129045,0.014242506030759158,0.01011527768931857,0.3861029955740928,0.1126304257833818,0.0,0.0,-0.029223776583192966,0.0
ACC0491,0.004479096846548459,-0.13934585146106968,-0.13749109721126637,-0.16041392107606622,-0.01446359243136696,-0.09227143828529721,-0.09815955712207722,-1.6453122585584565,0.048329425060410325,0.012777006178524746,-0.1273322214560344,0.03772274856333867,0.001198033335618152,-0.33822909318914784,0.07944752197226405,-0.18821131654459317,-0.47773785600963914,-0.022885884810407525,0.10730292839807322,-0.0072158164184382865,-0.045522406496021225,-0.0030965907786118557,-0.03088698005492706,-0.0038164075726664273,0.0037143374770422137,-0.6691094773431643,0.3663758828652068,-0.2664091162356243,-0.04197800035333766,0.10410533314663736,-0.22559480908800358,0.1871101115226106,0.1545828050869801,-0.3548014159108158,0.021080377050294762,0.29405348955105914,-0.13882625803744023,0.0016584674281367173,-0.004606598188122199,-0.01702031838196187,0.35814829479773447,0.8514392976542154,-0.07870321718489953,-0.08655979485890461,0.0,0.009990474681355034,0.0
ACC0492,0.11842610289618831,-0.006365797415556412,-0.03734350407872008,0.44653843007870003,-0.1050661514899678,-0.002964586727154485,-0.16141601159376603,-0.13569763696310486,0.09111219474593199,-0.10261912216680245,0.0020747624843278417,-0.11870735367033487,0.15446432116483097,0.04276094307525414,-0.013577995159694756,-0.1604154556566509,0.2710527777907816,0.027764686462001,-0.3692732427556753,-0.05028310935821111,-0.01109450435509353,-0.03070425328353657,0.12136382947454136,-0.08260815517563937,-0.014173992918830152,-0.36558048367187684,0.42129947598689227,-0.03595718682184359,-0.07341085670041726,0.14842488951635507,-0.013297266671611433,0.1222955973371342,0.08584330642379606,0.02459465661937085,0.001172264651129836,0.4448232579685036,0.7082765601271311,-0.00015064018796832565,0.07931256835002136,-0.003540351598959021,0.21300030941132594,0.24276958100723342,0.37573688412797857,0.019836917142242665,0.0,0.022470155374811403,0.0
ACC0493,-0.0927076481363481,-0.16768183645738866,-0.10569710175465583,0.004172951424216922,0.4411481062995025,-0.11437676772225229,0.17519629747693297,-0.15256767190234125,0.01520804703886994,0.04441769217445863,-0.25521959251736287,-0.0542911894723338,0.016350157626352134,0.4307627151565804,0.06196229200137634,-0.04771830301477353,0.14504890856730052,-0.02939073955624989,0.06795838185936161,0.045542758410458094,-0.0019465332740063145,0.014877952048005986,0.02653291963995746,0.020076789904223593,-0.1491486722124887,0.18420792184292645,0.13892856536526843,-0.09587477385141889,0.4316307952606559,0.035466222014058274,-0.07770942938150605,0.1546387832788166,0.21573165004845143,0.1663880888754916,0.168290698210158,-1.520580846674108,-0.21556290247739568,-0.0028249087139106226,0.0008085062723607838,-0.019380787675930565,-0.9925402904733412,-2.483316747690858,-0.032335180246851405,0.004246213986106678,0.0,0.009067822980264685,0.0
ACC0494,-0.16469060718481224,0.08100070895258361,0.08071820778155887,0.11715019787878658,-0.42885238877478565,0.016349540484498663,-0.1522007135085101,0.10341955049086879,0.030182401821040872,0.17805926158996987,-0.07682572968391038,-0.1945564936275834,-0.19842632267639487,-0.3140641040270495,-0.06338257222026115,-0.3415825862154718,-0.17503483459751304,-1.6783175127827645,0.11875538318058079,-0.011332320316170371,-0.1012141058981671,-0.654457002419939,0.08848080626148998,0.23425056339703937,0.10192936709969488,0.6197726846878385,0.05190083225126137,-0.007820481985092376,-0.19650616978306978,0.0503893304712405,-0.09033664038291893,0.12175941324609844,0.07620716438128844,0.0479819990431973,-0.1785208691446041,-0.6889321206084292,-0.32187760010079003,0.0,-0.09439736336545451,-0.016332097159333248,-0.010945981759063464,-1.027472559925341,0.02214691253648623,0.027918647028859267,0.0,-0.006815822243468117,0.0027825076720258664
ACC0495,-0.06296903345940438,0.06599857223702295,-0.29848043570382105,-0.29822085090069067,0.0315494974851907,0.07162308120501408,0.11566255474429951,-1.1511338658992027,-0.3978416808536121,-0.17763803745354897,-0.04375427733748443,0.08161835389780969,-0.22387539246019128,-0.2050865593435762,-0.017339062384201905,-0.21622248863911953,-0.34223898839144096,0.14890989850079528,0.10527599814161706,-0.10384946665182711,-0.01098874772845857,-0.1160305990664824,-0.12860412707003774,0.1641932585809894,-0.02412052428044418,-1.1397160859324584,-0.20387620259684436,0.04386245654556212,0.22564589438522412,0.4995302083647449,-0.1948915239703031,0.07394506996196078,-0.01959785755172746,-0.08635523811238963,0.04019569870551031,0.2716908911124087,-0.5395242132543624,0.0,-0.027403848111224132,0.0027481056575235615,0.02224145715154692,0.5953228934497347,-0.19385656630449496,0.0,0.0,-0.045100014765447435,0.0
ACC0496,-0.10279124636826201,0.0255623511734145,-0.2527866123481051,0.4077170889216559,-0.023460118947667905,-0.10560857218868025,-0.03908204188605696,0.46440177675478683,-0.061901149223092,0.22493388871002057,0.11844993619106399,0.19600456280542508,1.1977693307797055,0.6275357023751784,-0.21549676311135138,0.48560806591662964,0.8789090959192394,0.041494344199983296,0.05309939602023037,0.1829081026185354,0.15964872499821975,0.2133375908077967,0.056997719308173184,0.16853154763253947,0.29262499947686227,0.05985543700651173,-0.03920754376207457,0.12876455229621186,0.008770305795276304,0.018672819817549542,0.05036083412533351,-0.9242194218614078,-1.2061815639346574,1.5007890864630196,-0.013741785964126273,1.5629611617762853,0.37333481275010755,0.0,0.05966192047313435,-0.18965367677714623,-0.08316099620472504,0.5339273422437641,0.025669149381635562,0.001325850608776793,0.0,-0.013879325185486397,-0.0059475019613956185
ACC0497,-0.020025205555755588,0.0780624281671003,0.03982018204899595,-1.279657241442278,0.08662752262222084,-0.0634390499487314,0.059782788223650477,0.09425558112865384,-0.182209803768505,-0.5114315686120736,-0.1521956789457626,-0.29594143931472716,-0.24266866636933332,-0.1702763540041926,-0.05586020486393815,-0.3199751725578071,-0.7868629354587134,-0.39395163138891126,-0.5730922193446527,-0.059835407365440005,-0.062529702829731,0.01677804195996322,-0.05568906447448753,-0.07714396139094132,0.1953547757197201,0.0580447487713705,-0.2589257024460708,0.026209431227775894,-0.12781912999711978,-1.1100182034785324,0.02418628935701819,-0.16112296611147442,-0.36159093418350696,-0.24164981662949608,0.06946777505440928,0.34318166090192176,0.6976759156076809,-0.00027568138974595584,0.03288294740033496,-0.003540351598959021,0.19772788436455427,0.3996070587082485,0.10879711124531392,0.0012371649396384532,0.0,-0.007310165406877431,0.0
ACC0498,-0.1072578515307627,0.011660396380173257,0.33819722401939695,-0.13626381782616254,-0.5030794135695376,0.28453860022245614,-0.035061715380154304,0.3932799851590303,0.13623389624504298,0.1525431803419614,-0.1433580549348754,0.044023081811959436,-0.28288865431481025,-0.35801678134698434,0.04554527833575701,0.2748192358054445,0.11891679375708904,-0.007619573468142212,-0.3663480635747848,-0.08194677782633605,0.0016642139035956938,0.004474901888653412,0.12783587511390548,-0.024339780935949566,-0.05269639040075443,0.07675813886021159,0.5189559797729395,0.10435209881992119,0.010021633279145762,0.1603279074372807,0.16667868244477047,0.15306434954125353,0.3555861756573019,-0.09411606480085134,-0.049745877571548754,1.227536607656673,0.22173488223291007,0.0016584674281367173,-0.02453337515347639,-0.05550414563977103,0.2969415849059593,1.1449678761612592,-0.07576955128364336,-0.004591078794287612,0.0,-0.013485367944481566,0.0
ACC0499,-0.14280939119351477,0.18000844747815026,0.03678296508207097,-0.0284326885178842,0.8971195936184132,0.023812240237852757,-0.14460624968317137,0.029825628883198927,0.051073683788142664,-0.6153498422681046,-0.09907913696985235,-0.3728231473929854,0.26360922601872994,-0.32977320283403705,-0.10214481503520655,-0.12027620872828665,-0.12063291307984274,0.3395323710875858,-0.38420002506065976,0.006782524379960561,-0.05840710117425092,0.08149305152437553,-0.11254269887100088,0.5833120739365891,0.06427012432178734,0.07071433824988692,0.1077594538750899,0.00015853997028848025,-0.25819946092864027,0.08259638820264234,-0.1625894602874503,0.22248505997221676,0.1332468452886977,0.028624627397929918,0.05653347118894873,-0.9672613719682125,-0.3472555323604667,0.0,-0.14812212762887453,-0.012454375721138467,-0.008453883454858216,-1.2574566072100448,-0.04316116171878517,0.022461334746066094,0.0,-0.007003580985677498,0.0027825076720258664
ACC0500,0.2279995346638867,0.06404700857897916,-0.4693436725120829,0.23803913836797236,0.31859701582011724,0.0409111008262227,0.07847444377605153,0.2856910474944496,-0.03131284751471499,0.3615429285427621,-0.004757762059617279,0.22693582632797013,1.322543293471214,0.037330552497787474,0.012789274915855815,0.047021778384886255,0.25713529295860976,0.08471883169344327,-0.1962483619836236,-0.005874815175309186,0.1549166831395997,0.10618801747987935,0.2395052710243598,0.11438121228944842,0.08742981354426221,0.08263239543829257,0.1565996461657409,-0.15470171875868224,0.33491719657557006,0.21607279909548194,0.01234118233212193,0.06592089383053419,0.24001585147012067,0.01845576445395848,0.0734817813320635,1.0977479470844937,0.4351420545993057,0.0,0.2579017577730833,-0.08363741644867174,-0.022099397257398505,0.6055289465995808,0.8403475260430181,-0.020796532405606496,0.0,-0.006380909629222718,-0.0011389666087077712
