candidate_id,archetype,requirement_id,requirement_name,requirement_category,status,evidence_location,letter_only,displaced,displaced_phrase,contradiction_code,borderline_code,borderline_note
C001,H,R01,Phased-array / beamforming signal processing,must_have,evidenced,project_description,False,False,,,hobby_phased_array,"Real phased-array work and technically credible, but a solo hobby project with no employer or peer review behind it -- defensible either way whether it meets the bar at senior level."
C001,H,R02,Embedded DSP in C/C++,must_have,evidenced,cover_letter,True,False,,,,
C001,H,R03,Production Python,must_have,evidenced,work_history,False,False,,,,
C001,H,R04,RF measurement experience,must_have,evidenced,work_history,False,False,,,,
C001,H,R05,Relevant degree or demonstrated equivalent,must_have,evidenced,cover_letter,True,False,,,,
C001,H,R06,Kalman filtering / estimation theory,desirable,absent,,False,False,,,,
C001,H,R07,Satellite or airborne platform experience,desirable,not_stated,,False,False,,,,
C001,H,R08,Team-lead experience,desirable,claimed_only,cover_letter,False,False,,,,
C001,H,R09,Publications or open-source record,desirable,evidenced,work_history,False,False,,,,
C001,H,R10,EU work authorisation,constraint,not_stated,,False,False,,,,
C001,H,R11,Working English,constraint,evidenced,work_history,False,False,,,,
C001,H,R12,Onsite in Oulu / relocation,constraint,evidenced,work_history,False,False,,,,
C002,OFFROLE,R01,Phased-array / beamforming signal processing,must_have,absent,,False,False,,,,
C002,OFFROLE,R02,Embedded DSP in C/C++,must_have,absent,,False,False,,,,
C002,OFFROLE,R03,Production Python,must_have,absent,,False,False,,,,
C002,OFFROLE,R04,RF measurement experience,must_have,absent,,False,False,,,,
C002,OFFROLE,R05,Relevant degree or demonstrated equivalent,must_have,absent,,False,False,,,,
C002,OFFROLE,R06,Kalman filtering / estimation theory,desirable,absent,,False,False,,,,
C002,OFFROLE,R07,Satellite or airborne platform experience,desirable,not_stated,,False,False,,,,
C002,OFFROLE,R08,Team-lead experience,desirable,absent,,False,False,,,,
C002,OFFROLE,R09,Publications or open-source record,desirable,not_stated,,False,False,,,,
C002,OFFROLE,R10,EU work authorisation,constraint,not_stated,,False,False,,,,
C002,OFFROLE,R11,Working English,constraint,not_stated,,False,False,,,,
C002,OFFROLE,R12,Onsite in Oulu / relocation,constraint,evidenced,project_description,False,False,,,,
C003,C,R01,Phased-array / beamforming signal processing,must_have,evidenced,project_description,False,False,,,,
C003,C,R02,Embedded DSP in C/C++,must_have,evidenced,work_history,False,False,,,,
C003,C,R03,Production Python,must_have,evidenced,work_history,False,False,,,,
C003,C,R04,RF measurement experience,must_have,absent,,False,False,,,,
C003,C,R05,Relevant degree or demonstrated equivalent,must_have,evidenced,work_history,False,False,,,,
C003,C,R06,Kalman filtering / estimation theory,desirable,claimed_only,cover_letter,False,False,,,,
C003,C,R07,Satellite or airborne platform experience,desirable,evidenced,project_description,False,False,,,,
C003,C,R08,Team-lead experience,desirable,not_stated,,False,False,,,,
C003,C,R09,Publications or open-source record,desirable,evidenced,skills_list,False,False,,,,
C003,C,R10,EU work authorisation,constraint,evidenced,project_description,False,False,,,,
C003,C,R11,Working English,constraint,evidenced,skills_list,False,False,,,,
C003,C,R12,Onsite in Oulu / relocation,constraint,evidenced,project_description,False,False,,,,
C004,B,R01,Phased-array / beamforming signal processing,must_have,evidenced,cover_letter,True,False,,,,
C004,B,R02,Embedded DSP in C/C++,must_have,absent,,False,False,,,,
C004,B,R03,Production Python,must_have,absent,,False,False,,,,
C004,B,R04,RF measurement experience,must_have,absent,,False,False,,,,
C004,B,R05,Relevant degree or demonstrated equivalent,must_have,evidenced,cover_letter,True,False,,,,
C004,B,R06,Kalman filtering / estimation theory,desirable,claimed_only,skills_list,False,False,,,,
C004,B,R07,Satellite or airborne platform experience,desirable,absent,,False,False,,,,
C004,B,R08,Team-lead experience,desirable,not_stated,,False,False,,,,
C004,B,R09,Publications or open-source record,desirable,absent,,False,False,,,,
C004,B,R10,EU work authorisation,constraint,evidenced,work_history,False,False,,,,
C004,B,R11,Working English,constraint,evidenced,cover_letter,True,False,,,,
C004,B,R12,Onsite in Oulu / relocation,constraint,evidenced,work_history,False,False,,,,
C005,B,R01,Phased-array / beamforming signal processing,must_have,absent,,False,False,,,,
C005,B,R02,Embedded DSP in C/C++,must_have,absent,,False,False,,,,
C005,B,R03,Production Python,must_have,absent,,False,False,,,,
C005,B,R04,RF measurement experience,must_have,absent,,False,False,,,,
C005,B,R05,Relevant degree or demonstrated equivalent,must_have,evidenced,work_history,False,False,,,,
C005,B,R06,Kalman filtering / estimation theory,desirable,claimed_only,cover_letter,False,False,,,,
C005,B,R07,Satellite or airborne platform experience,desirable,not_stated,,False,False,,,,
C005,B,R08,Team-lead experience,desirable,claimed_only,cover_letter,False,False,,,,
C005,B,R09,Publications or open-source record,desirable,not_stated,,False,False,,,,
C005,B,R10,EU work authorisation,constraint,evidenced,work_history,False,False,,,,
C005,B,R11,Working English,constraint,evidenced,work_history,False,False,,,,
C005,B,R12,Onsite in Oulu / relocation,constraint,evidenced,project_description,False,False,,,,
C006,OFFROLE,R01,Phased-array / beamforming signal processing,must_have,absent,,False,False,,,,
C006,OFFROLE,R02,Embedded DSP in C/C++,must_have,absent,,False,False,,,,
C006,OFFROLE,R03,Production Python,must_have,absent,,False,False,,,,
C006,OFFROLE,R04,RF measurement experience,must_have,absent,,False,False,,,,
C006,OFFROLE,R05,Relevant degree or demonstrated equivalent,must_have,absent,,False,False,,,,
C006,OFFROLE,R06,Kalman filtering / estimation theory,desirable,absent,,False,False,,,,
C006,OFFROLE,R07,Satellite or airborne platform experience,desirable,absent,,False,False,,,,
C006,OFFROLE,R08,Team-lead experience,desirable,absent,,False,False,,,,
C006,OFFROLE,R09,Publications or open-source record,desirable,absent,,False,False,,,,
C006,OFFROLE,R10,EU work authorisation,constraint,evidenced,work_history,False,False,,,,
C006,OFFROLE,R11,Working English,constraint,absent,,False,False,,,,
C006,OFFROLE,R12,Onsite in Oulu / relocation,constraint,not_stated,,False,False,,,,
C007,C,R01,Phased-array / beamforming signal processing,must_have,evidenced,work_history,False,False,,,,
C007,C,R02,Embedded DSP in C/C++,must_have,evidenced,skills_list,False,False,,,,
C007,C,R03,Production Python,must_have,evidenced,skills_list,False,False,,,,
C007,C,R04,RF measurement experience,must_have,absent,,False,False,,,,
C007,C,R05,Relevant degree or demonstrated equivalent,must_have,evidenced,cover_letter,True,False,,,,
C007,C,R06,Kalman filtering / estimation theory,desirable,not_stated,,False,False,,,,
C007,C,R07,Satellite or airborne platform experience,desirable,not_stated,,False,False,,,,
C007,C,R08,Team-lead experience,desirable,claimed_only,cover_letter,False,False,,,,
C007,C,R09,Publications or open-source record,desirable,evidenced,cover_letter,True,False,,,,
C007,C,R10,EU work authorisation,constraint,evidenced,cover_letter,True,False,,,,
C007,C,R11,Working English,constraint,not_stated,,False,False,,,,
C007,C,R12,Onsite in Oulu / relocation,constraint,not_stated,,False,False,,,,
C008,B,R01,Phased-array / beamforming signal processing,must_have,absent,,False,False,,,,
C008,B,R02,Embedded DSP in C/C++,must_have,absent,,False,False,,,,
C008,B,R03,Production Python,must_have,evidenced,skills_list,False,False,,,,
C008,B,R04,RF measurement experience,must_have,evidenced,skills_list,False,False,,,,
C008,B,R05,Relevant degree or demonstrated equivalent,must_have,absent,,False,False,,,,
C008,B,R06,Kalman filtering / estimation theory,desirable,absent,,False,False,,,,
C008,B,R07,Satellite or airborne platform experience,desirable,claimed_only,skills_list,False,False,,,,
C008,B,R08,Team-lead experience,desirable,absent,,False,False,,,,
C008,B,R09,Publications or open-source record,desirable,absent,,False,False,,,,
C008,B,R10,EU work authorisation,constraint,not_stated,,False,False,,,,
C008,B,R11,Working English,constraint,evidenced,project_description,False,False,,,,
C008,B,R12,Onsite in Oulu / relocation,constraint,not_stated,,False,False,,,,
C009,A,R01,Phased-array / beamforming signal processing,must_have,evidenced,cover_letter,True,False,,,,
C009,A,R02,Embedded DSP in C/C++,must_have,evidenced,cover_letter,True,False,,,,
C009,A,R03,Production Python,must_have,evidenced,project_description,False,False,,,,
C009,A,R04,RF measurement experience,must_have,evidenced,work_history,False,False,,,,
C009,A,R05,Relevant degree or demonstrated equivalent,must_have,evidenced,cover_letter,True,False,,,,
C009,A,R06,Kalman filtering / estimation theory,desirable,absent,,False,False,,,,
C009,A,R07,Satellite or airborne platform experience,desirable,evidenced,work_history,False,False,,,,
C009,A,R08,Team-lead experience,desirable,evidenced,project_description,False,False,,,,
C009,A,R09,Publications or open-source record,desirable,evidenced,project_description,False,False,,,,
C009,A,R10,EU work authorisation,constraint,evidenced,work_history,False,False,,,,
C009,A,R11,Working English,constraint,evidenced,project_description,False,False,,,,
C009,A,R12,Onsite in Oulu / relocation,constraint,not_stated,,False,False,,,,
C010,B,R01,Phased-array / beamforming signal processing,must_have,evidenced,project_description,False,False,,,,
C010,B,R02,Embedded DSP in C/C++,must_have,absent,,False,False,,,,
C010,B,R03,Production Python,must_have,absent,,False,False,,,,
C010,B,R04,RF measurement experience,must_have,absent,,False,False,,,,
C010,B,R05,Relevant degree or demonstrated equivalent,must_have,absent,,False,False,,,,
C010,B,R06,Kalman filtering / estimation theory,desirable,absent,,False,False,,,,
C010,B,R07,Satellite or airborne platform experience,desirable,not_stated,,False,False,,,,
C010,B,R08,Team-lead experience,desirable,not_stated,,False,False,,,,
C010,B,R09,Publications or open-source record,desirable,absent,,False,False,,,,
C010,B,R10,EU work authorisation,constraint,not_stated,,False,False,,,,
C010,B,R11,Working English,constraint,evidenced,project_description,False,False,,,,
C010,B,R12,Onsite in Oulu / relocation,constraint,evidenced,work_history,False,False,,,,
C011,F,R01,Phased-array / beamforming signal processing,must_have,evidenced,work_history,False,True,acoustic beamforming for hearing-aid microphone arrays,,,
C011,F,R02,Embedded DSP in C/C++,must_have,evidenced,work_history,False,False,,,,
C011,F,R03,Production Python,must_have,evidenced,work_history,False,False,,,,
C011,F,R04,RF measurement experience,must_have,evidenced,cover_letter,True,False,,,,
C011,F,R05,Relevant degree or demonstrated equivalent,must_have,evidenced,project_description,False,False,,,,
C011,F,R06,Kalman filtering / estimation theory,desirable,claimed_only,cover_letter,False,False,,,,
C011,F,R07,Satellite or airborne platform experience,desirable,evidenced,work_history,False,False,,,,
C011,F,R08,Team-lead experience,desirable,absent,,False,False,,,,
C011,F,R09,Publications or open-source record,desirable,not_stated,,False,False,,,,
C011,F,R10,EU work authorisation,constraint,evidenced,work_history,False,False,,,,
C011,F,R11,Working English,constraint,evidenced,skills_list,False,False,,,,
C011,F,R12,Onsite in Oulu / relocation,constraint,not_stated,,False,False,,,,
C012,A,R01,Phased-array / beamforming signal processing,must_have,evidenced,skills_list,False,False,,,,
C012,A,R02,Embedded DSP in C/C++,must_have,evidenced,project_description,False,False,,,,
C012,A,R03,Production Python,must_have,evidenced,project_description,False,False,,,,
C012,A,R04,RF measurement experience,must_have,evidenced,work_history,False,False,,,,
C012,A,R05,Relevant degree or demonstrated equivalent,must_have,evidenced,project_description,False,False,,,,
C012,A,R06,Kalman filtering / estimation theory,desirable,evidenced,skills_list,False,False,,,,
C012,A,R07,Satellite or airborne platform experience,desirable,absent,,False,False,,,,
C012,A,R08,Team-lead experience,desirable,evidenced,cover_letter,True,False,,,,
C012,A,R09,Publications or open-source record,desirable,not_stated,,False,False,,,,
C012,A,R10,EU work authorisation,constraint,not_stated,,False,False,,,,
C012,A,R11,Working English,constraint,evidenced,skills_list,False,False,,,,
C012,A,R12,Onsite in Oulu / relocation,constraint,evidenced,cover_letter,True,False,,,,
C013,B,R01,Phased-array / beamforming signal processing,must_have,absent,,False,False,,,,
C013,B,R02,Embedded DSP in C/C++,must_have,absent,,False,False,,,,
C013,B,R03,Production Python,must_have,absent,,False,False,,,,
C013,B,R04,RF measurement experience,must_have,absent,,False,False,,,,
C013,B,R05,Relevant degree or demonstrated equivalent,must_have,absent,,False,False,,,,
C013,B,R06,Kalman filtering / estimation theory,desirable,not_stated,,False,False,,,,
C013,B,R07,Satellite or airborne platform experience,desirable,not_stated,,False,False,,,,
C013,B,R08,Team-lead experience,desirable,not_stated,,False,False,,,,
C013,B,R09,Publications or open-source record,desirable,not_stated,,False,False,,,,
C013,B,R10,EU work authorisation,constraint,evidenced,work_history,False,False,,,,
C013,B,R11,Working English,constraint,evidenced,cover_letter,True,False,,,,
C013,B,R12,Onsite in Oulu / relocation,constraint,evidenced,work_history,False,False,,,,
C014,B,R01,Phased-array / beamforming signal processing,must_have,absent,,False,False,,,,
C014,B,R02,Embedded DSP in C/C++,must_have,absent,,False,False,,,,
C014,B,R03,Production Python,must_have,absent,,False,False,,,,
C014,B,R04,RF measurement experience,must_have,absent,,False,False,,,,
C014,B,R05,Relevant degree or demonstrated equivalent,must_have,absent,,False,False,,,,
C014,B,R06,Kalman filtering / estimation theory,desirable,not_stated,,False,False,,,,
C014,B,R07,Satellite or airborne platform experience,desirable,absent,,False,False,,,,
C014,B,R08,Team-lead experience,desirable,not_stated,,False,False,,,,
C014,B,R09,Publications or open-source record,desirable,not_stated,,False,False,,,,
C014,B,R10,EU work authorisation,constraint,evidenced,cover_letter,True,False,,,,
C014,B,R11,Working English,constraint,evidenced,work_history,False,False,,,,
C014,B,R12,Onsite in Oulu / relocation,constraint,evidenced,work_history,False,False,,,,
C015,A,R01,Phased-array / beamforming signal processing,must_have,evidenced,work_history,False,False,,,,
C015,A,R02,Embedded DSP in C/C++,must_have,evidenced,work_history,False,False,,,,
C015,A,R03,Production Python,must_have,evidenced,work_history,False,False,,,,
C015,A,R04,RF measurement experience,must_have,evidenced,project_description,False,False,,,,
C015,A,R05,Relevant degree or demonstrated equivalent,must_have,evidenced,project_description,False,False,,,,
C015,A,R06,Kalman filtering / estimation theory,desirable,not_stated,,False,False,,,,
C015,A,R07,Satellite or airborne platform experience,desirable,not_stated,,False,False,,,,
C015,A,R08,Team-lead experience,desirable,not_stated,,False,False,,,,
C015,A,R09,Publications or open-source record,desirable,evidenced,project_description,False,False,,,,
C015,A,R10,EU work authorisation,constraint,evidenced,project_description,False,False,,,,
C015,A,R11,Working English,constraint,evidenced,project_description,False,False,,,,
C015,A,R12,Onsite in Oulu / relocation,constraint,evidenced,work_history,False,False,,,,
C016,B,R01,Phased-array / beamforming signal processing,must_have,absent,,False,False,,,,
C016,B,R02,Embedded DSP in C/C++,must_have,absent,,False,False,,,,
C016,B,R03,Production Python,must_have,absent,,False,False,,,,
C016,B,R04,RF measurement experience,must_have,absent,,False,False,,,,
C016,B,R05,Relevant degree or demonstrated equivalent,must_have,absent,,False,False,,,,
C016,B,R06,Kalman filtering / estimation theory,desirable,absent,,False,False,,,,
C016,B,R07,Satellite or airborne platform experience,desirable,absent,,False,False,,,,
C016,B,R08,Team-lead experience,desirable,not_stated,,False,False,,,,
C016,B,R09,Publications or open-source record,desirable,evidenced,project_description,False,False,,,,
C016,B,R10,EU work authorisation,constraint,evidenced,project_description,False,False,,,,
C016,B,R11,Working English,constraint,evidenced,work_history,False,False,,,,
C016,B,R12,Onsite in Oulu / relocation,constraint,evidenced,work_history,False,False,,,,
C017,B,R01,Phased-array / beamforming signal processing,must_have,absent,,False,False,,,,
C017,B,R02,Embedded DSP in C/C++,must_have,absent,,False,False,,,,
C017,B,R03,Production Python,must_have,absent,,False,False,,,,
C017,B,R04,RF measurement experience,must_have,absent,,False,False,,,,
C017,B,R05,Relevant degree or demonstrated equivalent,must_have,evidenced,work_history,False,False,,,,
C017,B,R06,Kalman filtering / estimation theory,desirable,not_stated,,False,False,,,,
C017,B,R07,Satellite or airborne platform experience,desirable,absent,,False,False,,,,
C017,B,R08,Team-lead experience,desirable,not_stated,,False,False,,,,
C017,B,R09,Publications or open-source record,desirable,not_stated,,False,False,,,,
C017,B,R10,EU work authorisation,constraint,evidenced,work_history,False,False,,,,
C017,B,R11,Working English,constraint,evidenced,project_description,False,False,,,,
C017,B,R12,Onsite in Oulu / relocation,constraint,evidenced,cover_letter,True,False,,,,
C018,OFFROLE,R01,Phased-array / beamforming signal processing,must_have,absent,,False,False,,,,
C018,OFFROLE,R02,Embedded DSP in C/C++,must_have,absent,,False,False,,,,
C018,OFFROLE,R03,Production Python,must_have,absent,,False,False,,,,
C018,OFFROLE,R04,RF measurement experience,must_have,absent,,False,False,,,,
C018,OFFROLE,R05,Relevant degree or demonstrated equivalent,must_have,absent,,False,False,,,,
C018,OFFROLE,R06,Kalman filtering / estimation theory,desirable,not_stated,,False,False,,,,
C018,OFFROLE,R07,Satellite or airborne platform experience,desirable,absent,,False,False,,,,
C018,OFFROLE,R08,Team-lead experience,desirable,not_stated,,False,False,,,,
C018,OFFROLE,R09,Publications or open-source record,desirable,absent,,False,False,,,,
C018,OFFROLE,R10,EU work authorisation,constraint,not_stated,,False,False,,,,
C018,OFFROLE,R11,Working English,constraint,evidenced,skills_list,False,False,,,,
C018,OFFROLE,R12,Onsite in Oulu / relocation,constraint,not_stated,,False,False,,,,
C019,G,R01,Phased-array / beamforming signal processing,must_have,evidenced,project_description,False,False,,,,
C019,G,R02,Embedded DSP in C/C++,must_have,evidenced,work_history,False,False,,,,
C019,G,R03,Production Python,must_have,evidenced,work_history,False,False,,,,
C019,G,R04,RF measurement experience,must_have,evidenced,project_description,False,False,,,,
C019,G,R05,Relevant degree or demonstrated equivalent,must_have,evidenced,work_history,False,False,,,,
C019,G,R06,Kalman filtering / estimation theory,desirable,absent,,False,False,,,,
C019,G,R07,Satellite or airborne platform experience,desirable,evidenced,work_history,False,False,,,,
C019,G,R08,Team-lead experience,desirable,evidenced,work_history,False,False,,,,
C019,G,R09,Publications or open-source record,desirable,not_stated,,False,False,,,,
C019,G,R10,EU work authorisation,constraint,evidenced,work_history,False,False,,,,
C019,G,R11,Working English,constraint,evidenced,work_history,False,False,,,,
C019,G,R12,Onsite in Oulu / relocation,constraint,evidenced,cover_letter,True,False,,,,
C020,E,R01,Phased-array / beamforming signal processing,must_have,evidenced,project_description,False,False,,,,
C020,E,R02,Embedded DSP in C/C++,must_have,evidenced,skills_list,False,False,,,,
C020,E,R03,Production Python,must_have,evidenced,project_description,False,False,,,,
C020,E,R04,RF measurement experience,must_have,evidenced,cover_letter,True,False,,,,
C020,E,R05,Relevant degree or demonstrated equivalent,must_have,evidenced,skills_list,False,False,,,,
C020,E,R06,Kalman filtering / estimation theory,desirable,absent,,False,False,,,,
C020,E,R07,Satellite or airborne platform experience,desirable,claimed_only,cover_letter,False,False,,,,
C020,E,R08,Team-lead experience,desirable,contradicted,cover_letter,False,False,,title_inflation,,
C020,E,R09,Publications or open-source record,desirable,evidenced,project_description,False,False,,,,
C020,E,R10,EU work authorisation,constraint,evidenced,project_description,False,False,,,,
C020,E,R11,Working English,constraint,evidenced,work_history,False,False,,,,
C020,E,R12,Onsite in Oulu / relocation,constraint,evidenced,project_description,False,False,,,,
C021,H,R01,Phased-array / beamforming signal processing,must_have,evidenced,project_description,False,False,,,hobby_phased_array,"Real phased-array work and technically credible, but a solo hobby project with no employer or peer review behind it -- defensible either way whether it meets the bar at senior level."
C021,H,R02,Embedded DSP in C/C++,must_have,evidenced,work_history,False,False,,,,
C021,H,R03,Production Python,must_have,evidenced,work_history,False,False,,,,
C021,H,R04,RF measurement experience,must_have,evidenced,project_description,False,False,,,,
C021,H,R05,Relevant degree or demonstrated equivalent,must_have,evidenced,cover_letter,True,False,,,,
C021,H,R06,Kalman filtering / estimation theory,desirable,not_stated,,False,False,,,,
C021,H,R07,Satellite or airborne platform experience,desirable,not_stated,,False,False,,,,
C021,H,R08,Team-lead experience,desirable,not_stated,,False,False,,,,
C021,H,R09,Publications or open-source record,desirable,evidenced,skills_list,False,False,,,,
C021,H,R10,EU work authorisation,constraint,evidenced,skills_list,False,False,,,,
C021,H,R11,Working English,constraint,not_stated,,False,False,,,,
C021,H,R12,Onsite in Oulu / relocation,constraint,not_stated,,False,False,,,,
C022,H,R01,Phased-array / beamforming signal processing,must_have,evidenced,project_description,False,False,,,,
C022,H,R02,Embedded DSP in C/C++,must_have,evidenced,project_description,False,False,,,,
C022,H,R03,Production Python,must_have,evidenced,project_description,False,False,,,,
C022,H,R04,RF measurement experience,must_have,evidenced,project_description,False,False,,,academic_rf,"Real RF measurement work, but gained in an academic CubeSat project rather than an industrial test bench -- defensible either way whether it counts as meeting the requirement at senior level."
C022,H,R05,Relevant degree or demonstrated equivalent,must_have,evidenced,project_description,False,False,,,,
C022,H,R06,Kalman filtering / estimation theory,desirable,not_stated,,False,False,,,,
C022,H,R07,Satellite or airborne platform experience,desirable,evidenced,work_history,False,False,,,,
C022,H,R08,Team-lead experience,desirable,not_stated,,False,False,,,,
C022,H,R09,Publications or open-source record,desirable,not_stated,,False,False,,,,
C022,H,R10,EU work authorisation,constraint,not_stated,,False,False,,,,
C022,H,R11,Working English,constraint,evidenced,work_history,False,False,,,,
C022,H,R12,Onsite in Oulu / relocation,constraint,evidenced,project_description,False,False,,,,
C023,B,R01,Phased-array / beamforming signal processing,must_have,absent,,False,False,,,,
C023,B,R02,Embedded DSP in C/C++,must_have,absent,,False,False,,,,
C023,B,R03,Production Python,must_have,evidenced,skills_list,False,False,,,,
C023,B,R04,RF measurement experience,must_have,absent,,False,False,,,,
C023,B,R05,Relevant degree or demonstrated equivalent,must_have,absent,,False,False,,,,
C023,B,R06,Kalman filtering / estimation theory,desirable,absent,,False,False,,,,
C023,B,R07,Satellite or airborne platform experience,desirable,not_stated,,False,False,,,,
C023,B,R08,Team-lead experience,desirable,absent,,False,False,,,,
C023,B,R09,Publications or open-source record,desirable,absent,,False,False,,,,
C023,B,R10,EU work authorisation,constraint,evidenced,work_history,False,False,,,,
C023,B,R11,Working English,constraint,evidenced,work_history,False,False,,,,
C023,B,R12,Onsite in Oulu / relocation,constraint,evidenced,work_history,False,False,,,,
C024,OFFROLE,R01,Phased-array / beamforming signal processing,must_have,absent,,False,False,,,,
C024,OFFROLE,R02,Embedded DSP in C/C++,must_have,absent,,False,False,,,,
C024,OFFROLE,R03,Production Python,must_have,absent,,False,False,,,,
C024,OFFROLE,R04,RF measurement experience,must_have,absent,,False,False,,,,
C024,OFFROLE,R05,Relevant degree or demonstrated equivalent,must_have,absent,,False,False,,,,
C024,OFFROLE,R06,Kalman filtering / estimation theory,desirable,not_stated,,False,False,,,,
C024,OFFROLE,R07,Satellite or airborne platform experience,desirable,absent,,False,False,,,,
C024,OFFROLE,R08,Team-lead experience,desirable,absent,,False,False,,,,
C024,OFFROLE,R09,Publications or open-source record,desirable,absent,,False,False,,,,
C024,OFFROLE,R10,EU work authorisation,constraint,not_stated,,False,False,,,,
C024,OFFROLE,R11,Working English,constraint,evidenced,skills_list,False,False,,,,
C024,OFFROLE,R12,Onsite in Oulu / relocation,constraint,not_stated,,False,False,,,,
C025,A,R01,Phased-array / beamforming signal processing,must_have,evidenced,skills_list,False,False,,,,
C025,A,R02,Embedded DSP in C/C++,must_have,evidenced,work_history,False,False,,,,
C025,A,R03,Production Python,must_have,evidenced,work_history,False,False,,,,
C025,A,R04,RF measurement experience,must_have,evidenced,project_description,False,False,,,,
C025,A,R05,Relevant degree or demonstrated equivalent,must_have,evidenced,project_description,False,False,,,,
C025,A,R06,Kalman filtering / estimation theory,desirable,not_stated,,False,False,,,,
C025,A,R07,Satellite or airborne platform experience,desirable,evidenced,project_description,False,False,,,,
C025,A,R08,Team-lead experience,desirable,not_stated,,False,False,,,,
C025,A,R09,Publications or open-source record,desirable,absent,,False,False,,,,
C025,A,R10,EU work authorisation,constraint,evidenced,project_description,False,False,,,,
C025,A,R11,Working English,constraint,evidenced,work_history,False,False,,,,
C025,A,R12,Onsite in Oulu / relocation,constraint,evidenced,work_history,False,False,,,,
C026,A,R01,Phased-array / beamforming signal processing,must_have,evidenced,skills_list,False,False,,,,
C026,A,R02,Embedded DSP in C/C++,must_have,evidenced,work_history,False,False,,,,
C026,A,R03,Production Python,must_have,evidenced,work_history,False,False,,,,
C026,A,R04,RF measurement experience,must_have,evidenced,project_description,False,False,,,,
C026,A,R05,Relevant degree or demonstrated equivalent,must_have,evidenced,skills_list,False,False,,,,
C026,A,R06,Kalman filtering / estimation theory,desirable,not_stated,,False,False,,,,
C026,A,R07,Satellite or airborne platform experience,desirable,not_stated,,False,False,,,,
C026,A,R08,Team-lead experience,desirable,evidenced,project_description,False,False,,,,
C026,A,R09,Publications or open-source record,desirable,claimed_only,skills_list,False,False,,,,
C026,A,R10,EU work authorisation,constraint,evidenced,project_description,False,False,,,,
C026,A,R11,Working English,constraint,not_stated,,False,False,,,,
C026,A,R12,Onsite in Oulu / relocation,constraint,evidenced,work_history,False,False,,,,
C027,C,R01,Phased-array / beamforming signal processing,must_have,evidenced,cover_letter,True,False,,,,
C027,C,R02,Embedded DSP in C/C++,must_have,evidenced,work_history,False,False,,,,
C027,C,R03,Production Python,must_have,absent,,False,False,,,,
C027,C,R04,RF measurement experience,must_have,evidenced,work_history,False,False,,,,
C027,C,R05,Relevant degree or demonstrated equivalent,must_have,evidenced,cover_letter,True,False,,,,
C027,C,R06,Kalman filtering / estimation theory,desirable,not_stated,,False,False,,,,
C027,C,R07,Satellite or airborne platform experience,desirable,evidenced,work_history,False,False,,,,
C027,C,R08,Team-lead experience,desirable,not_stated,,False,False,,,,
C027,C,R09,Publications or open-source record,desirable,evidenced,work_history,False,False,,,,
C027,C,R10,EU work authorisation,constraint,evidenced,work_history,False,False,,,,
C027,C,R11,Working English,constraint,evidenced,work_history,False,False,,,,
C027,C,R12,Onsite in Oulu / relocation,constraint,evidenced,skills_list,False,False,,,,
C028,D,R01,Phased-array / beamforming signal processing,must_have,claimed_only,cover_letter,False,False,,,,
C028,D,R02,Embedded DSP in C/C++,must_have,claimed_only,skills_list,False,False,,,,
C028,D,R03,Production Python,must_have,claimed_only,cover_letter,False,False,,,,
C028,D,R04,RF measurement experience,must_have,claimed_only,skills_list,False,False,,,,
C028,D,R05,Relevant degree or demonstrated equivalent,must_have,claimed_only,cover_letter,False,False,,,,
C028,D,R06,Kalman filtering / estimation theory,desirable,claimed_only,cover_letter,False,False,,,,
C028,D,R07,Satellite or airborne platform experience,desirable,claimed_only,cover_letter,False,False,,,,
C028,D,R08,Team-lead experience,desirable,claimed_only,skills_list,False,False,,,,
C028,D,R09,Publications or open-source record,desirable,claimed_only,skills_list,False,False,,,,
C028,D,R10,EU work authorisation,constraint,evidenced,work_history,False,False,,,,
C028,D,R11,Working English,constraint,evidenced,project_description,False,False,,,,
C028,D,R12,Onsite in Oulu / relocation,constraint,evidenced,cover_letter,True,False,,,,
C029,C,R01,Phased-array / beamforming signal processing,must_have,evidenced,project_description,False,False,,,,
C029,C,R02,Embedded DSP in C/C++,must_have,evidenced,project_description,False,False,,,,
C029,C,R03,Production Python,must_have,evidenced,cover_letter,True,False,,,,
C029,C,R04,RF measurement experience,must_have,evidenced,work_history,False,False,,,,
C029,C,R05,Relevant degree or demonstrated equivalent,must_have,absent,,False,False,,,,
C029,C,R06,Kalman filtering / estimation theory,desirable,evidenced,skills_list,False,False,,,,
C029,C,R07,Satellite or airborne platform experience,desirable,not_stated,,False,False,,,,
C029,C,R08,Team-lead experience,desirable,not_stated,,False,False,,,,
C029,C,R09,Publications or open-source record,desirable,evidenced,skills_list,False,False,,,,
C029,C,R10,EU work authorisation,constraint,evidenced,skills_list,False,False,,,,
C029,C,R11,Working English,constraint,evidenced,skills_list,False,False,,,,
C029,C,R12,Onsite in Oulu / relocation,constraint,evidenced,project_description,False,False,,,,
C030,C,R01,Phased-array / beamforming signal processing,must_have,evidenced,project_description,False,False,,,,
C030,C,R02,Embedded DSP in C/C++,must_have,evidenced,skills_list,False,False,,,,
C030,C,R03,Production Python,must_have,evidenced,work_history,False,False,,,,
C030,C,R04,RF measurement experience,must_have,absent,,False,False,,,,
C030,C,R05,Relevant degree or demonstrated equivalent,must_have,evidenced,work_history,False,False,,,,
C030,C,R06,Kalman filtering / estimation theory,desirable,not_stated,,False,False,,,,
C030,C,R07,Satellite or airborne platform experience,desirable,claimed_only,cover_letter,False,False,,,,
C030,C,R08,Team-lead experience,desirable,not_stated,,False,False,,,,
C030,C,R09,Publications or open-source record,desirable,not_stated,,False,False,,,,
C030,C,R10,EU work authorisation,constraint,evidenced,project_description,False,False,,,,
C030,C,R11,Working English,constraint,evidenced,work_history,False,False,,,,
C030,C,R12,Onsite in Oulu / relocation,constraint,evidenced,work_history,False,False,,,,
C031,B,R01,Phased-array / beamforming signal processing,must_have,evidenced,skills_list,False,False,,,,
C031,B,R02,Embedded DSP in C/C++,must_have,evidenced,cover_letter,True,False,,,,
C031,B,R03,Production Python,must_have,absent,,False,False,,,,
C031,B,R04,RF measurement experience,must_have,absent,,False,False,,,,
C031,B,R05,Relevant degree or demonstrated equivalent,must_have,absent,,False,False,,,,
C031,B,R06,Kalman filtering / estimation theory,desirable,not_stated,,False,False,,,,
C031,B,R07,Satellite or airborne platform experience,desirable,absent,,False,False,,,,
C031,B,R08,Team-lead experience,desirable,absent,,False,False,,,,
C031,B,R09,Publications or open-source record,desirable,absent,,False,False,,,,
C031,B,R10,EU work authorisation,constraint,evidenced,project_description,False,False,,,,
C031,B,R11,Working English,constraint,evidenced,work_history,False,False,,,,
C031,B,R12,Onsite in Oulu / relocation,constraint,evidenced,work_history,False,False,,,,
C032,B,R01,Phased-array / beamforming signal processing,must_have,absent,,False,False,,,,
C032,B,R02,Embedded DSP in C/C++,must_have,absent,,False,False,,,,
C032,B,R03,Production Python,must_have,absent,,False,False,,,,
C032,B,R04,RF measurement experience,must_have,absent,,False,False,,,,
C032,B,R05,Relevant degree or demonstrated equivalent,must_have,absent,,False,False,,,,
C032,B,R06,Kalman filtering / estimation theory,desirable,absent,,False,False,,,,
C032,B,R07,Satellite or airborne platform experience,desirable,absent,,False,False,,,,
C032,B,R08,Team-lead experience,desirable,absent,,False,False,,,,
C032,B,R09,Publications or open-source record,desirable,absent,,False,False,,,,
C032,B,R10,EU work authorisation,constraint,not_stated,,False,False,,,,
C032,B,R11,Working English,constraint,evidenced,work_history,False,False,,,,
C032,B,R12,Onsite in Oulu / relocation,constraint,evidenced,work_history,False,False,,,,
C033,C,R01,Phased-array / beamforming signal processing,must_have,evidenced,cover_letter,True,False,,,,
C033,C,R02,Embedded DSP in C/C++,must_have,evidenced,work_history,False,False,,,,
C033,C,R03,Production Python,must_have,evidenced,project_description,False,False,,,,
C033,C,R04,RF measurement experience,must_have,evidenced,project_description,False,False,,,,
C033,C,R05,Relevant degree or demonstrated equivalent,must_have,absent,,False,False,,,,
C033,C,R06,Kalman filtering / estimation theory,desirable,not_stated,,False,False,,,,
C033,C,R07,Satellite or airborne platform experience,desirable,not_stated,,False,False,,,,
C033,C,R08,Team-lead experience,desirable,claimed_only,cover_letter,False,False,,,,
C033,C,R09,Publications or open-source record,desirable,evidenced,project_description,False,False,,,,
C033,C,R10,EU work authorisation,constraint,evidenced,project_description,False,False,,,,
C033,C,R11,Working English,constraint,evidenced,work_history,False,False,,,,
C033,C,R12,Onsite in Oulu / relocation,constraint,evidenced,work_history,False,False,,,,
C034,B,R01,Phased-array / beamforming signal processing,must_have,absent,,False,False,,,,
C034,B,R02,Embedded DSP in C/C++,must_have,evidenced,project_description,False,False,,,,
C034,B,R03,Production Python,must_have,evidenced,project_description,False,False,,,,
C034,B,R04,RF measurement experience,must_have,absent,,False,False,,,,
C034,B,R05,Relevant degree or demonstrated equivalent,must_have,absent,,False,False,,,,
C034,B,R06,Kalman filtering / estimation theory,desirable,absent,,False,False,,,,
C034,B,R07,Satellite or airborne platform experience,desirable,absent,,False,False,,,,
C034,B,R08,Team-lead experience,desirable,claimed_only,skills_list,False,False,,,,
C034,B,R09,Publications or open-source record,desirable,not_stated,,False,False,,,,
C034,B,R10,EU work authorisation,constraint,not_stated,,False,False,,,,
C034,B,R11,Working English,constraint,evidenced,work_history,False,False,,,,
C034,B,R12,Onsite in Oulu / relocation,constraint,evidenced,project_description,False,False,,,,
C035,OFFROLE,R01,Phased-array / beamforming signal processing,must_have,absent,,False,False,,,,
C035,OFFROLE,R02,Embedded DSP in C/C++,must_have,absent,,False,False,,,,
C035,OFFROLE,R03,Production Python,must_have,absent,,False,False,,,,
C035,OFFROLE,R04,RF measurement experience,must_have,absent,,False,False,,,,
C035,OFFROLE,R05,Relevant degree or demonstrated equivalent,must_have,absent,,False,False,,,,
C035,OFFROLE,R06,Kalman filtering / estimation theory,desirable,not_stated,,False,False,,,,
C035,OFFROLE,R07,Satellite or airborne platform experience,desirable,absent,,False,False,,,,
C035,OFFROLE,R08,Team-lead experience,desirable,absent,,False,False,,,,
C035,OFFROLE,R09,Publications or open-source record,desirable,absent,,False,False,,,,
C035,OFFROLE,R10,EU work authorisation,constraint,not_stated,,False,False,,,,
C035,OFFROLE,R11,Working English,constraint,not_stated,,False,False,,,,
C035,OFFROLE,R12,Onsite in Oulu / relocation,constraint,absent,,False,False,,,,
C036,E,R01,Phased-array / beamforming signal processing,must_have,evidenced,cover_letter,True,False,,,,
C036,E,R02,Embedded DSP in C/C++,must_have,evidenced,work_history,False,False,,,,
C036,E,R03,Production Python,must_have,evidenced,project_description,False,False,,,,
C036,E,R04,RF measurement experience,must_have,evidenced,skills_list,False,False,,,,
C036,E,R05,Relevant degree or demonstrated equivalent,must_have,contradicted,work_history,False,False,,degree_date,,
C036,E,R06,Kalman filtering / estimation theory,desirable,evidenced,work_history,False,False,,,,
C036,E,R07,Satellite or airborne platform experience,desirable,evidenced,work_history,False,False,,,,
C036,E,R08,Team-lead experience,desirable,evidenced,work_history,False,False,,,,
C036,E,R09,Publications or open-source record,desirable,absent,,False,False,,,,
C036,E,R10,EU work authorisation,constraint,evidenced,work_history,False,False,,,,
C036,E,R11,Working English,constraint,evidenced,work_history,False,False,,,,
C036,E,R12,Onsite in Oulu / relocation,constraint,not_stated,,False,False,,,,
C037,B,R01,Phased-array / beamforming signal processing,must_have,absent,,False,False,,,,
C037,B,R02,Embedded DSP in C/C++,must_have,absent,,False,False,,,,
C037,B,R03,Production Python,must_have,evidenced,project_description,False,False,,,,
C037,B,R04,RF measurement experience,must_have,absent,,False,False,,,,
C037,B,R05,Relevant degree or demonstrated equivalent,must_have,evidenced,work_history,False,False,,,,
C037,B,R06,Kalman filtering / estimation theory,desirable,not_stated,,False,False,,,,
C037,B,R07,Satellite or airborne platform experience,desirable,claimed_only,skills_list,False,False,,,,
C037,B,R08,Team-lead experience,desirable,claimed_only,skills_list,False,False,,,,
C037,B,R09,Publications or open-source record,desirable,absent,,False,False,,,,
C037,B,R10,EU work authorisation,constraint,evidenced,skills_list,False,False,,,,
C037,B,R11,Working English,constraint,evidenced,work_history,False,False,,,,
C037,B,R12,Onsite in Oulu / relocation,constraint,evidenced,cover_letter,True,False,,,,
C038,B,R01,Phased-array / beamforming signal processing,must_have,absent,,False,False,,,,
C038,B,R02,Embedded DSP in C/C++,must_have,absent,,False,False,,,,
C038,B,R03,Production Python,must_have,absent,,False,False,,,,
C038,B,R04,RF measurement experience,must_have,absent,,False,False,,,,
C038,B,R05,Relevant degree or demonstrated equivalent,must_have,absent,,False,False,,,,
C038,B,R06,Kalman filtering / estimation theory,desirable,absent,,False,False,,,,
C038,B,R07,Satellite or airborne platform experience,desirable,absent,,False,False,,,,
C038,B,R08,Team-lead experience,desirable,absent,,False,False,,,,
C038,B,R09,Publications or open-source record,desirable,not_stated,,False,False,,,,
C038,B,R10,EU work authorisation,constraint,evidenced,work_history,False,False,,,,
C038,B,R11,Working English,constraint,evidenced,project_description,False,False,,,,
C038,B,R12,Onsite in Oulu / relocation,constraint,evidenced,work_history,False,False,,,,
C039,C,R01,Phased-array / beamforming signal processing,must_have,evidenced,project_description,False,False,,,,
C039,C,R02,Embedded DSP in C/C++,must_have,evidenced,work_history,False,False,,,,
C039,C,R03,Production Python,must_have,evidenced,skills_list,False,False,,,,
C039,C,R04,RF measurement experience,must_have,absent,,False,False,,,,
C039,C,R05,Relevant degree or demonstrated equivalent,must_have,evidenced,work_history,False,False,,,,
C039,C,R06,Kalman filtering / estimation theory,desirable,evidenced,work_history,False,False,,,,
C039,C,R07,Satellite or airborne platform experience,desirable,absent,,False,False,,,,
C039,C,R08,Team-lead experience,desirable,claimed_only,skills_list,False,False,,,,
C039,C,R09,Publications or open-source record,desirable,not_stated,,False,False,,,,
C039,C,R10,EU work authorisation,constraint,evidenced,work_history,False,False,,,,
C039,C,R11,Working English,constraint,evidenced,project_description,False,False,,,,
C039,C,R12,Onsite in Oulu / relocation,constraint,evidenced,work_history,False,False,,,,
C040,B,R01,Phased-array / beamforming signal processing,must_have,absent,,False,False,,,,
C040,B,R02,Embedded DSP in C/C++,must_have,absent,,False,False,,,,
C040,B,R03,Production Python,must_have,absent,,False,False,,,,
C040,B,R04,RF measurement experience,must_have,absent,,False,False,,,,
C040,B,R05,Relevant degree or demonstrated equivalent,must_have,absent,,False,False,,,,
C040,B,R06,Kalman filtering / estimation theory,desirable,not_stated,,False,False,,,,
C040,B,R07,Satellite or airborne platform experience,desirable,evidenced,project_description,False,False,,,,
C040,B,R08,Team-lead experience,desirable,absent,,False,False,,,,
C040,B,R09,Publications or open-source record,desirable,not_stated,,False,False,,,,
C040,B,R10,EU work authorisation,constraint,evidenced,project_description,False,False,,,,
C040,B,R11,Working English,constraint,evidenced,skills_list,False,False,,,,
C040,B,R12,Onsite in Oulu / relocation,constraint,evidenced,project_description,False,False,,,,
C041,B,R01,Phased-array / beamforming signal processing,must_have,evidenced,cover_letter,True,False,,,,
C041,B,R02,Embedded DSP in C/C++,must_have,absent,,False,False,,,,
C041,B,R03,Production Python,must_have,absent,,False,False,,,,
C041,B,R04,RF measurement experience,must_have,absent,,False,False,,,,
C041,B,R05,Relevant degree or demonstrated equivalent,must_have,evidenced,cover_letter,True,False,,,,
C041,B,R06,Kalman filtering / estimation theory,desirable,claimed_only,skills_list,False,False,,,,
C041,B,R07,Satellite or airborne platform experience,desirable,absent,,False,False,,,,
C041,B,R08,Team-lead experience,desirable,not_stated,,False,False,,,,
C041,B,R09,Publications or open-source record,desirable,absent,,False,False,,,,
C041,B,R10,EU work authorisation,constraint,evidenced,work_history,False,False,,,,
C041,B,R11,Working English,constraint,evidenced,cover_letter,True,False,,,,
C041,B,R12,Onsite in Oulu / relocation,constraint,evidenced,work_history,False,False,,,,
C042,G,R01,Phased-array / beamforming signal processing,must_have,evidenced,work_history,False,False,,,,
C042,G,R02,Embedded DSP in C/C++,must_have,evidenced,work_history,False,False,,,,
C042,G,R03,Production Python,must_have,evidenced,work_history,False,False,,,,
C042,G,R04,RF measurement experience,must_have,evidenced,work_history,False,False,,,,
C042,G,R05,Relevant degree or demonstrated equivalent,must_have,evidenced,cover_letter,True,False,,,,
C042,G,R06,Kalman filtering / estimation theory,desirable,evidenced,work_history,False,False,,,,
C042,G,R07,Satellite or airborne platform experience,desirable,evidenced,work_history,False,False,,,,
C042,G,R08,Team-lead experience,desirable,evidenced,project_description,False,False,,,,
C042,G,R09,Publications or open-source record,desirable,evidenced,work_history,False,False,,,,
C042,G,R10,EU work authorisation,constraint,evidenced,work_history,False,False,,,,
C042,G,R11,Working English,constraint,evidenced,work_history,False,False,,,,
C042,G,R12,Onsite in Oulu / relocation,constraint,evidenced,project_description,False,False,,,,
C043,G,R01,Phased-array / beamforming signal processing,must_have,evidenced,work_history,False,False,,,,
C043,G,R02,Embedded DSP in C/C++,must_have,evidenced,skills_list,False,False,,,,
C043,G,R03,Production Python,must_have,evidenced,work_history,False,False,,,,
C043,G,R04,RF measurement experience,must_have,evidenced,work_history,False,False,,,,
C043,G,R05,Relevant degree or demonstrated equivalent,must_have,evidenced,work_history,False,False,,,,
C043,G,R06,Kalman filtering / estimation theory,desirable,claimed_only,skills_list,False,False,,,,
C043,G,R07,Satellite or airborne platform experience,desirable,not_stated,,False,False,,,,
C043,G,R08,Team-lead experience,desirable,not_stated,,False,False,,,,
C043,G,R09,Publications or open-source record,desirable,evidenced,work_history,False,False,,,,
C043,G,R10,EU work authorisation,constraint,evidenced,work_history,False,False,,,,
C043,G,R11,Working English,constraint,not_stated,,False,False,,,,
C043,G,R12,Onsite in Oulu / relocation,constraint,evidenced,work_history,False,False,,,,
C044,F,R01,Phased-array / beamforming signal processing,must_have,evidenced,work_history,False,False,,,,
C044,F,R02,Embedded DSP in C/C++,must_have,evidenced,skills_list,False,False,,,,
C044,F,R03,Production Python,must_have,evidenced,cover_letter,True,True,a physics PhD's side-project tooling that became the group's shared analysis pipeline,,,
C044,F,R04,RF measurement experience,must_have,evidenced,skills_list,False,False,,,,
C044,F,R05,Relevant degree or demonstrated equivalent,must_have,evidenced,cover_letter,True,False,,,,
C044,F,R06,Kalman filtering / estimation theory,desirable,not_stated,,False,False,,,,
C044,F,R07,Satellite or airborne platform experience,desirable,not_stated,,False,False,,,,
C044,F,R08,Team-lead experience,desirable,claimed_only,cover_letter,False,False,,,,
C044,F,R09,Publications or open-source record,desirable,evidenced,cover_letter,True,False,,,,
C044,F,R10,EU work authorisation,constraint,evidenced,cover_letter,True,False,,,,
C044,F,R11,Working English,constraint,not_stated,,False,False,,,,
C044,F,R12,Onsite in Oulu / relocation,constraint,not_stated,,False,False,,,,
C045,B,R01,Phased-array / beamforming signal processing,must_have,absent,,False,False,,,,
C045,B,R02,Embedded DSP in C/C++,must_have,absent,,False,False,,,,
C045,B,R03,Production Python,must_have,evidenced,skills_list,False,False,,,,
C045,B,R04,RF measurement experience,must_have,evidenced,skills_list,False,False,,,,
C045,B,R05,Relevant degree or demonstrated equivalent,must_have,absent,,False,False,,,,
C045,B,R06,Kalman filtering / estimation theory,desirable,absent,,False,False,,,,
C045,B,R07,Satellite or airborne platform experience,desirable,claimed_only,skills_list,False,False,,,,
C045,B,R08,Team-lead experience,desirable,absent,,False,False,,,,
C045,B,R09,Publications or open-source record,desirable,absent,,False,False,,,,
C045,B,R10,EU work authorisation,constraint,not_stated,,False,False,,,,
C045,B,R11,Working English,constraint,evidenced,project_description,False,False,,,,
C045,B,R12,Onsite in Oulu / relocation,constraint,not_stated,,False,False,,,,
C046,E,R01,Phased-array / beamforming signal processing,must_have,evidenced,cover_letter,True,False,,,,
C046,E,R02,Embedded DSP in C/C++,must_have,evidenced,cover_letter,True,False,,,,
C046,E,R03,Production Python,must_have,evidenced,project_description,False,False,,,,
C046,E,R04,RF measurement experience,must_have,evidenced,work_history,False,False,,,,
C046,E,R05,Relevant degree or demonstrated equivalent,must_have,contradicted,work_history,False,False,,degree_date,,
C046,E,R06,Kalman filtering / estimation theory,desirable,absent,,False,False,,,,
C046,E,R07,Satellite or airborne platform experience,desirable,evidenced,work_history,False,False,,,,
C046,E,R08,Team-lead experience,desirable,evidenced,project_description,False,False,,,,
C046,E,R09,Publications or open-source record,desirable,evidenced,project_description,False,False,,,,
C046,E,R10,EU work authorisation,constraint,evidenced,work_history,False,False,,,,
C046,E,R11,Working English,constraint,evidenced,project_description,False,False,,,,
C046,E,R12,Onsite in Oulu / relocation,constraint,not_stated,,False,False,,,,
C047,D,R01,Phased-array / beamforming signal processing,must_have,claimed_only,skills_list,False,False,,,,
C047,D,R02,Embedded DSP in C/C++,must_have,claimed_only,cover_letter,False,False,,,,
C047,D,R03,Production Python,must_have,claimed_only,cover_letter,False,False,,,,
C047,D,R04,RF measurement experience,must_have,claimed_only,cover_letter,False,False,,,,
C047,D,R05,Relevant degree or demonstrated equivalent,must_have,claimed_only,cover_letter,False,False,,,,
C047,D,R06,Kalman filtering / estimation theory,desirable,claimed_only,skills_list,False,False,,,,
C047,D,R07,Satellite or airborne platform experience,desirable,claimed_only,skills_list,False,False,,,,
C047,D,R08,Team-lead experience,desirable,not_stated,,False,False,,,,
C047,D,R09,Publications or open-source record,desirable,claimed_only,skills_list,False,False,,,,
C047,D,R10,EU work authorisation,constraint,evidenced,work_history,False,False,,,,
C047,D,R11,Working English,constraint,evidenced,skills_list,False,False,,,,
C047,D,R12,Onsite in Oulu / relocation,constraint,evidenced,skills_list,False,False,,,,
C048,C,R01,Phased-array / beamforming signal processing,must_have,evidenced,cover_letter,True,False,,,,
C048,C,R02,Embedded DSP in C/C++,must_have,evidenced,skills_list,False,False,,,,
C048,C,R03,Production Python,must_have,evidenced,project_description,False,False,,,,
C048,C,R04,RF measurement experience,must_have,absent,,False,False,,,,
C048,C,R05,Relevant degree or demonstrated equivalent,must_have,evidenced,work_history,False,False,,,,
C048,C,R06,Kalman filtering / estimation theory,desirable,claimed_only,cover_letter,False,False,,,,
C048,C,R07,Satellite or airborne platform experience,desirable,not_stated,,False,False,,,,
C048,C,R08,Team-lead experience,desirable,evidenced,project_description,False,False,,,,
C048,C,R09,Publications or open-source record,desirable,absent,,False,False,,,,
C048,C,R10,EU work authorisation,constraint,evidenced,project_description,False,False,,,,
C048,C,R11,Working English,constraint,not_stated,,False,False,,,,
C048,C,R12,Onsite in Oulu / relocation,constraint,evidenced,work_history,False,False,,,,
C049,B,R01,Phased-array / beamforming signal processing,must_have,evidenced,project_description,False,False,,,,
C049,B,R02,Embedded DSP in C/C++,must_have,absent,,False,False,,,,
C049,B,R03,Production Python,must_have,absent,,False,False,,,,
C049,B,R04,RF measurement experience,must_have,absent,,False,False,,,,
C049,B,R05,Relevant degree or demonstrated equivalent,must_have,absent,,False,False,,,,
C049,B,R06,Kalman filtering / estimation theory,desirable,absent,,False,False,,,,
C049,B,R07,Satellite or airborne platform experience,desirable,absent,,False,False,,,,
C049,B,R08,Team-lead experience,desirable,absent,,False,False,,,,
C049,B,R09,Publications or open-source record,desirable,absent,,False,False,,,,
C049,B,R10,EU work authorisation,constraint,evidenced,work_history,False,False,,,,
C049,B,R11,Working English,constraint,evidenced,cover_letter,True,False,,,,
C049,B,R12,Onsite in Oulu / relocation,constraint,evidenced,project_description,False,False,,,,
C050,D,R01,Phased-array / beamforming signal processing,must_have,claimed_only,skills_list,False,False,,,,
C050,D,R02,Embedded DSP in C/C++,must_have,claimed_only,skills_list,False,False,,,,
C050,D,R03,Production Python,must_have,claimed_only,skills_list,False,False,,,,
C050,D,R04,RF measurement experience,must_have,claimed_only,skills_list,False,False,,,,
C050,D,R05,Relevant degree or demonstrated equivalent,must_have,claimed_only,cover_letter,False,False,,,,
C050,D,R06,Kalman filtering / estimation theory,desirable,claimed_only,cover_letter,False,False,,,,
C050,D,R07,Satellite or airborne platform experience,desirable,claimed_only,skills_list,False,False,,,,
C050,D,R08,Team-lead experience,desirable,claimed_only,cover_letter,False,False,,,,
C050,D,R09,Publications or open-source record,desirable,claimed_only,skills_list,False,False,,,,
C050,D,R10,EU work authorisation,constraint,evidenced,work_history,False,False,,,,
C050,D,R11,Working English,constraint,evidenced,cover_letter,True,False,,,,
C050,D,R12,Onsite in Oulu / relocation,constraint,evidenced,work_history,False,False,,,,
C051,B,R01,Phased-array / beamforming signal processing,must_have,absent,,False,False,,,,
C051,B,R02,Embedded DSP in C/C++,must_have,absent,,False,False,,,,
C051,B,R03,Production Python,must_have,absent,,False,False,,,,
C051,B,R04,RF measurement experience,must_have,absent,,False,False,,,,
C051,B,R05,Relevant degree or demonstrated equivalent,must_have,absent,,False,False,,,,
C051,B,R06,Kalman filtering / estimation theory,desirable,not_stated,,False,False,,,,
C051,B,R07,Satellite or airborne platform experience,desirable,absent,,False,False,,,,
C051,B,R08,Team-lead experience,desirable,not_stated,,False,False,,,,
C051,B,R09,Publications or open-source record,desirable,not_stated,,False,False,,,,
C051,B,R10,EU work authorisation,constraint,evidenced,cover_letter,True,False,,,,
C051,B,R11,Working English,constraint,evidenced,work_history,False,False,,,,
C051,B,R12,Onsite in Oulu / relocation,constraint,evidenced,work_history,False,False,,,,
C052,B,R01,Phased-array / beamforming signal processing,must_have,absent,,False,False,,,,
C052,B,R02,Embedded DSP in C/C++,must_have,evidenced,work_history,False,False,,,,
C052,B,R03,Production Python,must_have,evidenced,work_history,False,False,,,,
C052,B,R04,RF measurement experience,must_have,absent,,False,False,,,,
C052,B,R05,Relevant degree or demonstrated equivalent,must_have,absent,,False,False,,,,
C052,B,R06,Kalman filtering / estimation theory,desirable,absent,,False,False,,,,
C052,B,R07,Satellite or airborne platform experience,desirable,absent,,False,False,,,,
C052,B,R08,Team-lead experience,desirable,absent,,False,False,,,,
C052,B,R09,Publications or open-source record,desirable,claimed_only,cover_letter,False,False,,,,
C052,B,R10,EU work authorisation,constraint,evidenced,project_description,False,False,,,,
C052,B,R11,Working English,constraint,evidenced,project_description,False,False,,,,
C052,B,R12,Onsite in Oulu / relocation,constraint,evidenced,work_history,False,False,,,,
C053,B,R01,Phased-array / beamforming signal processing,must_have,absent,,False,False,,,,
C053,B,R02,Embedded DSP in C/C++,must_have,absent,,False,False,,,,
C053,B,R03,Production Python,must_have,absent,,False,False,,,,
C053,B,R04,RF measurement experience,must_have,absent,,False,False,,,,
C053,B,R05,Relevant degree or demonstrated equivalent,must_have,absent,,False,False,,,,
C053,B,R06,Kalman filtering / estimation theory,desirable,absent,,False,False,,,,
C053,B,R07,Satellite or airborne platform experience,desirable,absent,,False,False,,,,
C053,B,R08,Team-lead experience,desirable,not_stated,,False,False,,,,
C053,B,R09,Publications or open-source record,desirable,evidenced,project_description,False,False,,,,
C053,B,R10,EU work authorisation,constraint,evidenced,project_description,False,False,,,,
C053,B,R11,Working English,constraint,evidenced,work_history,False,False,,,,
C053,B,R12,Onsite in Oulu / relocation,constraint,evidenced,work_history,False,False,,,,
C054,A,R01,Phased-array / beamforming signal processing,must_have,evidenced,work_history,False,False,,,,
C054,A,R02,Embedded DSP in C/C++,must_have,evidenced,project_description,False,False,,,,
C054,A,R03,Production Python,must_have,evidenced,work_history,False,False,,,,
C054,A,R04,RF measurement experience,must_have,evidenced,cover_letter,True,False,,,,
C054,A,R05,Relevant degree or demonstrated equivalent,must_have,evidenced,work_history,False,False,,,,
C054,A,R06,Kalman filtering / estimation theory,desirable,evidenced,work_history,False,False,,,,
C054,A,R07,Satellite or airborne platform experience,desirable,not_stated,,False,False,,,,
C054,A,R08,Team-lead experience,desirable,claimed_only,cover_letter,False,False,,,,
C054,A,R09,Publications or open-source record,desirable,evidenced,project_description,False,False,,,,
C054,A,R10,EU work authorisation,constraint,evidenced,work_history,False,False,,,,
C054,A,R11,Working English,constraint,evidenced,project_description,False,False,,,,
C054,A,R12,Onsite in Oulu / relocation,constraint,evidenced,cover_letter,True,False,,,,
C055,C,R01,Phased-array / beamforming signal processing,must_have,absent,,False,False,,,,
C055,C,R02,Embedded DSP in C/C++,must_have,evidenced,work_history,False,False,,,,
C055,C,R03,Production Python,must_have,evidenced,work_history,False,False,,,,
C055,C,R04,RF measurement experience,must_have,evidenced,cover_letter,True,False,,,,
C055,C,R05,Relevant degree or demonstrated equivalent,must_have,evidenced,skills_list,False,False,,,,
C055,C,R06,Kalman filtering / estimation theory,desirable,evidenced,skills_list,False,False,,,,
C055,C,R07,Satellite or airborne platform experience,desirable,not_stated,,False,False,,,,
C055,C,R08,Team-lead experience,desirable,evidenced,cover_letter,True,False,,,,
C055,C,R09,Publications or open-source record,desirable,not_stated,,False,False,,,,
C055,C,R10,EU work authorisation,constraint,evidenced,skills_list,False,False,,,,
C055,C,R11,Working English,constraint,evidenced,cover_letter,True,False,,,,
C055,C,R12,Onsite in Oulu / relocation,constraint,evidenced,work_history,False,False,,,,
C056,C,R01,Phased-array / beamforming signal processing,must_have,evidenced,project_description,False,False,,,,
C056,C,R02,Embedded DSP in C/C++,must_have,evidenced,work_history,False,False,,,,
C056,C,R03,Production Python,must_have,absent,,False,False,,,,
C056,C,R04,RF measurement experience,must_have,evidenced,work_history,False,False,,,,
C056,C,R05,Relevant degree or demonstrated equivalent,must_have,evidenced,project_description,False,False,,,,
C056,C,R06,Kalman filtering / estimation theory,desirable,absent,,False,False,,,,
C056,C,R07,Satellite or airborne platform experience,desirable,evidenced,work_history,False,False,,,,
C056,C,R08,Team-lead experience,desirable,evidenced,work_history,False,False,,,,
C056,C,R09,Publications or open-source record,desirable,not_stated,,False,False,,,,
C056,C,R10,EU work authorisation,constraint,evidenced,work_history,False,False,,,,
C056,C,R11,Working English,constraint,evidenced,work_history,False,False,,,,
C056,C,R12,Onsite in Oulu / relocation,constraint,evidenced,cover_letter,True,False,,,,
C057,OFFROLE,R01,Phased-array / beamforming signal processing,must_have,absent,,False,False,,,,
C057,OFFROLE,R02,Embedded DSP in C/C++,must_have,absent,,False,False,,,,
C057,OFFROLE,R03,Production Python,must_have,absent,,False,False,,,,
C057,OFFROLE,R04,RF measurement experience,must_have,absent,,False,False,,,,
C057,OFFROLE,R05,Relevant degree or demonstrated equivalent,must_have,absent,,False,False,,,,
C057,OFFROLE,R06,Kalman filtering / estimation theory,desirable,absent,,False,False,,,,
C057,OFFROLE,R07,Satellite or airborne platform experience,desirable,absent,,False,False,,,,
C057,OFFROLE,R08,Team-lead experience,desirable,not_stated,,False,False,,,,
C057,OFFROLE,R09,Publications or open-source record,desirable,absent,,False,False,,,,
C057,OFFROLE,R10,EU work authorisation,constraint,absent,,False,False,,,,
C057,OFFROLE,R11,Working English,constraint,not_stated,,False,False,,,,
C057,OFFROLE,R12,Onsite in Oulu / relocation,constraint,absent,,False,False,,,,
C058,B,R01,Phased-array / beamforming signal processing,must_have,absent,,False,False,,,,
C058,B,R02,Embedded DSP in C/C++,must_have,absent,,False,False,,,,
C058,B,R03,Production Python,must_have,absent,,False,False,,,,
C058,B,R04,RF measurement experience,must_have,absent,,False,False,,,,
C058,B,R05,Relevant degree or demonstrated equivalent,must_have,absent,,False,False,,,,
C058,B,R06,Kalman filtering / estimation theory,desirable,claimed_only,skills_list,False,False,,,,
C058,B,R07,Satellite or airborne platform experience,desirable,absent,,False,False,,,,
C058,B,R08,Team-lead experience,desirable,not_stated,,False,False,,,,
C058,B,R09,Publications or open-source record,desirable,claimed_only,skills_list,False,False,,,,
C058,B,R10,EU work authorisation,constraint,evidenced,project_description,False,False,,,,
C058,B,R11,Working English,constraint,evidenced,cover_letter,True,False,,,,
C058,B,R12,Onsite in Oulu / relocation,constraint,evidenced,work_history,False,False,,,,
C059,C,R01,Phased-array / beamforming signal processing,must_have,evidenced,cover_letter,True,False,,,,
C059,C,R02,Embedded DSP in C/C++,must_have,evidenced,cover_letter,True,False,,,,
C059,C,R03,Production Python,must_have,evidenced,cover_letter,True,False,,,,
C059,C,R04,RF measurement experience,must_have,absent,,False,False,,,,
C059,C,R05,Relevant degree or demonstrated equivalent,must_have,evidenced,project_description,False,False,,,,
C059,C,R06,Kalman filtering / estimation theory,desirable,not_stated,,False,False,,,,
C059,C,R07,Satellite or airborne platform experience,desirable,evidenced,project_description,False,False,,,,
C059,C,R08,Team-lead experience,desirable,not_stated,,False,False,,,,
C059,C,R09,Publications or open-source record,desirable,not_stated,,False,False,,,,
C059,C,R10,EU work authorisation,constraint,evidenced,project_description,False,False,,,,
C059,C,R11,Working English,constraint,evidenced,work_history,False,False,,,,
C059,C,R12,Onsite in Oulu / relocation,constraint,evidenced,work_history,False,False,,,,
C060,D,R01,Phased-array / beamforming signal processing,must_have,claimed_only,skills_list,False,False,,,,
C060,D,R02,Embedded DSP in C/C++,must_have,claimed_only,cover_letter,False,False,,,,
C060,D,R03,Production Python,must_have,claimed_only,skills_list,False,False,,,,
C060,D,R04,RF measurement experience,must_have,claimed_only,cover_letter,False,False,,,,
C060,D,R05,Relevant degree or demonstrated equivalent,must_have,claimed_only,cover_letter,False,False,,,,
C060,D,R06,Kalman filtering / estimation theory,desirable,claimed_only,cover_letter,False,False,,,,
C060,D,R07,Satellite or airborne platform experience,desirable,claimed_only,cover_letter,False,False,,,,
C060,D,R08,Team-lead experience,desirable,not_stated,,False,False,,,,
C060,D,R09,Publications or open-source record,desirable,claimed_only,cover_letter,False,False,,,,
C060,D,R10,EU work authorisation,constraint,evidenced,work_history,False,False,,,,
C060,D,R11,Working English,constraint,evidenced,work_history,False,False,,,,
C060,D,R12,Onsite in Oulu / relocation,constraint,evidenced,work_history,False,False,,,,
C061,B,R01,Phased-array / beamforming signal processing,must_have,evidenced,skills_list,False,False,,,,
C061,B,R02,Embedded DSP in C/C++,must_have,absent,,False,False,,,,
C061,B,R03,Production Python,must_have,absent,,False,False,,,,
C061,B,R04,RF measurement experience,must_have,evidenced,project_description,False,False,,,,
C061,B,R05,Relevant degree or demonstrated equivalent,must_have,absent,,False,False,,,,
C061,B,R06,Kalman filtering / estimation theory,desirable,claimed_only,cover_letter,False,False,,,,
C061,B,R07,Satellite or airborne platform experience,desirable,absent,,False,False,,,,
C061,B,R08,Team-lead experience,desirable,not_stated,,False,False,,,,
C061,B,R09,Publications or open-source record,desirable,absent,,False,False,,,,
C061,B,R10,EU work authorisation,constraint,evidenced,skills_list,False,False,,,,
C061,B,R11,Working English,constraint,evidenced,work_history,False,False,,,,
C061,B,R12,Onsite in Oulu / relocation,constraint,evidenced,project_description,False,False,,,,
C062,B,R01,Phased-array / beamforming signal processing,must_have,evidenced,skills_list,False,False,,,,
C062,B,R02,Embedded DSP in C/C++,must_have,absent,,False,False,,,,
C062,B,R03,Production Python,must_have,absent,,False,False,,,,
C062,B,R04,RF measurement experience,must_have,absent,,False,False,,,,
C062,B,R05,Relevant degree or demonstrated equivalent,must_have,absent,,False,False,,,,
C062,B,R06,Kalman filtering / estimation theory,desirable,absent,,False,False,,,,
C062,B,R07,Satellite or airborne platform experience,desirable,not_stated,,False,False,,,,
C062,B,R08,Team-lead experience,desirable,absent,,False,False,,,,
C062,B,R09,Publications or open-source record,desirable,absent,,False,False,,,,
C062,B,R10,EU work authorisation,constraint,evidenced,project_description,False,False,,,,
C062,B,R11,Working English,constraint,evidenced,work_history,False,False,,,,
C062,B,R12,Onsite in Oulu / relocation,constraint,evidenced,work_history,False,False,,,,
C063,C,R01,Phased-array / beamforming signal processing,must_have,evidenced,skills_list,False,False,,,,
C063,C,R02,Embedded DSP in C/C++,must_have,evidenced,work_history,False,False,,,,
C063,C,R03,Production Python,must_have,absent,,False,False,,,,
C063,C,R04,RF measurement experience,must_have,evidenced,work_history,False,False,,,,
C063,C,R05,Relevant degree or demonstrated equivalent,must_have,evidenced,project_description,False,False,,,,
C063,C,R06,Kalman filtering / estimation theory,desirable,not_stated,,False,False,,,,
C063,C,R07,Satellite or airborne platform experience,desirable,not_stated,,False,False,,,,
C063,C,R08,Team-lead experience,desirable,evidenced,project_description,False,False,,,,
C063,C,R09,Publications or open-source record,desirable,claimed_only,skills_list,False,False,,,,
C063,C,R10,EU work authorisation,constraint,evidenced,project_description,False,False,,,,
C063,C,R11,Working English,constraint,not_stated,,False,False,,,,
C063,C,R12,Onsite in Oulu / relocation,constraint,evidenced,work_history,False,False,,,,
C064,F,R01,Phased-array / beamforming signal processing,must_have,evidenced,cover_letter,True,False,,,,
C064,F,R02,Embedded DSP in C/C++,must_have,evidenced,cover_letter,True,True,sensor-fusion firmware for drone flight controllers,,,
C064,F,R03,Production Python,must_have,evidenced,work_history,False,False,,,,
C064,F,R04,RF measurement experience,must_have,evidenced,work_history,False,False,,,,
C064,F,R05,Relevant degree or demonstrated equivalent,must_have,evidenced,cover_letter,True,False,,,,
C064,F,R06,Kalman filtering / estimation theory,desirable,not_stated,,False,False,,,,
C064,F,R07,Satellite or airborne platform experience,desirable,evidenced,work_history,False,False,,,,
C064,F,R08,Team-lead experience,desirable,not_stated,,False,False,,,,
C064,F,R09,Publications or open-source record,desirable,evidenced,work_history,False,False,,,,
C064,F,R10,EU work authorisation,constraint,evidenced,work_history,False,False,,,,
C064,F,R11,Working English,constraint,evidenced,work_history,False,False,,,,
C064,F,R12,Onsite in Oulu / relocation,constraint,evidenced,skills_list,False,False,,,,
C065,G,R01,Phased-array / beamforming signal processing,must_have,evidenced,work_history,False,False,,,,
C065,G,R02,Embedded DSP in C/C++,must_have,evidenced,skills_list,False,False,,,,
C065,G,R03,Production Python,must_have,evidenced,cover_letter,True,False,,,,
C065,G,R04,RF measurement experience,must_have,evidenced,work_history,False,False,,,,
C065,G,R05,Relevant degree or demonstrated equivalent,must_have,evidenced,project_description,False,False,,,,
C065,G,R06,Kalman filtering / estimation theory,desirable,evidenced,work_history,False,False,,,,
C065,G,R07,Satellite or airborne platform experience,desirable,claimed_only,cover_letter,False,False,,,,
C065,G,R08,Team-lead experience,desirable,evidenced,project_description,False,False,,,,
C065,G,R09,Publications or open-source record,desirable,not_stated,,False,False,,,,
C065,G,R10,EU work authorisation,constraint,evidenced,work_history,False,False,,,,
C065,G,R11,Working English,constraint,evidenced,project_description,False,False,,,,
C065,G,R12,Onsite in Oulu / relocation,constraint,evidenced,cover_letter,True,False,,,,
C066,H,R01,Phased-array / beamforming signal processing,must_have,evidenced,project_description,False,False,,,,
C066,H,R02,Embedded DSP in C/C++,must_have,evidenced,project_description,False,False,,,,
C066,H,R03,Production Python,must_have,evidenced,cover_letter,True,False,,,,
C066,H,R04,RF measurement experience,must_have,evidenced,project_description,False,False,,,academic_rf,"Real RF measurement work, but gained in an academic CubeSat project rather than an industrial test bench -- defensible either way whether it counts as meeting the requirement at senior level."
C066,H,R05,Relevant degree or demonstrated equivalent,must_have,evidenced,work_history,False,False,,,,
C066,H,R06,Kalman filtering / estimation theory,desirable,evidenced,skills_list,False,False,,,,
C066,H,R07,Satellite or airborne platform experience,desirable,not_stated,,False,False,,,,
C066,H,R08,Team-lead experience,desirable,not_stated,,False,False,,,,
C066,H,R09,Publications or open-source record,desirable,evidenced,skills_list,False,False,,,,
C066,H,R10,EU work authorisation,constraint,evidenced,skills_list,False,False,,,,
C066,H,R11,Working English,constraint,evidenced,skills_list,False,False,,,,
C066,H,R12,Onsite in Oulu / relocation,constraint,evidenced,project_description,False,False,,,,
C067,A,R01,Phased-array / beamforming signal processing,must_have,evidenced,project_description,False,False,,,,
C067,A,R02,Embedded DSP in C/C++,must_have,evidenced,work_history,False,False,,,,
C067,A,R03,Production Python,must_have,evidenced,work_history,False,False,,,,
C067,A,R04,RF measurement experience,must_have,evidenced,work_history,False,False,,,,
C067,A,R05,Relevant degree or demonstrated equivalent,must_have,evidenced,work_history,False,False,,,,
C067,A,R06,Kalman filtering / estimation theory,desirable,not_stated,,False,False,,,,
C067,A,R07,Satellite or airborne platform experience,desirable,not_stated,,False,False,,,,
C067,A,R08,Team-lead experience,desirable,evidenced,work_history,False,False,,,,
C067,A,R09,Publications or open-source record,desirable,not_stated,,False,False,,,,
C067,A,R10,EU work authorisation,constraint,evidenced,work_history,False,False,,,,
C067,A,R11,Working English,constraint,evidenced,skills_list,False,False,,,,
C067,A,R12,Onsite in Oulu / relocation,constraint,evidenced,project_description,False,False,,,,
C068,D,R01,Phased-array / beamforming signal processing,must_have,claimed_only,skills_list,False,False,,,,
C068,D,R02,Embedded DSP in C/C++,must_have,claimed_only,cover_letter,False,False,,,,
C068,D,R03,Production Python,must_have,claimed_only,skills_list,False,False,,,,
C068,D,R04,RF measurement experience,must_have,claimed_only,skills_list,False,False,,,,
C068,D,R05,Relevant degree or demonstrated equivalent,must_have,claimed_only,cover_letter,False,False,,,,
C068,D,R06,Kalman filtering / estimation theory,desirable,claimed_only,cover_letter,False,False,,,,
C068,D,R07,Satellite or airborne platform experience,desirable,not_stated,,False,False,,,,
C068,D,R08,Team-lead experience,desirable,claimed_only,cover_letter,False,False,,,,
C068,D,R09,Publications or open-source record,desirable,claimed_only,skills_list,False,False,,,,
C068,D,R10,EU work authorisation,constraint,evidenced,work_history,False,False,,,,
C068,D,R11,Working English,constraint,evidenced,work_history,False,False,,,,
C068,D,R12,Onsite in Oulu / relocation,constraint,evidenced,work_history,False,False,,,,
C069,D,R01,Phased-array / beamforming signal processing,must_have,claimed_only,skills_list,False,False,,,,
C069,D,R02,Embedded DSP in C/C++,must_have,claimed_only,skills_list,False,False,,,,
C069,D,R03,Production Python,must_have,claimed_only,cover_letter,False,False,,,,
C069,D,R04,RF measurement experience,must_have,claimed_only,skills_list,False,False,,,,
C069,D,R05,Relevant degree or demonstrated equivalent,must_have,claimed_only,cover_letter,False,False,,,,
C069,D,R06,Kalman filtering / estimation theory,desirable,claimed_only,cover_letter,False,False,,,,
C069,D,R07,Satellite or airborne platform experience,desirable,claimed_only,skills_list,False,False,,,,
C069,D,R08,Team-lead experience,desirable,claimed_only,cover_letter,False,False,,,,
C069,D,R09,Publications or open-source record,desirable,claimed_only,cover_letter,False,False,,,,
C069,D,R10,EU work authorisation,constraint,evidenced,project_description,False,False,,,,
C069,D,R11,Working English,constraint,evidenced,work_history,False,False,,,,
C069,D,R12,Onsite in Oulu / relocation,constraint,evidenced,work_history,False,False,,,,
C070,B,R01,Phased-array / beamforming signal processing,must_have,evidenced,cover_letter,True,False,,,,
C070,B,R02,Embedded DSP in C/C++,must_have,absent,,False,False,,,,
C070,B,R03,Production Python,must_have,absent,,False,False,,,,
C070,B,R04,RF measurement experience,must_have,absent,,False,False,,,,
C070,B,R05,Relevant degree or demonstrated equivalent,must_have,absent,,False,False,,,,
C070,B,R06,Kalman filtering / estimation theory,desirable,absent,,False,False,,,,
C070,B,R07,Satellite or airborne platform experience,desirable,absent,,False,False,,,,
C070,B,R08,Team-lead experience,desirable,not_stated,,False,False,,,,
C070,B,R09,Publications or open-source record,desirable,not_stated,,False,False,,,,
C070,B,R10,EU work authorisation,constraint,evidenced,project_description,False,False,,,,
C070,B,R11,Working English,constraint,evidenced,work_history,False,False,,,,
C070,B,R12,Onsite in Oulu / relocation,constraint,evidenced,work_history,False,False,,,,
C071,B,R01,Phased-array / beamforming signal processing,must_have,absent,,False,False,,,,
C071,B,R02,Embedded DSP in C/C++,must_have,evidenced,project_description,False,False,,,,
C071,B,R03,Production Python,must_have,evidenced,project_description,False,False,,,,
C071,B,R04,RF measurement experience,must_have,absent,,False,False,,,,
C071,B,R05,Relevant degree or demonstrated equivalent,must_have,absent,,False,False,,,,
C071,B,R06,Kalman filtering / estimation theory,desirable,absent,,False,False,,,,
C071,B,R07,Satellite or airborne platform experience,desirable,absent,,False,False,,,,
C071,B,R08,Team-lead experience,desirable,claimed_only,skills_list,False,False,,,,
C071,B,R09,Publications or open-source record,desirable,not_stated,,False,False,,,,
C071,B,R10,EU work authorisation,constraint,not_stated,,False,False,,,,
C071,B,R11,Working English,constraint,evidenced,work_history,False,False,,,,
C071,B,R12,Onsite in Oulu / relocation,constraint,evidenced,project_description,False,False,,,,
C072,B,R01,Phased-array / beamforming signal processing,must_have,absent,,False,False,,,,
C072,B,R02,Embedded DSP in C/C++,must_have,absent,,False,False,,,,
C072,B,R03,Production Python,must_have,absent,,False,False,,,,
C072,B,R04,RF measurement experience,must_have,evidenced,project_description,False,False,,,,
C072,B,R05,Relevant degree or demonstrated equivalent,must_have,evidenced,work_history,False,False,,,,
C072,B,R06,Kalman filtering / estimation theory,desirable,claimed_only,cover_letter,False,False,,,,
C072,B,R07,Satellite or airborne platform experience,desirable,absent,,False,False,,,,
C072,B,R08,Team-lead experience,desirable,absent,,False,False,,,,
C072,B,R09,Publications or open-source record,desirable,not_stated,,False,False,,,,
C072,B,R10,EU work authorisation,constraint,evidenced,project_description,False,False,,,,
C072,B,R11,Working English,constraint,evidenced,work_history,False,False,,,,
C072,B,R12,Onsite in Oulu / relocation,constraint,not_stated,,False,False,,,,
C073,B,R01,Phased-array / beamforming signal processing,must_have,evidenced,cover_letter,True,False,,,,
C073,B,R02,Embedded DSP in C/C++,must_have,absent,,False,False,,,,
C073,B,R03,Production Python,must_have,absent,,False,False,,,,
C073,B,R04,RF measurement experience,must_have,absent,,False,False,,,,
C073,B,R05,Relevant degree or demonstrated equivalent,must_have,evidenced,work_history,False,False,,,,
C073,B,R06,Kalman filtering / estimation theory,desirable,not_stated,,False,False,,,,
C073,B,R07,Satellite or airborne platform experience,desirable,claimed_only,cover_letter,False,False,,,,
C073,B,R08,Team-lead experience,desirable,not_stated,,False,False,,,,
C073,B,R09,Publications or open-source record,desirable,absent,,False,False,,,,
C073,B,R10,EU work authorisation,constraint,evidenced,work_history,False,False,,,,
C073,B,R11,Working English,constraint,evidenced,work_history,False,False,,,,
C073,B,R12,Onsite in Oulu / relocation,constraint,not_stated,,False,False,,,,
C074,B,R01,Phased-array / beamforming signal processing,must_have,absent,,False,False,,,,
C074,B,R02,Embedded DSP in C/C++,must_have,absent,,False,False,,,,
C074,B,R03,Production Python,must_have,evidenced,project_description,False,False,,,,
C074,B,R04,RF measurement experience,must_have,absent,,False,False,,,,
C074,B,R05,Relevant degree or demonstrated equivalent,must_have,evidenced,work_history,False,False,,,,
C074,B,R06,Kalman filtering / estimation theory,desirable,not_stated,,False,False,,,,
C074,B,R07,Satellite or airborne platform experience,desirable,claimed_only,skills_list,False,False,,,,
C074,B,R08,Team-lead experience,desirable,claimed_only,skills_list,False,False,,,,
C074,B,R09,Publications or open-source record,desirable,absent,,False,False,,,,
C074,B,R10,EU work authorisation,constraint,evidenced,skills_list,False,False,,,,
C074,B,R11,Working English,constraint,evidenced,work_history,False,False,,,,
C074,B,R12,Onsite in Oulu / relocation,constraint,evidenced,cover_letter,True,False,,,,
C075,E,R01,Phased-array / beamforming signal processing,must_have,evidenced,project_description,False,False,,,,
C075,E,R02,Embedded DSP in C/C++,must_have,evidenced,project_description,False,False,,,,
C075,E,R03,Production Python,must_have,evidenced,skills_list,False,False,,,,
C075,E,R04,RF measurement experience,must_have,evidenced,work_history,False,False,,,,
C075,E,R05,Relevant degree or demonstrated equivalent,must_have,contradicted,work_history,False,False,,degree_date,,
C075,E,R06,Kalman filtering / estimation theory,desirable,absent,,False,False,,,,
C075,E,R07,Satellite or airborne platform experience,desirable,not_stated,,False,False,,,,
C075,E,R08,Team-lead experience,desirable,not_stated,,False,False,,,,
C075,E,R09,Publications or open-source record,desirable,evidenced,work_history,False,False,,,,
C075,E,R10,EU work authorisation,constraint,evidenced,work_history,False,False,,,,
C075,E,R11,Working English,constraint,evidenced,project_description,False,False,,,,
C075,E,R12,Onsite in Oulu / relocation,constraint,evidenced,work_history,False,False,,,,
C076,A,R01,Phased-array / beamforming signal processing,must_have,evidenced,project_description,False,False,,,,
C076,A,R02,Embedded DSP in C/C++,must_have,evidenced,work_history,False,False,,,,
C076,A,R03,Production Python,must_have,evidenced,skills_list,False,False,,,,
C076,A,R04,RF measurement experience,must_have,evidenced,work_history,False,False,,,,
C076,A,R05,Relevant degree or demonstrated equivalent,must_have,evidenced,work_history,False,False,,,,
C076,A,R06,Kalman filtering / estimation theory,desirable,evidenced,work_history,False,False,,,,
C076,A,R07,Satellite or airborne platform experience,desirable,absent,,False,False,,,,
C076,A,R08,Team-lead experience,desirable,claimed_only,skills_list,False,False,,,,
C076,A,R09,Publications or open-source record,desirable,not_stated,,False,False,,,,
C076,A,R10,EU work authorisation,constraint,evidenced,work_history,False,False,,,,
C076,A,R11,Working English,constraint,evidenced,project_description,False,False,,,,
C076,A,R12,Onsite in Oulu / relocation,constraint,evidenced,work_history,False,False,,,,
C077,B,R01,Phased-array / beamforming signal processing,must_have,absent,,False,False,,,,
C077,B,R02,Embedded DSP in C/C++,must_have,absent,,False,False,,,,
C077,B,R03,Production Python,must_have,absent,,False,False,,,,
C077,B,R04,RF measurement experience,must_have,evidenced,work_history,False,False,,,,
C077,B,R05,Relevant degree or demonstrated equivalent,must_have,evidenced,work_history,False,False,,,,
C077,B,R06,Kalman filtering / estimation theory,desirable,absent,,False,False,,,,
C077,B,R07,Satellite or airborne platform experience,desirable,absent,,False,False,,,,
C077,B,R08,Team-lead experience,desirable,absent,,False,False,,,,
C077,B,R09,Publications or open-source record,desirable,absent,,False,False,,,,
C077,B,R10,EU work authorisation,constraint,evidenced,cover_letter,True,False,,,,
C077,B,R11,Working English,constraint,evidenced,work_history,False,False,,,,
C077,B,R12,Onsite in Oulu / relocation,constraint,evidenced,work_history,False,False,,,,
C078,E,R01,Phased-array / beamforming signal processing,must_have,evidenced,work_history,False,False,,,,
C078,E,R02,Embedded DSP in C/C++,must_have,evidenced,work_history,False,False,,,,
C078,E,R03,Production Python,must_have,evidenced,work_history,False,False,,,,
C078,E,R04,RF measurement experience,must_have,evidenced,project_description,False,False,,,,
C078,E,R05,Relevant degree or demonstrated equivalent,must_have,evidenced,project_description,False,False,,,,
C078,E,R06,Kalman filtering / estimation theory,desirable,claimed_only,cover_letter,False,False,,,,
C078,E,R07,Satellite or airborne platform experience,desirable,evidenced,work_history,False,False,,,,
C078,E,R08,Team-lead experience,desirable,contradicted,cover_letter,False,False,,title_inflation,,
C078,E,R09,Publications or open-source record,desirable,evidenced,skills_list,False,False,,,,
C078,E,R10,EU work authorisation,constraint,evidenced,work_history,False,False,,,,
C078,E,R11,Working English,constraint,evidenced,skills_list,False,False,,,,
C078,E,R12,Onsite in Oulu / relocation,constraint,evidenced,project_description,False,False,,,,
C079,F,R01,Phased-array / beamforming signal processing,must_have,evidenced,cover_letter,True,True,sonar array processing (towed-array beamforming),,,
C079,F,R02,Embedded DSP in C/C++,must_have,evidenced,skills_list,False,False,,,,
C079,F,R03,Production Python,must_have,evidenced,cover_letter,True,False,,,,
C079,F,R04,RF measurement experience,must_have,evidenced,project_description,False,False,,,,
C079,F,R05,Relevant degree or demonstrated equivalent,must_have,evidenced,project_description,False,False,,,,
C079,F,R06,Kalman filtering / estimation theory,desirable,not_stated,,False,False,,,,
C079,F,R07,Satellite or airborne platform experience,desirable,not_stated,,False,False,,,,
C079,F,R08,Team-lead experience,desirable,not_stated,,False,False,,,,
C079,F,R09,Publications or open-source record,desirable,evidenced,work_history,False,False,,,,
C079,F,R10,EU work authorisation,constraint,evidenced,work_history,False,False,,,,
C079,F,R11,Working English,constraint,evidenced,project_description,False,False,,,,
C079,F,R12,Onsite in Oulu / relocation,constraint,not_stated,,False,False,,,,
C080,F,R01,Phased-array / beamforming signal processing,must_have,evidenced,work_history,False,False,,,,
C080,F,R02,Embedded DSP in C/C++,must_have,evidenced,cover_letter,True,True,embedded signal pipeline for a medical ECG/EEG front end,,,
C080,F,R03,Production Python,must_have,evidenced,skills_list,False,False,,,,
C080,F,R04,RF measurement experience,must_have,evidenced,work_history,False,False,,,,
C080,F,R05,Relevant degree or demonstrated equivalent,must_have,evidenced,work_history,False,False,,,,
C080,F,R06,Kalman filtering / estimation theory,desirable,claimed_only,skills_list,False,False,,,,
C080,F,R07,Satellite or airborne platform experience,desirable,not_stated,,False,False,,,,
C080,F,R08,Team-lead experience,desirable,not_stated,,False,False,,,,
C080,F,R09,Publications or open-source record,desirable,evidenced,work_history,False,False,,,,
C080,F,R10,EU work authorisation,constraint,evidenced,work_history,False,False,,,,
C080,F,R11,Working English,constraint,not_stated,,False,False,,,,
C080,F,R12,Onsite in Oulu / relocation,constraint,evidenced,work_history,False,False,,,,
C081,B,R01,Phased-array / beamforming signal processing,must_have,absent,,False,False,,,,
C081,B,R02,Embedded DSP in C/C++,must_have,absent,,False,False,,,,
C081,B,R03,Production Python,must_have,absent,,False,False,,,,
C081,B,R04,RF measurement experience,must_have,evidenced,work_history,False,False,,,,
C081,B,R05,Relevant degree or demonstrated equivalent,must_have,absent,,False,False,,,,
C081,B,R06,Kalman filtering / estimation theory,desirable,absent,,False,False,,,,
C081,B,R07,Satellite or airborne platform experience,desirable,absent,,False,False,,,,
C081,B,R08,Team-lead experience,desirable,not_stated,,False,False,,,,
C081,B,R09,Publications or open-source record,desirable,not_stated,,False,False,,,,
C081,B,R10,EU work authorisation,constraint,evidenced,cover_letter,True,False,,,,
C081,B,R11,Working English,constraint,not_stated,,False,False,,,,
C081,B,R12,Onsite in Oulu / relocation,constraint,not_stated,,False,False,,,,
C082,B,R01,Phased-array / beamforming signal processing,must_have,absent,,False,False,,,,
C082,B,R02,Embedded DSP in C/C++,must_have,absent,,False,False,,,,
C082,B,R03,Production Python,must_have,evidenced,skills_list,False,False,,,,
C082,B,R04,RF measurement experience,must_have,evidenced,skills_list,False,False,,,,
C082,B,R05,Relevant degree or demonstrated equivalent,must_have,absent,,False,False,,,,
C082,B,R06,Kalman filtering / estimation theory,desirable,absent,,False,False,,,,
C082,B,R07,Satellite or airborne platform experience,desirable,claimed_only,skills_list,False,False,,,,
C082,B,R08,Team-lead experience,desirable,absent,,False,False,,,,
C082,B,R09,Publications or open-source record,desirable,absent,,False,False,,,,
C082,B,R10,EU work authorisation,constraint,not_stated,,False,False,,,,
C082,B,R11,Working English,constraint,evidenced,project_description,False,False,,,,
C082,B,R12,Onsite in Oulu / relocation,constraint,not_stated,,False,False,,,,
C083,B,R01,Phased-array / beamforming signal processing,must_have,absent,,False,False,,,,
C083,B,R02,Embedded DSP in C/C++,must_have,absent,,False,False,,,,
C083,B,R03,Production Python,must_have,absent,,False,False,,,,
C083,B,R04,RF measurement experience,must_have,absent,,False,False,,,,
C083,B,R05,Relevant degree or demonstrated equivalent,must_have,evidenced,cover_letter,True,False,,,,
C083,B,R06,Kalman filtering / estimation theory,desirable,absent,,False,False,,,,
C083,B,R07,Satellite or airborne platform experience,desirable,not_stated,,False,False,,,,
C083,B,R08,Team-lead experience,desirable,claimed_only,skills_list,False,False,,,,
C083,B,R09,Publications or open-source record,desirable,not_stated,,False,False,,,,
C083,B,R10,EU work authorisation,constraint,evidenced,work_history,False,False,,,,
C083,B,R11,Working English,constraint,evidenced,project_description,False,False,,,,
C083,B,R12,Onsite in Oulu / relocation,constraint,not_stated,,False,False,,,,
C084,F,R01,Phased-array / beamforming signal processing,must_have,evidenced,work_history,False,False,,,,
C084,F,R02,Embedded DSP in C/C++,must_have,evidenced,skills_list,False,False,,,,
C084,F,R03,Production Python,must_have,evidenced,cover_letter,True,True,internal data-pipeline scripts at a research institute that grew into a maintained internal package,,,
C084,F,R04,RF measurement experience,must_have,evidenced,skills_list,False,False,,,,
C084,F,R05,Relevant degree or demonstrated equivalent,must_have,evidenced,project_description,False,False,,,,
C084,F,R06,Kalman filtering / estimation theory,desirable,not_stated,,False,False,,,,
C084,F,R07,Satellite or airborne platform experience,desirable,not_stated,,False,False,,,,
C084,F,R08,Team-lead experience,desirable,absent,,False,False,,,,
C084,F,R09,Publications or open-source record,desirable,not_stated,,False,False,,,,
C084,F,R10,EU work authorisation,constraint,evidenced,work_history,False,False,,,,
C084,F,R11,Working English,constraint,evidenced,skills_list,False,False,,,,
C084,F,R12,Onsite in Oulu / relocation,constraint,evidenced,skills_list,False,False,,,,
C085,F,R01,Phased-array / beamforming signal processing,must_have,evidenced,cover_letter,True,False,,,,
C085,F,R02,Embedded DSP in C/C++,must_have,evidenced,skills_list,False,False,,,,
C085,F,R03,Production Python,must_have,evidenced,project_description,False,True,a physics PhD's side-project tooling that became the group's shared analysis pipeline,,,
C085,F,R04,RF measurement experience,must_have,evidenced,project_description,False,False,,,,
C085,F,R05,Relevant degree or demonstrated equivalent,must_have,evidenced,work_history,False,False,,,,
C085,F,R06,Kalman filtering / estimation theory,desirable,claimed_only,cover_letter,False,False,,,,
C085,F,R07,Satellite or airborne platform experience,desirable,not_stated,,False,False,,,,
C085,F,R08,Team-lead experience,desirable,evidenced,project_description,False,False,,,,
C085,F,R09,Publications or open-source record,desirable,absent,,False,False,,,,
C085,F,R10,EU work authorisation,constraint,evidenced,project_description,False,False,,,,
C085,F,R11,Working English,constraint,not_stated,,False,False,,,,
C085,F,R12,Onsite in Oulu / relocation,constraint,evidenced,work_history,False,False,,,,
C086,B,R01,Phased-array / beamforming signal processing,must_have,evidenced,project_description,False,False,,,,
C086,B,R02,Embedded DSP in C/C++,must_have,absent,,False,False,,,,
C086,B,R03,Production Python,must_have,absent,,False,False,,,,
C086,B,R04,RF measurement experience,must_have,absent,,False,False,,,,
C086,B,R05,Relevant degree or demonstrated equivalent,must_have,absent,,False,False,,,,
C086,B,R06,Kalman filtering / estimation theory,desirable,absent,,False,False,,,,
C086,B,R07,Satellite or airborne platform experience,desirable,absent,,False,False,,,,
C086,B,R08,Team-lead experience,desirable,absent,,False,False,,,,
C086,B,R09,Publications or open-source record,desirable,absent,,False,False,,,,
C086,B,R10,EU work authorisation,constraint,evidenced,work_history,False,False,,,,
C086,B,R11,Working English,constraint,evidenced,cover_letter,True,False,,,,
C086,B,R12,Onsite in Oulu / relocation,constraint,evidenced,project_description,False,False,,,,
C087,D,R01,Phased-array / beamforming signal processing,must_have,claimed_only,cover_letter,False,False,,,,
C087,D,R02,Embedded DSP in C/C++,must_have,claimed_only,cover_letter,False,False,,,,
C087,D,R03,Production Python,must_have,claimed_only,cover_letter,False,False,,,,
C087,D,R04,RF measurement experience,must_have,claimed_only,skills_list,False,False,,,,
C087,D,R05,Relevant degree or demonstrated equivalent,must_have,claimed_only,cover_letter,False,False,,,,
C087,D,R06,Kalman filtering / estimation theory,desirable,claimed_only,skills_list,False,False,,,,
C087,D,R07,Satellite or airborne platform experience,desirable,claimed_only,cover_letter,False,False,,,,
C087,D,R08,Team-lead experience,desirable,claimed_only,cover_letter,False,False,,,,
C087,D,R09,Publications or open-source record,desirable,claimed_only,cover_letter,False,False,,,,
C087,D,R10,EU work authorisation,constraint,evidenced,cover_letter,True,False,,,,
C087,D,R11,Working English,constraint,not_stated,,False,False,,,,
C087,D,R12,Onsite in Oulu / relocation,constraint,evidenced,project_description,False,False,,,,
C088,B,R01,Phased-array / beamforming signal processing,must_have,absent,,False,False,,,,
C088,B,R02,Embedded DSP in C/C++,must_have,absent,,False,False,,,,
C088,B,R03,Production Python,must_have,absent,,False,False,,,,
C088,B,R04,RF measurement experience,must_have,evidenced,project_description,False,False,,,,
C088,B,R05,Relevant degree or demonstrated equivalent,must_have,evidenced,work_history,False,False,,,,
C088,B,R06,Kalman filtering / estimation theory,desirable,not_stated,,False,False,,,,
C088,B,R07,Satellite or airborne platform experience,desirable,claimed_only,cover_letter,False,False,,,,
C088,B,R08,Team-lead experience,desirable,absent,,False,False,,,,
C088,B,R09,Publications or open-source record,desirable,not_stated,,False,False,,,,
C088,B,R10,EU work authorisation,constraint,evidenced,cover_letter,True,False,,,,
C088,B,R11,Working English,constraint,evidenced,project_description,False,False,,,,
C088,B,R12,Onsite in Oulu / relocation,constraint,evidenced,project_description,False,False,,,,
C089,A,R01,Phased-array / beamforming signal processing,must_have,evidenced,cover_letter,True,False,,,,
C089,A,R02,Embedded DSP in C/C++,must_have,evidenced,project_description,False,False,,,,
C089,A,R03,Production Python,must_have,evidenced,project_description,False,False,,,,
C089,A,R04,RF measurement experience,must_have,evidenced,work_history,False,False,,,,
C089,A,R05,Relevant degree or demonstrated equivalent,must_have,evidenced,work_history,False,False,,,,
C089,A,R06,Kalman filtering / estimation theory,desirable,claimed_only,cover_letter,False,False,,,,
C089,A,R07,Satellite or airborne platform experience,desirable,claimed_only,cover_letter,False,False,,,,
C089,A,R08,Team-lead experience,desirable,evidenced,cover_letter,True,False,,,,
C089,A,R09,Publications or open-source record,desirable,evidenced,work_history,False,False,,,,
C089,A,R10,EU work authorisation,constraint,evidenced,cover_letter,True,False,,,,
C089,A,R11,Working English,constraint,evidenced,work_history,False,False,,,,
C089,A,R12,Onsite in Oulu / relocation,constraint,evidenced,work_history,False,False,,,,
C090,H,R01,Phased-array / beamforming signal processing,must_have,evidenced,project_description,False,False,,,hobby_phased_array,"Real phased-array work and technically credible, but a solo hobby project with no employer or peer review behind it -- defensible either way whether it meets the bar at senior level."
C090,H,R02,Embedded DSP in C/C++,must_have,evidenced,project_description,False,False,,,,
C090,H,R03,Production Python,must_have,evidenced,project_description,False,False,,,,
C090,H,R04,RF measurement experience,must_have,evidenced,skills_list,False,False,,,,
C090,H,R05,Relevant degree or demonstrated equivalent,must_have,evidenced,work_history,False,False,,,,
C090,H,R06,Kalman filtering / estimation theory,desirable,not_stated,,False,False,,,,
C090,H,R07,Satellite or airborne platform experience,desirable,not_stated,,False,False,,,,
C090,H,R08,Team-lead experience,desirable,evidenced,project_description,False,False,,,,
C090,H,R09,Publications or open-source record,desirable,evidenced,work_history,False,False,,,,
C090,H,R10,EU work authorisation,constraint,evidenced,project_description,False,False,,,,
C090,H,R11,Working English,constraint,evidenced,work_history,False,False,,,,
C090,H,R12,Onsite in Oulu / relocation,constraint,evidenced,work_history,False,False,,,,
C091,C,R01,Phased-array / beamforming signal processing,must_have,evidenced,work_history,False,False,,,,
C091,C,R02,Embedded DSP in C/C++,must_have,evidenced,project_description,False,False,,,,
C091,C,R03,Production Python,must_have,absent,,False,False,,,,
C091,C,R04,RF measurement experience,must_have,evidenced,work_history,False,False,,,,
C091,C,R05,Relevant degree or demonstrated equivalent,must_have,evidenced,cover_letter,True,False,,,,
C091,C,R06,Kalman filtering / estimation theory,desirable,evidenced,work_history,False,False,,,,
C091,C,R07,Satellite or airborne platform experience,desirable,not_stated,,False,False,,,,
C091,C,R08,Team-lead experience,desirable,claimed_only,cover_letter,False,False,,,,
C091,C,R09,Publications or open-source record,desirable,evidenced,project_description,False,False,,,,
C091,C,R10,EU work authorisation,constraint,evidenced,work_history,False,False,,,,
C091,C,R11,Working English,constraint,evidenced,project_description,False,False,,,,
C091,C,R12,Onsite in Oulu / relocation,constraint,evidenced,cover_letter,True,False,,,,
C092,B,R01,Phased-array / beamforming signal processing,must_have,evidenced,work_history,False,False,,,,
C092,B,R02,Embedded DSP in C/C++,must_have,absent,,False,False,,,,
C092,B,R03,Production Python,must_have,absent,,False,False,,,,
C092,B,R04,RF measurement experience,must_have,absent,,False,False,,,,
C092,B,R05,Relevant degree or demonstrated equivalent,must_have,evidenced,work_history,False,False,,,,
C092,B,R06,Kalman filtering / estimation theory,desirable,not_stated,,False,False,,,,
C092,B,R07,Satellite or airborne platform experience,desirable,absent,,False,False,,,,
C092,B,R08,Team-lead experience,desirable,evidenced,skills_list,False,False,,,,
C092,B,R09,Publications or open-source record,desirable,absent,,False,False,,,,
C092,B,R10,EU work authorisation,constraint,evidenced,skills_list,False,False,,,,
C092,B,R11,Working English,constraint,evidenced,cover_letter,True,False,,,,
C092,B,R12,Onsite in Oulu / relocation,constraint,evidenced,work_history,False,False,,,,
C093,OFFROLE,R01,Phased-array / beamforming signal processing,must_have,absent,,False,False,,,,
C093,OFFROLE,R02,Embedded DSP in C/C++,must_have,absent,,False,False,,,,
C093,OFFROLE,R03,Production Python,must_have,absent,,False,False,,,,
C093,OFFROLE,R04,RF measurement experience,must_have,absent,,False,False,,,,
C093,OFFROLE,R05,Relevant degree or demonstrated equivalent,must_have,absent,,False,False,,,,
C093,OFFROLE,R06,Kalman filtering / estimation theory,desirable,absent,,False,False,,,,
C093,OFFROLE,R07,Satellite or airborne platform experience,desirable,absent,,False,False,,,,
C093,OFFROLE,R08,Team-lead experience,desirable,not_stated,,False,False,,,,
C093,OFFROLE,R09,Publications or open-source record,desirable,absent,,False,False,,,,
C093,OFFROLE,R10,EU work authorisation,constraint,not_stated,,False,False,,,,
C093,OFFROLE,R11,Working English,constraint,not_stated,,False,False,,,,
C093,OFFROLE,R12,Onsite in Oulu / relocation,constraint,evidenced,work_history,False,False,,,,
C094,G,R01,Phased-array / beamforming signal processing,must_have,evidenced,work_history,False,False,,,,
C094,G,R02,Embedded DSP in C/C++,must_have,evidenced,project_description,False,False,,,,
C094,G,R03,Production Python,must_have,evidenced,project_description,False,False,,,,
C094,G,R04,RF measurement experience,must_have,evidenced,work_history,False,False,,,,
C094,G,R05,Relevant degree or demonstrated equivalent,must_have,evidenced,project_description,False,False,,,,
C094,G,R06,Kalman filtering / estimation theory,desirable,not_stated,,False,False,,,,
C094,G,R07,Satellite or airborne platform experience,desirable,claimed_only,cover_letter,False,False,,,,
C094,G,R08,Team-lead experience,desirable,evidenced,project_description,False,False,,,,
C094,G,R09,Publications or open-source record,desirable,not_stated,,False,False,,,,
C094,G,R10,EU work authorisation,constraint,not_stated,,False,False,,,,
C094,G,R11,Working English,constraint,evidenced,project_description,False,False,,,,
C094,G,R12,Onsite in Oulu / relocation,constraint,not_stated,,False,False,,,,
C095,C,R01,Phased-array / beamforming signal processing,must_have,evidenced,work_history,False,False,,,,
C095,C,R02,Embedded DSP in C/C++,must_have,evidenced,project_description,False,False,,,,
C095,C,R03,Production Python,must_have,absent,,False,False,,,,
C095,C,R04,RF measurement experience,must_have,evidenced,work_history,False,False,,,,
C095,C,R05,Relevant degree or demonstrated equivalent,must_have,evidenced,skills_list,False,False,,,,
C095,C,R06,Kalman filtering / estimation theory,desirable,evidenced,project_description,False,False,,,,
C095,C,R07,Satellite or airborne platform experience,desirable,not_stated,,False,False,,,,
C095,C,R08,Team-lead experience,desirable,claimed_only,skills_list,False,False,,,,
C095,C,R09,Publications or open-source record,desirable,evidenced,cover_letter,True,False,,,,
C095,C,R10,EU work authorisation,constraint,evidenced,project_description,False,False,,,,
C095,C,R11,Working English,constraint,evidenced,cover_letter,True,False,,,,
C095,C,R12,Onsite in Oulu / relocation,constraint,evidenced,work_history,False,False,,,,
C096,F,R01,Phased-array / beamforming signal processing,must_have,evidenced,cover_letter,True,False,,,,
C096,F,R02,Embedded DSP in C/C++,must_have,evidenced,project_description,False,True,engine-control-unit embedded software,,,
C096,F,R03,Production Python,must_have,evidenced,cover_letter,True,False,,,,
C096,F,R04,RF measurement experience,must_have,evidenced,cover_letter,True,False,,,,
C096,F,R05,Relevant degree or demonstrated equivalent,must_have,evidenced,project_description,False,False,,,,
C096,F,R06,Kalman filtering / estimation theory,desirable,not_stated,,False,False,,,,
C096,F,R07,Satellite or airborne platform experience,desirable,evidenced,project_description,False,False,,,,
C096,F,R08,Team-lead experience,desirable,not_stated,,False,False,,,,
C096,F,R09,Publications or open-source record,desirable,not_stated,,False,False,,,,
C096,F,R10,EU work authorisation,constraint,evidenced,project_description,False,False,,,,
C096,F,R11,Working English,constraint,evidenced,work_history,False,False,,,,
C096,F,R12,Onsite in Oulu / relocation,constraint,evidenced,work_history,False,False,,,,
C097,OFFROLE,R01,Phased-array / beamforming signal processing,must_have,absent,,False,False,,,,
C097,OFFROLE,R02,Embedded DSP in C/C++,must_have,absent,,False,False,,,,
C097,OFFROLE,R03,Production Python,must_have,absent,,False,False,,,,
C097,OFFROLE,R04,RF measurement experience,must_have,absent,,False,False,,,,
C097,OFFROLE,R05,Relevant degree or demonstrated equivalent,must_have,absent,,False,False,,,,
C097,OFFROLE,R06,Kalman filtering / estimation theory,desirable,absent,,False,False,,,,
C097,OFFROLE,R07,Satellite or airborne platform experience,desirable,not_stated,,False,False,,,,
C097,OFFROLE,R08,Team-lead experience,desirable,absent,,False,False,,,,
C097,OFFROLE,R09,Publications or open-source record,desirable,absent,,False,False,,,,
C097,OFFROLE,R10,EU work authorisation,constraint,evidenced,work_history,False,False,,,,
C097,OFFROLE,R11,Working English,constraint,not_stated,,False,False,,,,
C097,OFFROLE,R12,Onsite in Oulu / relocation,constraint,evidenced,project_description,False,False,,,,
C098,F,R01,Phased-array / beamforming signal processing,must_have,evidenced,project_description,False,True,acoustic beamforming for hearing-aid microphone arrays,,,
C098,F,R02,Embedded DSP in C/C++,must_have,evidenced,work_history,False,False,,,,
C098,F,R03,Production Python,must_have,evidenced,project_description,False,False,,,,
C098,F,R04,RF measurement experience,must_have,evidenced,work_history,False,False,,,,
C098,F,R05,Relevant degree or demonstrated equivalent,must_have,evidenced,cover_letter,True,False,,,,
C098,F,R06,Kalman filtering / estimation theory,desirable,not_stated,,False,False,,,,
C098,F,R07,Satellite or airborne platform experience,desirable,evidenced,work_history,False,False,,,,
C098,F,R08,Team-lead experience,desirable,not_stated,,False,False,,,,
C098,F,R09,Publications or open-source record,desirable,claimed_only,cover_letter,False,False,,,,
C098,F,R10,EU work authorisation,constraint,evidenced,work_history,False,False,,,,
C098,F,R11,Working English,constraint,evidenced,project_description,False,False,,,,
C098,F,R12,Onsite in Oulu / relocation,constraint,evidenced,work_history,False,False,,,,
C099,B,R01,Phased-array / beamforming signal processing,must_have,absent,,False,False,,,,
C099,B,R02,Embedded DSP in C/C++,must_have,evidenced,work_history,False,False,,,,
C099,B,R03,Production Python,must_have,absent,,False,False,,,,
C099,B,R04,RF measurement experience,must_have,absent,,False,False,,,,
C099,B,R05,Relevant degree or demonstrated equivalent,must_have,evidenced,project_description,False,False,,,,
C099,B,R06,Kalman filtering / estimation theory,desirable,claimed_only,cover_letter,False,False,,,,
C099,B,R07,Satellite or airborne platform experience,desirable,absent,,False,False,,,,
C099,B,R08,Team-lead experience,desirable,absent,,False,False,,,,
C099,B,R09,Publications or open-source record,desirable,not_stated,,False,False,,,,
C099,B,R10,EU work authorisation,constraint,evidenced,project_description,False,False,,,,
C099,B,R11,Working English,constraint,not_stated,,False,False,,,,
C099,B,R12,Onsite in Oulu / relocation,constraint,evidenced,project_description,False,False,,,,
C100,C,R01,Phased-array / beamforming signal processing,must_have,evidenced,work_history,False,False,,,,
C100,C,R02,Embedded DSP in C/C++,must_have,evidenced,work_history,False,False,,,,
C100,C,R03,Production Python,must_have,evidenced,cover_letter,True,False,,,,
C100,C,R04,RF measurement experience,must_have,evidenced,project_description,False,False,,,,
C100,C,R05,Relevant degree or demonstrated equivalent,must_have,absent,,False,False,,,,
C100,C,R06,Kalman filtering / estimation theory,desirable,claimed_only,skills_list,False,False,,,,
C100,C,R07,Satellite or airborne platform experience,desirable,not_stated,,False,False,,,,
C100,C,R08,Team-lead experience,desirable,not_stated,,False,False,,,,
C100,C,R09,Publications or open-source record,desirable,evidenced,project_description,False,False,,,,
C100,C,R10,EU work authorisation,constraint,not_stated,,False,False,,,,
C100,C,R11,Working English,constraint,evidenced,project_description,False,False,,,,
C100,C,R12,Onsite in Oulu / relocation,constraint,not_stated,,False,False,,,,
C101,B,R01,Phased-array / beamforming signal processing,must_have,absent,,False,False,,,,
C101,B,R02,Embedded DSP in C/C++,must_have,absent,,False,False,,,,
C101,B,R03,Production Python,must_have,evidenced,project_description,False,False,,,,
C101,B,R04,RF measurement experience,must_have,absent,,False,False,,,,
C101,B,R05,Relevant degree or demonstrated equivalent,must_have,evidenced,skills_list,False,False,,,,
C101,B,R06,Kalman filtering / estimation theory,desirable,absent,,False,False,,,,
C101,B,R07,Satellite or airborne platform experience,desirable,not_stated,,False,False,,,,
C101,B,R08,Team-lead experience,desirable,not_stated,,False,False,,,,
C101,B,R09,Publications or open-source record,desirable,not_stated,,False,False,,,,
C101,B,R10,EU work authorisation,constraint,evidenced,project_description,False,False,,,,
C101,B,R11,Working English,constraint,evidenced,work_history,False,False,,,,
C101,B,R12,Onsite in Oulu / relocation,constraint,evidenced,project_description,False,False,,,,
C102,A,R01,Phased-array / beamforming signal processing,must_have,evidenced,work_history,False,False,,,,
C102,A,R02,Embedded DSP in C/C++,must_have,evidenced,work_history,False,False,,,,
C102,A,R03,Production Python,must_have,evidenced,project_description,False,False,,,,
C102,A,R04,RF measurement experience,must_have,evidenced,cover_letter,True,False,,,,
C102,A,R05,Relevant degree or demonstrated equivalent,must_have,evidenced,work_history,False,False,,,,
C102,A,R06,Kalman filtering / estimation theory,desirable,not_stated,,False,False,,,,
C102,A,R07,Satellite or airborne platform experience,desirable,not_stated,,False,False,,,,
C102,A,R08,Team-lead experience,desirable,not_stated,,False,False,,,,
C102,A,R09,Publications or open-source record,desirable,evidenced,skills_list,False,False,,,,
C102,A,R10,EU work authorisation,constraint,evidenced,skills_list,False,False,,,,
C102,A,R11,Working English,constraint,not_stated,,False,False,,,,
C102,A,R12,Onsite in Oulu / relocation,constraint,not_stated,,False,False,,,,
C103,C,R01,Phased-array / beamforming signal processing,must_have,evidenced,project_description,False,False,,,,
C103,C,R02,Embedded DSP in C/C++,must_have,evidenced,project_description,False,False,,,,
C103,C,R03,Production Python,must_have,evidenced,project_description,False,False,,,,
C103,C,R04,RF measurement experience,must_have,absent,,False,False,,,,
C103,C,R05,Relevant degree or demonstrated equivalent,must_have,evidenced,project_description,False,False,,,,
C103,C,R06,Kalman filtering / estimation theory,desirable,not_stated,,False,False,,,,
C103,C,R07,Satellite or airborne platform experience,desirable,evidenced,work_history,False,False,,,,
C103,C,R08,Team-lead experience,desirable,not_stated,,False,False,,,,
C103,C,R09,Publications or open-source record,desirable,not_stated,,False,False,,,,
C103,C,R10,EU work authorisation,constraint,not_stated,,False,False,,,,
C103,C,R11,Working English,constraint,evidenced,work_history,False,False,,,,
C103,C,R12,Onsite in Oulu / relocation,constraint,evidenced,project_description,False,False,,,,
C104,E,R01,Phased-array / beamforming signal processing,must_have,evidenced,skills_list,False,False,,,,
C104,E,R02,Embedded DSP in C/C++,must_have,evidenced,project_description,False,False,,,,
C104,E,R03,Production Python,must_have,evidenced,project_description,False,False,,,,
C104,E,R04,RF measurement experience,must_have,evidenced,project_description,False,False,,,,
C104,E,R05,Relevant degree or demonstrated equivalent,must_have,contradicted,work_history,False,False,,degree_date,,
C104,E,R06,Kalman filtering / estimation theory,desirable,not_stated,,False,False,,,,
C104,E,R07,Satellite or airborne platform experience,desirable,evidenced,work_history,False,False,,,,
C104,E,R08,Team-lead experience,desirable,not_stated,,False,False,,,,
C104,E,R09,Publications or open-source record,desirable,not_stated,,False,False,,,,
C104,E,R10,EU work authorisation,constraint,evidenced,work_history,False,False,,,,
C104,E,R11,Working English,constraint,evidenced,work_history,False,False,,,,
C104,E,R12,Onsite in Oulu / relocation,constraint,evidenced,work_history,False,False,,,,
C105,E,R01,Phased-array / beamforming signal processing,must_have,evidenced,skills_list,False,False,,,,
C105,E,R02,Embedded DSP in C/C++,must_have,evidenced,project_description,False,False,,,,
C105,E,R03,Production Python,must_have,evidenced,project_description,False,False,,,,
C105,E,R04,RF measurement experience,must_have,evidenced,work_history,False,False,,,,
C105,E,R05,Relevant degree or demonstrated equivalent,must_have,contradicted,work_history,False,False,,degree_date,,
C105,E,R06,Kalman filtering / estimation theory,desirable,evidenced,skills_list,False,False,,,,
C105,E,R07,Satellite or airborne platform experience,desirable,not_stated,,False,False,,,,
C105,E,R08,Team-lead experience,desirable,claimed_only,cover_letter,False,False,,,,
C105,E,R09,Publications or open-source record,desirable,not_stated,,False,False,,,,
C105,E,R10,EU work authorisation,constraint,evidenced,skills_list,False,False,,,,
C105,E,R11,Working English,constraint,evidenced,work_history,False,False,,,,
C105,E,R12,Onsite in Oulu / relocation,constraint,evidenced,project_description,False,False,,,,
C106,F,R01,Phased-array / beamforming signal processing,must_have,evidenced,cover_letter,True,True,beamforming for 5G massive-MIMO base stations,,,
C106,F,R02,Embedded DSP in C/C++,must_have,evidenced,skills_list,False,False,,,,
C106,F,R03,Production Python,must_have,evidenced,work_history,False,False,,,,
C106,F,R04,RF measurement experience,must_have,evidenced,work_history,False,False,,,,
C106,F,R05,Relevant degree or demonstrated equivalent,must_have,evidenced,project_description,False,False,,,,
C106,F,R06,Kalman filtering / estimation theory,desirable,not_stated,,False,False,,,,
C106,F,R07,Satellite or airborne platform experience,desirable,evidenced,project_description,False,False,,,,
C106,F,R08,Team-lead experience,desirable,not_stated,,False,False,,,,
C106,F,R09,Publications or open-source record,desirable,absent,,False,False,,,,
C106,F,R10,EU work authorisation,constraint,evidenced,project_description,False,False,,,,
C106,F,R11,Working English,constraint,evidenced,work_history,False,False,,,,
C106,F,R12,Onsite in Oulu / relocation,constraint,evidenced,work_history,False,False,,,,
C107,G,R01,Phased-array / beamforming signal processing,must_have,evidenced,skills_list,False,False,,,,
C107,G,R02,Embedded DSP in C/C++,must_have,evidenced,work_history,False,False,,,,
C107,G,R03,Production Python,must_have,evidenced,work_history,False,False,,,,
C107,G,R04,RF measurement experience,must_have,evidenced,project_description,False,False,,,,
C107,G,R05,Relevant degree or demonstrated equivalent,must_have,evidenced,skills_list,False,False,,,,
C107,G,R06,Kalman filtering / estimation theory,desirable,not_stated,,False,False,,,,
C107,G,R07,Satellite or airborne platform experience,desirable,not_stated,,False,False,,,,
C107,G,R08,Team-lead experience,desirable,evidenced,project_description,False,False,,,,
C107,G,R09,Publications or open-source record,desirable,claimed_only,skills_list,False,False,,,,
C107,G,R10,EU work authorisation,constraint,evidenced,project_description,False,False,,,,
C107,G,R11,Working English,constraint,not_stated,,False,False,,,,
C107,G,R12,Onsite in Oulu / relocation,constraint,evidenced,work_history,False,False,,,,
C108,B,R01,Phased-array / beamforming signal processing,must_have,absent,,False,False,,,,
C108,B,R02,Embedded DSP in C/C++,must_have,evidenced,cover_letter,True,False,,,,
C108,B,R03,Production Python,must_have,absent,,False,False,,,,
C108,B,R04,RF measurement experience,must_have,evidenced,work_history,False,False,,,,
C108,B,R05,Relevant degree or demonstrated equivalent,must_have,absent,,False,False,,,,
C108,B,R06,Kalman filtering / estimation theory,desirable,absent,,False,False,,,,
C108,B,R07,Satellite or airborne platform experience,desirable,not_stated,,False,False,,,,
C108,B,R08,Team-lead experience,desirable,absent,,False,False,,,,
C108,B,R09,Publications or open-source record,desirable,not_stated,,False,False,,,,
C108,B,R10,EU work authorisation,constraint,evidenced,work_history,False,False,,,,
C108,B,R11,Working English,constraint,evidenced,work_history,False,False,,,,
C108,B,R12,Onsite in Oulu / relocation,constraint,evidenced,skills_list,False,False,,,,
C109,B,R01,Phased-array / beamforming signal processing,must_have,absent,,False,False,,,,
C109,B,R02,Embedded DSP in C/C++,must_have,absent,,False,False,,,,
C109,B,R03,Production Python,must_have,absent,,False,False,,,,
C109,B,R04,RF measurement experience,must_have,absent,,False,False,,,,
C109,B,R05,Relevant degree or demonstrated equivalent,must_have,absent,,False,False,,,,
C109,B,R06,Kalman filtering / estimation theory,desirable,claimed_only,cover_letter,False,False,,,,
C109,B,R07,Satellite or airborne platform experience,desirable,not_stated,,False,False,,,,
C109,B,R08,Team-lead experience,desirable,claimed_only,cover_letter,False,False,,,,
C109,B,R09,Publications or open-source record,desirable,absent,,False,False,,,,
C109,B,R10,EU work authorisation,constraint,evidenced,work_history,False,False,,,,
C109,B,R11,Working English,constraint,evidenced,project_description,False,False,,,,
C109,B,R12,Onsite in Oulu / relocation,constraint,evidenced,cover_letter,True,False,,,,
C110,D,R01,Phased-array / beamforming signal processing,must_have,claimed_only,cover_letter,False,False,,,,
C110,D,R02,Embedded DSP in C/C++,must_have,claimed_only,cover_letter,False,False,,,,
C110,D,R03,Production Python,must_have,claimed_only,cover_letter,False,False,,,,
C110,D,R04,RF measurement experience,must_have,claimed_only,skills_list,False,False,,,,
C110,D,R05,Relevant degree or demonstrated equivalent,must_have,claimed_only,skills_list,False,False,,,,
C110,D,R06,Kalman filtering / estimation theory,desirable,claimed_only,skills_list,False,False,,,,
C110,D,R07,Satellite or airborne platform experience,desirable,not_stated,,False,False,,,,
C110,D,R08,Team-lead experience,desirable,claimed_only,cover_letter,False,False,,,,
C110,D,R09,Publications or open-source record,desirable,not_stated,,False,False,,,,
C110,D,R10,EU work authorisation,constraint,evidenced,work_history,False,False,,,,
C110,D,R11,Working English,constraint,evidenced,work_history,False,False,,,,
C110,D,R12,Onsite in Oulu / relocation,constraint,evidenced,project_description,False,False,,,,
C111,C,R01,Phased-array / beamforming signal processing,must_have,evidenced,project_description,False,False,,,,
C111,C,R02,Embedded DSP in C/C++,must_have,evidenced,skills_list,False,False,,,,
C111,C,R03,Production Python,must_have,evidenced,work_history,False,False,,,,
C111,C,R04,RF measurement experience,must_have,absent,,False,False,,,,
C111,C,R05,Relevant degree or demonstrated equivalent,must_have,evidenced,work_history,False,False,,,,
C111,C,R06,Kalman filtering / estimation theory,desirable,not_stated,,False,False,,,,
C111,C,R07,Satellite or airborne platform experience,desirable,claimed_only,cover_letter,False,False,,,,
C111,C,R08,Team-lead experience,desirable,not_stated,,False,False,,,,
C111,C,R09,Publications or open-source record,desirable,not_stated,,False,False,,,,
C111,C,R10,EU work authorisation,constraint,evidenced,project_description,False,False,,,,
C111,C,R11,Working English,constraint,evidenced,work_history,False,False,,,,
C111,C,R12,Onsite in Oulu / relocation,constraint,evidenced,work_history,False,False,,,,
C112,B,R01,Phased-array / beamforming signal processing,must_have,evidenced,skills_list,False,False,,,,
C112,B,R02,Embedded DSP in C/C++,must_have,evidenced,cover_letter,True,False,,,,
C112,B,R03,Production Python,must_have,absent,,False,False,,,,
C112,B,R04,RF measurement experience,must_have,absent,,False,False,,,,
C112,B,R05,Relevant degree or demonstrated equivalent,must_have,absent,,False,False,,,,
C112,B,R06,Kalman filtering / estimation theory,desirable,not_stated,,False,False,,,,
C112,B,R07,Satellite or airborne platform experience,desirable,absent,,False,False,,,,
C112,B,R08,Team-lead experience,desirable,absent,,False,False,,,,
C112,B,R09,Publications or open-source record,desirable,absent,,False,False,,,,
C112,B,R10,EU work authorisation,constraint,evidenced,project_description,False,False,,,,
C112,B,R11,Working English,constraint,evidenced,work_history,False,False,,,,
C112,B,R12,Onsite in Oulu / relocation,constraint,evidenced,work_history,False,False,,,,
C113,A,R01,Phased-array / beamforming signal processing,must_have,evidenced,work_history,False,False,,,,
C113,A,R02,Embedded DSP in C/C++,must_have,evidenced,work_history,False,False,,,,
C113,A,R03,Production Python,must_have,evidenced,skills_list,False,False,,,,
C113,A,R04,RF measurement experience,must_have,evidenced,work_history,False,False,,,,
C113,A,R05,Relevant degree or demonstrated equivalent,must_have,evidenced,project_description,False,False,,,,
C113,A,R06,Kalman filtering / estimation theory,desirable,absent,,False,False,,,,
C113,A,R07,Satellite or airborne platform experience,desirable,absent,,False,False,,,,
C113,A,R08,Team-lead experience,desirable,not_stated,,False,False,,,,
C113,A,R09,Publications or open-source record,desirable,absent,,False,False,,,,
C113,A,R10,EU work authorisation,constraint,not_stated,,False,False,,,,
C113,A,R11,Working English,constraint,evidenced,work_history,False,False,,,,
C113,A,R12,Onsite in Oulu / relocation,constraint,evidenced,work_history,False,False,,,,
C114,B,R01,Phased-array / beamforming signal processing,must_have,evidenced,cover_letter,True,False,,,,
C114,B,R02,Embedded DSP in C/C++,must_have,absent,,False,False,,,,
C114,B,R03,Production Python,must_have,absent,,False,False,,,,
C114,B,R04,RF measurement experience,must_have,absent,,False,False,,,,
C114,B,R05,Relevant degree or demonstrated equivalent,must_have,absent,,False,False,,,,
C114,B,R06,Kalman filtering / estimation theory,desirable,absent,,False,False,,,,
C114,B,R07,Satellite or airborne platform experience,desirable,absent,,False,False,,,,
C114,B,R08,Team-lead experience,desirable,not_stated,,False,False,,,,
C114,B,R09,Publications or open-source record,desirable,not_stated,,False,False,,,,
C114,B,R10,EU work authorisation,constraint,evidenced,project_description,False,False,,,,
C114,B,R11,Working English,constraint,evidenced,work_history,False,False,,,,
C114,B,R12,Onsite in Oulu / relocation,constraint,evidenced,work_history,False,False,,,,
C115,A,R01,Phased-array / beamforming signal processing,must_have,evidenced,project_description,False,False,,,,
C115,A,R02,Embedded DSP in C/C++,must_have,evidenced,project_description,False,False,,,,
C115,A,R03,Production Python,must_have,evidenced,work_history,False,False,,,,
C115,A,R04,RF measurement experience,must_have,evidenced,work_history,False,False,,,,
C115,A,R05,Relevant degree or demonstrated equivalent,must_have,evidenced,cover_letter,True,False,,,,
C115,A,R06,Kalman filtering / estimation theory,desirable,not_stated,,False,False,,,,
C115,A,R07,Satellite or airborne platform experience,desirable,not_stated,,False,False,,,,
C115,A,R08,Team-lead experience,desirable,evidenced,work_history,False,False,,,,
C115,A,R09,Publications or open-source record,desirable,evidenced,project_description,False,False,,,,
C115,A,R10,EU work authorisation,constraint,not_stated,,False,False,,,,
C115,A,R11,Working English,constraint,evidenced,work_history,False,False,,,,
C115,A,R12,Onsite in Oulu / relocation,constraint,evidenced,project_description,False,False,,,,
C116,D,R01,Phased-array / beamforming signal processing,must_have,claimed_only,skills_list,False,False,,,,
C116,D,R02,Embedded DSP in C/C++,must_have,claimed_only,cover_letter,False,False,,,,
C116,D,R03,Production Python,must_have,claimed_only,cover_letter,False,False,,,,
C116,D,R04,RF measurement experience,must_have,claimed_only,cover_letter,False,False,,,,
C116,D,R05,Relevant degree or demonstrated equivalent,must_have,claimed_only,cover_letter,False,False,,,,
C116,D,R06,Kalman filtering / estimation theory,desirable,claimed_only,cover_letter,False,False,,,,
C116,D,R07,Satellite or airborne platform experience,desirable,not_stated,,False,False,,,,
C116,D,R08,Team-lead experience,desirable,not_stated,,False,False,,,,
C116,D,R09,Publications or open-source record,desirable,claimed_only,skills_list,False,False,,,,
C116,D,R10,EU work authorisation,constraint,evidenced,project_description,False,False,,,,
C116,D,R11,Working English,constraint,evidenced,work_history,False,False,,,,
C116,D,R12,Onsite in Oulu / relocation,constraint,not_stated,,False,False,,,,
C117,B,R01,Phased-array / beamforming signal processing,must_have,evidenced,cover_letter,True,False,,,,
C117,B,R02,Embedded DSP in C/C++,must_have,absent,,False,False,,,,
C117,B,R03,Production Python,must_have,absent,,False,False,,,,
C117,B,R04,RF measurement experience,must_have,absent,,False,False,,,,
C117,B,R05,Relevant degree or demonstrated equivalent,must_have,evidenced,work_history,False,False,,,,
C117,B,R06,Kalman filtering / estimation theory,desirable,not_stated,,False,False,,,,
C117,B,R07,Satellite or airborne platform experience,desirable,claimed_only,cover_letter,False,False,,,,
C117,B,R08,Team-lead experience,desirable,not_stated,,False,False,,,,
C117,B,R09,Publications or open-source record,desirable,absent,,False,False,,,,
C117,B,R10,EU work authorisation,constraint,evidenced,work_history,False,False,,,,
C117,B,R11,Working English,constraint,evidenced,work_history,False,False,,,,
C117,B,R12,Onsite in Oulu / relocation,constraint,not_stated,,False,False,,,,
C118,B,R01,Phased-array / beamforming signal processing,must_have,absent,,False,False,,,,
C118,B,R02,Embedded DSP in C/C++,must_have,absent,,False,False,,,,
C118,B,R03,Production Python,must_have,evidenced,project_description,False,False,,,,
C118,B,R04,RF measurement experience,must_have,absent,,False,False,,,,
C118,B,R05,Relevant degree or demonstrated equivalent,must_have,evidenced,work_history,False,False,,,,
C118,B,R06,Kalman filtering / estimation theory,desirable,not_stated,,False,False,,,,
C118,B,R07,Satellite or airborne platform experience,desirable,claimed_only,skills_list,False,False,,,,
C118,B,R08,Team-lead experience,desirable,claimed_only,skills_list,False,False,,,,
C118,B,R09,Publications or open-source record,desirable,absent,,False,False,,,,
C118,B,R10,EU work authorisation,constraint,evidenced,skills_list,False,False,,,,
C118,B,R11,Working English,constraint,evidenced,work_history,False,False,,,,
C118,B,R12,Onsite in Oulu / relocation,constraint,evidenced,cover_letter,True,False,,,,
C119,B,R01,Phased-array / beamforming signal processing,must_have,absent,,False,False,,,,
C119,B,R02,Embedded DSP in C/C++,must_have,absent,,False,False,,,,
C119,B,R03,Production Python,must_have,absent,,False,False,,,,
C119,B,R04,RF measurement experience,must_have,absent,,False,False,,,,
C119,B,R05,Relevant degree or demonstrated equivalent,must_have,absent,,False,False,,,,
C119,B,R06,Kalman filtering / estimation theory,desirable,absent,,False,False,,,,
C119,B,R07,Satellite or airborne platform experience,desirable,absent,,False,False,,,,
C119,B,R08,Team-lead experience,desirable,absent,,False,False,,,,
C119,B,R09,Publications or open-source record,desirable,not_stated,,False,False,,,,
C119,B,R10,EU work authorisation,constraint,evidenced,work_history,False,False,,,,
C119,B,R11,Working English,constraint,evidenced,project_description,False,False,,,,
C119,B,R12,Onsite in Oulu / relocation,constraint,evidenced,work_history,False,False,,,,
C120,B,R01,Phased-array / beamforming signal processing,must_have,absent,,False,False,,,,
C120,B,R02,Embedded DSP in C/C++,must_have,absent,,False,False,,,,
C120,B,R03,Production Python,must_have,absent,,False,False,,,,
C120,B,R04,RF measurement experience,must_have,absent,,False,False,,,,
C120,B,R05,Relevant degree or demonstrated equivalent,must_have,evidenced,work_history,False,False,,,,
C120,B,R06,Kalman filtering / estimation theory,desirable,absent,,False,False,,,,
C120,B,R07,Satellite or airborne platform experience,desirable,not_stated,,False,False,,,,
C120,B,R08,Team-lead experience,desirable,absent,,False,False,,,,
C120,B,R09,Publications or open-source record,desirable,claimed_only,skills_list,False,False,,,,
C120,B,R10,EU work authorisation,constraint,evidenced,project_description,False,False,,,,
C120,B,R11,Working English,constraint,evidenced,project_description,False,False,,,,
C120,B,R12,Onsite in Oulu / relocation,constraint,evidenced,skills_list,False,False,,,,
C121,G,R01,Phased-array / beamforming signal processing,must_have,evidenced,project_description,False,False,,,,
C121,G,R02,Embedded DSP in C/C++,must_have,evidenced,work_history,False,False,,,,
C121,G,R03,Production Python,must_have,evidenced,work_history,False,False,,,,
C121,G,R04,RF measurement experience,must_have,evidenced,work_history,False,False,,,,
C121,G,R05,Relevant degree or demonstrated equivalent,must_have,evidenced,skills_list,False,False,,,,
C121,G,R06,Kalman filtering / estimation theory,desirable,claimed_only,cover_letter,False,False,,,,
C121,G,R07,Satellite or airborne platform experience,desirable,evidenced,project_description,False,False,,,,
C121,G,R08,Team-lead experience,desirable,not_stated,,False,False,,,,
C121,G,R09,Publications or open-source record,desirable,evidenced,skills_list,False,False,,,,
C121,G,R10,EU work authorisation,constraint,evidenced,project_description,False,False,,,,
C121,G,R11,Working English,constraint,evidenced,skills_list,False,False,,,,
C121,G,R12,Onsite in Oulu / relocation,constraint,evidenced,project_description,False,False,,,,
C122,G,R01,Phased-array / beamforming signal processing,must_have,evidenced,cover_letter,True,False,,,,
C122,G,R02,Embedded DSP in C/C++,must_have,evidenced,cover_letter,True,False,,,,
C122,G,R03,Production Python,must_have,evidenced,work_history,False,False,,,,
C122,G,R04,RF measurement experience,must_have,evidenced,project_description,False,False,,,,
C122,G,R05,Relevant degree or demonstrated equivalent,must_have,evidenced,cover_letter,True,False,,,,
C122,G,R06,Kalman filtering / estimation theory,desirable,evidenced,work_history,False,False,,,,
C122,G,R07,Satellite or airborne platform experience,desirable,not_stated,,False,False,,,,
C122,G,R08,Team-lead experience,desirable,claimed_only,skills_list,False,False,,,,
C122,G,R09,Publications or open-source record,desirable,not_stated,,False,False,,,,
C122,G,R10,EU work authorisation,constraint,evidenced,work_history,False,False,,,,
C122,G,R11,Working English,constraint,evidenced,cover_letter,True,False,,,,
C122,G,R12,Onsite in Oulu / relocation,constraint,evidenced,work_history,False,False,,,,
C123,A,R01,Phased-array / beamforming signal processing,must_have,evidenced,work_history,False,False,,,,
C123,A,R02,Embedded DSP in C/C++,must_have,evidenced,work_history,False,False,,,,
C123,A,R03,Production Python,must_have,evidenced,work_history,False,False,,,,
C123,A,R04,RF measurement experience,must_have,evidenced,work_history,False,False,,,,
C123,A,R05,Relevant degree or demonstrated equivalent,must_have,evidenced,cover_letter,True,False,,,,
C123,A,R06,Kalman filtering / estimation theory,desirable,evidenced,work_history,False,False,,,,
C123,A,R07,Satellite or airborne platform experience,desirable,evidenced,work_history,False,False,,,,
C123,A,R08,Team-lead experience,desirable,evidenced,project_description,False,False,,,,
C123,A,R09,Publications or open-source record,desirable,evidenced,work_history,False,False,,,,
C123,A,R10,EU work authorisation,constraint,evidenced,work_history,False,False,,,,
C123,A,R11,Working English,constraint,evidenced,work_history,False,False,,,,
C123,A,R12,Onsite in Oulu / relocation,constraint,evidenced,project_description,False,False,,,,
C124,B,R01,Phased-array / beamforming signal processing,must_have,absent,,False,False,,,,
C124,B,R02,Embedded DSP in C/C++,must_have,absent,,False,False,,,,
C124,B,R03,Production Python,must_have,absent,,False,False,,,,
C124,B,R04,RF measurement experience,must_have,evidenced,work_history,False,False,,,,
C124,B,R05,Relevant degree or demonstrated equivalent,must_have,absent,,False,False,,,,
C124,B,R06,Kalman filtering / estimation theory,desirable,not_stated,,False,False,,,,
C124,B,R07,Satellite or airborne platform experience,desirable,absent,,False,False,,,,
C124,B,R08,Team-lead experience,desirable,absent,,False,False,,,,
C124,B,R09,Publications or open-source record,desirable,not_stated,,False,False,,,,
C124,B,R10,EU work authorisation,constraint,evidenced,work_history,False,False,,,,
C124,B,R11,Working English,constraint,not_stated,,False,False,,,,
C124,B,R12,Onsite in Oulu / relocation,constraint,evidenced,work_history,False,False,,,,
C125,B,R01,Phased-array / beamforming signal processing,must_have,absent,,False,False,,,,
C125,B,R02,Embedded DSP in C/C++,must_have,absent,,False,False,,,,
C125,B,R03,Production Python,must_have,absent,,False,False,,,,
C125,B,R04,RF measurement experience,must_have,evidenced,work_history,False,False,,,,
C125,B,R05,Relevant degree or demonstrated equivalent,must_have,absent,,False,False,,,,
C125,B,R06,Kalman filtering / estimation theory,desirable,absent,,False,False,,,,
C125,B,R07,Satellite or airborne platform experience,desirable,absent,,False,False,,,,
C125,B,R08,Team-lead experience,desirable,not_stated,,False,False,,,,
C125,B,R09,Publications or open-source record,desirable,not_stated,,False,False,,,,
C125,B,R10,EU work authorisation,constraint,evidenced,cover_letter,True,False,,,,
C125,B,R11,Working English,constraint,not_stated,,False,False,,,,
C125,B,R12,Onsite in Oulu / relocation,constraint,not_stated,,False,False,,,,
C126,A,R01,Phased-array / beamforming signal processing,must_have,evidenced,skills_list,False,False,,,,
C126,A,R02,Embedded DSP in C/C++,must_have,evidenced,skills_list,False,False,,,,
C126,A,R03,Production Python,must_have,evidenced,work_history,False,False,,,,
C126,A,R04,RF measurement experience,must_have,evidenced,project_description,False,False,,,,
C126,A,R05,Relevant degree or demonstrated equivalent,must_have,evidenced,project_description,False,False,,,,
C126,A,R06,Kalman filtering / estimation theory,desirable,absent,,False,False,,,,
C126,A,R07,Satellite or airborne platform experience,desirable,evidenced,project_description,False,False,,,,
C126,A,R08,Team-lead experience,desirable,not_stated,,False,False,,,,
C126,A,R09,Publications or open-source record,desirable,not_stated,,False,False,,,,
C126,A,R10,EU work authorisation,constraint,not_stated,,False,False,,,,
C126,A,R11,Working English,constraint,evidenced,project_description,False,False,,,,
C126,A,R12,Onsite in Oulu / relocation,constraint,not_stated,,False,False,,,,
C127,OFFROLE,R01,Phased-array / beamforming signal processing,must_have,absent,,False,False,,,,
C127,OFFROLE,R02,Embedded DSP in C/C++,must_have,absent,,False,False,,,,
C127,OFFROLE,R03,Production Python,must_have,absent,,False,False,,,,
C127,OFFROLE,R04,RF measurement experience,must_have,absent,,False,False,,,,
C127,OFFROLE,R05,Relevant degree or demonstrated equivalent,must_have,absent,,False,False,,,,
C127,OFFROLE,R06,Kalman filtering / estimation theory,desirable,absent,,False,False,,,,
C127,OFFROLE,R07,Satellite or airborne platform experience,desirable,not_stated,,False,False,,,,
C127,OFFROLE,R08,Team-lead experience,desirable,not_stated,,False,False,,,,
C127,OFFROLE,R09,Publications or open-source record,desirable,not_stated,,False,False,,,,
C127,OFFROLE,R10,EU work authorisation,constraint,not_stated,,False,False,,,,
C127,OFFROLE,R11,Working English,constraint,not_stated,,False,False,,,,
C127,OFFROLE,R12,Onsite in Oulu / relocation,constraint,absent,,False,False,,,,
C128,E,R01,Phased-array / beamforming signal processing,must_have,evidenced,work_history,False,False,,,,
C128,E,R02,Embedded DSP in C/C++,must_have,evidenced,skills_list,False,False,,,,
C128,E,R03,Production Python,must_have,evidenced,skills_list,False,False,,,,
C128,E,R04,RF measurement experience,must_have,evidenced,project_description,False,False,,,,
C128,E,R05,Relevant degree or demonstrated equivalent,must_have,contradicted,work_history,False,False,,degree_date,,
C128,E,R06,Kalman filtering / estimation theory,desirable,not_stated,,False,False,,,,
C128,E,R07,Satellite or airborne platform experience,desirable,not_stated,,False,False,,,,
C128,E,R08,Team-lead experience,desirable,absent,,False,False,,,,
C128,E,R09,Publications or open-source record,desirable,not_stated,,False,False,,,,
C128,E,R10,EU work authorisation,constraint,evidenced,work_history,False,False,,,,
C128,E,R11,Working English,constraint,evidenced,skills_list,False,False,,,,
C128,E,R12,Onsite in Oulu / relocation,constraint,evidenced,skills_list,False,False,,,,
C129,B,R01,Phased-array / beamforming signal processing,must_have,absent,,False,False,,,,
C129,B,R02,Embedded DSP in C/C++,must_have,evidenced,cover_letter,True,False,,,,
C129,B,R03,Production Python,must_have,absent,,False,False,,,,
C129,B,R04,RF measurement experience,must_have,absent,,False,False,,,,
C129,B,R05,Relevant degree or demonstrated equivalent,must_have,absent,,False,False,,,,
C129,B,R06,Kalman filtering / estimation theory,desirable,not_stated,,False,False,,,,
C129,B,R07,Satellite or airborne platform experience,desirable,absent,,False,False,,,,
C129,B,R08,Team-lead experience,desirable,not_stated,,False,False,,,,
C129,B,R09,Publications or open-source record,desirable,absent,,False,False,,,,
C129,B,R10,EU work authorisation,constraint,evidenced,project_description,False,False,,,,
C129,B,R11,Working English,constraint,not_stated,,False,False,,,,
C129,B,R12,Onsite in Oulu / relocation,constraint,evidenced,work_history,False,False,,,,
C130,C,R01,Phased-array / beamforming signal processing,must_have,evidenced,skills_list,False,False,,,,
C130,C,R02,Embedded DSP in C/C++,must_have,evidenced,project_description,False,False,,,,
C130,C,R03,Production Python,must_have,evidenced,project_description,False,False,,,,
C130,C,R04,RF measurement experience,must_have,evidenced,work_history,False,False,,,,
C130,C,R05,Relevant degree or demonstrated equivalent,must_have,absent,,False,False,,,,
C130,C,R06,Kalman filtering / estimation theory,desirable,evidenced,skills_list,False,False,,,,
C130,C,R07,Satellite or airborne platform experience,desirable,absent,,False,False,,,,
C130,C,R08,Team-lead experience,desirable,evidenced,cover_letter,True,False,,,,
C130,C,R09,Publications or open-source record,desirable,not_stated,,False,False,,,,
C130,C,R10,EU work authorisation,constraint,not_stated,,False,False,,,,
C130,C,R11,Working English,constraint,evidenced,skills_list,False,False,,,,
C130,C,R12,Onsite in Oulu / relocation,constraint,evidenced,cover_letter,True,False,,,,
C131,B,R01,Phased-array / beamforming signal processing,must_have,absent,,False,False,,,,
C131,B,R02,Embedded DSP in C/C++,must_have,absent,,False,False,,,,
C131,B,R03,Production Python,must_have,absent,,False,False,,,,
C131,B,R04,RF measurement experience,must_have,absent,,False,False,,,,
C131,B,R05,Relevant degree or demonstrated equivalent,must_have,absent,,False,False,,,,
C131,B,R06,Kalman filtering / estimation theory,desirable,not_stated,,False,False,,,,
C131,B,R07,Satellite or airborne platform experience,desirable,not_stated,,False,False,,,,
C131,B,R08,Team-lead experience,desirable,not_stated,,False,False,,,,
C131,B,R09,Publications or open-source record,desirable,not_stated,,False,False,,,,
C131,B,R10,EU work authorisation,constraint,evidenced,work_history,False,False,,,,
C131,B,R11,Working English,constraint,evidenced,cover_letter,True,False,,,,
C131,B,R12,Onsite in Oulu / relocation,constraint,evidenced,work_history,False,False,,,,
C132,C,R01,Phased-array / beamforming signal processing,must_have,evidenced,skills_list,False,False,,,,
C132,C,R02,Embedded DSP in C/C++,must_have,evidenced,work_history,False,False,,,,
C132,C,R03,Production Python,must_have,absent,,False,False,,,,
C132,C,R04,RF measurement experience,must_have,evidenced,work_history,False,False,,,,
C132,C,R05,Relevant degree or demonstrated equivalent,must_have,evidenced,project_description,False,False,,,,
C132,C,R06,Kalman filtering / estimation theory,desirable,evidenced,cover_letter,True,False,,,,
C132,C,R07,Satellite or airborne platform experience,desirable,not_stated,,False,False,,,,
C132,C,R08,Team-lead experience,desirable,claimed_only,cover_letter,False,False,,,,
C132,C,R09,Publications or open-source record,desirable,evidenced,work_history,False,False,,,,
C132,C,R10,EU work authorisation,constraint,evidenced,cover_letter,True,False,,,,
C132,C,R11,Working English,constraint,evidenced,work_history,False,False,,,,
C132,C,R12,Onsite in Oulu / relocation,constraint,evidenced,work_history,False,False,,,,
C133,F,R01,Phased-array / beamforming signal processing,must_have,evidenced,project_description,False,True,acoustic beamforming for hearing-aid microphone arrays,,,
C133,F,R02,Embedded DSP in C/C++,must_have,evidenced,work_history,False,False,,,,
C133,F,R03,Production Python,must_have,evidenced,work_history,False,False,,,,
C133,F,R04,RF measurement experience,must_have,evidenced,work_history,False,False,,,,
C133,F,R05,Relevant degree or demonstrated equivalent,must_have,evidenced,project_description,False,False,,,,
C133,F,R06,Kalman filtering / estimation theory,desirable,not_stated,,False,False,,,,
C133,F,R07,Satellite or airborne platform experience,desirable,not_stated,,False,False,,,,
C133,F,R08,Team-lead experience,desirable,not_stated,,False,False,,,,
C133,F,R09,Publications or open-source record,desirable,evidenced,project_description,False,False,,,,
C133,F,R10,EU work authorisation,constraint,evidenced,project_description,False,False,,,,
C133,F,R11,Working English,constraint,evidenced,project_description,False,False,,,,
C133,F,R12,Onsite in Oulu / relocation,constraint,evidenced,work_history,False,False,,,,
C134,B,R01,Phased-array / beamforming signal processing,must_have,absent,,False,False,,,,
C134,B,R02,Embedded DSP in C/C++,must_have,absent,,False,False,,,,
C134,B,R03,Production Python,must_have,absent,,False,False,,,,
C134,B,R04,RF measurement experience,must_have,absent,,False,False,,,,
C134,B,R05,Relevant degree or demonstrated equivalent,must_have,absent,,False,False,,,,
C134,B,R06,Kalman filtering / estimation theory,desirable,absent,,False,False,,,,
C134,B,R07,Satellite or airborne platform experience,desirable,absent,,False,False,,,,
C134,B,R08,Team-lead experience,desirable,not_stated,,False,False,,,,
C134,B,R09,Publications or open-source record,desirable,evidenced,project_description,False,False,,,,
C134,B,R10,EU work authorisation,constraint,evidenced,project_description,False,False,,,,
C134,B,R11,Working English,constraint,evidenced,work_history,False,False,,,,
C134,B,R12,Onsite in Oulu / relocation,constraint,evidenced,work_history,False,False,,,,
C135,B,R01,Phased-array / beamforming signal processing,must_have,absent,,False,False,,,,
C135,B,R02,Embedded DSP in C/C++,must_have,absent,,False,False,,,,
C135,B,R03,Production Python,must_have,absent,,False,False,,,,
C135,B,R04,RF measurement experience,must_have,absent,,False,False,,,,
C135,B,R05,Relevant degree or demonstrated equivalent,must_have,evidenced,work_history,False,False,,,,
C135,B,R06,Kalman filtering / estimation theory,desirable,not_stated,,False,False,,,,
C135,B,R07,Satellite or airborne platform experience,desirable,absent,,False,False,,,,
C135,B,R08,Team-lead experience,desirable,not_stated,,False,False,,,,
C135,B,R09,Publications or open-source record,desirable,not_stated,,False,False,,,,
C135,B,R10,EU work authorisation,constraint,evidenced,work_history,False,False,,,,
C135,B,R11,Working English,constraint,evidenced,project_description,False,False,,,,
C135,B,R12,Onsite in Oulu / relocation,constraint,evidenced,cover_letter,True,False,,,,
C136,G,R01,Phased-array / beamforming signal processing,must_have,evidenced,work_history,False,False,,,,
C136,G,R02,Embedded DSP in C/C++,must_have,evidenced,work_history,False,False,,,,
C136,G,R03,Production Python,must_have,evidenced,cover_letter,True,False,,,,
C136,G,R04,RF measurement experience,must_have,evidenced,skills_list,False,False,,,,
C136,G,R05,Relevant degree or demonstrated equivalent,must_have,evidenced,cover_letter,True,False,,,,
C136,G,R06,Kalman filtering / estimation theory,desirable,evidenced,skills_list,False,False,,,,
C136,G,R07,Satellite or airborne platform experience,desirable,not_stated,,False,False,,,,
C136,G,R08,Team-lead experience,desirable,evidenced,cover_letter,True,False,,,,
C136,G,R09,Publications or open-source record,desirable,not_stated,,False,False,,,,
C136,G,R10,EU work authorisation,constraint,evidenced,skills_list,False,False,,,,
C136,G,R11,Working English,constraint,evidenced,cover_letter,True,False,,,,
C136,G,R12,Onsite in Oulu / relocation,constraint,evidenced,work_history,False,False,,,,
C137,OFFROLE,R01,Phased-array / beamforming signal processing,must_have,absent,,False,False,,,,
C137,OFFROLE,R02,Embedded DSP in C/C++,must_have,absent,,False,False,,,,
C137,OFFROLE,R03,Production Python,must_have,absent,,False,False,,,,
C137,OFFROLE,R04,RF measurement experience,must_have,absent,,False,False,,,,
C137,OFFROLE,R05,Relevant degree or demonstrated equivalent,must_have,absent,,False,False,,,,
C137,OFFROLE,R06,Kalman filtering / estimation theory,desirable,absent,,False,False,,,,
C137,OFFROLE,R07,Satellite or airborne platform experience,desirable,absent,,False,False,,,,
C137,OFFROLE,R08,Team-lead experience,desirable,not_stated,,False,False,,,,
C137,OFFROLE,R09,Publications or open-source record,desirable,absent,,False,False,,,,
C137,OFFROLE,R10,EU work authorisation,constraint,not_stated,,False,False,,,,
C137,OFFROLE,R11,Working English,constraint,not_stated,,False,False,,,,
C137,OFFROLE,R12,Onsite in Oulu / relocation,constraint,evidenced,work_history,False,False,,,,
C138,A,R01,Phased-array / beamforming signal processing,must_have,evidenced,work_history,False,False,,,,
C138,A,R02,Embedded DSP in C/C++,must_have,evidenced,project_description,False,False,,,,
C138,A,R03,Production Python,must_have,evidenced,project_description,False,False,,,,
C138,A,R04,RF measurement experience,must_have,evidenced,work_history,False,False,,,,
C138,A,R05,Relevant degree or demonstrated equivalent,must_have,evidenced,project_description,False,False,,,,
C138,A,R06,Kalman filtering / estimation theory,desirable,not_stated,,False,False,,,,
C138,A,R07,Satellite or airborne platform experience,desirable,claimed_only,cover_letter,False,False,,,,
C138,A,R08,Team-lead experience,desirable,evidenced,project_description,False,False,,,,
C138,A,R09,Publications or open-source record,desirable,not_stated,,False,False,,,,
C138,A,R10,EU work authorisation,constraint,not_stated,,False,False,,,,
C138,A,R11,Working English,constraint,evidenced,project_description,False,False,,,,
C138,A,R12,Onsite in Oulu / relocation,constraint,not_stated,,False,False,,,,
C139,G,R01,Phased-array / beamforming signal processing,must_have,evidenced,work_history,False,False,,,,
C139,G,R02,Embedded DSP in C/C++,must_have,evidenced,project_description,False,False,,,,
C139,G,R03,Production Python,must_have,evidenced,work_history,False,False,,,,
C139,G,R04,RF measurement experience,must_have,evidenced,skills_list,False,False,,,,
C139,G,R05,Relevant degree or demonstrated equivalent,must_have,evidenced,cover_letter,True,False,,,,
C139,G,R06,Kalman filtering / estimation theory,desirable,evidenced,project_description,False,False,,,,
C139,G,R07,Satellite or airborne platform experience,desirable,not_stated,,False,False,,,,
C139,G,R08,Team-lead experience,desirable,claimed_only,skills_list,False,False,,,,
C139,G,R09,Publications or open-source record,desirable,evidenced,cover_letter,True,False,,,,
C139,G,R10,EU work authorisation,constraint,evidenced,project_description,False,False,,,,
C139,G,R11,Working English,constraint,evidenced,cover_letter,True,False,,,,
C139,G,R12,Onsite in Oulu / relocation,constraint,evidenced,work_history,False,False,,,,
C140,B,R01,Phased-array / beamforming signal processing,must_have,absent,,False,False,,,,
C140,B,R02,Embedded DSP in C/C++,must_have,absent,,False,False,,,,
C140,B,R03,Production Python,must_have,absent,,False,False,,,,
C140,B,R04,RF measurement experience,must_have,absent,,False,False,,,,
C140,B,R05,Relevant degree or demonstrated equivalent,must_have,absent,,False,False,,,,
C140,B,R06,Kalman filtering / estimation theory,desirable,absent,,False,False,,,,
C140,B,R07,Satellite or airborne platform experience,desirable,not_stated,,False,False,,,,
C140,B,R08,Team-lead experience,desirable,absent,,False,False,,,,
C140,B,R09,Publications or open-source record,desirable,absent,,False,False,,,,
C140,B,R10,EU work authorisation,constraint,not_stated,,False,False,,,,
C140,B,R11,Working English,constraint,evidenced,work_history,False,False,,,,
C140,B,R12,Onsite in Oulu / relocation,constraint,evidenced,project_description,False,False,,,,
C141,H,R01,Phased-array / beamforming signal processing,must_have,evidenced,skills_list,False,False,,,,
C141,H,R02,Embedded DSP in C/C++,must_have,evidenced,project_description,False,False,,,,
C141,H,R03,Production Python,must_have,evidenced,project_description,False,False,,,,
C141,H,R04,RF measurement experience,must_have,evidenced,project_description,False,False,,,academic_rf,"Real RF measurement work, but gained in an academic CubeSat project rather than an industrial test bench -- defensible either way whether it counts as meeting the requirement at senior level."
C141,H,R05,Relevant degree or demonstrated equivalent,must_have,evidenced,project_description,False,False,,,,
C141,H,R06,Kalman filtering / estimation theory,desirable,not_stated,,False,False,,,,
C141,H,R07,Satellite or airborne platform experience,desirable,evidenced,work_history,False,False,,,,
C141,H,R08,Team-lead experience,desirable,not_stated,,False,False,,,,
C141,H,R09,Publications or open-source record,desirable,not_stated,,False,False,,,,
C141,H,R10,EU work authorisation,constraint,evidenced,work_history,False,False,,,,
C141,H,R11,Working English,constraint,evidenced,work_history,False,False,,,,
C141,H,R12,Onsite in Oulu / relocation,constraint,evidenced,work_history,False,False,,,,
C142,E,R01,Phased-array / beamforming signal processing,must_have,evidenced,skills_list,False,False,,,,
C142,E,R02,Embedded DSP in C/C++,must_have,evidenced,project_description,False,False,,,,
C142,E,R03,Production Python,must_have,evidenced,project_description,False,False,,,,
C142,E,R04,RF measurement experience,must_have,evidenced,work_history,False,False,,,,
C142,E,R05,Relevant degree or demonstrated equivalent,must_have,contradicted,work_history,False,False,,degree_date,,
C142,E,R06,Kalman filtering / estimation theory,desirable,evidenced,skills_list,False,False,,,,
C142,E,R07,Satellite or airborne platform experience,desirable,not_stated,,False,False,,,,
C142,E,R08,Team-lead experience,desirable,claimed_only,cover_letter,False,False,,,,
C142,E,R09,Publications or open-source record,desirable,not_stated,,False,False,,,,
C142,E,R10,EU work authorisation,constraint,evidenced,skills_list,False,False,,,,
C142,E,R11,Working English,constraint,evidenced,work_history,False,False,,,,
C142,E,R12,Onsite in Oulu / relocation,constraint,evidenced,project_description,False,False,,,,
C143,C,R01,Phased-array / beamforming signal processing,must_have,evidenced,skills_list,False,False,,,,
C143,C,R02,Embedded DSP in C/C++,must_have,evidenced,work_history,False,False,,,,
C143,C,R03,Production Python,must_have,absent,,False,False,,,,
C143,C,R04,RF measurement experience,must_have,evidenced,work_history,False,False,,,,
C143,C,R05,Relevant degree or demonstrated equivalent,must_have,evidenced,project_description,False,False,,,,
C143,C,R06,Kalman filtering / estimation theory,desirable,not_stated,,False,False,,,,
C143,C,R07,Satellite or airborne platform experience,desirable,evidenced,project_description,False,False,,,,
C143,C,R08,Team-lead experience,desirable,not_stated,,False,False,,,,
C143,C,R09,Publications or open-source record,desirable,absent,,False,False,,,,
C143,C,R10,EU work authorisation,constraint,evidenced,project_description,False,False,,,,
C143,C,R11,Working English,constraint,evidenced,work_history,False,False,,,,
C143,C,R12,Onsite in Oulu / relocation,constraint,evidenced,work_history,False,False,,,,
C144,E,R01,Phased-array / beamforming signal processing,must_have,evidenced,skills_list,False,False,,,,
C144,E,R02,Embedded DSP in C/C++,must_have,evidenced,work_history,False,False,,,,
C144,E,R03,Production Python,must_have,evidenced,work_history,False,False,,,,
C144,E,R04,RF measurement experience,must_have,evidenced,project_description,False,False,,,,
C144,E,R05,Relevant degree or demonstrated equivalent,must_have,evidenced,skills_list,False,False,,,,
C144,E,R06,Kalman filtering / estimation theory,desirable,not_stated,,False,False,,,,
C144,E,R07,Satellite or airborne platform experience,desirable,not_stated,,False,False,,,,
C144,E,R08,Team-lead experience,desirable,contradicted,cover_letter,False,False,,title_inflation,,
C144,E,R09,Publications or open-source record,desirable,evidenced,project_description,False,False,,,,
C144,E,R10,EU work authorisation,constraint,evidenced,project_description,False,False,,,,
C144,E,R11,Working English,constraint,not_stated,,False,False,,,,
C144,E,R12,Onsite in Oulu / relocation,constraint,evidenced,work_history,False,False,,,,
C145,B,R01,Phased-array / beamforming signal processing,must_have,absent,,False,False,,,,
C145,B,R02,Embedded DSP in C/C++,must_have,evidenced,cover_letter,True,False,,,,
C145,B,R03,Production Python,must_have,absent,,False,False,,,,
C145,B,R04,RF measurement experience,must_have,evidenced,work_history,False,False,,,,
C145,B,R05,Relevant degree or demonstrated equivalent,must_have,absent,,False,False,,,,
C145,B,R06,Kalman filtering / estimation theory,desirable,absent,,False,False,,,,
C145,B,R07,Satellite or airborne platform experience,desirable,not_stated,,False,False,,,,
C145,B,R08,Team-lead experience,desirable,absent,,False,False,,,,
C145,B,R09,Publications or open-source record,desirable,not_stated,,False,False,,,,
C145,B,R10,EU work authorisation,constraint,evidenced,work_history,False,False,,,,
C145,B,R11,Working English,constraint,evidenced,work_history,False,False,,,,
C145,B,R12,Onsite in Oulu / relocation,constraint,evidenced,skills_list,False,False,,,,
C146,B,R01,Phased-array / beamforming signal processing,must_have,absent,,False,False,,,,
C146,B,R02,Embedded DSP in C/C++,must_have,absent,,False,False,,,,
C146,B,R03,Production Python,must_have,absent,,False,False,,,,
C146,B,R04,RF measurement experience,must_have,absent,,False,False,,,,
C146,B,R05,Relevant degree or demonstrated equivalent,must_have,absent,,False,False,,,,
C146,B,R06,Kalman filtering / estimation theory,desirable,claimed_only,cover_letter,False,False,,,,
C146,B,R07,Satellite or airborne platform experience,desirable,not_stated,,False,False,,,,
C146,B,R08,Team-lead experience,desirable,claimed_only,cover_letter,False,False,,,,
C146,B,R09,Publications or open-source record,desirable,absent,,False,False,,,,
C146,B,R10,EU work authorisation,constraint,evidenced,work_history,False,False,,,,
C146,B,R11,Working English,constraint,evidenced,project_description,False,False,,,,
C146,B,R12,Onsite in Oulu / relocation,constraint,evidenced,cover_letter,True,False,,,,
C147,B,R01,Phased-array / beamforming signal processing,must_have,evidenced,project_description,False,False,,,,
C147,B,R02,Embedded DSP in C/C++,must_have,absent,,False,False,,,,
C147,B,R03,Production Python,must_have,absent,,False,False,,,,
C147,B,R04,RF measurement experience,must_have,absent,,False,False,,,,
C147,B,R05,Relevant degree or demonstrated equivalent,must_have,absent,,False,False,,,,
C147,B,R06,Kalman filtering / estimation theory,desirable,evidenced,skills_list,False,False,,,,
C147,B,R07,Satellite or airborne platform experience,desirable,absent,,False,False,,,,
C147,B,R08,Team-lead experience,desirable,absent,,False,False,,,,
C147,B,R09,Publications or open-source record,desirable,not_stated,,False,False,,,,
C147,B,R10,EU work authorisation,constraint,evidenced,skills_list,False,False,,,,
C147,B,R11,Working English,constraint,evidenced,skills_list,False,False,,,,
C147,B,R12,Onsite in Oulu / relocation,constraint,evidenced,project_description,False,False,,,,
C148,D,R01,Phased-array / beamforming signal processing,must_have,claimed_only,skills_list,False,False,,,,
C148,D,R02,Embedded DSP in C/C++,must_have,claimed_only,cover_letter,False,False,,,,
C148,D,R03,Production Python,must_have,claimed_only,cover_letter,False,False,,,,
C148,D,R04,RF measurement experience,must_have,claimed_only,cover_letter,False,False,,,,
C148,D,R05,Relevant degree or demonstrated equivalent,must_have,claimed_only,cover_letter,False,False,,,,
C148,D,R06,Kalman filtering / estimation theory,desirable,not_stated,,False,False,,,,
C148,D,R07,Satellite or airborne platform experience,desirable,claimed_only,skills_list,False,False,,,,
C148,D,R08,Team-lead experience,desirable,claimed_only,cover_letter,False,False,,,,
C148,D,R09,Publications or open-source record,desirable,claimed_only,skills_list,False,False,,,,
C148,D,R10,EU work authorisation,constraint,evidenced,work_history,False,False,,,,
C148,D,R11,Working English,constraint,evidenced,skills_list,False,False,,,,
C148,D,R12,Onsite in Oulu / relocation,constraint,evidenced,project_description,False,False,,,,
C149,C,R01,Phased-array / beamforming signal processing,must_have,evidenced,work_history,False,False,,,,
C149,C,R02,Embedded DSP in C/C++,must_have,absent,,False,False,,,,
C149,C,R03,Production Python,must_have,evidenced,work_history,False,False,,,,
C149,C,R04,RF measurement experience,must_have,evidenced,project_description,False,False,,,,
C149,C,R05,Relevant degree or demonstrated equivalent,must_have,evidenced,work_history,False,False,,,,
C149,C,R06,Kalman filtering / estimation theory,desirable,claimed_only,cover_letter,False,False,,,,
C149,C,R07,Satellite or airborne platform experience,desirable,not_stated,,False,False,,,,
C149,C,R08,Team-lead experience,desirable,evidenced,work_history,False,False,,,,
C149,C,R09,Publications or open-source record,desirable,not_stated,,False,False,,,,
C149,C,R10,EU work authorisation,constraint,evidenced,work_history,False,False,,,,
C149,C,R11,Working English,constraint,evidenced,work_history,False,False,,,,
C149,C,R12,Onsite in Oulu / relocation,constraint,evidenced,work_history,False,False,,,,
C150,G,R01,Phased-array / beamforming signal processing,must_have,evidenced,work_history,False,False,,,,
C150,G,R02,Embedded DSP in C/C++,must_have,evidenced,work_history,False,False,,,,
C150,G,R03,Production Python,must_have,evidenced,skills_list,False,False,,,,
C150,G,R04,RF measurement experience,must_have,evidenced,work_history,False,False,,,,
C150,G,R05,Relevant degree or demonstrated equivalent,must_have,evidenced,project_description,False,False,,,,
C150,G,R06,Kalman filtering / estimation theory,desirable,absent,,False,False,,,,
C150,G,R07,Satellite or airborne platform experience,desirable,absent,,False,False,,,,
C150,G,R08,Team-lead experience,desirable,not_stated,,False,False,,,,
C150,G,R09,Publications or open-source record,desirable,absent,,False,False,,,,
C150,G,R10,EU work authorisation,constraint,not_stated,,False,False,,,,
C150,G,R11,Working English,constraint,evidenced,work_history,False,False,,,,
C150,G,R12,Onsite in Oulu / relocation,constraint,evidenced,work_history,False,False,,,,
C151,C,R01,Phased-array / beamforming signal processing,must_have,evidenced,cover_letter,True,False,,,,
C151,C,R02,Embedded DSP in C/C++,must_have,evidenced,work_history,False,False,,,,
C151,C,R03,Production Python,must_have,evidenced,project_description,False,False,,,,
C151,C,R04,RF measurement experience,must_have,evidenced,project_description,False,False,,,,
C151,C,R05,Relevant degree or demonstrated equivalent,must_have,absent,,False,False,,,,
C151,C,R06,Kalman filtering / estimation theory,desirable,not_stated,,False,False,,,,
C151,C,R07,Satellite or airborne platform experience,desirable,not_stated,,False,False,,,,
C151,C,R08,Team-lead experience,desirable,claimed_only,cover_letter,False,False,,,,
C151,C,R09,Publications or open-source record,desirable,evidenced,project_description,False,False,,,,
C151,C,R10,EU work authorisation,constraint,evidenced,project_description,False,False,,,,
C151,C,R11,Working English,constraint,evidenced,work_history,False,False,,,,
C151,C,R12,Onsite in Oulu / relocation,constraint,evidenced,work_history,False,False,,,,
C152,B,R01,Phased-array / beamforming signal processing,must_have,absent,,False,False,,,,
C152,B,R02,Embedded DSP in C/C++,must_have,evidenced,project_description,False,False,,,,
C152,B,R03,Production Python,must_have,evidenced,project_description,False,False,,,,
C152,B,R04,RF measurement experience,must_have,absent,,False,False,,,,
C152,B,R05,Relevant degree or demonstrated equivalent,must_have,absent,,False,False,,,,
C152,B,R06,Kalman filtering / estimation theory,desirable,absent,,False,False,,,,
C152,B,R07,Satellite or airborne platform experience,desirable,absent,,False,False,,,,
C152,B,R08,Team-lead experience,desirable,claimed_only,skills_list,False,False,,,,
C152,B,R09,Publications or open-source record,desirable,not_stated,,False,False,,,,
C152,B,R10,EU work authorisation,constraint,not_stated,,False,False,,,,
C152,B,R11,Working English,constraint,evidenced,work_history,False,False,,,,
C152,B,R12,Onsite in Oulu / relocation,constraint,evidenced,project_description,False,False,,,,
C153,B,R01,Phased-array / beamforming signal processing,must_have,absent,,False,False,,,,
C153,B,R02,Embedded DSP in C/C++,must_have,absent,,False,False,,,,
C153,B,R03,Production Python,must_have,absent,,False,False,,,,
C153,B,R04,RF measurement experience,must_have,evidenced,project_description,False,False,,,,
C153,B,R05,Relevant degree or demonstrated equivalent,must_have,evidenced,work_history,False,False,,,,
C153,B,R06,Kalman filtering / estimation theory,desirable,claimed_only,cover_letter,False,False,,,,
C153,B,R07,Satellite or airborne platform experience,desirable,absent,,False,False,,,,
C153,B,R08,Team-lead experience,desirable,absent,,False,False,,,,
C153,B,R09,Publications or open-source record,desirable,not_stated,,False,False,,,,
C153,B,R10,EU work authorisation,constraint,evidenced,project_description,False,False,,,,
C153,B,R11,Working English,constraint,evidenced,work_history,False,False,,,,
C153,B,R12,Onsite in Oulu / relocation,constraint,not_stated,,False,False,,,,
C154,B,R01,Phased-array / beamforming signal processing,must_have,evidenced,cover_letter,True,False,,,,
C154,B,R02,Embedded DSP in C/C++,must_have,absent,,False,False,,,,
C154,B,R03,Production Python,must_have,absent,,False,False,,,,
C154,B,R04,RF measurement experience,must_have,absent,,False,False,,,,
C154,B,R05,Relevant degree or demonstrated equivalent,must_have,evidenced,work_history,False,False,,,,
C154,B,R06,Kalman filtering / estimation theory,desirable,not_stated,,False,False,,,,
C154,B,R07,Satellite or airborne platform experience,desirable,claimed_only,cover_letter,False,False,,,,
C154,B,R08,Team-lead experience,desirable,not_stated,,False,False,,,,
C154,B,R09,Publications or open-source record,desirable,absent,,False,False,,,,
C154,B,R10,EU work authorisation,constraint,evidenced,work_history,False,False,,,,
C154,B,R11,Working English,constraint,evidenced,work_history,False,False,,,,
C154,B,R12,Onsite in Oulu / relocation,constraint,not_stated,,False,False,,,,
C155,C,R01,Phased-array / beamforming signal processing,must_have,evidenced,project_description,False,False,,,,
C155,C,R02,Embedded DSP in C/C++,must_have,evidenced,work_history,False,False,,,,
C155,C,R03,Production Python,must_have,evidenced,project_description,False,False,,,,
C155,C,R04,RF measurement experience,must_have,absent,,False,False,,,,
C155,C,R05,Relevant degree or demonstrated equivalent,must_have,evidenced,work_history,False,False,,,,
C155,C,R06,Kalman filtering / estimation theory,desirable,claimed_only,skills_list,False,False,,,,
C155,C,R07,Satellite or airborne platform experience,desirable,evidenced,skills_list,False,False,,,,
C155,C,R08,Team-lead experience,desirable,evidenced,work_history,False,False,,,,
C155,C,R09,Publications or open-source record,desirable,not_stated,,False,False,,,,
C155,C,R10,EU work authorisation,constraint,evidenced,skills_list,False,False,,,,
C155,C,R11,Working English,constraint,evidenced,work_history,False,False,,,,
C155,C,R12,Onsite in Oulu / relocation,constraint,evidenced,cover_letter,True,False,,,,
C156,D,R01,Phased-array / beamforming signal processing,must_have,claimed_only,cover_letter,False,False,,,,
C156,D,R02,Embedded DSP in C/C++,must_have,claimed_only,cover_letter,False,False,,,,
C156,D,R03,Production Python,must_have,claimed_only,cover_letter,False,False,,,,
C156,D,R04,RF measurement experience,must_have,claimed_only,cover_letter,False,False,,,,
C156,D,R05,Relevant degree or demonstrated equivalent,must_have,claimed_only,skills_list,False,False,,,,
C156,D,R06,Kalman filtering / estimation theory,desirable,not_stated,,False,False,,,,
C156,D,R07,Satellite or airborne platform experience,desirable,claimed_only,skills_list,False,False,,,,
C156,D,R08,Team-lead experience,desirable,claimed_only,skills_list,False,False,,,,
C156,D,R09,Publications or open-source record,desirable,claimed_only,skills_list,False,False,,,,
C156,D,R10,EU work authorisation,constraint,evidenced,work_history,False,False,,,,
C156,D,R11,Working English,constraint,evidenced,project_description,False,False,,,,
C156,D,R12,Onsite in Oulu / relocation,constraint,evidenced,work_history,False,False,,,,
C157,C,R01,Phased-array / beamforming signal processing,must_have,evidenced,project_description,False,False,,,,
C157,C,R02,Embedded DSP in C/C++,must_have,evidenced,work_history,False,False,,,,
C157,C,R03,Production Python,must_have,evidenced,skills_list,False,False,,,,
C157,C,R04,RF measurement experience,must_have,absent,,False,False,,,,
C157,C,R05,Relevant degree or demonstrated equivalent,must_have,evidenced,work_history,False,False,,,,
C157,C,R06,Kalman filtering / estimation theory,desirable,evidenced,work_history,False,False,,,,
C157,C,R07,Satellite or airborne platform experience,desirable,absent,,False,False,,,,
C157,C,R08,Team-lead experience,desirable,claimed_only,skills_list,False,False,,,,
C157,C,R09,Publications or open-source record,desirable,not_stated,,False,False,,,,
C157,C,R10,EU work authorisation,constraint,evidenced,work_history,False,False,,,,
C157,C,R11,Working English,constraint,evidenced,project_description,False,False,,,,
C157,C,R12,Onsite in Oulu / relocation,constraint,evidenced,work_history,False,False,,,,
C158,B,R01,Phased-array / beamforming signal processing,must_have,absent,,False,False,,,,
C158,B,R02,Embedded DSP in C/C++,must_have,absent,,False,False,,,,
C158,B,R03,Production Python,must_have,absent,,False,False,,,,
C158,B,R04,RF measurement experience,must_have,evidenced,work_history,False,False,,,,
C158,B,R05,Relevant degree or demonstrated equivalent,must_have,evidenced,work_history,False,False,,,,
C158,B,R06,Kalman filtering / estimation theory,desirable,absent,,False,False,,,,
C158,B,R07,Satellite or airborne platform experience,desirable,absent,,False,False,,,,
C158,B,R08,Team-lead experience,desirable,absent,,False,False,,,,
C158,B,R09,Publications or open-source record,desirable,absent,,False,False,,,,
C158,B,R10,EU work authorisation,constraint,evidenced,cover_letter,True,False,,,,
C158,B,R11,Working English,constraint,evidenced,work_history,False,False,,,,
C158,B,R12,Onsite in Oulu / relocation,constraint,evidenced,work_history,False,False,,,,
C159,B,R01,Phased-array / beamforming signal processing,must_have,absent,,False,False,,,,
C159,B,R02,Embedded DSP in C/C++,must_have,absent,,False,False,,,,
C159,B,R03,Production Python,must_have,absent,,False,False,,,,
C159,B,R04,RF measurement experience,must_have,absent,,False,False,,,,
C159,B,R05,Relevant degree or demonstrated equivalent,must_have,absent,,False,False,,,,
C159,B,R06,Kalman filtering / estimation theory,desirable,not_stated,,False,False,,,,
C159,B,R07,Satellite or airborne platform experience,desirable,claimed_only,cover_letter,False,False,,,,
C159,B,R08,Team-lead experience,desirable,not_stated,,False,False,,,,
C159,B,R09,Publications or open-source record,desirable,not_stated,,False,False,,,,
C159,B,R10,EU work authorisation,constraint,evidenced,work_history,False,False,,,,
C159,B,R11,Working English,constraint,evidenced,skills_list,False,False,,,,
C159,B,R12,Onsite in Oulu / relocation,constraint,evidenced,project_description,False,False,,,,
C160,OFFROLE,R01,Phased-array / beamforming signal processing,must_have,absent,,False,False,,,,
C160,OFFROLE,R02,Embedded DSP in C/C++,must_have,absent,,False,False,,,,
C160,OFFROLE,R03,Production Python,must_have,absent,,False,False,,,,
C160,OFFROLE,R04,RF measurement experience,must_have,absent,,False,False,,,,
C160,OFFROLE,R05,Relevant degree or demonstrated equivalent,must_have,absent,,False,False,,,,
C160,OFFROLE,R06,Kalman filtering / estimation theory,desirable,not_stated,,False,False,,,,
C160,OFFROLE,R07,Satellite or airborne platform experience,desirable,absent,,False,False,,,,
C160,OFFROLE,R08,Team-lead experience,desirable,not_stated,,False,False,,,,
C160,OFFROLE,R09,Publications or open-source record,desirable,not_stated,,False,False,,,,
C160,OFFROLE,R10,EU work authorisation,constraint,evidenced,work_history,False,False,,,,
C160,OFFROLE,R11,Working English,constraint,not_stated,,False,False,,,,
C160,OFFROLE,R12,Onsite in Oulu / relocation,constraint,not_stated,,False,False,,,,
C161,B,R01,Phased-array / beamforming signal processing,must_have,absent,,False,False,,,,
C161,B,R02,Embedded DSP in C/C++,must_have,absent,,False,False,,,,
C161,B,R03,Production Python,must_have,absent,,False,False,,,,
C161,B,R04,RF measurement experience,must_have,evidenced,work_history,False,False,,,,
C161,B,R05,Relevant degree or demonstrated equivalent,must_have,absent,,False,False,,,,
C161,B,R06,Kalman filtering / estimation theory,desirable,not_stated,,False,False,,,,
C161,B,R07,Satellite or airborne platform experience,desirable,absent,,False,False,,,,
C161,B,R08,Team-lead experience,desirable,absent,,False,False,,,,
C161,B,R09,Publications or open-source record,desirable,not_stated,,False,False,,,,
C161,B,R10,EU work authorisation,constraint,evidenced,work_history,False,False,,,,
C161,B,R11,Working English,constraint,not_stated,,False,False,,,,
C161,B,R12,Onsite in Oulu / relocation,constraint,evidenced,work_history,False,False,,,,
C162,C,R01,Phased-array / beamforming signal processing,must_have,evidenced,work_history,False,False,,,,
C162,C,R02,Embedded DSP in C/C++,must_have,evidenced,skills_list,False,False,,,,
C162,C,R03,Production Python,must_have,evidenced,skills_list,False,False,,,,
C162,C,R04,RF measurement experience,must_have,absent,,False,False,,,,
C162,C,R05,Relevant degree or demonstrated equivalent,must_have,evidenced,cover_letter,True,False,,,,
C162,C,R06,Kalman filtering / estimation theory,desirable,not_stated,,False,False,,,,
C162,C,R07,Satellite or airborne platform experience,desirable,not_stated,,False,False,,,,
C162,C,R08,Team-lead experience,desirable,claimed_only,cover_letter,False,False,,,,
C162,C,R09,Publications or open-source record,desirable,evidenced,cover_letter,True,False,,,,
C162,C,R10,EU work authorisation,constraint,evidenced,cover_letter,True,False,,,,
C162,C,R11,Working English,constraint,not_stated,,False,False,,,,
C162,C,R12,Onsite in Oulu / relocation,constraint,not_stated,,False,False,,,,
C163,A,R01,Phased-array / beamforming signal processing,must_have,evidenced,skills_list,False,False,,,,
C163,A,R02,Embedded DSP in C/C++,must_have,evidenced,skills_list,False,False,,,,
C163,A,R03,Production Python,must_have,evidenced,work_history,False,False,,,,
C163,A,R04,RF measurement experience,must_have,evidenced,project_description,False,False,,,,
C163,A,R05,Relevant degree or demonstrated equivalent,must_have,evidenced,project_description,False,False,,,,
C163,A,R06,Kalman filtering / estimation theory,desirable,absent,,False,False,,,,
C163,A,R07,Satellite or airborne platform experience,desirable,evidenced,project_description,False,False,,,,
C163,A,R08,Team-lead experience,desirable,not_stated,,False,False,,,,
C163,A,R09,Publications or open-source record,desirable,not_stated,,False,False,,,,
C163,A,R10,EU work authorisation,constraint,not_stated,,False,False,,,,
C163,A,R11,Working English,constraint,evidenced,project_description,False,False,,,,
C163,A,R12,Onsite in Oulu / relocation,constraint,not_stated,,False,False,,,,
C164,C,R01,Phased-array / beamforming signal processing,must_have,evidenced,cover_letter,True,False,,,,
C164,C,R02,Embedded DSP in C/C++,must_have,evidenced,cover_letter,True,False,,,,
C164,C,R03,Production Python,must_have,evidenced,project_description,False,False,,,,
C164,C,R04,RF measurement experience,must_have,absent,,False,False,,,,
C164,C,R05,Relevant degree or demonstrated equivalent,must_have,evidenced,work_history,False,False,,,,
C164,C,R06,Kalman filtering / estimation theory,desirable,absent,,False,False,,,,
C164,C,R07,Satellite or airborne platform experience,desirable,evidenced,work_history,False,False,,,,
C164,C,R08,Team-lead experience,desirable,evidenced,project_description,False,False,,,,
C164,C,R09,Publications or open-source record,desirable,evidenced,project_description,False,False,,,,
C164,C,R10,EU work authorisation,constraint,evidenced,work_history,False,False,,,,
C164,C,R11,Working English,constraint,evidenced,project_description,False,False,,,,
C164,C,R12,Onsite in Oulu / relocation,constraint,not_stated,,False,False,,,,
C165,H,R01,Phased-array / beamforming signal processing,must_have,evidenced,project_description,False,False,,,hobby_phased_array,"Real phased-array work and technically credible, but a solo hobby project with no employer or peer review behind it -- defensible either way whether it meets the bar at senior level."
C165,H,R02,Embedded DSP in C/C++,must_have,evidenced,work_history,False,False,,,,
C165,H,R03,Production Python,must_have,evidenced,skills_list,False,False,,,,
C165,H,R04,RF measurement experience,must_have,evidenced,skills_list,False,False,,,,
C165,H,R05,Relevant degree or demonstrated equivalent,must_have,evidenced,project_description,False,False,,,,
C165,H,R06,Kalman filtering / estimation theory,desirable,not_stated,,False,False,,,,
C165,H,R07,Satellite or airborne platform experience,desirable,not_stated,,False,False,,,,
C165,H,R08,Team-lead experience,desirable,absent,,False,False,,,,
C165,H,R09,Publications or open-source record,desirable,not_stated,,False,False,,,,
C165,H,R10,EU work authorisation,constraint,evidenced,work_history,False,False,,,,
C165,H,R11,Working English,constraint,evidenced,skills_list,False,False,,,,
C165,H,R12,Onsite in Oulu / relocation,constraint,evidenced,skills_list,False,False,,,,
C166,F,R01,Phased-array / beamforming signal processing,must_have,evidenced,cover_letter,True,False,,,,
C166,F,R02,Embedded DSP in C/C++,must_have,evidenced,skills_list,False,False,,,,
C166,F,R03,Production Python,must_have,evidenced,project_description,False,True,a physics PhD's side-project tooling that became the group's shared analysis pipeline,,,
C166,F,R04,RF measurement experience,must_have,evidenced,project_description,False,False,,,,
C166,F,R05,Relevant degree or demonstrated equivalent,must_have,evidenced,work_history,False,False,,,,
C166,F,R06,Kalman filtering / estimation theory,desirable,claimed_only,cover_letter,False,False,,,,
C166,F,R07,Satellite or airborne platform experience,desirable,not_stated,,False,False,,,,
C166,F,R08,Team-lead experience,desirable,evidenced,project_description,False,False,,,,
C166,F,R09,Publications or open-source record,desirable,absent,,False,False,,,,
C166,F,R10,EU work authorisation,constraint,evidenced,project_description,False,False,,,,
C166,F,R11,Working English,constraint,not_stated,,False,False,,,,
C166,F,R12,Onsite in Oulu / relocation,constraint,evidenced,work_history,False,False,,,,
C167,G,R01,Phased-array / beamforming signal processing,must_have,evidenced,project_description,False,False,,,,
C167,G,R02,Embedded DSP in C/C++,must_have,evidenced,project_description,False,False,,,,
C167,G,R03,Production Python,must_have,evidenced,project_description,False,False,,,,
C167,G,R04,RF measurement experience,must_have,evidenced,cover_letter,True,False,,,,
C167,G,R05,Relevant degree or demonstrated equivalent,must_have,evidenced,work_history,False,False,,,,
C167,G,R06,Kalman filtering / estimation theory,desirable,not_stated,,False,False,,,,
C167,G,R07,Satellite or airborne platform experience,desirable,not_stated,,False,False,,,,
C167,G,R08,Team-lead experience,desirable,not_stated,,False,False,,,,
C167,G,R09,Publications or open-source record,desirable,not_stated,,False,False,,,,
C167,G,R10,EU work authorisation,constraint,evidenced,work_history,False,False,,,,
C167,G,R11,Working English,constraint,evidenced,cover_letter,True,False,,,,
C167,G,R12,Onsite in Oulu / relocation,constraint,evidenced,project_description,False,False,,,,
C168,E,R01,Phased-array / beamforming signal processing,must_have,evidenced,work_history,False,False,,,,
C168,E,R02,Embedded DSP in C/C++,must_have,evidenced,cover_letter,True,False,,,,
C168,E,R03,Production Python,must_have,evidenced,skills_list,False,False,,,,
C168,E,R04,RF measurement experience,must_have,evidenced,work_history,False,False,,,,
C168,E,R05,Relevant degree or demonstrated equivalent,must_have,evidenced,work_history,False,False,,,,
C168,E,R06,Kalman filtering / estimation theory,desirable,not_stated,,False,False,,,,
C168,E,R07,Satellite or airborne platform experience,desirable,claimed_only,skills_list,False,False,,,,
C168,E,R08,Team-lead experience,desirable,contradicted,cover_letter,False,False,,title_inflation,,
C168,E,R09,Publications or open-source record,desirable,evidenced,cover_letter,True,False,,,,
C168,E,R10,EU work authorisation,constraint,evidenced,cover_letter,True,False,,,,
C168,E,R11,Working English,constraint,not_stated,,False,False,,,,
C168,E,R12,Onsite in Oulu / relocation,constraint,evidenced,project_description,False,False,,,,
C169,A,R01,Phased-array / beamforming signal processing,must_have,evidenced,project_description,False,False,,,,
C169,A,R02,Embedded DSP in C/C++,must_have,evidenced,work_history,False,False,,,,
C169,A,R03,Production Python,must_have,evidenced,work_history,False,False,,,,
C169,A,R04,RF measurement experience,must_have,evidenced,work_history,False,False,,,,
C169,A,R05,Relevant degree or demonstrated equivalent,must_have,evidenced,skills_list,False,False,,,,
C169,A,R06,Kalman filtering / estimation theory,desirable,claimed_only,cover_letter,False,False,,,,
C169,A,R07,Satellite or airborne platform experience,desirable,evidenced,cover_letter,True,False,,,,
C169,A,R08,Team-lead experience,desirable,not_stated,,False,False,,,,
C169,A,R09,Publications or open-source record,desirable,claimed_only,cover_letter,False,False,,,,
C169,A,R10,EU work authorisation,constraint,evidenced,cover_letter,True,False,,,,
C169,A,R11,Working English,constraint,evidenced,project_description,False,False,,,,
C169,A,R12,Onsite in Oulu / relocation,constraint,evidenced,project_description,False,False,,,,
C170,B,R01,Phased-array / beamforming signal processing,must_have,absent,,False,False,,,,
C170,B,R02,Embedded DSP in C/C++,must_have,evidenced,work_history,False,False,,,,
C170,B,R03,Production Python,must_have,evidenced,work_history,False,False,,,,
C170,B,R04,RF measurement experience,must_have,absent,,False,False,,,,
C170,B,R05,Relevant degree or demonstrated equivalent,must_have,absent,,False,False,,,,
C170,B,R06,Kalman filtering / estimation theory,desirable,absent,,False,False,,,,
C170,B,R07,Satellite or airborne platform experience,desirable,absent,,False,False,,,,
C170,B,R08,Team-lead experience,desirable,absent,,False,False,,,,
C170,B,R09,Publications or open-source record,desirable,claimed_only,cover_letter,False,False,,,,
C170,B,R10,EU work authorisation,constraint,evidenced,project_description,False,False,,,,
C170,B,R11,Working English,constraint,evidenced,project_description,False,False,,,,
C170,B,R12,Onsite in Oulu / relocation,constraint,evidenced,work_history,False,False,,,,
C171,F,R01,Phased-array / beamforming signal processing,must_have,evidenced,project_description,False,False,,,,
C171,F,R02,Embedded DSP in C/C++,must_have,evidenced,work_history,False,True,engine-control-unit embedded software,,,
C171,F,R03,Production Python,must_have,evidenced,project_description,False,False,,,,
C171,F,R04,RF measurement experience,must_have,evidenced,skills_list,False,False,,,,
C171,F,R05,Relevant degree or demonstrated equivalent,must_have,evidenced,work_history,False,False,,,,
C171,F,R06,Kalman filtering / estimation theory,desirable,not_stated,,False,False,,,,
C171,F,R07,Satellite or airborne platform experience,desirable,not_stated,,False,False,,,,
C171,F,R08,Team-lead experience,desirable,evidenced,project_description,False,False,,,,
C171,F,R09,Publications or open-source record,desirable,evidenced,work_history,False,False,,,,
C171,F,R10,EU work authorisation,constraint,evidenced,project_description,False,False,,,,
C171,F,R11,Working English,constraint,evidenced,work_history,False,False,,,,
C171,F,R12,Onsite in Oulu / relocation,constraint,evidenced,work_history,False,False,,,,
C172,H,R01,Phased-array / beamforming signal processing,must_have,evidenced,work_history,False,False,,,,
C172,H,R02,Embedded DSP in C/C++,must_have,evidenced,project_description,False,False,,,,
C172,H,R03,Production Python,must_have,evidenced,work_history,False,False,,,,
C172,H,R04,RF measurement experience,must_have,evidenced,project_description,False,False,,,academic_rf,"Real RF measurement work, but gained in an academic CubeSat project rather than an industrial test bench -- defensible either way whether it counts as meeting the requirement at senior level."
C172,H,R05,Relevant degree or demonstrated equivalent,must_have,evidenced,cover_letter,True,False,,,,
C172,H,R06,Kalman filtering / estimation theory,desirable,evidenced,work_history,False,False,,,,
C172,H,R07,Satellite or airborne platform experience,desirable,not_stated,,False,False,,,,
C172,H,R08,Team-lead experience,desirable,claimed_only,cover_letter,False,False,,,,
C172,H,R09,Publications or open-source record,desirable,evidenced,project_description,False,False,,,,
C172,H,R10,EU work authorisation,constraint,evidenced,work_history,False,False,,,,
C172,H,R11,Working English,constraint,evidenced,project_description,False,False,,,,
C172,H,R12,Onsite in Oulu / relocation,constraint,evidenced,cover_letter,True,False,,,,
C173,B,R01,Phased-array / beamforming signal processing,must_have,evidenced,work_history,False,False,,,,
C173,B,R02,Embedded DSP in C/C++,must_have,absent,,False,False,,,,
C173,B,R03,Production Python,must_have,absent,,False,False,,,,
C173,B,R04,RF measurement experience,must_have,absent,,False,False,,,,
C173,B,R05,Relevant degree or demonstrated equivalent,must_have,evidenced,work_history,False,False,,,,
C173,B,R06,Kalman filtering / estimation theory,desirable,not_stated,,False,False,,,,
C173,B,R07,Satellite or airborne platform experience,desirable,absent,,False,False,,,,
C173,B,R08,Team-lead experience,desirable,evidenced,skills_list,False,False,,,,
C173,B,R09,Publications or open-source record,desirable,absent,,False,False,,,,
C173,B,R10,EU work authorisation,constraint,evidenced,skills_list,False,False,,,,
C173,B,R11,Working English,constraint,evidenced,cover_letter,True,False,,,,
C173,B,R12,Onsite in Oulu / relocation,constraint,evidenced,work_history,False,False,,,,
C174,C,R01,Phased-array / beamforming signal processing,must_have,evidenced,project_description,False,False,,,,
C174,C,R02,Embedded DSP in C/C++,must_have,evidenced,work_history,False,False,,,,
C174,C,R03,Production Python,must_have,absent,,False,False,,,,
C174,C,R04,RF measurement experience,must_have,evidenced,work_history,False,False,,,,
C174,C,R05,Relevant degree or demonstrated equivalent,must_have,evidenced,project_description,False,False,,,,
C174,C,R06,Kalman filtering / estimation theory,desirable,absent,,False,False,,,,
C174,C,R07,Satellite or airborne platform experience,desirable,evidenced,work_history,False,False,,,,
C174,C,R08,Team-lead experience,desirable,evidenced,work_history,False,False,,,,
C174,C,R09,Publications or open-source record,desirable,not_stated,,False,False,,,,
C174,C,R10,EU work authorisation,constraint,evidenced,work_history,False,False,,,,
C174,C,R11,Working English,constraint,evidenced,work_history,False,False,,,,
C174,C,R12,Onsite in Oulu / relocation,constraint,evidenced,cover_letter,True,False,,,,
C175,D,R01,Phased-array / beamforming signal processing,must_have,claimed_only,skills_list,False,False,,,,
C175,D,R02,Embedded DSP in C/C++,must_have,claimed_only,cover_letter,False,False,,,,
C175,D,R03,Production Python,must_have,claimed_only,skills_list,False,False,,,,
C175,D,R04,RF measurement experience,must_have,claimed_only,cover_letter,False,False,,,,
C175,D,R05,Relevant degree or demonstrated equivalent,must_have,claimed_only,cover_letter,False,False,,,,
C175,D,R06,Kalman filtering / estimation theory,desirable,not_stated,,False,False,,,,
C175,D,R07,Satellite or airborne platform experience,desirable,claimed_only,cover_letter,False,False,,,,
C175,D,R08,Team-lead experience,desirable,claimed_only,cover_letter,False,False,,,,
C175,D,R09,Publications or open-source record,desirable,claimed_only,skills_list,False,False,,,,
C175,D,R10,EU work authorisation,constraint,not_stated,,False,False,,,,
C175,D,R11,Working English,constraint,evidenced,project_description,False,False,,,,
C175,D,R12,Onsite in Oulu / relocation,constraint,not_stated,,False,False,,,,
C176,C,R01,Phased-array / beamforming signal processing,must_have,evidenced,work_history,False,False,,,,
C176,C,R02,Embedded DSP in C/C++,must_have,evidenced,project_description,False,False,,,,
C176,C,R03,Production Python,must_have,absent,,False,False,,,,
C176,C,R04,RF measurement experience,must_have,evidenced,work_history,False,False,,,,
C176,C,R05,Relevant degree or demonstrated equivalent,must_have,evidenced,skills_list,False,False,,,,
C176,C,R06,Kalman filtering / estimation theory,desirable,evidenced,project_description,False,False,,,,
C176,C,R07,Satellite or airborne platform experience,desirable,not_stated,,False,False,,,,
C176,C,R08,Team-lead experience,desirable,claimed_only,skills_list,False,False,,,,
C176,C,R09,Publications or open-source record,desirable,evidenced,cover_letter,True,False,,,,
C176,C,R10,EU work authorisation,constraint,evidenced,project_description,False,False,,,,
C176,C,R11,Working English,constraint,evidenced,cover_letter,True,False,,,,
C176,C,R12,Onsite in Oulu / relocation,constraint,evidenced,work_history,False,False,,,,
C177,B,R01,Phased-array / beamforming signal processing,must_have,absent,,False,False,,,,
C177,B,R02,Embedded DSP in C/C++,must_have,absent,,False,False,,,,
C177,B,R03,Production Python,must_have,evidenced,cover_letter,True,False,,,,
C177,B,R04,RF measurement experience,must_have,absent,,False,False,,,,
C177,B,R05,Relevant degree or demonstrated equivalent,must_have,absent,,False,False,,,,
C177,B,R06,Kalman filtering / estimation theory,desirable,absent,,False,False,,,,
C177,B,R07,Satellite or airborne platform experience,desirable,not_stated,,False,False,,,,
C177,B,R08,Team-lead experience,desirable,absent,,False,False,,,,
C177,B,R09,Publications or open-source record,desirable,absent,,False,False,,,,
C177,B,R10,EU work authorisation,constraint,evidenced,project_description,False,False,,,,
C177,B,R11,Working English,constraint,evidenced,work_history,False,False,,,,
C177,B,R12,Onsite in Oulu / relocation,constraint,evidenced,work_history,False,False,,,,
C178,G,R01,Phased-array / beamforming signal processing,must_have,evidenced,work_history,False,False,,,,
C178,G,R02,Embedded DSP in C/C++,must_have,evidenced,work_history,False,False,,,,
C178,G,R03,Production Python,must_have,evidenced,project_description,False,False,,,,
C178,G,R04,RF measurement experience,must_have,evidenced,skills_list,False,False,,,,
C178,G,R05,Relevant degree or demonstrated equivalent,must_have,evidenced,project_description,False,False,,,,
C178,G,R06,Kalman filtering / estimation theory,desirable,claimed_only,skills_list,False,False,,,,
C178,G,R07,Satellite or airborne platform experience,desirable,evidenced,work_history,False,False,,,,
C178,G,R08,Team-lead experience,desirable,not_stated,,False,False,,,,
C178,G,R09,Publications or open-source record,desirable,not_stated,,False,False,,,,
C178,G,R10,EU work authorisation,constraint,evidenced,work_history,False,False,,,,
C178,G,R11,Working English,constraint,evidenced,project_description,False,False,,,,
C178,G,R12,Onsite in Oulu / relocation,constraint,evidenced,cover_letter,True,False,,,,
C179,B,R01,Phased-array / beamforming signal processing,must_have,absent,,False,False,,,,
C179,B,R02,Embedded DSP in C/C++,must_have,absent,,False,False,,,,
C179,B,R03,Production Python,must_have,absent,,False,False,,,,
C179,B,R04,RF measurement experience,must_have,absent,,False,False,,,,
C179,B,R05,Relevant degree or demonstrated equivalent,must_have,absent,,False,False,,,,
C179,B,R06,Kalman filtering / estimation theory,desirable,absent,,False,False,,,,
C179,B,R07,Satellite or airborne platform experience,desirable,not_stated,,False,False,,,,
C179,B,R08,Team-lead experience,desirable,absent,,False,False,,,,
C179,B,R09,Publications or open-source record,desirable,not_stated,,False,False,,,,
C179,B,R10,EU work authorisation,constraint,evidenced,work_history,False,False,,,,
C179,B,R11,Working English,constraint,evidenced,project_description,False,False,,,,
C179,B,R12,Onsite in Oulu / relocation,constraint,evidenced,work_history,False,False,,,,
C180,G,R01,Phased-array / beamforming signal processing,must_have,evidenced,skills_list,False,False,,,,
C180,G,R02,Embedded DSP in C/C++,must_have,evidenced,work_history,False,False,,,,
C180,G,R03,Production Python,must_have,evidenced,work_history,False,False,,,,
C180,G,R04,RF measurement experience,must_have,evidenced,project_description,False,False,,,,
C180,G,R05,Relevant degree or demonstrated equivalent,must_have,evidenced,project_description,False,False,,,,
C180,G,R06,Kalman filtering / estimation theory,desirable,not_stated,,False,False,,,,
C180,G,R07,Satellite or airborne platform experience,desirable,evidenced,project_description,False,False,,,,
C180,G,R08,Team-lead experience,desirable,not_stated,,False,False,,,,
C180,G,R09,Publications or open-source record,desirable,absent,,False,False,,,,
C180,G,R10,EU work authorisation,constraint,evidenced,project_description,False,False,,,,
C180,G,R11,Working English,constraint,evidenced,work_history,False,False,,,,
C180,G,R12,Onsite in Oulu / relocation,constraint,evidenced,work_history,False,False,,,,
C181,G,R01,Phased-array / beamforming signal processing,must_have,evidenced,skills_list,False,False,,,,
C181,G,R02,Embedded DSP in C/C++,must_have,evidenced,work_history,False,False,,,,
C181,G,R03,Production Python,must_have,evidenced,work_history,False,False,,,,
C181,G,R04,RF measurement experience,must_have,evidenced,project_description,False,False,,,,
C181,G,R05,Relevant degree or demonstrated equivalent,must_have,evidenced,skills_list,False,False,,,,
C181,G,R06,Kalman filtering / estimation theory,desirable,not_stated,,False,False,,,,
C181,G,R07,Satellite or airborne platform experience,desirable,not_stated,,False,False,,,,
C181,G,R08,Team-lead experience,desirable,evidenced,project_description,False,False,,,,
C181,G,R09,Publications or open-source record,desirable,claimed_only,skills_list,False,False,,,,
C181,G,R10,EU work authorisation,constraint,evidenced,project_description,False,False,,,,
C181,G,R11,Working English,constraint,not_stated,,False,False,,,,
C181,G,R12,Onsite in Oulu / relocation,constraint,evidenced,work_history,False,False,,,,
C182,H,R01,Phased-array / beamforming signal processing,must_have,evidenced,cover_letter,True,False,,,,
C182,H,R02,Embedded DSP in C/C++,must_have,evidenced,work_history,False,False,,,,
C182,H,R03,Production Python,must_have,evidenced,work_history,False,False,,,,
C182,H,R04,RF measurement experience,must_have,evidenced,project_description,False,False,,,academic_rf,"Real RF measurement work, but gained in an academic CubeSat project rather than an industrial test bench -- defensible either way whether it counts as meeting the requirement at senior level."
C182,H,R05,Relevant degree or demonstrated equivalent,must_have,evidenced,cover_letter,True,False,,,,
C182,H,R06,Kalman filtering / estimation theory,desirable,not_stated,,False,False,,,,
C182,H,R07,Satellite or airborne platform experience,desirable,evidenced,work_history,False,False,,,,
C182,H,R08,Team-lead experience,desirable,not_stated,,False,False,,,,
C182,H,R09,Publications or open-source record,desirable,evidenced,work_history,False,False,,,,
C182,H,R10,EU work authorisation,constraint,evidenced,work_history,False,False,,,,
C182,H,R11,Working English,constraint,evidenced,work_history,False,False,,,,
C182,H,R12,Onsite in Oulu / relocation,constraint,evidenced,skills_list,False,False,,,,
C183,B,R01,Phased-array / beamforming signal processing,must_have,absent,,False,False,,,,
C183,B,R02,Embedded DSP in C/C++,must_have,absent,,False,False,,,,
C183,B,R03,Production Python,must_have,absent,,False,False,,,,
C183,B,R04,RF measurement experience,must_have,absent,,False,False,,,,
C183,B,R05,Relevant degree or demonstrated equivalent,must_have,absent,,False,False,,,,
C183,B,R06,Kalman filtering / estimation theory,desirable,claimed_only,cover_letter,False,False,,,,
C183,B,R07,Satellite or airborne platform experience,desirable,not_stated,,False,False,,,,
C183,B,R08,Team-lead experience,desirable,claimed_only,cover_letter,False,False,,,,
C183,B,R09,Publications or open-source record,desirable,absent,,False,False,,,,
C183,B,R10,EU work authorisation,constraint,evidenced,work_history,False,False,,,,
C183,B,R11,Working English,constraint,evidenced,project_description,False,False,,,,
C183,B,R12,Onsite in Oulu / relocation,constraint,evidenced,cover_letter,True,False,,,,
C184,B,R01,Phased-array / beamforming signal processing,must_have,evidenced,project_description,False,False,,,,
C184,B,R02,Embedded DSP in C/C++,must_have,absent,,False,False,,,,
C184,B,R03,Production Python,must_have,absent,,False,False,,,,
C184,B,R04,RF measurement experience,must_have,absent,,False,False,,,,
C184,B,R05,Relevant degree or demonstrated equivalent,must_have,absent,,False,False,,,,
C184,B,R06,Kalman filtering / estimation theory,desirable,evidenced,skills_list,False,False,,,,
C184,B,R07,Satellite or airborne platform experience,desirable,absent,,False,False,,,,
C184,B,R08,Team-lead experience,desirable,absent,,False,False,,,,
C184,B,R09,Publications or open-source record,desirable,not_stated,,False,False,,,,
C184,B,R10,EU work authorisation,constraint,evidenced,skills_list,False,False,,,,
C184,B,R11,Working English,constraint,evidenced,skills_list,False,False,,,,
C184,B,R12,Onsite in Oulu / relocation,constraint,evidenced,project_description,False,False,,,,
C185,F,R01,Phased-array / beamforming signal processing,must_have,evidenced,project_description,False,False,,,,
C185,F,R02,Embedded DSP in C/C++,must_have,evidenced,cover_letter,True,True,engine-control-unit embedded software,,,
C185,F,R03,Production Python,must_have,evidenced,work_history,False,False,,,,
C185,F,R04,RF measurement experience,must_have,evidenced,work_history,False,False,,,,
C185,F,R05,Relevant degree or demonstrated equivalent,must_have,evidenced,work_history,False,False,,,,
C185,F,R06,Kalman filtering / estimation theory,desirable,not_stated,,False,False,,,,
C185,F,R07,Satellite or airborne platform experience,desirable,not_stated,,False,False,,,,
C185,F,R08,Team-lead experience,desirable,evidenced,work_history,False,False,,,,
C185,F,R09,Publications or open-source record,desirable,not_stated,,False,False,,,,
C185,F,R10,EU work authorisation,constraint,evidenced,work_history,False,False,,,,
C185,F,R11,Working English,constraint,evidenced,skills_list,False,False,,,,
C185,F,R12,Onsite in Oulu / relocation,constraint,evidenced,project_description,False,False,,,,
C186,B,R01,Phased-array / beamforming signal processing,must_have,absent,,False,False,,,,
C186,B,R02,Embedded DSP in C/C++,must_have,absent,,False,False,,,,
C186,B,R03,Production Python,must_have,evidenced,work_history,False,False,,,,
C186,B,R04,RF measurement experience,must_have,absent,,False,False,,,,
C186,B,R05,Relevant degree or demonstrated equivalent,must_have,absent,,False,False,,,,
C186,B,R06,Kalman filtering / estimation theory,desirable,not_stated,,False,False,,,,
C186,B,R07,Satellite or airborne platform experience,desirable,absent,,False,False,,,,
C186,B,R08,Team-lead experience,desirable,evidenced,work_history,False,False,,,,
C186,B,R09,Publications or open-source record,desirable,absent,,False,False,,,,
C186,B,R10,EU work authorisation,constraint,evidenced,work_history,False,False,,,,
C186,B,R11,Working English,constraint,evidenced,work_history,False,False,,,,
C186,B,R12,Onsite in Oulu / relocation,constraint,evidenced,work_history,False,False,,,,
C187,B,R01,Phased-array / beamforming signal processing,must_have,absent,,False,False,,,,
C187,B,R02,Embedded DSP in C/C++,must_have,evidenced,work_history,False,False,,,,
C187,B,R03,Production Python,must_have,evidenced,skills_list,False,False,,,,
C187,B,R04,RF measurement experience,must_have,absent,,False,False,,,,
C187,B,R05,Relevant degree or demonstrated equivalent,must_have,absent,,False,False,,,,
C187,B,R06,Kalman filtering / estimation theory,desirable,claimed_only,cover_letter,False,False,,,,
C187,B,R07,Satellite or airborne platform experience,desirable,not_stated,,False,False,,,,
C187,B,R08,Team-lead experience,desirable,absent,,False,False,,,,
C187,B,R09,Publications or open-source record,desirable,absent,,False,False,,,,
C187,B,R10,EU work authorisation,constraint,evidenced,project_description,False,False,,,,
C187,B,R11,Working English,constraint,evidenced,work_history,False,False,,,,
C187,B,R12,Onsite in Oulu / relocation,constraint,evidenced,work_history,False,False,,,,
C188,OFFROLE,R01,Phased-array / beamforming signal processing,must_have,absent,,False,False,,,,
C188,OFFROLE,R02,Embedded DSP in C/C++,must_have,absent,,False,False,,,,
C188,OFFROLE,R03,Production Python,must_have,absent,,False,False,,,,
C188,OFFROLE,R04,RF measurement experience,must_have,absent,,False,False,,,,
C188,OFFROLE,R05,Relevant degree or demonstrated equivalent,must_have,absent,,False,False,,,,
C188,OFFROLE,R06,Kalman filtering / estimation theory,desirable,absent,,False,False,,,,
C188,OFFROLE,R07,Satellite or airborne platform experience,desirable,absent,,False,False,,,,
C188,OFFROLE,R08,Team-lead experience,desirable,absent,,False,False,,,,
C188,OFFROLE,R09,Publications or open-source record,desirable,absent,,False,False,,,,
C188,OFFROLE,R10,EU work authorisation,constraint,evidenced,project_description,False,False,,,,
C188,OFFROLE,R11,Working English,constraint,evidenced,work_history,False,False,,,,
C188,OFFROLE,R12,Onsite in Oulu / relocation,constraint,not_stated,,False,False,,,,
C189,D,R01,Phased-array / beamforming signal processing,must_have,claimed_only,skills_list,False,False,,,,
C189,D,R02,Embedded DSP in C/C++,must_have,claimed_only,skills_list,False,False,,,,
C189,D,R03,Production Python,must_have,claimed_only,cover_letter,False,False,,,,
C189,D,R04,RF measurement experience,must_have,claimed_only,skills_list,False,False,,,,
C189,D,R05,Relevant degree or demonstrated equivalent,must_have,claimed_only,skills_list,False,False,,,,
C189,D,R06,Kalman filtering / estimation theory,desirable,claimed_only,cover_letter,False,False,,,,
C189,D,R07,Satellite or airborne platform experience,desirable,claimed_only,skills_list,False,False,,,,
C189,D,R08,Team-lead experience,desirable,not_stated,,False,False,,,,
C189,D,R09,Publications or open-source record,desirable,not_stated,,False,False,,,,
C189,D,R10,EU work authorisation,constraint,evidenced,project_description,False,False,,,,
C189,D,R11,Working English,constraint,evidenced,work_history,False,False,,,,
C189,D,R12,Onsite in Oulu / relocation,constraint,evidenced,work_history,False,False,,,,
C190,A,R01,Phased-array / beamforming signal processing,must_have,evidenced,project_description,False,False,,,,
C190,A,R02,Embedded DSP in C/C++,must_have,evidenced,work_history,False,False,,,,
C190,A,R03,Production Python,must_have,evidenced,project_description,False,False,,,,
C190,A,R04,RF measurement experience,must_have,evidenced,work_history,False,False,,,,
C190,A,R05,Relevant degree or demonstrated equivalent,must_have,evidenced,work_history,False,False,,,,
C190,A,R06,Kalman filtering / estimation theory,desirable,evidenced,project_description,False,False,,,,
C190,A,R07,Satellite or airborne platform experience,desirable,not_stated,,False,False,,,,
C190,A,R08,Team-lead experience,desirable,absent,,False,False,,,,
C190,A,R09,Publications or open-source record,desirable,claimed_only,cover_letter,False,False,,,,
C190,A,R10,EU work authorisation,constraint,evidenced,project_description,False,False,,,,
C190,A,R11,Working English,constraint,evidenced,work_history,False,False,,,,
C190,A,R12,Onsite in Oulu / relocation,constraint,not_stated,,False,False,,,,
C191,A,R01,Phased-array / beamforming signal processing,must_have,evidenced,cover_letter,True,False,,,,
C191,A,R02,Embedded DSP in C/C++,must_have,evidenced,work_history,False,False,,,,
C191,A,R03,Production Python,must_have,evidenced,project_description,False,False,,,,
C191,A,R04,RF measurement experience,must_have,evidenced,skills_list,False,False,,,,
C191,A,R05,Relevant degree or demonstrated equivalent,must_have,evidenced,work_history,False,False,,,,
C191,A,R06,Kalman filtering / estimation theory,desirable,evidenced,work_history,False,False,,,,
C191,A,R07,Satellite or airborne platform experience,desirable,evidenced,work_history,False,False,,,,
C191,A,R08,Team-lead experience,desirable,evidenced,work_history,False,False,,,,
C191,A,R09,Publications or open-source record,desirable,absent,,False,False,,,,
C191,A,R10,EU work authorisation,constraint,evidenced,work_history,False,False,,,,
C191,A,R11,Working English,constraint,evidenced,work_history,False,False,,,,
C191,A,R12,Onsite in Oulu / relocation,constraint,not_stated,,False,False,,,,
C192,B,R01,Phased-array / beamforming signal processing,must_have,absent,,False,False,,,,
C192,B,R02,Embedded DSP in C/C++,must_have,absent,,False,False,,,,
C192,B,R03,Production Python,must_have,evidenced,project_description,False,False,,,,
C192,B,R04,RF measurement experience,must_have,absent,,False,False,,,,
C192,B,R05,Relevant degree or demonstrated equivalent,must_have,evidenced,work_history,False,False,,,,
C192,B,R06,Kalman filtering / estimation theory,desirable,not_stated,,False,False,,,,
C192,B,R07,Satellite or airborne platform experience,desirable,claimed_only,skills_list,False,False,,,,
C192,B,R08,Team-lead experience,desirable,claimed_only,skills_list,False,False,,,,
C192,B,R09,Publications or open-source record,desirable,absent,,False,False,,,,
C192,B,R10,EU work authorisation,constraint,evidenced,skills_list,False,False,,,,
C192,B,R11,Working English,constraint,evidenced,work_history,False,False,,,,
C192,B,R12,Onsite in Oulu / relocation,constraint,evidenced,cover_letter,True,False,,,,
C193,B,R01,Phased-array / beamforming signal processing,must_have,absent,,False,False,,,,
C193,B,R02,Embedded DSP in C/C++,must_have,absent,,False,False,,,,
C193,B,R03,Production Python,must_have,absent,,False,False,,,,
C193,B,R04,RF measurement experience,must_have,absent,,False,False,,,,
C193,B,R05,Relevant degree or demonstrated equivalent,must_have,absent,,False,False,,,,
C193,B,R06,Kalman filtering / estimation theory,desirable,absent,,False,False,,,,
C193,B,R07,Satellite or airborne platform experience,desirable,absent,,False,False,,,,
C193,B,R08,Team-lead experience,desirable,absent,,False,False,,,,
C193,B,R09,Publications or open-source record,desirable,not_stated,,False,False,,,,
C193,B,R10,EU work authorisation,constraint,evidenced,work_history,False,False,,,,
C193,B,R11,Working English,constraint,evidenced,project_description,False,False,,,,
C193,B,R12,Onsite in Oulu / relocation,constraint,evidenced,work_history,False,False,,,,
C194,B,R01,Phased-array / beamforming signal processing,must_have,absent,,False,False,,,,
C194,B,R02,Embedded DSP in C/C++,must_have,absent,,False,False,,,,
C194,B,R03,Production Python,must_have,absent,,False,False,,,,
C194,B,R04,RF measurement experience,must_have,evidenced,project_description,False,False,,,,
C194,B,R05,Relevant degree or demonstrated equivalent,must_have,absent,,False,False,,,,
C194,B,R06,Kalman filtering / estimation theory,desirable,not_stated,,False,False,,,,
C194,B,R07,Satellite or airborne platform experience,desirable,absent,,False,False,,,,
C194,B,R08,Team-lead experience,desirable,not_stated,,False,False,,,,
C194,B,R09,Publications or open-source record,desirable,absent,,False,False,,,,
C194,B,R10,EU work authorisation,constraint,evidenced,work_history,False,False,,,,
C194,B,R11,Working English,constraint,evidenced,project_description,False,False,,,,
C194,B,R12,Onsite in Oulu / relocation,constraint,evidenced,work_history,False,False,,,,
C195,C,R01,Phased-array / beamforming signal processing,must_have,evidenced,work_history,False,False,,,,
C195,C,R02,Embedded DSP in C/C++,must_have,evidenced,work_history,False,False,,,,
C195,C,R03,Production Python,must_have,evidenced,project_description,False,False,,,,
C195,C,R04,RF measurement experience,must_have,evidenced,work_history,False,False,,,,
C195,C,R05,Relevant degree or demonstrated equivalent,must_have,absent,,False,False,,,,
C195,C,R06,Kalman filtering / estimation theory,desirable,not_stated,,False,False,,,,
C195,C,R07,Satellite or airborne platform experience,desirable,not_stated,,False,False,,,,
C195,C,R08,Team-lead experience,desirable,absent,,False,False,,,,
C195,C,R09,Publications or open-source record,desirable,not_stated,,False,False,,,,
C195,C,R10,EU work authorisation,constraint,evidenced,cover_letter,True,False,,,,
C195,C,R11,Working English,constraint,evidenced,work_history,False,False,,,,
C195,C,R12,Onsite in Oulu / relocation,constraint,evidenced,work_history,False,False,,,,
C196,B,R01,Phased-array / beamforming signal processing,must_have,absent,,False,False,,,,
C196,B,R02,Embedded DSP in C/C++,must_have,absent,,False,False,,,,
C196,B,R03,Production Python,must_have,absent,,False,False,,,,
C196,B,R04,RF measurement experience,must_have,absent,,False,False,,,,
C196,B,R05,Relevant degree or demonstrated equivalent,must_have,absent,,False,False,,,,
C196,B,R06,Kalman filtering / estimation theory,desirable,not_stated,,False,False,,,,
C196,B,R07,Satellite or airborne platform experience,desirable,claimed_only,cover_letter,False,False,,,,
C196,B,R08,Team-lead experience,desirable,not_stated,,False,False,,,,
C196,B,R09,Publications or open-source record,desirable,not_stated,,False,False,,,,
C196,B,R10,EU work authorisation,constraint,evidenced,work_history,False,False,,,,
C196,B,R11,Working English,constraint,evidenced,skills_list,False,False,,,,
C196,B,R12,Onsite in Oulu / relocation,constraint,evidenced,project_description,False,False,,,,
C197,B,R01,Phased-array / beamforming signal processing,must_have,evidenced,skills_list,False,False,,,,
C197,B,R02,Embedded DSP in C/C++,must_have,evidenced,cover_letter,True,False,,,,
C197,B,R03,Production Python,must_have,absent,,False,False,,,,
C197,B,R04,RF measurement experience,must_have,absent,,False,False,,,,
C197,B,R05,Relevant degree or demonstrated equivalent,must_have,absent,,False,False,,,,
C197,B,R06,Kalman filtering / estimation theory,desirable,absent,,False,False,,,,
C197,B,R07,Satellite or airborne platform experience,desirable,absent,,False,False,,,,
C197,B,R08,Team-lead experience,desirable,absent,,False,False,,,,
C197,B,R09,Publications or open-source record,desirable,not_stated,,False,False,,,,
C197,B,R10,EU work authorisation,constraint,evidenced,work_history,False,False,,,,
C197,B,R11,Working English,constraint,evidenced,project_description,False,False,,,,
C197,B,R12,Onsite in Oulu / relocation,constraint,not_stated,,False,False,,,,
C198,D,R01,Phased-array / beamforming signal processing,must_have,claimed_only,cover_letter,False,False,,,,
C198,D,R02,Embedded DSP in C/C++,must_have,claimed_only,cover_letter,False,False,,,,
C198,D,R03,Production Python,must_have,claimed_only,cover_letter,False,False,,,,
C198,D,R04,RF measurement experience,must_have,claimed_only,skills_list,False,False,,,,
C198,D,R05,Relevant degree or demonstrated equivalent,must_have,claimed_only,skills_list,False,False,,,,
C198,D,R06,Kalman filtering / estimation theory,desirable,claimed_only,skills_list,False,False,,,,
C198,D,R07,Satellite or airborne platform experience,desirable,claimed_only,skills_list,False,False,,,,
C198,D,R08,Team-lead experience,desirable,claimed_only,cover_letter,False,False,,,,
C198,D,R09,Publications or open-source record,desirable,claimed_only,skills_list,False,False,,,,
C198,D,R10,EU work authorisation,constraint,not_stated,,False,False,,,,
C198,D,R11,Working English,constraint,evidenced,work_history,False,False,,,,
C198,D,R12,Onsite in Oulu / relocation,constraint,not_stated,,False,False,,,,
C199,B,R01,Phased-array / beamforming signal processing,must_have,absent,,False,False,,,,
C199,B,R02,Embedded DSP in C/C++,must_have,evidenced,work_history,False,False,,,,
C199,B,R03,Production Python,must_have,evidenced,project_description,False,False,,,,
C199,B,R04,RF measurement experience,must_have,absent,,False,False,,,,
C199,B,R05,Relevant degree or demonstrated equivalent,must_have,absent,,False,False,,,,
C199,B,R06,Kalman filtering / estimation theory,desirable,absent,,False,False,,,,
C199,B,R07,Satellite or airborne platform experience,desirable,absent,,False,False,,,,
C199,B,R08,Team-lead experience,desirable,claimed_only,cover_letter,False,False,,,,
C199,B,R09,Publications or open-source record,desirable,not_stated,,False,False,,,,
C199,B,R10,EU work authorisation,constraint,not_stated,,False,False,,,,
C199,B,R11,Working English,constraint,evidenced,work_history,False,False,,,,
C199,B,R12,Onsite in Oulu / relocation,constraint,evidenced,work_history,False,False,,,,
C200,B,R01,Phased-array / beamforming signal processing,must_have,evidenced,cover_letter,True,False,,,,
C200,B,R02,Embedded DSP in C/C++,must_have,absent,,False,False,,,,
C200,B,R03,Production Python,must_have,absent,,False,False,,,,
C200,B,R04,RF measurement experience,must_have,evidenced,work_history,False,False,,,,
C200,B,R05,Relevant degree or demonstrated equivalent,must_have,absent,,False,False,,,,
C200,B,R06,Kalman filtering / estimation theory,desirable,absent,,False,False,,,,
C200,B,R07,Satellite or airborne platform experience,desirable,absent,,False,False,,,,
C200,B,R08,Team-lead experience,desirable,not_stated,,False,False,,,,
C200,B,R09,Publications or open-source record,desirable,not_stated,,False,False,,,,
C200,B,R10,EU work authorisation,constraint,not_stated,,False,False,,,,
C200,B,R11,Working English,constraint,evidenced,work_history,False,False,,,,
C200,B,R12,Onsite in Oulu / relocation,constraint,evidenced,work_history,False,False,,,,
C201,E,R01,Phased-array / beamforming signal processing,must_have,evidenced,work_history,False,False,,,,
C201,E,R02,Embedded DSP in C/C++,must_have,evidenced,work_history,False,False,,,,
C201,E,R03,Production Python,must_have,evidenced,cover_letter,True,False,,,,
C201,E,R04,RF measurement experience,must_have,evidenced,project_description,False,False,,,,
C201,E,R05,Relevant degree or demonstrated equivalent,must_have,evidenced,skills_list,False,False,,,,
C201,E,R06,Kalman filtering / estimation theory,desirable,not_stated,,False,False,,,,
C201,E,R07,Satellite or airborne platform experience,desirable,evidenced,project_description,False,False,,,,
C201,E,R08,Team-lead experience,desirable,contradicted,cover_letter,False,False,,title_inflation,,
C201,E,R09,Publications or open-source record,desirable,not_stated,,False,False,,,,
C201,E,R10,EU work authorisation,constraint,evidenced,project_description,False,False,,,,
C201,E,R11,Working English,constraint,evidenced,project_description,False,False,,,,
C201,E,R12,Onsite in Oulu / relocation,constraint,evidenced,skills_list,False,False,,,,
C202,B,R01,Phased-array / beamforming signal processing,must_have,absent,,False,False,,,,
C202,B,R02,Embedded DSP in C/C++,must_have,absent,,False,False,,,,
C202,B,R03,Production Python,must_have,absent,,False,False,,,,
C202,B,R04,RF measurement experience,must_have,absent,,False,False,,,,
C202,B,R05,Relevant degree or demonstrated equivalent,must_have,absent,,False,False,,,,
C202,B,R06,Kalman filtering / estimation theory,desirable,not_stated,,False,False,,,,
C202,B,R07,Satellite or airborne platform experience,desirable,evidenced,project_description,False,False,,,,
C202,B,R08,Team-lead experience,desirable,absent,,False,False,,,,
C202,B,R09,Publications or open-source record,desirable,not_stated,,False,False,,,,
C202,B,R10,EU work authorisation,constraint,evidenced,project_description,False,False,,,,
C202,B,R11,Working English,constraint,evidenced,skills_list,False,False,,,,
C202,B,R12,Onsite in Oulu / relocation,constraint,evidenced,project_description,False,False,,,,
C203,H,R01,Phased-array / beamforming signal processing,must_have,evidenced,project_description,False,False,,,hobby_phased_array,"Real phased-array work and technically credible, but a solo hobby project with no employer or peer review behind it -- defensible either way whether it meets the bar at senior level."
C203,H,R02,Embedded DSP in C/C++,must_have,evidenced,cover_letter,True,False,,,,
C203,H,R03,Production Python,must_have,evidenced,cover_letter,True,False,,,,
C203,H,R04,RF measurement experience,must_have,evidenced,work_history,False,False,,,,
C203,H,R05,Relevant degree or demonstrated equivalent,must_have,evidenced,project_description,False,False,,,,
C203,H,R06,Kalman filtering / estimation theory,desirable,evidenced,work_history,False,False,,,,
C203,H,R07,Satellite or airborne platform experience,desirable,not_stated,,False,False,,,,
C203,H,R08,Team-lead experience,desirable,claimed_only,skills_list,False,False,,,,
C203,H,R09,Publications or open-source record,desirable,not_stated,,False,False,,,,
C203,H,R10,EU work authorisation,constraint,evidenced,work_history,False,False,,,,
C203,H,R11,Working English,constraint,evidenced,cover_letter,True,False,,,,
C203,H,R12,Onsite in Oulu / relocation,constraint,evidenced,work_history,False,False,,,,
C204,OFFROLE,R01,Phased-array / beamforming signal processing,must_have,absent,,False,False,,,,
C204,OFFROLE,R02,Embedded DSP in C/C++,must_have,absent,,False,False,,,,
C204,OFFROLE,R03,Production Python,must_have,absent,,False,False,,,,
C204,OFFROLE,R04,RF measurement experience,must_have,absent,,False,False,,,,
C204,OFFROLE,R05,Relevant degree or demonstrated equivalent,must_have,absent,,False,False,,,,
C204,OFFROLE,R06,Kalman filtering / estimation theory,desirable,not_stated,,False,False,,,,
C204,OFFROLE,R07,Satellite or airborne platform experience,desirable,absent,,False,False,,,,
C204,OFFROLE,R08,Team-lead experience,desirable,not_stated,,False,False,,,,
C204,OFFROLE,R09,Publications or open-source record,desirable,not_stated,,False,False,,,,
C204,OFFROLE,R10,EU work authorisation,constraint,evidenced,work_history,False,False,,,,
C204,OFFROLE,R11,Working English,constraint,not_stated,,False,False,,,,
C204,OFFROLE,R12,Onsite in Oulu / relocation,constraint,not_stated,,False,False,,,,
C205,D,R01,Phased-array / beamforming signal processing,must_have,claimed_only,cover_letter,False,False,,,,
C205,D,R02,Embedded DSP in C/C++,must_have,claimed_only,cover_letter,False,False,,,,
C205,D,R03,Production Python,must_have,claimed_only,skills_list,False,False,,,,
C205,D,R04,RF measurement experience,must_have,claimed_only,cover_letter,False,False,,,,
C205,D,R05,Relevant degree or demonstrated equivalent,must_have,claimed_only,cover_letter,False,False,,,,
C205,D,R06,Kalman filtering / estimation theory,desirable,claimed_only,skills_list,False,False,,,,
C205,D,R07,Satellite or airborne platform experience,desirable,claimed_only,cover_letter,False,False,,,,
C205,D,R08,Team-lead experience,desirable,claimed_only,cover_letter,False,False,,,,
C205,D,R09,Publications or open-source record,desirable,claimed_only,cover_letter,False,False,,,,
C205,D,R10,EU work authorisation,constraint,evidenced,work_history,False,False,,,,
C205,D,R11,Working English,constraint,not_stated,,False,False,,,,
C205,D,R12,Onsite in Oulu / relocation,constraint,evidenced,work_history,False,False,,,,
C206,B,R01,Phased-array / beamforming signal processing,must_have,absent,,False,False,,,,
C206,B,R02,Embedded DSP in C/C++,must_have,absent,,False,False,,,,
C206,B,R03,Production Python,must_have,absent,,False,False,,,,
C206,B,R04,RF measurement experience,must_have,evidenced,work_history,False,False,,,,
C206,B,R05,Relevant degree or demonstrated equivalent,must_have,absent,,False,False,,,,
C206,B,R06,Kalman filtering / estimation theory,desirable,absent,,False,False,,,,
C206,B,R07,Satellite or airborne platform experience,desirable,absent,,False,False,,,,
C206,B,R08,Team-lead experience,desirable,not_stated,,False,False,,,,
C206,B,R09,Publications or open-source record,desirable,not_stated,,False,False,,,,
C206,B,R10,EU work authorisation,constraint,evidenced,cover_letter,True,False,,,,
C206,B,R11,Working English,constraint,not_stated,,False,False,,,,
C206,B,R12,Onsite in Oulu / relocation,constraint,not_stated,,False,False,,,,
C207,F,R01,Phased-array / beamforming signal processing,must_have,evidenced,cover_letter,True,True,automotive FMCW radar DSP,,,
C207,F,R02,Embedded DSP in C/C++,must_have,evidenced,skills_list,False,False,,,,
C207,F,R03,Production Python,must_have,evidenced,skills_list,False,False,,,,
C207,F,R04,RF measurement experience,must_have,evidenced,work_history,False,False,,,,
C207,F,R05,Relevant degree or demonstrated equivalent,must_have,evidenced,project_description,False,False,,,,
C207,F,R06,Kalman filtering / estimation theory,desirable,absent,,False,False,,,,
C207,F,R07,Satellite or airborne platform experience,desirable,evidenced,project_description,False,False,,,,
C207,F,R08,Team-lead experience,desirable,not_stated,,False,False,,,,
C207,F,R09,Publications or open-source record,desirable,not_stated,,False,False,,,,
C207,F,R10,EU work authorisation,constraint,not_stated,,False,False,,,,
C207,F,R11,Working English,constraint,evidenced,project_description,False,False,,,,
C207,F,R12,Onsite in Oulu / relocation,constraint,not_stated,,False,False,,,,
C208,B,R01,Phased-array / beamforming signal processing,must_have,absent,,False,False,,,,
C208,B,R02,Embedded DSP in C/C++,must_have,absent,,False,False,,,,
C208,B,R03,Production Python,must_have,absent,,False,False,,,,
C208,B,R04,RF measurement experience,must_have,absent,,False,False,,,,
C208,B,R05,Relevant degree or demonstrated equivalent,must_have,evidenced,cover_letter,True,False,,,,
C208,B,R06,Kalman filtering / estimation theory,desirable,absent,,False,False,,,,
C208,B,R07,Satellite or airborne platform experience,desirable,not_stated,,False,False,,,,
C208,B,R08,Team-lead experience,desirable,claimed_only,skills_list,False,False,,,,
C208,B,R09,Publications or open-source record,desirable,not_stated,,False,False,,,,
C208,B,R10,EU work authorisation,constraint,evidenced,work_history,False,False,,,,
C208,B,R11,Working English,constraint,evidenced,project_description,False,False,,,,
C208,B,R12,Onsite in Oulu / relocation,constraint,not_stated,,False,False,,,,
C209,C,R01,Phased-array / beamforming signal processing,must_have,evidenced,work_history,False,False,,,,
C209,C,R02,Embedded DSP in C/C++,must_have,evidenced,skills_list,False,False,,,,
C209,C,R03,Production Python,must_have,absent,,False,False,,,,
C209,C,R04,RF measurement experience,must_have,evidenced,skills_list,False,False,,,,
C209,C,R05,Relevant degree or demonstrated equivalent,must_have,evidenced,project_description,False,False,,,,
C209,C,R06,Kalman filtering / estimation theory,desirable,not_stated,,False,False,,,,
C209,C,R07,Satellite or airborne platform experience,desirable,not_stated,,False,False,,,,
C209,C,R08,Team-lead experience,desirable,absent,,False,False,,,,
C209,C,R09,Publications or open-source record,desirable,not_stated,,False,False,,,,
C209,C,R10,EU work authorisation,constraint,evidenced,work_history,False,False,,,,
C209,C,R11,Working English,constraint,evidenced,skills_list,False,False,,,,
C209,C,R12,Onsite in Oulu / relocation,constraint,evidenced,skills_list,False,False,,,,
C210,E,R01,Phased-array / beamforming signal processing,must_have,evidenced,work_history,False,False,,,,
C210,E,R02,Embedded DSP in C/C++,must_have,evidenced,work_history,False,False,,,,
C210,E,R03,Production Python,must_have,evidenced,cover_letter,True,False,,,,
C210,E,R04,RF measurement experience,must_have,evidenced,project_description,False,False,,,,
C210,E,R05,Relevant degree or demonstrated equivalent,must_have,evidenced,project_description,False,False,,,,
C210,E,R06,Kalman filtering / estimation theory,desirable,claimed_only,cover_letter,False,False,,,,
C210,E,R07,Satellite or airborne platform experience,desirable,evidenced,work_history,False,False,,,,
C210,E,R08,Team-lead experience,desirable,contradicted,cover_letter,False,False,,title_inflation,,
C210,E,R09,Publications or open-source record,desirable,absent,,False,False,,,,
C210,E,R10,EU work authorisation,constraint,evidenced,work_history,False,False,,,,
C210,E,R11,Working English,constraint,evidenced,skills_list,False,False,,,,
C210,E,R12,Onsite in Oulu / relocation,constraint,not_stated,,False,False,,,,
C211,C,R01,Phased-array / beamforming signal processing,must_have,evidenced,skills_list,False,False,,,,
C211,C,R02,Embedded DSP in C/C++,must_have,evidenced,project_description,False,False,,,,
C211,C,R03,Production Python,must_have,evidenced,project_description,False,False,,,,
C211,C,R04,RF measurement experience,must_have,evidenced,work_history,False,False,,,,
C211,C,R05,Relevant degree or demonstrated equivalent,must_have,absent,,False,False,,,,
C211,C,R06,Kalman filtering / estimation theory,desirable,evidenced,skills_list,False,False,,,,
C211,C,R07,Satellite or airborne platform experience,desirable,absent,,False,False,,,,
C211,C,R08,Team-lead experience,desirable,evidenced,cover_letter,True,False,,,,
C211,C,R09,Publications or open-source record,desirable,not_stated,,False,False,,,,
C211,C,R10,EU work authorisation,constraint,not_stated,,False,False,,,,
C211,C,R11,Working English,constraint,evidenced,skills_list,False,False,,,,
C211,C,R12,Onsite in Oulu / relocation,constraint,evidenced,cover_letter,True,False,,,,
C212,C,R01,Phased-array / beamforming signal processing,must_have,evidenced,work_history,False,False,,,,
C212,C,R02,Embedded DSP in C/C++,must_have,absent,,False,False,,,,
C212,C,R03,Production Python,must_have,evidenced,skills_list,False,False,,,,
C212,C,R04,RF measurement experience,must_have,evidenced,work_history,False,False,,,,
C212,C,R05,Relevant degree or demonstrated equivalent,must_have,evidenced,skills_list,False,False,,,,
C212,C,R06,Kalman filtering / estimation theory,desirable,claimed_only,cover_letter,False,False,,,,
C212,C,R07,Satellite or airborne platform experience,desirable,evidenced,work_history,False,False,,,,
C212,C,R08,Team-lead experience,desirable,evidenced,cover_letter,True,False,,,,
C212,C,R09,Publications or open-source record,desirable,evidenced,work_history,False,False,,,,
C212,C,R10,EU work authorisation,constraint,evidenced,work_history,False,False,,,,
C212,C,R11,Working English,constraint,evidenced,cover_letter,True,False,,,,
C212,C,R12,Onsite in Oulu / relocation,constraint,evidenced,work_history,False,False,,,,
C213,F,R01,Phased-array / beamforming signal processing,must_have,evidenced,skills_list,False,False,,,,
C213,F,R02,Embedded DSP in C/C++,must_have,evidenced,work_history,False,False,,,,
C213,F,R03,Production Python,must_have,evidenced,cover_letter,True,True,automation and analysis scripts for a particle-physics detector collaboration,,,
C213,F,R04,RF measurement experience,must_have,evidenced,work_history,False,False,,,,
C213,F,R05,Relevant degree or demonstrated equivalent,must_have,evidenced,project_description,False,False,,,,
C213,F,R06,Kalman filtering / estimation theory,desirable,evidenced,cover_letter,True,False,,,,
C213,F,R07,Satellite or airborne platform experience,desirable,not_stated,,False,False,,,,
C213,F,R08,Team-lead experience,desirable,claimed_only,cover_letter,False,False,,,,
C213,F,R09,Publications or open-source record,desirable,evidenced,work_history,False,False,,,,
C213,F,R10,EU work authorisation,constraint,evidenced,cover_letter,True,False,,,,
C213,F,R11,Working English,constraint,evidenced,work_history,False,False,,,,
C213,F,R12,Onsite in Oulu / relocation,constraint,evidenced,work_history,False,False,,,,
C214,OFFROLE,R01,Phased-array / beamforming signal processing,must_have,absent,,False,False,,,,
C214,OFFROLE,R02,Embedded DSP in C/C++,must_have,absent,,False,False,,,,
C214,OFFROLE,R03,Production Python,must_have,absent,,False,False,,,,
C214,OFFROLE,R04,RF measurement experience,must_have,absent,,False,False,,,,
C214,OFFROLE,R05,Relevant degree or demonstrated equivalent,must_have,absent,,False,False,,,,
C214,OFFROLE,R06,Kalman filtering / estimation theory,desirable,absent,,False,False,,,,
C214,OFFROLE,R07,Satellite or airborne platform experience,desirable,absent,,False,False,,,,
C214,OFFROLE,R08,Team-lead experience,desirable,absent,,False,False,,,,
C214,OFFROLE,R09,Publications or open-source record,desirable,not_stated,,False,False,,,,
C214,OFFROLE,R10,EU work authorisation,constraint,evidenced,project_description,False,False,,,,
C214,OFFROLE,R11,Working English,constraint,not_stated,,False,False,,,,
C214,OFFROLE,R12,Onsite in Oulu / relocation,constraint,evidenced,project_description,False,False,,,,
C215,B,R01,Phased-array / beamforming signal processing,must_have,absent,,False,False,,,,
C215,B,R02,Embedded DSP in C/C++,must_have,absent,,False,False,,,,
C215,B,R03,Production Python,must_have,absent,,False,False,,,,
C215,B,R04,RF measurement experience,must_have,absent,,False,False,,,,
C215,B,R05,Relevant degree or demonstrated equivalent,must_have,absent,,False,False,,,,
C215,B,R06,Kalman filtering / estimation theory,desirable,absent,,False,False,,,,
C215,B,R07,Satellite or airborne platform experience,desirable,absent,,False,False,,,,
C215,B,R08,Team-lead experience,desirable,not_stated,,False,False,,,,
C215,B,R09,Publications or open-source record,desirable,evidenced,project_description,False,False,,,,
C215,B,R10,EU work authorisation,constraint,evidenced,project_description,False,False,,,,
C215,B,R11,Working English,constraint,evidenced,work_history,False,False,,,,
C215,B,R12,Onsite in Oulu / relocation,constraint,evidenced,work_history,False,False,,,,
C216,C,R01,Phased-array / beamforming signal processing,must_have,evidenced,work_history,False,False,,,,
C216,C,R02,Embedded DSP in C/C++,must_have,evidenced,project_description,False,False,,,,
C216,C,R03,Production Python,must_have,absent,,False,False,,,,
C216,C,R04,RF measurement experience,must_have,evidenced,work_history,False,False,,,,
C216,C,R05,Relevant degree or demonstrated equivalent,must_have,evidenced,cover_letter,True,False,,,,
C216,C,R06,Kalman filtering / estimation theory,desirable,evidenced,work_history,False,False,,,,
C216,C,R07,Satellite or airborne platform experience,desirable,not_stated,,False,False,,,,
C216,C,R08,Team-lead experience,desirable,claimed_only,cover_letter,False,False,,,,
C216,C,R09,Publications or open-source record,desirable,evidenced,project_description,False,False,,,,
C216,C,R10,EU work authorisation,constraint,evidenced,work_history,False,False,,,,
C216,C,R11,Working English,constraint,evidenced,project_description,False,False,,,,
C216,C,R12,Onsite in Oulu / relocation,constraint,evidenced,cover_letter,True,False,,,,
C217,C,R01,Phased-array / beamforming signal processing,must_have,absent,,False,False,,,,
C217,C,R02,Embedded DSP in C/C++,must_have,evidenced,work_history,False,False,,,,
C217,C,R03,Production Python,must_have,evidenced,work_history,False,False,,,,
C217,C,R04,RF measurement experience,must_have,evidenced,cover_letter,True,False,,,,
C217,C,R05,Relevant degree or demonstrated equivalent,must_have,evidenced,skills_list,False,False,,,,
C217,C,R06,Kalman filtering / estimation theory,desirable,evidenced,skills_list,False,False,,,,
C217,C,R07,Satellite or airborne platform experience,desirable,not_stated,,False,False,,,,
C217,C,R08,Team-lead experience,desirable,evidenced,cover_letter,True,False,,,,
C217,C,R09,Publications or open-source record,desirable,not_stated,,False,False,,,,
C217,C,R10,EU work authorisation,constraint,evidenced,skills_list,False,False,,,,
C217,C,R11,Working English,constraint,evidenced,cover_letter,True,False,,,,
C217,C,R12,Onsite in Oulu / relocation,constraint,evidenced,work_history,False,False,,,,
C218,D,R01,Phased-array / beamforming signal processing,must_have,claimed_only,cover_letter,False,False,,,,
C218,D,R02,Embedded DSP in C/C++,must_have,claimed_only,cover_letter,False,False,,,,
C218,D,R03,Production Python,must_have,claimed_only,cover_letter,False,False,,,,
C218,D,R04,RF measurement experience,must_have,claimed_only,cover_letter,False,False,,,,
C218,D,R05,Relevant degree or demonstrated equivalent,must_have,claimed_only,cover_letter,False,False,,,,
C218,D,R06,Kalman filtering / estimation theory,desirable,not_stated,,False,False,,,,
C218,D,R07,Satellite or airborne platform experience,desirable,claimed_only,cover_letter,False,False,,,,
C218,D,R08,Team-lead experience,desirable,claimed_only,skills_list,False,False,,,,
C218,D,R09,Publications or open-source record,desirable,not_stated,,False,False,,,,
C218,D,R10,EU work authorisation,constraint,evidenced,work_history,False,False,,,,
C218,D,R11,Working English,constraint,evidenced,work_history,False,False,,,,
C218,D,R12,Onsite in Oulu / relocation,constraint,evidenced,cover_letter,True,False,,,,
C219,H,R01,Phased-array / beamforming signal processing,must_have,evidenced,project_description,False,False,,,hobby_phased_array,"Real phased-array work and technically credible, but a solo hobby project with no employer or peer review behind it -- defensible either way whether it meets the bar at senior level."
C219,H,R02,Embedded DSP in C/C++,must_have,evidenced,work_history,False,False,,,,
C219,H,R03,Production Python,must_have,evidenced,project_description,False,False,,,,
C219,H,R04,RF measurement experience,must_have,evidenced,project_description,False,False,,,,
C219,H,R05,Relevant degree or demonstrated equivalent,must_have,evidenced,work_history,False,False,,,,
C219,H,R06,Kalman filtering / estimation theory,desirable,not_stated,,False,False,,,,
C219,H,R07,Satellite or airborne platform experience,desirable,claimed_only,cover_letter,False,False,,,,
C219,H,R08,Team-lead experience,desirable,evidenced,project_description,False,False,,,,
C219,H,R09,Publications or open-source record,desirable,not_stated,,False,False,,,,
C219,H,R10,EU work authorisation,constraint,not_stated,,False,False,,,,
C219,H,R11,Working English,constraint,evidenced,project_description,False,False,,,,
C219,H,R12,Onsite in Oulu / relocation,constraint,not_stated,,False,False,,,,
C220,B,R01,Phased-array / beamforming signal processing,must_have,absent,,False,False,,,,
C220,B,R02,Embedded DSP in C/C++,must_have,absent,,False,False,,,,
C220,B,R03,Production Python,must_have,absent,,False,False,,,,
C220,B,R04,RF measurement experience,must_have,absent,,False,False,,,,
C220,B,R05,Relevant degree or demonstrated equivalent,must_have,absent,,False,False,,,,
C220,B,R06,Kalman filtering / estimation theory,desirable,absent,,False,False,,,,
C220,B,R07,Satellite or airborne platform experience,desirable,absent,,False,False,,,,
C220,B,R08,Team-lead experience,desirable,absent,,False,False,,,,
C220,B,R09,Publications or open-source record,desirable,not_stated,,False,False,,,,
C220,B,R10,EU work authorisation,constraint,evidenced,skills_list,False,False,,,,
C220,B,R11,Working English,constraint,not_stated,,False,False,,,,
C220,B,R12,Onsite in Oulu / relocation,constraint,not_stated,,False,False,,,,
C221,B,R01,Phased-array / beamforming signal processing,must_have,absent,,False,False,,,,
C221,B,R02,Embedded DSP in C/C++,must_have,absent,,False,False,,,,
C221,B,R03,Production Python,must_have,absent,,False,False,,,,
C221,B,R04,RF measurement experience,must_have,absent,,False,False,,,,
C221,B,R05,Relevant degree or demonstrated equivalent,must_have,absent,,False,False,,,,
C221,B,R06,Kalman filtering / estimation theory,desirable,absent,,False,False,,,,
C221,B,R07,Satellite or airborne platform experience,desirable,not_stated,,False,False,,,,
C221,B,R08,Team-lead experience,desirable,absent,,False,False,,,,
C221,B,R09,Publications or open-source record,desirable,absent,,False,False,,,,
C221,B,R10,EU work authorisation,constraint,not_stated,,False,False,,,,
C221,B,R11,Working English,constraint,evidenced,work_history,False,False,,,,
C221,B,R12,Onsite in Oulu / relocation,constraint,evidenced,project_description,False,False,,,,
C222,B,R01,Phased-array / beamforming signal processing,must_have,absent,,False,False,,,,
C222,B,R02,Embedded DSP in C/C++,must_have,absent,,False,False,,,,
C222,B,R03,Production Python,must_have,evidenced,skills_list,False,False,,,,
C222,B,R04,RF measurement experience,must_have,absent,,False,False,,,,
C222,B,R05,Relevant degree or demonstrated equivalent,must_have,absent,,False,False,,,,
C222,B,R06,Kalman filtering / estimation theory,desirable,absent,,False,False,,,,
C222,B,R07,Satellite or airborne platform experience,desirable,not_stated,,False,False,,,,
C222,B,R08,Team-lead experience,desirable,absent,,False,False,,,,
C222,B,R09,Publications or open-source record,desirable,absent,,False,False,,,,
C222,B,R10,EU work authorisation,constraint,evidenced,work_history,False,False,,,,
C222,B,R11,Working English,constraint,evidenced,work_history,False,False,,,,
C222,B,R12,Onsite in Oulu / relocation,constraint,evidenced,work_history,False,False,,,,
C223,C,R01,Phased-array / beamforming signal processing,must_have,absent,,False,False,,,,
C223,C,R02,Embedded DSP in C/C++,must_have,evidenced,skills_list,False,False,,,,
C223,C,R03,Production Python,must_have,evidenced,project_description,False,False,,,,
C223,C,R04,RF measurement experience,must_have,evidenced,project_description,False,False,,,,
C223,C,R05,Relevant degree or demonstrated equivalent,must_have,evidenced,work_history,False,False,,,,
C223,C,R06,Kalman filtering / estimation theory,desirable,evidenced,skills_list,False,False,,,,
C223,C,R07,Satellite or airborne platform experience,desirable,not_stated,,False,False,,,,
C223,C,R08,Team-lead experience,desirable,claimed_only,cover_letter,False,False,,,,
C223,C,R09,Publications or open-source record,desirable,not_stated,,False,False,,,,
C223,C,R10,EU work authorisation,constraint,evidenced,skills_list,False,False,,,,
C223,C,R11,Working English,constraint,evidenced,work_history,False,False,,,,
C223,C,R12,Onsite in Oulu / relocation,constraint,evidenced,project_description,False,False,,,,
C224,C,R01,Phased-array / beamforming signal processing,must_have,evidenced,skills_list,False,False,,,,
C224,C,R02,Embedded DSP in C/C++,must_have,evidenced,work_history,False,False,,,,
C224,C,R03,Production Python,must_have,absent,,False,False,,,,
C224,C,R04,RF measurement experience,must_have,evidenced,work_history,False,False,,,,
C224,C,R05,Relevant degree or demonstrated equivalent,must_have,evidenced,project_description,False,False,,,,
C224,C,R06,Kalman filtering / estimation theory,desirable,not_stated,,False,False,,,,
C224,C,R07,Satellite or airborne platform experience,desirable,evidenced,project_description,False,False,,,,
C224,C,R08,Team-lead experience,desirable,not_stated,,False,False,,,,
C224,C,R09,Publications or open-source record,desirable,absent,,False,False,,,,
C224,C,R10,EU work authorisation,constraint,evidenced,project_description,False,False,,,,
C224,C,R11,Working English,constraint,evidenced,work_history,False,False,,,,
C224,C,R12,Onsite in Oulu / relocation,constraint,evidenced,work_history,False,False,,,,
C225,F,R01,Phased-array / beamforming signal processing,must_have,evidenced,skills_list,False,False,,,,
C225,F,R02,Embedded DSP in C/C++,must_have,evidenced,project_description,False,True,embedded signal pipeline for a medical ECG/EEG front end,,,
C225,F,R03,Production Python,must_have,evidenced,work_history,False,False,,,,
C225,F,R04,RF measurement experience,must_have,evidenced,work_history,False,False,,,,
C225,F,R05,Relevant degree or demonstrated equivalent,must_have,evidenced,project_description,False,False,,,,
C225,F,R06,Kalman filtering / estimation theory,desirable,not_stated,,False,False,,,,
C225,F,R07,Satellite or airborne platform experience,desirable,not_stated,,False,False,,,,
C225,F,R08,Team-lead experience,desirable,evidenced,project_description,False,False,,,,
C225,F,R09,Publications or open-source record,desirable,claimed_only,skills_list,False,False,,,,
C225,F,R10,EU work authorisation,constraint,evidenced,project_description,False,False,,,,
C225,F,R11,Working English,constraint,not_stated,,False,False,,,,
C225,F,R12,Onsite in Oulu / relocation,constraint,evidenced,work_history,False,False,,,,
C226,B,R01,Phased-array / beamforming signal processing,must_have,absent,,False,False,,,,
C226,B,R02,Embedded DSP in C/C++,must_have,evidenced,cover_letter,True,False,,,,
C226,B,R03,Production Python,must_have,absent,,False,False,,,,
C226,B,R04,RF measurement experience,must_have,evidenced,work_history,False,False,,,,
C226,B,R05,Relevant degree or demonstrated equivalent,must_have,absent,,False,False,,,,
C226,B,R06,Kalman filtering / estimation theory,desirable,absent,,False,False,,,,
C226,B,R07,Satellite or airborne platform experience,desirable,not_stated,,False,False,,,,
C226,B,R08,Team-lead experience,desirable,absent,,False,False,,,,
C226,B,R09,Publications or open-source record,desirable,not_stated,,False,False,,,,
C226,B,R10,EU work authorisation,constraint,evidenced,work_history,False,False,,,,
C226,B,R11,Working English,constraint,evidenced,work_history,False,False,,,,
C226,B,R12,Onsite in Oulu / relocation,constraint,evidenced,skills_list,False,False,,,,
C227,D,R01,Phased-array / beamforming signal processing,must_have,claimed_only,cover_letter,False,False,,,,
C227,D,R02,Embedded DSP in C/C++,must_have,claimed_only,skills_list,False,False,,,,
C227,D,R03,Production Python,must_have,claimed_only,cover_letter,False,False,,,,
C227,D,R04,RF measurement experience,must_have,claimed_only,skills_list,False,False,,,,
C227,D,R05,Relevant degree or demonstrated equivalent,must_have,claimed_only,cover_letter,False,False,,,,
C227,D,R06,Kalman filtering / estimation theory,desirable,claimed_only,cover_letter,False,False,,,,
C227,D,R07,Satellite or airborne platform experience,desirable,claimed_only,cover_letter,False,False,,,,
C227,D,R08,Team-lead experience,desirable,claimed_only,skills_list,False,False,,,,
C227,D,R09,Publications or open-source record,desirable,claimed_only,skills_list,False,False,,,,
C227,D,R10,EU work authorisation,constraint,evidenced,work_history,False,False,,,,
C227,D,R11,Working English,constraint,evidenced,project_description,False,False,,,,
C227,D,R12,Onsite in Oulu / relocation,constraint,evidenced,cover_letter,True,False,,,,
C228,D,R01,Phased-array / beamforming signal processing,must_have,claimed_only,cover_letter,False,False,,,,
C228,D,R02,Embedded DSP in C/C++,must_have,claimed_only,skills_list,False,False,,,,
C228,D,R03,Production Python,must_have,claimed_only,cover_letter,False,False,,,,
C228,D,R04,RF measurement experience,must_have,claimed_only,cover_letter,False,False,,,,
C228,D,R05,Relevant degree or demonstrated equivalent,must_have,claimed_only,cover_letter,False,False,,,,
C228,D,R06,Kalman filtering / estimation theory,desirable,claimed_only,skills_list,False,False,,,,
C228,D,R07,Satellite or airborne platform experience,desirable,claimed_only,cover_letter,False,False,,,,
C228,D,R08,Team-lead experience,desirable,claimed_only,skills_list,False,False,,,,
C228,D,R09,Publications or open-source record,desirable,claimed_only,cover_letter,False,False,,,,
C228,D,R10,EU work authorisation,constraint,evidenced,skills_list,False,False,,,,
C228,D,R11,Working English,constraint,evidenced,skills_list,False,False,,,,
C228,D,R12,Onsite in Oulu / relocation,constraint,evidenced,project_description,False,False,,,,
C229,A,R01,Phased-array / beamforming signal processing,must_have,evidenced,project_description,False,False,,,,
C229,A,R02,Embedded DSP in C/C++,must_have,evidenced,work_history,False,False,,,,
C229,A,R03,Production Python,must_have,evidenced,work_history,False,False,,,,
C229,A,R04,RF measurement experience,must_have,evidenced,work_history,False,False,,,,
C229,A,R05,Relevant degree or demonstrated equivalent,must_have,evidenced,work_history,False,False,,,,
C229,A,R06,Kalman filtering / estimation theory,desirable,not_stated,,False,False,,,,
C229,A,R07,Satellite or airborne platform experience,desirable,not_stated,,False,False,,,,
C229,A,R08,Team-lead experience,desirable,evidenced,work_history,False,False,,,,
C229,A,R09,Publications or open-source record,desirable,not_stated,,False,False,,,,
C229,A,R10,EU work authorisation,constraint,evidenced,work_history,False,False,,,,
C229,A,R11,Working English,constraint,evidenced,skills_list,False,False,,,,
C229,A,R12,Onsite in Oulu / relocation,constraint,evidenced,project_description,False,False,,,,
C230,F,R01,Phased-array / beamforming signal processing,must_have,evidenced,skills_list,False,False,,,,
C230,F,R02,Embedded DSP in C/C++,must_have,evidenced,cover_letter,True,False,,,,
C230,F,R03,Production Python,must_have,evidenced,work_history,False,True,internal data-pipeline scripts at a research institute that grew into a maintained internal package,,,
C230,F,R04,RF measurement experience,must_have,evidenced,work_history,False,False,,,,
C230,F,R05,Relevant degree or demonstrated equivalent,must_have,evidenced,work_history,False,False,,,,
C230,F,R06,Kalman filtering / estimation theory,desirable,claimed_only,skills_list,False,False,,,,
C230,F,R07,Satellite or airborne platform experience,desirable,not_stated,,False,False,,,,
C230,F,R08,Team-lead experience,desirable,not_stated,,False,False,,,,
C230,F,R09,Publications or open-source record,desirable,not_stated,,False,False,,,,
C230,F,R10,EU work authorisation,constraint,evidenced,project_description,False,False,,,,
C230,F,R11,Working English,constraint,evidenced,work_history,False,False,,,,
C230,F,R12,Onsite in Oulu / relocation,constraint,evidenced,work_history,False,False,,,,
C231,A,R01,Phased-array / beamforming signal processing,must_have,evidenced,work_history,False,False,,,,
C231,A,R02,Embedded DSP in C/C++,must_have,evidenced,work_history,False,False,,,,
C231,A,R03,Production Python,must_have,evidenced,skills_list,False,False,,,,
C231,A,R04,RF measurement experience,must_have,evidenced,work_history,False,False,,,,
C231,A,R05,Relevant degree or demonstrated equivalent,must_have,evidenced,project_description,False,False,,,,
C231,A,R06,Kalman filtering / estimation theory,desirable,absent,,False,False,,,,
C231,A,R07,Satellite or airborne platform experience,desirable,absent,,False,False,,,,
C231,A,R08,Team-lead experience,desirable,not_stated,,False,False,,,,
C231,A,R09,Publications or open-source record,desirable,absent,,False,False,,,,
C231,A,R10,EU work authorisation,constraint,not_stated,,False,False,,,,
C231,A,R11,Working English,constraint,evidenced,work_history,False,False,,,,
C231,A,R12,Onsite in Oulu / relocation,constraint,evidenced,work_history,False,False,,,,
C232,E,R01,Phased-array / beamforming signal processing,must_have,evidenced,cover_letter,True,False,,,,
C232,E,R02,Embedded DSP in C/C++,must_have,evidenced,work_history,False,False,,,,
C232,E,R03,Production Python,must_have,evidenced,project_description,False,False,,,,
C232,E,R04,RF measurement experience,must_have,evidenced,project_description,False,False,,,,
C232,E,R05,Relevant degree or demonstrated equivalent,must_have,evidenced,cover_letter,True,False,,,,
C232,E,R06,Kalman filtering / estimation theory,desirable,not_stated,,False,False,,,,
C232,E,R07,Satellite or airborne platform experience,desirable,not_stated,,False,False,,,,
C232,E,R08,Team-lead experience,desirable,contradicted,cover_letter,False,False,,title_inflation,,
C232,E,R09,Publications or open-source record,desirable,claimed_only,cover_letter,False,False,,,,
C232,E,R10,EU work authorisation,constraint,evidenced,project_description,False,False,,,,
C232,E,R11,Working English,constraint,evidenced,work_history,False,False,,,,
C232,E,R12,Onsite in Oulu / relocation,constraint,evidenced,work_history,False,False,,,,
C233,D,R01,Phased-array / beamforming signal processing,must_have,claimed_only,skills_list,False,False,,,,
C233,D,R02,Embedded DSP in C/C++,must_have,claimed_only,cover_letter,False,False,,,,
C233,D,R03,Production Python,must_have,claimed_only,cover_letter,False,False,,,,
C233,D,R04,RF measurement experience,must_have,claimed_only,cover_letter,False,False,,,,
C233,D,R05,Relevant degree or demonstrated equivalent,must_have,claimed_only,cover_letter,False,False,,,,
C233,D,R06,Kalman filtering / estimation theory,desirable,claimed_only,skills_list,False,False,,,,
C233,D,R07,Satellite or airborne platform experience,desirable,not_stated,,False,False,,,,
C233,D,R08,Team-lead experience,desirable,claimed_only,skills_list,False,False,,,,
C233,D,R09,Publications or open-source record,desirable,claimed_only,cover_letter,False,False,,,,
C233,D,R10,EU work authorisation,constraint,not_stated,,False,False,,,,
C233,D,R11,Working English,constraint,evidenced,work_history,False,False,,,,
C233,D,R12,Onsite in Oulu / relocation,constraint,evidenced,project_description,False,False,,,,
C234,D,R01,Phased-array / beamforming signal processing,must_have,claimed_only,skills_list,False,False,,,,
C234,D,R02,Embedded DSP in C/C++,must_have,claimed_only,cover_letter,False,False,,,,
C234,D,R03,Production Python,must_have,claimed_only,cover_letter,False,False,,,,
C234,D,R04,RF measurement experience,must_have,claimed_only,cover_letter,False,False,,,,
C234,D,R05,Relevant degree or demonstrated equivalent,must_have,claimed_only,cover_letter,False,False,,,,
C234,D,R06,Kalman filtering / estimation theory,desirable,claimed_only,cover_letter,False,False,,,,
C234,D,R07,Satellite or airborne platform experience,desirable,not_stated,,False,False,,,,
C234,D,R08,Team-lead experience,desirable,not_stated,,False,False,,,,
C234,D,R09,Publications or open-source record,desirable,claimed_only,skills_list,False,False,,,,
C234,D,R10,EU work authorisation,constraint,evidenced,project_description,False,False,,,,
C234,D,R11,Working English,constraint,evidenced,work_history,False,False,,,,
C234,D,R12,Onsite in Oulu / relocation,constraint,not_stated,,False,False,,,,
C235,D,R01,Phased-array / beamforming signal processing,must_have,claimed_only,cover_letter,False,False,,,,
C235,D,R02,Embedded DSP in C/C++,must_have,claimed_only,cover_letter,False,False,,,,
C235,D,R03,Production Python,must_have,claimed_only,cover_letter,False,False,,,,
C235,D,R04,RF measurement experience,must_have,claimed_only,cover_letter,False,False,,,,
C235,D,R05,Relevant degree or demonstrated equivalent,must_have,claimed_only,cover_letter,False,False,,,,
C235,D,R06,Kalman filtering / estimation theory,desirable,claimed_only,cover_letter,False,False,,,,
C235,D,R07,Satellite or airborne platform experience,desirable,claimed_only,cover_letter,False,False,,,,
C235,D,R08,Team-lead experience,desirable,claimed_only,cover_letter,False,False,,,,
C235,D,R09,Publications or open-source record,desirable,not_stated,,False,False,,,,
C235,D,R10,EU work authorisation,constraint,evidenced,work_history,False,False,,,,
C235,D,R11,Working English,constraint,evidenced,work_history,False,False,,,,
C235,D,R12,Onsite in Oulu / relocation,constraint,not_stated,,False,False,,,,
C236,D,R01,Phased-array / beamforming signal processing,must_have,claimed_only,skills_list,False,False,,,,
C236,D,R02,Embedded DSP in C/C++,must_have,claimed_only,cover_letter,False,False,,,,
C236,D,R03,Production Python,must_have,claimed_only,cover_letter,False,False,,,,
C236,D,R04,RF measurement experience,must_have,claimed_only,cover_letter,False,False,,,,
C236,D,R05,Relevant degree or demonstrated equivalent,must_have,claimed_only,skills_list,False,False,,,,
C236,D,R06,Kalman filtering / estimation theory,desirable,claimed_only,skills_list,False,False,,,,
C236,D,R07,Satellite or airborne platform experience,desirable,claimed_only,skills_list,False,False,,,,
C236,D,R08,Team-lead experience,desirable,claimed_only,skills_list,False,False,,,,
C236,D,R09,Publications or open-source record,desirable,claimed_only,skills_list,False,False,,,,
C236,D,R10,EU work authorisation,constraint,evidenced,skills_list,False,False,,,,
C236,D,R11,Working English,constraint,evidenced,work_history,False,False,,,,
C236,D,R12,Onsite in Oulu / relocation,constraint,evidenced,cover_letter,True,False,,,,
C237,B,R01,Phased-array / beamforming signal processing,must_have,absent,,False,False,,,,
C237,B,R02,Embedded DSP in C/C++,must_have,absent,,False,False,,,,
C237,B,R03,Production Python,must_have,absent,,False,False,,,,
C237,B,R04,RF measurement experience,must_have,absent,,False,False,,,,
C237,B,R05,Relevant degree or demonstrated equivalent,must_have,absent,,False,False,,,,
C237,B,R06,Kalman filtering / estimation theory,desirable,absent,,False,False,,,,
C237,B,R07,Satellite or airborne platform experience,desirable,absent,,False,False,,,,
C237,B,R08,Team-lead experience,desirable,absent,,False,False,,,,
C237,B,R09,Publications or open-source record,desirable,not_stated,,False,False,,,,
C237,B,R10,EU work authorisation,constraint,evidenced,work_history,False,False,,,,
C237,B,R11,Working English,constraint,evidenced,project_description,False,False,,,,
C237,B,R12,Onsite in Oulu / relocation,constraint,evidenced,work_history,False,False,,,,
C238,B,R01,Phased-array / beamforming signal processing,must_have,absent,,False,False,,,,
C238,B,R02,Embedded DSP in C/C++,must_have,absent,,False,False,,,,
C238,B,R03,Production Python,must_have,absent,,False,False,,,,
C238,B,R04,RF measurement experience,must_have,evidenced,project_description,False,False,,,,
C238,B,R05,Relevant degree or demonstrated equivalent,must_have,absent,,False,False,,,,
C238,B,R06,Kalman filtering / estimation theory,desirable,not_stated,,False,False,,,,
C238,B,R07,Satellite or airborne platform experience,desirable,absent,,False,False,,,,
C238,B,R08,Team-lead experience,desirable,not_stated,,False,False,,,,
C238,B,R09,Publications or open-source record,desirable,absent,,False,False,,,,
C238,B,R10,EU work authorisation,constraint,evidenced,work_history,False,False,,,,
C238,B,R11,Working English,constraint,evidenced,project_description,False,False,,,,
C238,B,R12,Onsite in Oulu / relocation,constraint,evidenced,work_history,False,False,,,,
C239,E,R01,Phased-array / beamforming signal processing,must_have,evidenced,work_history,False,False,,,,
C239,E,R02,Embedded DSP in C/C++,must_have,evidenced,work_history,False,False,,,,
C239,E,R03,Production Python,must_have,evidenced,project_description,False,False,,,,
C239,E,R04,RF measurement experience,must_have,evidenced,work_history,False,False,,,,
C239,E,R05,Relevant degree or demonstrated equivalent,must_have,contradicted,work_history,False,False,,degree_date,,
C239,E,R06,Kalman filtering / estimation theory,desirable,not_stated,,False,False,,,,
C239,E,R07,Satellite or airborne platform experience,desirable,not_stated,,False,False,,,,
C239,E,R08,Team-lead experience,desirable,absent,,False,False,,,,
C239,E,R09,Publications or open-source record,desirable,not_stated,,False,False,,,,
C239,E,R10,EU work authorisation,constraint,evidenced,cover_letter,True,False,,,,
C239,E,R11,Working English,constraint,evidenced,work_history,False,False,,,,
C239,E,R12,Onsite in Oulu / relocation,constraint,evidenced,work_history,False,False,,,,
C240,H,R01,Phased-array / beamforming signal processing,must_have,evidenced,project_description,False,False,,,hobby_phased_array,"Real phased-array work and technically credible, but a solo hobby project with no employer or peer review behind it -- defensible either way whether it meets the bar at senior level."
C240,H,R02,Embedded DSP in C/C++,must_have,evidenced,cover_letter,True,False,,,,
C240,H,R03,Production Python,must_have,evidenced,cover_letter,True,False,,,,
C240,H,R04,RF measurement experience,must_have,evidenced,work_history,False,False,,,,
C240,H,R05,Relevant degree or demonstrated equivalent,must_have,evidenced,project_description,False,False,,,,
C240,H,R06,Kalman filtering / estimation theory,desirable,evidenced,work_history,False,False,,,,
C240,H,R07,Satellite or airborne platform experience,desirable,not_stated,,False,False,,,,
C240,H,R08,Team-lead experience,desirable,claimed_only,skills_list,False,False,,,,
C240,H,R09,Publications or open-source record,desirable,not_stated,,False,False,,,,
C240,H,R10,EU work authorisation,constraint,evidenced,work_history,False,False,,,,
C240,H,R11,Working English,constraint,evidenced,cover_letter,True,False,,,,
C240,H,R12,Onsite in Oulu / relocation,constraint,evidenced,work_history,False,False,,,,
