account_id,month,active_users,dashboard_views,reports_created,connector_syncs,alerts_configured,api_calls,exports_run,logins
ACC0001,2024-10,46,215,51,103,25,364,57,296
ACC0001,2024-11,44,194,51,129,22,414,54,322
ACC0001,2024-12,53,226,52,137,23,350,61,332
ACC0001,2025-01,50,211,58,146,24,383,82,290
ACC0001,2025-02,45,214,51,136,25,298,65,334
ACC0001,2025-03,39,185,46,131,20,365,48,244
ACC0001,2025-04,35,129,37,85,16,242,44,209
ACC0001,2025-05,25,98,27,76,13,175,37,148
ACC0001,2025-06,28,106,28,67,12,218,40,176
ACC0001,2025-07,32,121,34,65,15,205,48,201
ACC0001,2025-08,35,148,35,82,15,248,42,197
ACC0001,2025-09,38,161,37,104,16,291,49,272
ACC0001,2025-10,41,183,47,113,20,315,60,306
ACC0001,2025-11,45,187,51,149,24,415,52,357
ACC0001,2025-12,46,207,66,136,26,323,75,300
ACC0002,2024-09,12,57,14,48,9,101,20,89
ACC0002,2024-10,14,64,19,56,9,115,17,111
ACC0002,2024-11,15,63,17,48,8,122,23,95
ACC0002,2024-12,15,70,19,62,11,143,22,111
ACC0002,2025-01,17,74,20,57,11,113,21,126
ACC0002,2025-02,16,70,21,58,12,133,22,121
ACC0002,2025-03,18,66,19,64,10,128,22,97
ACC0002,2025-04,18,74,18,59,9,149,21,115
ACC0002,2025-05,17,73,19,59,10,134,23,118
ACC0002,2025-06,17,73,21,58,10,141,21,102
ACC0002,2025-07,16,68,20,60,10,143,20,105
ACC0002,2025-08,18,70,19,69,11,139,21,131
ACC0002,2025-09,19,88,21,63,11,126,25,115
ACC0002,2025-10,19,81,27,63,12,157,26,138
ACC0002,2025-11,20,83,23,76,13,166,29,129
ACC0002,2025-12,19,102,27,79,13,194,28,164
ACC0003,2024-07,8,76,20,40,9,76,15,82
ACC0003,2024-08,8,74,18,39,9,77,14,93
ACC0003,2024-09,10,71,22,39,9,99,17,95
ACC0003,2024-10,10,91,26,49,9,103,16,93
ACC0003,2024-11,9,88,24,45,10,101,19,128
ACC0003,2024-12,11,103,28,49,11,108,18,117
ACC0003,2025-01,11,96,26,56,11,110,18,108
ACC0003,2025-02,11,108,28,51,11,90,18,119
ACC0003,2025-03,10,95,23,52,11,112,20,116
ACC0003,2025-04,10,95,29,48,10,104,18,111
ACC0003,2025-05,11,88,23,49,9,83,15,109
ACC0003,2025-06,10,99,25,49,9,80,18,104
ACC0003,2025-07,9,92,27,41,9,95,16,101
ACC0003,2025-08,11,95,24,45,9,94,19,91
ACC0003,2025-09,11,94,31,50,10,103,20,114
ACC0003,2025-10,11,101,28,48,9,110,17,129
ACC0003,2025-11,12,102,24,51,12,115,19,151
ACC0003,2025-12,13,110,28,50,11,102,21,123
ACC0004,2024-11,11,74,21,38,10,128,24,85
ACC0004,2024-12,12,76,20,39,9,129,24,94
ACC0004,2025-01,12,77,24,42,10,125,26,96
ACC0004,2025-02,12,69,21,45,8,115,23,80
ACC0004,2025-03,13,83,22,39,9,122,23,104
ACC0004,2025-04,11,78,21,38,8,113,22,85
ACC0004,2025-05,11,75,21,37,8,112,23,87
ACC0005,2024-12,17,118,20,54,9,103,28,104
ACC0005,2025-01,19,113,20,50,8,116,27,99
ACC0005,2025-02,19,140,19,52,9,104,24,100
ACC0005,2025-03,16,114,21,50,8,91,28,94
ACC0005,2025-04,16,123,15,50,8,106,25,102
ACC0005,2025-05,15,116,16,45,8,96,21,88
ACC0005,2025-06,13,96,16,40,8,97,26,98
ACC0005,2025-07,15,94,15,45,7,100,22,95
ACC0005,2025-08,14,100,17,48,9,82,25,79
ACC0005,2025-09,14,103,18,38,8,117,25,85
ACC0005,2025-10,15,128,17,51,9,110,28,101
ACC0005,2025-11,20,148,19,52,9,113,25,100
ACC0005,2025-12,17,149,18,58,8,104,31,94
ACC0006,2024-11,82,431,141,441,78,1845,132,704
ACC0006,2024-12,75,330,129,417,73,1700,129,691
ACC0006,2025-01,77,468,155,531,63,1916,128,682
ACC0006,2025-02,81,400,120,483,68,1736,129,584
ACC0006,2025-03,68,284,115,433,63,1497,121,602
ACC0006,2025-04,62,313,103,379,59,1397,99,499
ACC0006,2025-05,54,262,96,365,48,1183,75,455
ACC0006,2025-06,38,242,92,260,41,1113,76,385
ACC0006,2025-07,42,216,80,253,35,897,69,346
ACC0006,2025-08,41,180,63,227,33,986,61,345
ACC0006,2025-09,34,182,67,237,39,828,66,266
ACC0006,2025-10,39,175,66,228,35,853,56,324
ACC0006,2025-11,33,183,68,204,32,885,44,317
ACC0006,2025-12,34,151,54,187,28,713,56,287
ACC0007,2024-07,12,89,14,25,5,125,16,115
ACC0007,2024-08,11,88,17,26,7,123,15,103
ACC0007,2024-09,12,81,17,34,7,126,17,112
ACC0007,2024-10,15,93,20,32,8,126,14,120
ACC0007,2024-11,15,87,18,33,7,144,19,139
ACC0007,2024-12,17,94,18,36,8,170,21,127
ACC0007,2025-01,15,94,19,30,7,151,19,118
ACC0007,2025-02,14,88,13,31,6,112,15,95
ACC0007,2025-03,13,69,13,20,4,99,12,77
ACC0007,2025-04,8,61,9,18,4,66,11,72
ACC0007,2025-05,8,69,10,18,4,91,11,81
ACC0007,2025-06,10,65,10,23,5,100,13,69
ACC0007,2025-07,10,66,11,21,5,94,13,83
ACC0007,2025-08,12,75,13,24,5,97,13,99
ACC0007,2025-09,12,82,13,24,6,127,13,105
ACC0007,2025-10,14,81,16,31,6,143,18,125
ACC0007,2025-11,16,102,18,35,8,165,19,120
ACC0007,2025-12,15,101,19,37,7,158,19,135
ACC0008,2024-09,29,212,39,89,28,389,52,257
ACC0008,2024-10,33,224,41,118,28,397,47,285
ACC0008,2024-11,36,194,40,123,30,421,62,263
ACC0008,2024-12,31,215,46,130,32,381,63,355
ACC0008,2025-01,32,252,47,108,33,443,64,329
ACC0008,2025-02,29,242,42,116,29,359,54,250
ACC0008,2025-03,26,166,33,105,23,325,36,266
ACC0008,2025-04,23,176,31,76,17,215,26,188
ACC0008,2025-05,13,135,25,76,17,215,31,166
ACC0008,2025-06,17,140,25,80,17,211,34,145
ACC0008,2025-07,13,180,26,86,14,251,28,216
ACC0008,2025-08,21,154,29,93,18,282,40,225
ACC0008,2025-09,26,174,36,97,23,321,46,221
ACC0008,2025-10,30,199,45,105,23,335,43,253
ACC0008,2025-11,33,248,39,128,26,433,59,299
ACC0008,2025-12,35,300,43,116,27,423,54,324
ACC0009,2024-07,88,385,70,419,47,1558,118,422
ACC0009,2024-08,92,443,100,489,54,1238,110,378
ACC0009,2024-09,78,472,91,532,51,1577,108,515
ACC0009,2024-10,88,433,96,507,54,1599,118,511
ACC0009,2024-11,94,464,100,566,51,1386,156,606
ACC0009,2024-12,106,512,92,565,56,1753,151,573
ACC0009,2025-01,111,507,89,532,56,1632,171,551
ACC0009,2025-02,93,561,101,593,56,1847,122,586
ACC0009,2025-03,114,472,99,521,60,1828,138,574
ACC0009,2025-04,106,514,100,462,54,1430,142,542
ACC0009,2025-05,83,399,96,487,52,1604,112,446
ACC0009,2025-06,90,375,102,510,46,1489,120,491
ACC0009,2025-07,86,415,88,460,47,1389,111,496
ACC0009,2025-08,99,429,85,476,51,1269,132,486
ACC0009,2025-09,84,400,96,408,55,1637,129,454
ACC0009,2025-10,107,481,109,581,49,1532,117,524
ACC0009,2025-11,104,528,110,483,53,1759,163,566
ACC0009,2025-12,116,491,111,655,51,1649,145,568
ACC0010,2024-04,99,486,114,295,54,1296,117,596
ACC0010,2024-05,93,354,94,341,66,1001,112,535
ACC0010,2024-06,82,310,87,242,54,971,98,558
ACC0010,2024-07,85,375,76,248,48,1056,104,522
ACC0010,2024-08,104,346,75,258,53,902,81,546
ACC0010,2024-09,74,337,74,220,46,1049,82,474
ACC0010,2024-10,84,364,80,241,45,868,81,520
ACC0010,2024-11,71,329,66,240,42,894,102,559
ACC0010,2024-12,67,340,77,168,40,740,98,445
ACC0010,2025-01,64,311,55,183,37,779,64,504
ACC0010,2025-02,58,284,48,152,30,618,61,423
ACC0010,2025-03,47,212,43,134,26,569,48,386
ACC0010,2025-04,39,188,27,90,22,469,42,263
ACC0010,2025-05,28,159,28,87,19,389,37,252
ACC0010,2025-06,28,123,24,70,13,277,31,197
ACC0010,2025-07,22,121,16,55,12,277,24,150
ACC0010,2025-08,16,107,13,51,11,171,23,149
ACC0010,2025-09,15,75,14,34,7,154,17,119
ACC0011,2024-03,38,308,43,104,25,556,56,339
ACC0011,2024-04,38,275,51,104,27,547,67,329
ACC0011,2024-05,40,249,51,110,22,574,58,316
ACC0011,2024-06,34,305,46,103,28,565,63,292
ACC0011,2024-07,37,290,49,105,26,504,62,341
ACC0011,2024-08,35,274,49,105,21,562,67,304
ACC0011,2024-09,46,286,51,106,24,644,57,335
ACC0011,2024-10,44,303,65,128,30,593,71,398
ACC0011,2024-11,43,380,62,119,30,693,76,360
ACC0011,2024-12,52,387,55,153,36,716,83,411
ACC0011,2025-01,52,376,66,142,35,899,91,434
ACC0011,2025-02,52,382,69,159,35,879,89,465
ACC0011,2025-03,49,378,68,151,36,764,84,444
ACC0011,2025-04,48,348,62,147,32,777,86,455
ACC0011,2025-05,52,362,70,139,37,735,84,400
ACC0011,2025-06,43,358,66,145,29,723,81,347
ACC0011,2025-07,55,333,60,139,31,776,91,454
ACC0011,2025-08,53,379,69,146,35,857,79,457
ACC0011,2025-09,62,383,78,141,38,776,95,440
ACC0011,2025-10,65,438,77,178,40,809,102,498
ACC0011,2025-11,65,514,78,171,44,873,98,509
ACC0011,2025-12,65,502,86,173,43,1001,117,601
ACC0012,2024-04,15,106,12,29,10,171,25,98
ACC0012,2024-05,11,89,14,35,8,145,27,105
ACC0012,2024-06,12,73,11,27,7,132,24,82
ACC0012,2024-07,11,85,11,24,8,118,22,79
ACC0012,2024-08,11,71,11,26,7,127,22,81
ACC0012,2024-09,11,85,11,29,7,111,22,81
ACC0012,2024-10,10,67,10,28,7,136,23,78
ACC0012,2024-11,10,84,10,27,6,133,21,86
ACC0012,2024-12,11,80,10,25,7,121,21,75
ACC0012,2025-01,9,70,10,27,7,94,21,66
ACC0012,2025-02,9,62,8,22,6,98,19,65
ACC0012,2025-03,8,55,6,19,6,99,16,50
ACC0012,2025-04,5,50,6,16,5,93,12,54
ACC0012,2025-05,5,43,6,12,4,72,12,43
ACC0012,2025-06,5,40,4,11,4,59,11,41
ACC0012,2025-07,5,35,4,11,2,51,9,31
ACC0012,2025-08,4,28,4,10,3,45,8,29
ACC0012,2025-09,4,27,3,9,3,41,8,31
ACC0012,2025-10,3,29,3,9,2,37,8,29
ACC0012,2025-11,3,25,3,7,2,36,7,27
ACC0012,2025-12,3,22,3,7,2,28,6,21
ACC0013,2024-07,12,72,20,41,8,88,22,72
ACC0013,2024-08,11,94,18,41,8,100,21,89
ACC0013,2024-09,13,85,20,41,8,100,22,88
ACC0013,2024-10,11,95,20,47,8,94,23,98
ACC0013,2024-11,13,90,20,42,8,101,24,92
ACC0013,2024-12,14,105,21,51,8,100,23,94
ACC0013,2025-01,13,99,20,47,8,93,28,97
ACC0013,2025-02,14,92,21,47,8,103,25,102
ACC0013,2025-03,13,109,21,45,8,87,22,89
ACC0013,2025-04,13,102,21,46,9,94,22,103
ACC0013,2025-05,13,90,21,46,8,100,24,85
ACC0013,2025-06,11,94,20,39,7,92,24,106
ACC0013,2025-07,12,86,19,42,8,96,20,90
ACC0013,2025-08,14,93,17,47,9,96,22,96
ACC0013,2025-09,12,107,21,46,8,103,24,91
ACC0013,2025-10,7,50,11,24,4,53,15,53
ACC0014,2024-05,64,729,129,439,35,1387,118,464
ACC0014,2024-06,68,600,125,399,39,1291,119,470
ACC0014,2024-07,68,582,120,432,45,1183,109,364
ACC0014,2024-08,77,583,139,451,41,1134,112,353
ACC0014,2024-09,85,573,159,410,43,1238,116,450
ACC0014,2024-10,70,654,144,528,48,1305,132,471
ACC0014,2024-11,76,737,145,487,39,1248,135,539
ACC0014,2024-12,89,745,161,583,45,1377,148,557
ACC0014,2025-01,98,912,153,477,49,1665,161,540
ACC0014,2025-02,86,900,164,510,54,1472,138,616
ACC0014,2025-03,90,773,178,507,43,1504,119,519
ACC0014,2025-04,72,601,155,496,53,1535,123,511
ACC0014,2025-05,92,764,165,420,47,1350,135,468
ACC0014,2025-06,76,820,155,463,46,1368,128,472
ACC0014,2025-07,71,622,132,503,43,1232,137,447
ACC0014,2025-08,84,673,112,477,42,1520,142,544
ACC0014,2025-09,80,732,164,596,43,1413,147,497
ACC0014,2025-10,97,787,186,513,53,1618,146,581
ACC0014,2025-11,106,892,190,582,46,1656,142,564
ACC0014,2025-12,95,971,190,480,51,1786,158,529
ACC0015,2024-06,10,71,13,32,8,136,24,110
ACC0015,2024-07,11,81,13,37,8,137,26,110
ACC0015,2024-08,11,80,14,32,8,135,25,104
ACC0015,2024-09,12,87,14,38,9,159,28,117
ACC0015,2024-10,13,91,16,39,10,167,28,103
ACC0015,2024-11,13,105,17,40,8,175,33,121
ACC0015,2024-12,15,115,19,50,11,171,30,147
ACC0015,2025-01,16,116,18,44,11,201,33,125
ACC0015,2025-02,14,108,18,49,11,232,34,142
ACC0015,2025-03,13,115,19,46,10,183,37,172
ACC0015,2025-04,15,129,20,45,10,202,35,154
ACC0015,2025-05,16,104,19,41,10,182,33,143
ACC0015,2025-06,14,102,18,43,9,200,36,139
ACC0015,2025-07,12,116,18,46,9,194,33,148
ACC0015,2025-08,16,111,19,49,11,201,34,143
ACC0015,2025-09,14,124,17,47,12,206,39,150
ACC0015,2025-10,18,137,20,47,13,230,35,164
ACC0015,2025-11,20,142,20,52,13,247,44,201
ACC0015,2025-12,19,147,23,57,14,237,55,186
ACC0016,2024-01,14,92,28,65,6,148,28,93
ACC0016,2024-02,13,103,24,55,7,117,29,102
ACC0016,2024-03,13,96,23,58,8,122,29,93
ACC0016,2024-04,13,85,26,49,7,125,28,92
ACC0016,2024-05,13,76,21,51,6,110,27,91
ACC0016,2024-06,12,78,21,45,7,117,23,76
ACC0016,2024-07,11,67,21,47,7,103,27,84
ACC0016,2024-08,12,81,22,50,6,114,27,94
ACC0016,2024-09,14,85,21,54,5,132,27,103
ACC0016,2024-10,13,91,25,56,6,117,25,100
ACC0016,2024-11,14,86,26,63,7,142,23,101
ACC0016,2024-12,12,118,23,62,7,135,30,89
ACC0016,2025-01,12,88,24,57,8,150,30,108
ACC0016,2025-02,11,99,25,58,8,143,35,117
ACC0016,2025-03,15,93,23,62,7,151,32,109
ACC0016,2025-04,12,95,24,58,7,133,25,88
ACC0016,2025-05,13,91,27,53,8,115,26,93
ACC0016,2025-06,9,85,21,51,5,107,27,90
ACC0016,2025-07,11,87,21,54,6,131,28,92
ACC0016,2025-08,11,94,21,49,6,128,27,103
ACC0016,2025-09,12,94,23,50,8,132,22,106
ACC0016,2025-10,12,80,23,58,7,127,34,92
ACC0016,2025-11,13,96,27,55,9,128,31,121
ACC0016,2025-12,15,104,27,62,8,186,30,103
ACC0017,2024-02,68,604,120,390,44,1770,163,733
ACC0017,2024-03,87,554,154,289,38,1688,172,629
ACC0017,2024-04,66,684,109,264,39,1514,163,628
ACC0017,2024-05,57,499,88,265,32,1213,116,459
ACC0017,2024-06,46,436,67,230,27,937,117,481
ACC0017,2024-07,42,394,62,185,22,852,96,458
ACC0017,2024-08,35,413,54,164,17,874,76,313
ACC0018,2024-01,11,100,23,59,11,109,27,76
ACC0018,2024-02,13,109,22,60,10,118,29,97
ACC0018,2024-03,14,96,19,55,11,118,23,86
ACC0018,2024-04,13,99,19,49,9,126,26,90
ACC0018,2024-05,10,98,16,44,9,98,26,84
ACC0018,2024-06,12,81,17,45,10,106,23,76
ACC0018,2024-07,11,92,16,45,10,99,27,69
ACC0018,2024-08,10,90,19,43,10,113,25,87
ACC0018,2024-09,12,98,21,50,9,107,25,80
ACC0018,2024-10,12,110,20,52,11,115,27,76
ACC0018,2024-11,15,129,22,57,10,123,28,91
ACC0018,2024-12,11,121,22,59,10,132,31,97
ACC0018,2025-01,12,122,24,64,10,123,31,109
ACC0018,2025-02,14,102,23,59,11,124,32,93
ACC0018,2025-03,13,122,23,63,10,110,29,103
ACC0018,2025-04,11,113,21,46,11,130,27,89
ACC0018,2025-05,11,97,20,53,10,117,26,74
ACC0018,2025-06,10,102,20,57,10,105,27,80
ACC0018,2025-07,12,99,19,44,10,108,27,86
ACC0018,2025-08,11,91,21,40,9,114,24,88
ACC0018,2025-09,10,109,20,48,11,110,33,84
ACC0018,2025-10,15,112,24,50,11,125,29,101
ACC0018,2025-11,13,122,19,60,11,129,29,109
ACC0018,2025-12,12,105,25,55,12,138,29,108
ACC0019,2024-11,39,183,35,141,25,454,74,217
ACC0019,2024-12,41,158,31,165,24,413,69,219
ACC0019,2025-01,42,172,36,155,26,447,81,205
ACC0019,2025-02,45,173,37,176,22,374,80,220
ACC0019,2025-03,39,164,41,165,22,379,72,210
ACC0019,2025-04,42,171,41,159,23,469,71,234
ACC0019,2025-05,33,170,38,158,24,353,70,206
ACC0019,2025-06,35,159,33,140,21,410,66,186
ACC0019,2025-07,36,165,29,149,21,401,70,183
ACC0019,2025-08,42,161,37,143,21,399,68,197
ACC0019,2025-09,40,189,36,152,21,425,70,205
ACC0019,2025-10,46,175,36,164,27,403,82,211
ACC0019,2025-11,47,189,40,157,28,436,80,233
ACC0019,2025-12,50,191,42,195,24,395,79,256
ACC0020,2024-11,44,248,57,113,19,625,44,300
ACC0020,2024-12,46,261,58,111,20,637,52,283
ACC0020,2025-01,44,262,59,108,20,633,54,306
ACC0020,2025-02,49,266,54,109,19,688,50,287
ACC0020,2025-03,43,258,56,118,21,619,50,299
ACC0020,2025-04,44,225,53,108,18,630,49,305
ACC0020,2025-05,44,233,51,101,18,613,45,309
ACC0020,2025-06,39,249,52,100,17,590,47,295
ACC0020,2025-07,43,249,56,94,19,587,47,312
ACC0020,2025-08,48,230,49,92,18,613,47,275
ACC0020,2025-09,48,246,54,101,18,643,54,308
ACC0020,2025-10,25,140,31,58,12,362,28,167
ACC0021,2024-01,41,197,61,159,23,405,58,253
ACC0021,2024-02,36,264,62,138,24,397,54,261
ACC0021,2024-03,33,263,59,155,25,357,63,253
ACC0021,2024-04,36,240,56,127,19,310,47,267
ACC0021,2024-05,31,241,48,131,23,346,52,226
ACC0021,2024-06,31,215,46,130,18,356,54,253
ACC0021,2024-07,34,243,43,126,20,304,49,220
ACC0021,2024-08,31,189,46,122,23,343,42,232
ACC0021,2024-09,30,197,37,107,19,311,49,216
ACC0021,2024-10,27,212,45,123,18,276,49,179
ACC0021,2024-11,25,203,46,113,18,272,46,184
ACC0021,2024-12,29,189,33,100,15,263,41,176
ACC0021,2025-01,21,170,29,88,16,232,30,151
ACC0021,2025-02,19,165,34,99,15,219,36,177
ACC0021,2025-03,27,191,34,100,17,249,35,160
ACC0021,2025-04,26,137,37,97,18,240,41,155
ACC0021,2025-05,23,163,41,102,17,249,30,174
ACC0021,2025-06,24,192,38,98,21,283,33,198
ACC0021,2025-07,28,165,35,127,17,262,46,152
ACC0021,2025-08,26,180,41,96,16,291,43,177
ACC0021,2025-09,28,244,46,135,21,310,46,211
ACC0021,2025-10,36,273,60,119,27,421,50,234
ACC0021,2025-11,34,234,52,158,26,435,61,206
ACC0021,2025-12,43,339,58,176,28,414,68,278
ACC0022,2024-01,16,77,26,56,9,140,31,106
ACC0022,2024-02,18,69,27,62,8,164,30,108
ACC0022,2024-03,17,62,23,58,8,144,29,114
ACC0022,2024-04,17,68,25,60,9,145,28,120
ACC0022,2024-05,17,66,23,58,8,163,32,108
ACC0022,2024-06,18,65,23,57,7,134,34,106
ACC0022,2024-07,17,69,25,53,7,151,29,99
ACC0022,2024-08,16,71,22,58,9,140,30,112
ACC0022,2024-09,21,69,25,60,8,171,29,100
ACC0022,2024-10,21,77,32,66,10,173,35,123
ACC0022,2024-11,20,69,30,72,9,201,33,128
ACC0022,2024-12,20,90,35,73,11,170,36,156
ACC0022,2025-01,24,84,31,69,10,224,40,125
ACC0022,2025-02,23,85,37,69,14,231,41,166
ACC0022,2025-03,22,100,36,73,11,181,36,126
ACC0022,2025-04,23,84,32,77,10,178,42,149
ACC0022,2025-05,22,94,34,71,10,190,38,143
ACC0022,2025-06,21,87,33,65,10,209,38,134
ACC0022,2025-07,23,91,39,85,11,179,45,138
ACC0022,2025-08,25,88,35,87,12,227,38,147
ACC0022,2025-09,24,90,36,82,11,227,42,188
ACC0022,2025-10,23,112,39,94,13,218,44,143
ACC0022,2025-11,25,97,42,96,15,280,52,158
ACC0022,2025-12,27,110,45,96,13,226,55,174
ACC0023,2024-04,27,271,51,142,23,463,51,340
ACC0023,2024-05,28,207,56,134,23,491,45,287
ACC0023,2024-06,26,239,43,117,17,416,40,279
ACC0023,2024-07,28,223,44,117,20,409,36,265
ACC0023,2024-08,23,234,45,114,16,469,43,291
ACC0023,2024-09,24,205,52,106,19,379,44,269
ACC0023,2024-10,24,220,41,124,18,400,41,232
ACC0023,2024-11,26,219,42,109,15,408,40,265
ACC0023,2024-12,24,192,46,103,17,463,45,208
ACC0023,2025-01,24,196,37,118,15,333,31,213
ACC0023,2025-02,19,167,34,89,13,372,32,190
ACC0023,2025-03,18,158,35,85,10,293,29,164
ACC0023,2025-04,15,126,25,73,10,253,28,151
ACC0023,2025-05,13,108,23,73,11,225,25,129
ACC0023,2025-06,11,104,19,47,7,205,19,111
ACC0023,2025-07,9,82,19,52,7,167,13,112
ACC0023,2025-08,10,53,17,37,6,144,16,97
ACC0023,2025-09,8,70,17,37,6,156,14,79
ACC0023,2025-10,8,62,16,33,7,140,15,82
ACC0023,2025-11,7,54,14,35,5,115,12,76
ACC0023,2025-12,7,49,14,28,6,114,14,66
ACC0024,2024-07,10,85,20,38,7,72,23,105
ACC0024,2024-08,9,102,22,36,7,77,25,112
ACC0024,2024-09,9,97,24,38,7,92,26,112
ACC0024,2024-10,12,107,23,45,7,92,28,108
ACC0024,2024-11,11,97,24,46,8,101,27,117
ACC0024,2024-12,12,113,27,48,8,91,31,110
ACC0024,2025-01,11,130,20,50,8,101,32,130
ACC0024,2025-02,12,130,28,43,9,105,31,136
ACC0024,2025-03,9,94,28,41,9,92,30,140
ACC0024,2025-04,13,88,24,41,7,109,31,127
ACC0024,2025-05,9,112,26,45,8,94,26,126
ACC0024,2025-06,13,106,25,38,7,77,30,131
ACC0024,2025-07,11,93,22,40,8,91,29,122
ACC0024,2025-08,11,96,24,46,9,81,28,134
ACC0024,2025-09,11,117,28,45,8,94,32,125
ACC0024,2025-10,12,124,27,42,8,80,32,128
ACC0024,2025-11,14,124,27,45,9,98,33,140
ACC0024,2025-12,13,121,24,58,9,116,33,117
ACC0025,2024-05,9,115,18,38,9,125,14,96
ACC0025,2024-06,9,91,15,33,9,119,13,76
ACC0025,2024-07,11,100,19,37,8,119,15,82
ACC0025,2024-08,9,89,16,40,9,102,14,77
ACC0025,2024-09,10,110,14,34,8,101,15,93
ACC0025,2024-10,11,101,21,35,10,126,15,81
ACC0025,2024-11,10,124,19,41,9,118,17,90
ACC0025,2024-12,11,112,16,34,9,108,16,72
ACC0025,2025-01,8,98,15,32,10,100,14,85
ACC0025,2025-02,9,72,12,27,8,84,13,59
ACC0025,2025-03,6,67,10,20,6,71,9,48
ACC0025,2025-04,6,76,12,26,6,76,12,54
ACC0025,2025-05,8,75,12,28,6,75,8,65
ACC0025,2025-06,7,79,11,30,6,80,10,63
ACC0025,2025-07,9,94,13,27,7,90,10,65
ACC0025,2025-08,9,105,13,27,8,95,14,64
ACC0025,2025-09,9,96,16,30,8,114,13,87
ACC0025,2025-10,9,113,18,35,9,110,15,80
ACC0025,2025-11,13,117,19,37,10,136,18,103
ACC0025,2025-12,11,119,17,39,10,150,16,117
ACC0026,2024-06,53,410,91,414,41,1362,123,449
ACC0026,2024-07,62,348,90,310,37,1289,125,450
ACC0026,2024-08,69,363,95,347,39,1458,154,409
ACC0026,2024-09,70,365,94,305,37,1295,148,542
ACC0026,2024-10,71,407,97,430,41,1463,151,462
ACC0026,2024-11,70,384,107,471,51,1737,138,484
ACC0026,2024-12,84,435,97,448,41,1666,157,517
ACC0026,2025-01,83,496,111,436,48,1621,163,587
ACC0026,2025-02,72,419,124,425,47,1669,155,520
ACC0026,2025-03,78,433,102,459,46,1771,166,548
ACC0026,2025-04,67,431,106,427,52,1384,168,543
ACC0026,2025-05,66,396,98,444,46,1412,126,436
ACC0026,2025-06,66,402,101,425,42,1494,131,409
ACC0026,2025-07,66,389,101,328,36,1391,127,522
ACC0026,2025-08,71,348,86,461,43,1445,128,558
ACC0026,2025-09,68,404,112,422,45,1667,153,444
ACC0026,2025-10,74,419,120,461,42,1470,138,492
ACC0026,2025-11,87,508,115,471,50,1707,161,614
ACC0026,2025-12,83,509,129,460,46,1612,165,619
ACC0027,2024-03,11,105,14,52,11,161,27,85
ACC0027,2024-04,8,78,13,48,10,135,25,66
ACC0027,2024-05,9,92,12,45,9,127,21,64
ACC0027,2024-06,9,72,10,36,8,115,22,66
ACC0027,2024-07,8,83,9,36,7,122,17,60
ACC0027,2024-08,8,73,10,38,7,140,21,59
ACC0027,2024-09,8,78,9,30,7,115,19,54
ACC0027,2024-10,8,83,9,33,7,107,17,58
ACC0027,2024-11,7,76,8,24,5,106,17,63
ACC0027,2024-12,5,69,7,29,5,101,15,52
ACC0027,2025-01,6,64,6,22,3,87,15,50
ACC0027,2025-02,5,58,5,21,3,70,11,45
ACC0027,2025-03,4,44,5,18,3,58,11,36
ACC0027,2025-04,3,37,3,15,3,55,8,29
ACC0027,2025-05,3,32,2,11,2,39,7,25
ACC0027,2025-06,2,28,2,9,2,32,6,18
ACC0027,2025-07,2,21,2,7,1,26,4,16
ACC0028,2024-04,40,217,46,107,28,490,54,218
ACC0028,2024-05,37,241,37,92,26,405,54,202
ACC0028,2024-06,35,215,37,116,25,380,55,223
ACC0028,2024-07,37,220,43,105,23,403,57,215
ACC0028,2024-08,34,234,38,116,25,416,50,186
ACC0028,2024-09,40,230,38,118,27,478,53,229
ACC0028,2024-10,33,255,38,129,29,452,54,209
ACC0028,2024-11,37,281,42,129,27,453,56,223
ACC0028,2024-12,43,266,55,129,32,492,61,226
ACC0028,2025-01,41,310,54,130,30,437,54,271
ACC0028,2025-02,41,294,47,122,29,513,67,271
ACC0028,2025-03,40,291,40,139,30,428,56,240
ACC0028,2025-04,44,296,42,131,26,508,51,219
ACC0028,2025-05,39,268,42,110,29,398,52,213
ACC0028,2025-06,41,254,36,115,28,444,52,212
ACC0028,2025-07,37,216,44,92,29,423,49,233
ACC0028,2025-08,41,238,41,109,27,402,58,230
ACC0028,2025-09,37,278,38,119,29,428,51,212
ACC0028,2025-10,40,268,49,115,30,502,57,221
ACC0028,2025-11,45,249,46,107,31,457,63,251
ACC0028,2025-12,40,330,51,130,32,537,64,240
ACC0029,2024-01,27,195,64,150,25,530,53,329
ACC0029,2024-02,29,222,60,143,21,562,68,316
ACC0029,2024-03,27,219,51,154,22,520,67,323
ACC0029,2024-04,26,212,62,163,24,446,56,274
ACC0029,2024-05,27,187,52,133,21,471,55,257
ACC0029,2024-06,24,180,49,115,19,462,59,250
ACC0029,2024-07,24,175,47,112,15,482,65,256
ACC0029,2024-08,25,191,52,138,20,426,55,245
ACC0029,2024-09,28,181,49,131,22,418,58,278
ACC0029,2024-10,27,195,55,162,21,539,64,269
ACC0029,2024-11,33,186,50,136,22,494,71,302
ACC0029,2024-12,31,241,60,169,20,562,71,275
ACC0029,2025-01,27,215,54,152,24,548,73,325
ACC0029,2025-02,27,223,66,172,27,570,77,268
ACC0029,2025-03,29,219,59,165,24,481,68,272
ACC0029,2025-04,26,185,54,128,21,580,63,327
ACC0029,2025-05,27,170,57,157,24,478,63,301
ACC0029,2025-06,27,208,55,152,17,456,50,288
ACC0029,2025-07,26,198,48,123,22,481,63,284
ACC0029,2025-08,27,192,58,148,20,505,63,257
ACC0029,2025-09,23,195,56,155,22,496,62,255
ACC0029,2025-10,29,203,64,156,26,464,65,327
ACC0029,2025-11,30,215,63,163,25,492,70,286
ACC0029,2025-12,25,231,62,183,26,604,76,338
ACC0030,2024-09,9,54,18,32,7,128,19,77
ACC0030,2024-10,11,65,20,33,7,134,19,75
ACC0030,2024-11,11,59,20,34,8,125,20,72
ACC0030,2024-12,13,67,21,40,8,137,21,83
ACC0030,2025-01,10,65,21,34,9,147,19,90
ACC0030,2025-02,11,66,22,33,9,137,23,79
ACC0030,2025-03,12,65,21,34,7,131,21,92
ACC0030,2025-04,12,71,21,34,8,156,23,87
ACC0030,2025-05,12,66,15,31,7,133,17,77
ACC0030,2025-06,12,56,18,34,7,129,18,74
ACC0030,2025-07,9,68,17,34,8,111,17,68
ACC0030,2025-08,10,60,18,31,7,110,18,86
ACC0030,2025-09,12,56,22,33,7,138,17,83
ACC0030,2025-10,10,69,22,32,9,125,18,71
ACC0030,2025-11,12,66,19,35,7,143,17,94
ACC0031,2024-01,50,211,45,99,20,474,48,344
ACC0031,2024-02,46,210,49,107,19,414,52,324
ACC0031,2024-03,41,201,44,104,19,397,55,399
ACC0031,2024-04,46,190,46,101,14,416,44,276
ACC0031,2024-05,36,193,39,82,17,292,51,309
ACC0031,2024-06,43,178,46,99,17,383,45,288
ACC0031,2024-07,38,178,38,81,17,343,50,333
ACC0031,2024-08,32,192,36,78,14,344,44,295
ACC0031,2024-09,37,162,42,78,17,340,40,258
ACC0031,2024-10,36,156,43,84,15,310,39,296
ACC0031,2024-11,31,151,39,68,14,294,41,287
ACC0031,2024-12,31,129,31,68,12,283,32,216
ACC0031,2025-01,27,134,28,59,12,245,32,225
ACC0031,2025-02,29,121,30,60,13,227,35,204
ACC0031,2025-03,32,135,29,72,13,279,31,239
ACC0031,2025-04,32,155,33,65,13,242,36,222
ACC0031,2025-05,32,143,29,71,14,257,33,206
ACC0031,2025-06,30,159,33,63,13,299,36,241
ACC0031,2025-07,28,141,31,73,14,269,35,285
ACC0031,2025-08,32,158,42,91,11,263,44,306
ACC0031,2025-09,35,160,41,78,17,306,41,256
ACC0031,2025-10,44,229,39,86,17,333,51,289
ACC0031,2025-11,40,206,50,94,20,358,54,379
ACC0031,2025-12,44,245,50,101,20,412,55,398
ACC0032,2024-06,11,71,15,31,5,139,24,83
ACC0032,2024-07,11,66,16,29,5,146,27,85
ACC0032,2024-08,10,71,17,36,5,127,25,91
ACC0032,2024-09,10,75,16,31,6,121,21,89
ACC0032,2024-10,10,76,16,35,6,142,25,89
ACC0032,2024-11,10,81,15,32,5,129,23,100
ACC0032,2024-12,10,74,16,30,5,138,26,84
ACC0032,2025-01,11,73,14,30,6,131,21,90
ACC0032,2025-02,10,69,12,24,5,115,20,76
ACC0032,2025-03,8,66,12,26,4,83,18,73
ACC0032,2025-04,7,46,10,22,3,88,14,58
ACC0032,2025-05,6,44,8,19,3,72,16,48
ACC0032,2025-06,5,37,7,16,3,66,11,47
ACC0032,2025-07,4,36,6,12,3,56,10,40
ACC0032,2025-08,5,30,6,13,3,54,12,35
ACC0032,2025-09,4,27,5,12,2,51,9,36
ACC0032,2025-10,4,28,6,13,2,41,9,34
ACC0032,2025-11,4,30,5,11,2,43,8,31
ACC0032,2025-12,3,23,5,11,2,34,8,24
ACC0033,2024-10,13,90,15,32,9,90,19,79
ACC0033,2024-11,15,92,14,32,12,104,21,90
ACC0033,2024-12,12,107,16,35,12,93,20,79
ACC0033,2025-01,16,111,16,35,11,95,21,94
ACC0033,2025-02,14,109,13,39,10,100,22,92
ACC0033,2025-03,14,107,15,37,11,93,21,85
ACC0033,2025-04,13,98,15,37,10,96,19,78
ACC0033,2025-05,11,91,11,32,10,87,15,68
ACC0033,2025-06,12,96,12,30,9,86,16,76
ACC0033,2025-07,12,87,13,30,8,82,16,73
ACC0033,2025-08,14,88,15,34,8,83,17,73
ACC0033,2025-09,13,93,12,33,9,93,18,76
ACC0033,2025-10,16,92,13,35,11,96,19,74
ACC0033,2025-11,15,116,14,38,11,112,18,97
ACC0033,2025-12,15,126,14,40,11,93,22,90
ACC0034,2024-09,11,73,15,52,6,92,21,88
ACC0034,2024-10,11,74,20,49,6,113,24,100
ACC0034,2024-11,13,76,22,47,6,99,20,103
ACC0034,2024-12,12,92,20,53,7,132,25,118
ACC0034,2025-01,12,88,22,50,8,131,27,108
ACC0034,2025-02,13,98,22,61,7,115,27,122
ACC0034,2025-03,15,88,23,59,8,130,29,104
ACC0034,2025-04,12,85,24,56,6,112,24,125
ACC0034,2025-05,12,86,22,51,7,129,22,109
ACC0034,2025-06,14,93,23,51,7,108,26,115
ACC0034,2025-07,13,90,19,54,7,116,26,119
ACC0034,2025-08,13,98,24,63,7,130,29,129
ACC0034,2025-09,13,102,23,58,8,125,29,130
ACC0034,2025-10,13,103,25,57,9,141,30,138
ACC0034,2025-11,14,132,25,75,10,153,36,160
ACC0034,2025-12,17,132,27,78,9,155,39,172
ACC0035,2024-11,9,68,23,47,7,140,28,78
ACC0035,2024-12,9,70,23,58,6,161,31,83
ACC0035,2025-01,9,76,18,52,6,127,27,74
ACC0035,2025-02,8,60,20,64,7,128,29,85
ACC0035,2025-03,6,52,15,46,6,101,21,56
ACC0035,2025-04,6,50,11,38,5,83,19,56
ACC0035,2025-05,5,44,11,33,4,70,16,57
ACC0035,2025-06,5,39,9,25,3,69,14,40
ACC0035,2025-07,4,37,8,21,2,47,13,39
ACC0036,2024-05,77,457,91,472,63,1580,162,751
ACC0036,2024-06,86,401,95,414,67,1572,119,752
ACC0036,2024-07,85,437,90,413,60,1958,138,800
ACC0036,2024-08,78,425,91,511,62,1601,151,762
ACC0036,2024-09,88,369,88,405,69,1704,146,697
ACC0036,2024-10,80,468,102,439,77,1806,156,743
ACC0036,2024-11,93,538,105,482,82,2139,173,1000
ACC0036,2024-12,96,538,112,503,87,1861,157,924
ACC0036,2025-01,115,448,121,487,81,2137,170,895
ACC0036,2025-02,98,546,111,565,84,1880,170,770
ACC0036,2025-03,95,470,112,429,74,1969,152,783
ACC0036,2025-04,82,411,105,422,62,1901,172,758
ACC0036,2025-05,90,500,104,475,75,1860,145,842
ACC0036,2025-06,80,473,91,392,66,1681,148,718
ACC0036,2025-07,70,490,96,454,72,1715,149,794
ACC0036,2025-08,84,380,113,417,70,1956,164,685
ACC0036,2025-09,93,488,91,430,83,1750,146,843
ACC0036,2025-10,96,438,108,551,81,1859,140,966
ACC0036,2025-11,94,480,127,449,77,1732,176,1080
ACC0036,2025-12,102,516,117,491,75,2266,153,916
ACC0037,2024-09,14,70,26,32,5,162,23,82
ACC0037,2024-10,15,76,23,36,6,137,22,81
ACC0037,2024-11,16,84,18,43,7,181,22,93
ACC0037,2024-12,14,73,26,39,6,169,24,94
ACC0037,2025-01,15,82,20,47,7,192,29,106
ACC0037,2025-02,15,72,28,41,8,175,25,95
ACC0037,2025-03,18,80,23,36,8,158,26,95
ACC0037,2025-04,16,76,23,34,7,151,25,93
ACC0037,2025-05,15,73,22,36,6,152,24,94
ACC0037,2025-06,14,70,23,32,6,154,20,83
ACC0037,2025-07,16,63,20,36,5,144,24,75
ACC0037,2025-08,16,71,20,32,7,148,20,82
ACC0037,2025-09,14,74,27,30,6,152,23,86
ACC0037,2025-10,16,72,26,39,7,190,23,91
ACC0037,2025-11,16,87,28,38,7,159,26,95
ACC0037,2025-12,19,84,26,41,7,176,28,104
ACC0038,2024-02,36,242,40,125,29,351,42,393
ACC0038,2024-03,32,186,34,163,22,387,41,305
ACC0038,2024-04,35,189,31,126,21,321,43,298
ACC0038,2024-05,29,201,26,122,18,315,36,237
ACC0038,2024-06,24,165,21,91,18,223,31,248
ACC0038,2024-07,24,161,19,92,16,206,33,225
ACC0038,2024-08,16,137,17,75,11,204,28,175
ACC0038,2024-09,18,125,14,75,10,183,28,222
ACC0038,2024-10,13,125,13,58,9,179,18,191
ACC0038,2024-11,13,101,14,59,9,153,19,175
ACC0039,2024-08,10,54,19,39,5,90,23,74
ACC0039,2024-09,10,61,20,46,5,127,26,79
ACC0039,2024-10,10,64,22,50,6,133,28,69
ACC0039,2024-11,10,55,20,53,6,98,29,91
ACC0039,2024-12,11,67,21,51,7,123,27,105
ACC0039,2025-01,14,70,24,49,8,142,31,90
ACC0039,2025-02,11,67,23,56,6,126,28,76
ACC0039,2025-03,11,60,19,52,6,128,32,82
ACC0039,2025-04,12,57,21,52,6,123,24,88
ACC0039,2025-05,9,63,19,44,5,134,25,80
ACC0039,2025-06,11,55,21,44,6,101,23,86
ACC0039,2025-07,10,58,19,46,6,110,20,74
ACC0039,2025-08,8,46,18,55,5,109,27,78
ACC0039,2025-09,11,68,18,41,6,127,24,79
ACC0039,2025-10,12,72,21,54,7,126,28,98
ACC0039,2025-11,10,58,21,55,7,135,32,98
ACC0039,2025-12,12,70,25,57,7,137,27,102
ACC0040,2024-09,28,210,38,97,22,528,53,283
ACC0040,2024-10,32,239,43,92,24,584,63,252
ACC0040,2024-11,34,238,38,105,27,582,63,312
ACC0040,2024-12,33,234,48,108,22,700,66,342
ACC0040,2025-01,32,250,38,111,30,622,60,304
ACC0040,2025-02,36,259,44,123,29,707,69,308
ACC0040,2025-03,35,237,48,123,27,604,67,289
ACC0041,2024-07,93,494,66,253,49,1412,167,669
ACC0041,2024-08,98,487,72,256,59,1454,172,581
ACC0041,2024-09,98,487,80,224,62,1567,160,676
ACC0041,2024-10,98,651,88,277,56,1494,186,611
ACC0041,2024-11,117,479,86,285,65,1742,182,732
ACC0041,2024-12,127,660,93,302,64,1808,235,793
ACC0041,2025-01,127,696,95,362,78,1894,272,955
ACC0041,2025-02,132,682,93,368,78,1951,219,807
ACC0041,2025-03,130,668,90,341,71,1898,239,847
ACC0041,2025-04,120,735,101,330,74,1744,196,804
ACC0041,2025-05,117,643,82,343,74,1713,234,809
ACC0041,2025-06,118,628,97,324,76,1645,247,760
ACC0041,2025-07,125,600,92,307,76,1796,230,775
ACC0041,2025-08,118,666,94,381,77,1961,230,842
ACC0041,2025-09,130,698,103,369,75,1715,228,851
ACC0041,2025-10,163,816,117,392,87,1889,231,872
ACC0041,2025-11,169,918,113,394,96,2204,298,1056
ACC0041,2025-12,197,847,131,416,95,2536,307,899
ACC0042,2024-05,8,101,12,48,9,106,24,77
ACC0042,2024-06,9,106,15,59,9,93,26,80
ACC0042,2024-07,11,90,15,53,8,83,22,88
ACC0042,2024-08,11,94,11,47,8,94,22,74
ACC0042,2024-09,10,116,16,54,7,96,27,71
ACC0042,2024-10,11,108,15,58,8,121,27,92
ACC0042,2024-11,13,117,15,67,10,116,26,81
ACC0042,2024-12,14,118,17,62,10,110,30,83
ACC0042,2025-01,13,119,17,73,10,115,30,97
ACC0042,2025-02,12,130,18,64,10,128,30,99
ACC0042,2025-03,13,129,17,63,11,127,28,92
ACC0042,2025-04,12,131,15,60,10,110,22,101
ACC0042,2025-05,13,131,18,60,9,110,26,75
ACC0042,2025-06,13,114,17,50,10,94,27,86
ACC0042,2025-07,12,104,15,54,9,109,28,97
ACC0042,2025-08,11,112,15,57,11,94,30,84
ACC0042,2025-09,14,119,18,61,9,108,28,88
ACC0042,2025-10,14,134,16,64,10,106,28,92
ACC0042,2025-11,12,144,16,68,11,109,30,89
ACC0042,2025-12,12,157,18,69,11,134,30,99
ACC0043,2024-07,37,145,29,152,19,313,41,210
ACC0043,2024-08,36,145,31,140,16,320,42,211
ACC0043,2024-09,39,152,33,168,18,352,43,240
ACC0043,2024-10,45,154,42,164,19,304,49,215
ACC0043,2024-11,43,185,35,166,23,413,50,268
ACC0043,2024-12,52,149,36,157,20,389,56,254
ACC0043,2025-01,41,165,34,156,21,369,50,224
ACC0043,2025-02,33,132,28,157,16,313,38,207
ACC0043,2025-03,28,119,23,103,13,239,32,139
ACC0043,2025-04,23,94,18,81,11,190,30,135
ACC0043,2025-05,25,83,27,110,11,162,26,145
ACC0043,2025-06,28,100,25,88,14,235,36,157
ACC0043,2025-07,30,109,20,120,13,265,38,163
ACC0043,2025-08,25,113,27,114,16,292,38,188
ACC0043,2025-09,41,131,32,135,19,265,44,192
ACC0043,2025-10,44,140,31,117,20,325,49,217
ACC0043,2025-11,40,166,36,180,23,422,50,263
ACC0043,2025-12,44,167,37,180,23,325,54,283
ACC0044,2024-12,114,595,124,391,56,1260,129,535
ACC0044,2025-01,114,555,150,401,58,1271,160,548
ACC0044,2025-02,117,512,120,365,55,1073,154,584
ACC0044,2025-03,139,497,121,403,52,1150,165,594
ACC0044,2025-04,99,605,124,377,50,1012,145,572
ACC0044,2025-05,121,389,114,399,48,1070,143,576
ACC0044,2025-06,109,445,116,343,58,1043,137,507
ACC0044,2025-07,108,422,121,297,49,1038,126,567
ACC0044,2025-08,108,433,96,322,53,1052,120,556
ACC0044,2025-09,109,430,122,330,60,1213,135,565
ACC0044,2025-10,100,499,132,363,60,1149,168,579
ACC0044,2025-11,117,534,126,391,69,1160,152,605
ACC0044,2025-12,137,584,142,423,58,1183,172,664
ACC0045,2024-01,60,204,40,92,21,446,76,394
ACC0045,2024-02,44,187,43,104,23,490,70,335
ACC0045,2024-03,45,250,42,100,24,350,71,321
ACC0045,2024-04,44,215,42,88,24,445,82,379
ACC0045,2024-05,41,203,35,100,21,403,70,331
ACC0045,2024-06,41,220,40,81,20,362,73,310
ACC0045,2024-07,43,172,41,93,22,391,73,338
ACC0045,2024-08,47,198,40,95,23,290,76,300
ACC0045,2024-09,41,252,49,91,22,426,68,357
ACC0045,2024-10,53,193,42,105,24,387,71,317
ACC0045,2024-11,57,252,40,104,26,427,74,401
ACC0045,2024-12,60,284,49,98,28,441,80,418
ACC0045,2025-01,57,270,47,111,27,471,90,388
ACC0045,2025-02,48,241,56,116,24,459,99,420
ACC0045,2025-03,48,278,46,109,25,466,95,422
ACC0045,2025-04,59,240,46,113,26,436,83,320
ACC0045,2025-05,54,255,48,103,25,428,80,361
ACC0045,2025-06,58,254,46,100,24,410,78,308
ACC0045,2025-07,49,228,41,94,23,422,82,349
ACC0045,2025-08,53,238,40,108,22,365,86,324
ACC0045,2025-09,57,251,49,105,22,462,85,388
ACC0045,2025-10,59,232,48,116,25,488,93,417
ACC0045,2025-11,58,275,46,115,29,427,89,402
ACC0045,2025-12,70,344,58,142,26,466,87,382
ACC0046,2024-12,15,72,21,41,9,98,22,82
ACC0046,2025-01,13,70,18,50,8,92,23,83
ACC0046,2025-02,14,79,23,51,9,91,22,83
ACC0046,2025-03,13,74,19,43,9,105,19,80
ACC0046,2025-04,12,73,17,47,9,94,20,89
ACC0046,2025-05,11,58,17,43,8,87,18,78
ACC0046,2025-06,11,66,21,47,9,95,18,71
ACC0046,2025-07,10,71,16,50,8,81,19,82
ACC0046,2025-08,11,65,17,50,8,78,23,85
ACC0046,2025-09,12,79,19,45,7,90,23,84
ACC0046,2025-10,13,66,22,50,10,94,20,86
ACC0046,2025-11,15,73,22,46,8,103,23,108
ACC0046,2025-12,16,85,23,51,9,109,24,108
ACC0047,2024-06,65,511,105,299,52,1505,158,697
ACC0047,2024-07,68,508,99,351,64,1597,157,682
ACC0047,2024-08,55,524,117,268,58,1569,154,790
ACC0047,2024-09,65,574,118,305,60,1585,170,687
ACC0047,2024-10,73,531,127,402,59,1799,171,749
ACC0047,2024-11,74,603,124,388,67,2162,177,815
ACC0047,2024-12,72,688,135,400,68,2176,201,924
ACC0047,2025-01,81,652,137,417,83,2085,202,922
ACC0047,2025-02,79,711,145,450,77,1870,209,808
ACC0047,2025-03,87,620,136,392,67,2057,211,859
ACC0047,2025-04,76,678,136,408,68,2035,190,931
ACC0047,2025-05,86,717,141,412,73,1885,201,872
ACC0047,2025-06,80,665,141,442,73,2037,219,989
ACC0047,2025-07,75,728,125,391,69,1700,189,895
ACC0047,2025-08,93,664,148,397,75,2088,201,909
ACC0047,2025-09,89,724,159,450,86,2075,196,842
ACC0047,2025-10,94,834,163,473,80,2420,234,927
ACC0047,2025-11,99,846,172,545,94,2544,229,1260
ACC0047,2025-12,117,937,173,573,104,2605,261,1194
ACC0048,2024-10,13,74,22,32,9,144,17,100
ACC0048,2024-11,16,75,21,45,10,176,22,91
ACC0048,2024-12,16,86,24,48,11,142,21,103
ACC0048,2025-01,17,82,22,51,10,149,21,118
ACC0048,2025-02,17,86,24,38,9,146,19,114
ACC0048,2025-03,16,67,22,45,10,151,17,101
ACC0048,2025-04,15,71,23,41,10,156,16,106
ACC0048,2025-05,13,68,19,42,9,146,18,89
ACC0048,2025-06,15,69,21,35,9,131,18,101
ACC0048,2025-07,13,62,19,40,9,137,17,96
ACC0048,2025-08,13,66,20,39,9,127,18,95
ACC0048,2025-09,14,74,22,43,8,142,18,104
ACC0048,2025-10,17,76,24,39,10,151,19,87
ACC0048,2025-11,16,95,23,41,11,152,20,103
ACC0048,2025-12,16,92,23,47,11,163,22,102
ACC0049,2024-06,29,267,47,158,25,396,46,267
ACC0049,2024-07,26,241,41,164,24,399,58,268
ACC0049,2024-08,29,269,45,156,25,424,46,241
ACC0049,2024-09,30,281,52,155,26,471,57,265
ACC0049,2024-10,33,295,42,191,29,415,55,221
ACC0049,2024-11,35,288,59,172,32,434,56,239
ACC0049,2024-12,34,327,53,171,31,478,63,278
ACC0049,2025-01,37,338,57,170,28,513,60,276
ACC0049,2025-02,32,266,51,199,26,478,61,296
ACC0049,2025-03,39,294,48,174,32,519,67,259
ACC0050,2024-10,10,93,18,50,6,88,17,126
ACC0050,2024-11,10,111,22,53,6,96,17,131
ACC0050,2024-12,10,116,24,56,6,91,18,141
ACC0050,2025-01,11,113,26,58,7,101,22,131
ACC0050,2025-02,10,100,25,55,7,101,22,132
ACC0050,2025-03,9,108,25,47,7,97,20,130
ACC0050,2025-04,11,91,24,50,7,85,19,133
ACC0050,2025-05,8,95,23,48,6,76,16,113
ACC0050,2025-06,9,94,21,48,6,77,17,112
ACC0050,2025-07,9,90,20,43,6,81,18,121
ACC0050,2025-08,8,111,20,47,6,95,20,111
ACC0050,2025-09,9,88,22,39,6,88,18,115
ACC0050,2025-10,9,110,20,54,7,73,20,131
ACC0050,2025-11,10,105,26,56,7,105,18,130
ACC0050,2025-12,10,119,24,63,8,95,18,146
ACC0051,2024-09,35,236,32,86,13,492,45,172
ACC0051,2024-10,37,252,39,85,17,533,51,213
ACC0051,2024-11,40,245,40,93,16,572,53,238
ACC0051,2024-12,37,287,37,105,19,599,60,241
ACC0051,2025-01,41,311,41,98,15,540,55,248
ACC0051,2025-02,40,295,41,90,18,584,53,244
ACC0051,2025-03,38,285,37,109,17,559,48,206
ACC0051,2025-04,39,248,39,89,19,493,47,220
ACC0051,2025-05,31,263,34,92,14,511,50,178
ACC0051,2025-06,33,244,36,78,15,459,55,198
ACC0051,2025-07,38,253,32,114,14,483,45,211
ACC0051,2025-08,35,257,37,95,17,511,49,198
ACC0051,2025-09,44,275,40,94,16,577,53,217
ACC0051,2025-10,44,289,36,87,17,533,57,208
ACC0051,2025-11,41,271,43,106,18,616,51,245
ACC0051,2025-12,44,313,45,105,21,623,52,242
ACC0052,2024-02,9,75,25,55,6,136,25,99
ACC0052,2024-03,9,65,26,53,6,142,26,92
ACC0052,2024-04,9,78,18,51,6,120,28,89
ACC0052,2024-05,9,70,22,53,6,103,25,92
ACC0052,2024-06,8,63,21,40,6,121,25,91
ACC0052,2024-07,8,70,20,41,5,110,19,83
ACC0052,2024-08,9,63,19,43,6,134,25,88
ACC0052,2024-09,10,64,23,42,5,131,24,86
ACC0052,2024-10,9,73,23,41,6,151,21,99
ACC0052,2024-11,9,71,24,52,7,131,22,92
ACC0052,2024-12,9,72,26,56,6,148,27,102
ACC0052,2025-01,11,74,27,60,6,157,31,115
ACC0052,2025-02,11,97,26,56,7,149,32,112
ACC0052,2025-03,11,79,24,44,6,147,28,103
ACC0052,2025-04,10,61,22,48,6,136,28,97
ACC0052,2025-05,9,67,22,52,6,131,23,98
ACC0052,2025-06,9,65,23,47,5,137,27,91
ACC0052,2025-07,9,67,24,49,6,120,25,89
ACC0052,2025-08,8,68,24,45,5,131,26,90
ACC0052,2025-09,9,71,22,48,6,133,26,102
ACC0052,2025-10,10,85,25,52,7,146,30,105
ACC0052,2025-11,10,79,23,56,6,125,31,98
ACC0052,2025-12,11,91,27,60,8,165,31,116
ACC0053,2024-09,46,238,53,147,17,427,57,264
ACC0053,2024-10,41,266,47,136,18,468,51,224
ACC0053,2024-11,50,313,54,154,19,530,61,297
ACC0053,2024-12,51,231,45,160,19,508,66,256
ACC0053,2025-01,48,264,57,206,22,429,49,273
ACC0053,2025-02,44,281,47,141,17,469,41,302
ACC0053,2025-03,41,228,42,126,15,384,38,214
ACC0053,2025-04,34,175,34,99,10,253,32,154
ACC0053,2025-05,25,178,28,85,11,237,23,128
ACC0053,2025-06,23,145,28,86,10,268,33,162
ACC0053,2025-07,34,199,37,99,12,278,29,188
ACC0053,2025-08,33,159,31,108,12,298,39,198
ACC0053,2025-09,34,238,44,112,14,428,41,195
ACC0053,2025-10,39,212,54,151,14,423,47,253
ACC0053,2025-11,39,282,59,142,17,391,50,298
ACC0053,2025-12,50,302,56,160,21,552,53,311
ACC0054,2024-10,13,101,19,39,11,148,18,106
ACC0054,2024-11,14,101,22,36,9,150,19,121
ACC0054,2024-12,13,105,24,44,9,168,19,128
ACC0054,2025-01,16,126,25,33,11,137,19,136
ACC0054,2025-02,14,93,24,40,11,144,18,137
ACC0054,2025-03,15,98,24,34,11,136,20,134
ACC0054,2025-04,11,100,20,34,10,137,18,122
ACC0054,2025-05,13,92,21,31,9,150,18,116
ACC0054,2025-06,12,96,19,33,9,141,17,112
ACC0055,2024-12,36,155,39,99,23,571,54,175
ACC0055,2025-01,37,185,33,120,20,596,60,182
ACC0055,2025-02,37,198,37,114,23,576,58,226
ACC0055,2025-03,32,172,39,103,23,455,60,194
ACC0055,2025-04,23,151,28,81,18,438,36,167
ACC0055,2025-05,23,132,22,68,16,362,32,165
ACC0055,2025-06,18,86,17,51,12,281,27,106
ACC0055,2025-07,16,91,18,63,13,358,32,116
ACC0055,2025-08,18,119,21,62,14,316,34,142
ACC0055,2025-09,22,115,26,74,19,376,39,144
ACC0055,2025-10,25,185,32,86,19,483,43,175
ACC0055,2025-11,34,187,37,106,25,570,48,196
ACC0055,2025-12,37,206,36,96,22,540,50,213
ACC0056,2024-08,70,429,89,316,57,1391,108,429
ACC0056,2024-09,78,408,68,353,63,1734,118,442
ACC0056,2024-10,85,493,91,355,65,1612,141,502
ACC0056,2024-11,93,523,92,317,73,1741,142,436
ACC0056,2024-12,86,459,102,449,68,1636,134,511
ACC0056,2025-01,82,394,90,364,73,1915,142,567
ACC0056,2025-02,65,493,71,329,57,1571,121,439
ACC0056,2025-03,64,336,78,283,52,1134,110,400
ACC0056,2025-04,46,317,53,198,37,909,83,257
ACC0056,2025-05,49,274,53,188,35,854,66,277
ACC0056,2025-06,54,300,40,224,34,1133,75,295
ACC0056,2025-07,57,297,72,301,45,921,96,328
ACC0056,2025-08,60,340,72,292,48,1255,115,402
ACC0056,2025-09,75,315,72,309,54,1420,130,433
ACC0056,2025-10,74,413,87,382,70,1617,136,497
ACC0056,2025-11,103,489,94,417,72,1781,157,527
ACC0056,2025-12,96,423,92,398,67,1862,143,496
ACC0057,2024-05,11,92,18,50,6,88,18,88
ACC0057,2024-06,14,88,22,43,5,82,17,81
ACC0057,2024-07,10,99,18,46,5,92,13,69
ACC0057,2024-08,12,89,16,39,4,66,10,61
ACC0057,2024-09,8,71,15,33,4,59,13,68
ACC0057,2024-10,9,72,12,30,4,70,10,61
ACC0058,2024-09,9,91,20,42,8,112,29,78
ACC0058,2024-10,11,109,18,36,9,98,25,90
ACC0058,2024-11,10,113,20,47,8,120,26,76
ACC0058,2024-12,11,89,22,42,8,102,28,76
ACC0058,2025-01,7,83,19,35,8,84,19,89
ACC0058,2025-02,7,81,15,30,6,73,19,62
ACC0058,2025-03,6,68,12,24,6,61,14,61
ACC0058,2025-04,5,69,9,21,4,51,12,46
ACC0059,2024-10,87,522,125,340,61,1780,130,678
ACC0059,2024-11,93,543,127,398,80,1864,130,735
ACC0059,2024-12,90,496,127,374,79,1824,126,649
ACC0059,2025-01,115,555,120,469,80,1875,143,790
ACC0059,2025-02,109,569,132,329,79,2144,155,769
ACC0059,2025-03,114,458,116,379,84,1831,155,711
ACC0059,2025-04,82,539,126,382,64,1942,140,784
ACC0059,2025-05,87,525,123,334,59,1715,113,735
ACC0059,2025-06,102,467,115,334,63,1628,126,777
ACC0059,2025-07,84,478,114,302,63,1538,120,677
ACC0059,2025-08,104,468,122,317,63,1754,132,600
ACC0059,2025-09,104,568,139,333,65,1799,111,661
ACC0059,2025-10,118,520,109,417,84,1888,135,602
ACC0059,2025-11,98,579,114,370,63,1951,131,693
ACC0059,2025-12,112,512,129,433,75,2270,131,758
ACC0060,2024-07,14,57,14,56,7,80,22,91
ACC0060,2024-08,13,59,13,50,7,74,26,91
ACC0060,2024-09,14,63,14,56,7,90,27,107
ACC0060,2024-10,15,71,13,55,8,95,27,109
ACC0060,2024-11,16,72,16,64,9,96,31,124
ACC0060,2024-12,15,74,16,62,8,103,32,123
ACC0060,2025-01,16,85,19,60,9,96,28,109
ACC0060,2025-02,17,77,17,79,10,105,30,120
ACC0060,2025-03,15,75,17,62,8,99,33,110
ACC0060,2025-04,14,72,14,65,8,101,30,117
ACC0060,2025-05,12,63,15,53,8,88,30,111
ACC0060,2025-06,13,62,15,52,7,89,33,104
ACC0060,2025-07,13,61,15,55,6,98,27,87
ACC0060,2025-08,14,59,15,54,7,89,29,108
ACC0060,2025-09,15,68,14,59,7,87,30,98
ACC0060,2025-10,15,74,17,62,9,94,32,118
ACC0060,2025-11,16,74,15,65,8,101,32,132
ACC0060,2025-12,16,83,20,76,10,80,28,121
ACC0061,2024-06,13,64,13,34,7,93,18,93
ACC0061,2024-07,10,76,14,30,8,93,20,77
ACC0061,2024-08,12,78,12,36,8,107,19,103
ACC0061,2024-09,12,72,14,34,7,97,22,83
ACC0061,2024-10,12,70,15,30,7,121,23,108
ACC0061,2024-11,12,75,14,37,8,111,21,102
ACC0061,2024-12,14,100,15,35,7,115,22,103
ACC0061,2025-01,13,78,13,33,9,108,25,111
ACC0062,2024-09,22,147,38,115,27,369,63,185
ACC0062,2024-10,28,146,47,125,23,360,60,209
ACC0062,2024-11,25,167,47,128,27,391,70,222
ACC0062,2024-12,27,138,36,102,23,386,57,211
ACC0062,2025-01,23,135,38,108,20,334,57,193
ACC0062,2025-02,19,138,31,90,18,274,49,163
ACC0062,2025-03,17,113,24,84,15,249,42,154
ACC0062,2025-04,15,98,23,68,12,218,31,135
ACC0063,2024-06,22,194,62,134,17,411,45,341
ACC0063,2024-07,24,211,49,132,14,437,45,325
ACC0063,2024-08,20,169,50,152,16,515,41,264
ACC0063,2024-09,18,218,51,118,14,369,46,281
ACC0063,2024-10,19,204,47,114,14,483,50,301
ACC0063,2024-11,26,235,49,126,14,476,36,282
ACC0063,2024-12,22,187,42,119,13,431,35,309
ACC0063,2025-01,19,215,41,113,11,399,32,259
ACC0063,2025-02,15,176,33,106,12,313,32,189
ACC0063,2025-03,15,140,25,82,9,312,28,195
ACC0063,2025-04,10,106,25,64,7,217,21,192
ACC0063,2025-05,9,98,22,50,6,187,17,139
ACC0063,2025-06,10,91,15,37,4,154,16,124
ACC0063,2025-07,6,98,12,36,4,145,16,102
ACC0063,2025-08,6,70,9,25,3,122,11,100
ACC0063,2025-09,5,56,8,26,3,111,9,74
ACC0064,2024-12,44,230,59,108,28,623,64,319
ACC0064,2025-01,48,234,57,110,27,671,56,383
ACC0064,2025-02,54,256,57,102,22,619,72,296
ACC0064,2025-03,45,255,55,92,25,493,61,356
ACC0064,2025-04,45,199,46,90,25,507,57,255
ACC0064,2025-05,32,156,35,66,16,474,48,187
ACC0064,2025-06,23,122,27,48,10,307,40,164
ACC0064,2025-07,27,149,26,64,11,348,39,179
ACC0064,2025-08,27,148,32,69,15,404,42,194
ACC0064,2025-09,36,158,36,83,16,384,53,266
ACC0064,2025-10,40,185,45,77,22,495,55,240
ACC0064,2025-11,46,189,57,101,23,553,58,304
ACC0064,2025-12,46,249,50,99,24,675,69,317
ACC0065,2024-12,12,91,17,40,8,121,27,86
ACC0065,2025-01,12,87,20,38,7,120,24,96
ACC0065,2025-02,12,75,21,37,8,117,29,103
ACC0065,2025-03,13,86,19,39,7,100,24,97
ACC0065,2025-04,13,78,18,43,8,110,25,86
ACC0065,2025-05,13,82,18,36,8,101,24,91
ACC0065,2025-06,12,79,17,36,7,96,23,95
ACC0065,2025-07,13,76,18,37,8,97,24,90
ACC0065,2025-08,13,80,17,36,8,100,22,99
ACC0065,2025-09,13,78,19,34,9,104,24,97
ACC0065,2025-10,14,84,17,38,8,117,26,90
ACC0065,2025-11,7,46,11,22,4,65,15,54
ACC0066,2024-07,10,82,16,37,8,104,17,79
ACC0066,2024-08,10,78,15,41,9,85,13,82
ACC0066,2024-09,9,90,15,38,7,91,16,84
ACC0066,2024-10,9,77,13,43,8,93,14,79
ACC0066,2024-11,9,92,12,38,7,89,14,70
ACC0066,2024-12,9,75,14,37,6,77,13,75
ACC0066,2025-01,7,66,10,25,6,63,12,68
ACC0066,2025-02,5,59,9,27,5,57,11,59
ACC0067,2024-11,38,164,44,121,20,397,49,257
ACC0067,2024-12,39,135,35,106,19,424,45,226
ACC0067,2025-01,35,199,35,117,17,472,51,275
ACC0067,2025-02,32,185,39,97,24,350,45,227
ACC0067,2025-03,37,148,32,106,19,373,39,232
ACC0067,2025-04,28,129,28,91,14,314,32,189
ACC0067,2025-05,24,119,24,79,11,274,34,145
ACC0067,2025-06,22,106,19,60,11,208,26,122
ACC0067,2025-07,22,86,17,54,8,173,21,120
ACC0067,2025-08,16,82,16,54,7,160,23,112
ACC0067,2025-09,14,66,12,45,7,141,18,104
ACC0067,2025-10,13,70,11,40,5,149,17,87
ACC0068,2024-12,35,229,51,159,22,694,64,241
ACC0068,2025-01,33,257,46,148,25,607,72,215
ACC0068,2025-02,31,224,51,135,24,628,78,232
ACC0068,2025-03,31,251,46,149,23,565,66,240
ACC0068,2025-04,32,235,50,138,23,605,69,227
ACC0068,2025-05,30,222,48,125,25,600,64,204
ACC0068,2025-06,27,222,42,109,22,468,57,189
ACC0068,2025-07,27,226,41,120,23,479,63,217
ACC0068,2025-08,26,206,42,121,21,554,59,188
ACC0068,2025-09,26,240,47,133,21,612,57,236
ACC0068,2025-10,30,264,51,160,24,607,71,249
ACC0068,2025-11,33,286,54,139,26,711,82,222
ACC0068,2025-12,35,227,57,126,27,593,79,271
ACC0069,2024-08,9,57,22,45,9,99,21,91
ACC0069,2024-09,10,72,19,49,10,79,19,107
ACC0069,2024-10,10,57,21,56,10,87,24,105
ACC0069,2024-11,9,78,24,56,12,103,25,107
ACC0069,2024-12,9,74,24,65,10,109,31,113
ACC0069,2025-01,10,82,22,67,12,102,30,118
ACC0069,2025-02,10,96,23,74,12,111,27,116
ACC0069,2025-03,9,83,24,62,12,113,26,112
ACC0069,2025-04,10,75,23,66,12,84,26,99
ACC0069,2025-05,8,82,22,66,10,97,24,118
ACC0069,2025-06,10,75,20,61,11,85,22,93
ACC0069,2025-07,8,65,21,50,10,87,21,101
ACC0069,2025-08,8,64,19,44,9,76,20,92
ACC0069,2025-09,10,65,23,62,10,108,27,122
ACC0069,2025-10,9,80,24,61,11,101,23,109
ACC0069,2025-11,10,90,26,69,12,102,25,112
ACC0069,2025-12,11,88,26,78,11,99,28,138
ACC0070,2024-02,14,103,13,52,6,108,21,97
ACC0070,2024-03,15,89,15,56,6,118,25,75
ACC0070,2024-04,15,104,13,55,6,96,23,100
ACC0070,2024-05,14,101,14,58,6,107,20,93
ACC0070,2024-06,15,80,13,55,6,110,23,78
ACC0070,2024-07,14,98,15,54,6,90,22,82
ACC0070,2024-08,13,97,14,55,7,101,22,84
ACC0070,2024-09,14,113,15,64,6,105,23,84
ACC0070,2024-10,18,110,16,54,6,118,25,98
ACC0070,2024-11,18,119,17,63,8,127,26,107
ACC0070,2024-12,18,116,16,68,8,130,29,116
ACC0070,2025-01,20,142,22,63,9,130,29,123
ACC0070,2025-02,21,145,17,82,9,145,27,128
ACC0070,2025-03,19,119,22,81,9,125,29,120
ACC0070,2025-04,17,131,17,69,9,138,28,119
ACC0070,2025-05,20,133,19,74,8,142,28,115
ACC0070,2025-06,21,127,19,73,8,132,30,118
ACC0070,2025-07,16,150,20,76,8,132,29,109
ACC0070,2025-08,19,136,21,65,8,152,32,128
ACC0070,2025-09,21,131,19,92,9,152,32,144
ACC0070,2025-10,23,159,22,89,8,171,34,156
ACC0070,2025-11,24,164,22,86,10,184,36,149
ACC0070,2025-12,26,168,26,97,12,161,42,154
ACC0071,2024-07,8,81,12,52,8,113,21,68
ACC0071,2024-08,8,98,13,50,9,116,23,90
ACC0071,2024-09,8,93,16,52,8,121,24,84
ACC0071,2024-10,10,91,14,53,9,115,28,98
ACC0071,2024-11,9,107,15,59,9,122,28,110
ACC0071,2024-12,10,109,15,58,10,136,25,116
ACC0071,2025-01,10,106,15,58,9,135,30,93
ACC0071,2025-02,10,102,14,64,9,124,25,119
ACC0071,2025-03,11,107,13,63,8,134,31,84
ACC0071,2025-04,9,101,13,54,9,139,28,119
ACC0071,2025-05,9,96,12,39,9,138,26,104
ACC0071,2025-06,8,83,13,57,9,114,24,94
ACC0071,2025-07,9,92,13,50,8,125,24,92
ACC0071,2025-08,9,88,14,53,7,125,26,103
ACC0071,2025-09,10,101,13,49,9,95,28,97
ACC0071,2025-10,10,101,16,61,10,133,25,94
ACC0071,2025-11,9,111,16,59,9,135,26,105
ACC0071,2025-12,10,104,16,64,10,149,32,101
ACC0072,2024-06,13,87,12,43,6,117,24,100
ACC0072,2024-07,13,100,13,44,6,108,28,90
ACC0072,2024-08,14,89,12,41,6,122,27,100
ACC0072,2024-09,14,94,14,57,7,109,32,88
ACC0072,2024-10,15,105,15,56,7,140,27,115
ACC0072,2024-11,18,113,15,54,8,138,28,114
ACC0072,2024-12,17,121,17,55,9,148,40,133
ACC0072,2025-01,20,142,18,59,8,173,41,125
ACC0072,2025-02,19,137,15,68,9,145,36,129
ACC0072,2025-03,16,123,19,61,9,162,38,127
ACC0072,2025-04,16,120,17,56,8,166,37,126
ACC0072,2025-05,16,125,19,64,9,158,34,125
ACC0072,2025-06,18,114,15,61,9,154,34,123
ACC0072,2025-07,18,143,17,64,9,140,36,123
ACC0072,2025-08,19,124,18,62,9,154,32,145
ACC0072,2025-09,19,130,18,67,9,169,37,124
ACC0072,2025-10,22,148,18,67,10,186,43,158
ACC0072,2025-11,24,176,21,73,10,196,47,165
ACC0072,2025-12,24,157,22,80,12,214,48,177
ACC0073,2024-11,12,71,22,40,10,99,24,112
ACC0073,2024-12,10,72,22,40,9,104,28,126
ACC0073,2025-01,12,64,24,40,11,124,29,116
ACC0073,2025-02,12,73,22,39,11,119,30,121
ACC0073,2025-03,12,67,20,38,9,88,28,96
ACC0073,2025-04,13,69,22,39,9,100,25,120
ACC0073,2025-05,10,68,20,35,10,108,22,104
ACC0073,2025-06,12,69,19,35,9,100,24,99
ACC0073,2025-07,10,60,20,37,8,113,24,95
ACC0073,2025-08,12,65,19,36,9,115,22,113
ACC0073,2025-09,12,71,22,39,9,106,24,127
ACC0073,2025-10,13,68,21,41,10,108,24,123
ACC0073,2025-11,13,71,24,42,12,148,30,139
ACC0073,2025-12,14,74,26,44,12,131,33,131
ACC0074,2024-05,8,108,24,55,8,127,15,63
ACC0074,2024-06,7,83,20,47,7,135,15,57
ACC0074,2024-07,8,92,23,44,7,110,15,64
ACC0074,2024-08,8,95,24,49,7,114,18,58
ACC0074,2024-09,7,101,22,54,7,130,16,73
ACC0074,2024-10,9,97,25,55,7,139,17,74
ACC0074,2024-11,9,122,18,61,8,131,20,79
ACC0074,2024-12,9,110,33,69,8,169,21,72
ACC0074,2025-01,10,112,24,59,9,157,18,79
ACC0074,2025-02,10,121,29,56,9,147,16,80
ACC0074,2025-03,9,120,24,63,8,162,21,81
ACC0074,2025-04,9,102,22,62,8,141,20,71
ACC0074,2025-05,8,100,21,50,8,136,18,65
ACC0074,2025-06,8,94,25,47,7,134,15,56
ACC0074,2025-07,8,94,21,54,8,130,19,70
ACC0074,2025-08,9,95,23,54,8,139,18,74
ACC0074,2025-09,9,106,23,65,8,126,18,71
ACC0074,2025-10,9,119,29,58,8,152,20,76
ACC0074,2025-11,9,109,30,67,7,156,20,83
ACC0074,2025-12,9,131,25,63,8,156,20,81
ACC0075,2024-04,13,115,17,45,8,124,23,71
ACC0075,2024-05,14,111,15,38,8,108,22,65
ACC0075,2024-06,12,104,15,41,7,107,21,68
ACC0075,2024-07,12,104,15,36,7,105,21,66
ACC0075,2024-08,13,98,15,39,7,116,24,65
ACC0075,2024-09,12,98,16,45,8,123,24,71
ACC0075,2024-10,15,115,18,34,9,111,22,65
ACC0075,2024-11,13,103,17,43,9,132,24,82
ACC0075,2024-12,14,118,19,40,8,127,24,83
ACC0075,2025-01,15,122,17,48,10,163,27,92
ACC0075,2025-02,18,112,19,47,10,140,28,77
ACC0075,2025-03,14,134,17,45,9,123,25,74
ACC0075,2025-04,12,111,18,39,9,126,25,82
ACC0075,2025-05,14,112,15,45,9,125,23,65
ACC0075,2025-06,15,97,16,48,8,119,20,74
ACC0075,2025-07,13,105,16,40,8,116,25,72
ACC0075,2025-08,13,108,17,40,8,122,24,69
ACC0075,2025-09,14,104,17,42,7,109,25,75
ACC0075,2025-10,15,114,18,43,10,141,28,72
ACC0075,2025-11,16,111,17,43,9,137,28,78
ACC0075,2025-12,15,114,20,48,11,145,28,97
ACC0076,2024-01,111,598,97,450,53,1761,190,785
ACC0076,2024-02,128,622,113,460,46,1494,192,729
ACC0076,2024-03,123,621,102,450,44,1604,230,703
ACC0076,2024-04,108,492,101,428,47,1541,199,752
ACC0076,2024-05,106,602,95,402,45,1475,207,627
ACC0076,2024-06,111,557,91,362,39,1539,159,652
ACC0076,2024-07,93,524,96,396,39,1564,171,598
ACC0076,2024-08,115,653,78,385,43,1410,182,639
ACC0076,2024-09,108,595,92,386,44,1482,210,603
ACC0076,2024-10,105,629,104,430,48,1636,177,613
ACC0076,2024-11,117,577,94,436,48,1491,211,774
ACC0076,2024-12,115,743,100,515,51,1758,205,656
ACC0076,2025-01,143,668,101,486,52,1585,230,704
ACC0076,2025-02,113,724,107,501,55,1991,236,744
ACC0076,2025-03,130,633,100,414,51,1898,200,648
ACC0076,2025-04,116,661,121,448,48,1673,204,666
ACC0076,2025-05,120,695,97,462,49,1631,185,603
ACC0076,2025-06,128,556,104,414,44,1685,171,669
ACC0076,2025-07,105,650,81,465,40,1559,173,590
ACC0076,2025-08,117,688,92,349,51,1477,209,631
ACC0076,2025-09,118,584,94,411,49,1857,191,661
ACC0076,2025-10,105,693,108,404,51,1688,195,654
ACC0076,2025-11,122,778,117,457,47,1664,227,753
ACC0076,2025-12,115,723,110,465,44,1794,272,803
ACC0077,2024-11,104,639,130,311,62,1810,187,641
ACC0077,2024-12,100,716,129,313,63,1806,210,668
ACC0077,2025-01,106,586,143,338,62,2026,189,630
ACC0077,2025-02,80,698,109,335,56,1978,198,651
ACC0077,2025-03,114,648,125,345,57,1889,183,590
ACC0077,2025-04,103,558,131,343,58,1826,196,494
ACC0077,2025-05,96,566,132,333,46,1751,165,581
ACC0077,2025-06,99,584,132,298,49,1818,157,539
ACC0077,2025-07,91,612,102,301,47,1564,189,594
ACC0077,2025-08,88,620,110,302,53,1873,157,547
ACC0077,2025-09,102,592,113,368,41,1646,166,549
ACC0077,2025-10,96,541,105,321,61,1808,179,581
ACC0077,2025-11,90,524,125,324,63,1913,200,634
ACC0077,2025-12,103,613,126,357,62,1917,195,650
ACC0078,2024-10,12,93,15,50,10,102,25,110
ACC0078,2024-11,13,106,16,52,11,113,23,125
ACC0078,2024-12,12,98,18,60,10,124,27,111
ACC0078,2025-01,12,95,19,52,11,108,27,120
ACC0078,2025-02,13,123,18,63,11,128,29,115
ACC0078,2025-03,12,104,16,60,11,100,27,101
ACC0079,2024-06,61,365,79,245,39,1558,91,726
ACC0079,2024-07,52,406,81,227,36,1489,113,728
ACC0079,2024-08,57,419,73,229,31,1388,94,680
ACC0079,2024-09,51,407,78,205,32,1373,106,600
ACC0079,2024-10,54,434,79,201,30,1629,104,657
ACC0079,2024-11,47,399,80,224,31,1401,105,716
ACC0079,2024-12,45,307,62,201,28,1428,99,641
ACC0079,2025-01,50,295,59,162,22,1126,73,642
ACC0079,2025-02,35,295,51,144,24,968,77,595
ACC0079,2025-03,27,240,47,136,16,736,67,414
ACC0079,2025-04,24,208,30,94,13,650,53,352
ACC0079,2025-05,20,141,30,72,11,613,42,308
ACC0080,2024-06,35,202,53,92,25,389,35,240
ACC0080,2024-07,33,252,44,100,23,434,46,221
ACC0080,2024-08,34,230,46,99,25,471,47,257
ACC0080,2024-09,34,235,54,103,25,457,43,244
ACC0080,2024-10,33,264,55,110,29,407,57,259
ACC0080,2024-11,35,272,54,117,30,417,59,295
ACC0080,2024-12,32,237,46,102,24,477,49,279
ACC0080,2025-01,35,294,45,90,27,383,42,219
ACC0080,2025-02,29,202,36,80,21,307,32,200
ACC0080,2025-03,24,176,33,71,18,321,27,175
ACC0080,2025-04,23,163,27,51,17,283,31,171
ACC0080,2025-05,22,160,32,65,17,258,30,151
ACC0080,2025-06,28,184,25,62,15,329,29,177
ACC0080,2025-07,26,183,31,81,17,303,30,181
ACC0080,2025-08,31,180,41,84,23,330,40,188
ACC0080,2025-09,25,226,46,89,23,437,35,202
ACC0080,2025-10,35,232,54,75,23,484,48,234
ACC0080,2025-11,40,273,53,112,29,453,58,289
ACC0080,2025-12,39,233,48,110,34,504,45,326
ACC0081,2024-12,34,242,44,140,30,543,55,273
ACC0081,2025-01,29,271,47,144,33,508,65,277
ACC0081,2025-02,30,253,47,133,30,519,56,266
ACC0081,2025-03,27,272,40,164,30,518,58,270
ACC0081,2025-04,30,209,42,143,27,428,45,262
ACC0081,2025-05,30,209,48,137,25,424,48,235
ACC0081,2025-06,27,222,45,131,26,479,50,211
ACC0082,2024-04,97,444,131,499,74,1648,149,628
ACC0082,2024-05,97,394,114,498,64,1699,143,635
ACC0082,2024-06,101,414,136,454,67,1651,150,616
ACC0082,2024-07,89,428,116,428,69,1760,138,522
ACC0082,2024-08,88,399,134,475,79,1603,162,627
ACC0082,2024-09,114,486,132,535,76,1864,170,622
ACC0082,2024-10,129,452,159,654,82,1876,169,758
ACC0082,2024-11,120,555,164,667,90,2052,179,755
ACC0082,2024-12,130,529,170,719,100,2032,183,775
ACC0082,2025-01,129,562,143,642,100,2173,194,873
ACC0082,2025-02,116,576,153,687,92,2075,214,927
ACC0082,2025-03,136,600,187,706,93,2164,190,791
ACC0082,2025-04,123,612,166,640,92,1850,194,763
ACC0082,2025-05,142,622,185,667,102,2493,196,955
ACC0082,2025-06,139,587,160,637,93,2253,177,921
ACC0082,2025-07,127,602,150,667,101,2130,175,712
ACC0082,2025-08,118,555,162,765,98,2320,196,1029
ACC0082,2025-09,140,554,200,712,102,2636,237,790
ACC0082,2025-10,161,744,205,769,104,2724,224,991
ACC0082,2025-11,157,707,216,785,122,2624,235,1066
ACC0082,2025-12,154,699,232,775,133,2784,250,1159
ACC0083,2024-03,17,82,16,52,8,104,19,102
ACC0083,2024-04,16,95,15,46,9,91,17,102
ACC0083,2024-05,18,109,17,53,8,95,19,111
ACC0083,2024-06,14,98,15,47,10,92,18,95
ACC0083,2024-07,16,107,15,39,7,92,18,83
ACC0083,2024-08,15,107,15,47,8,95,18,98
ACC0083,2024-09,19,93,17,53,8,97,14,101
ACC0083,2024-10,17,103,16,51,10,99,23,95
ACC0083,2024-11,17,122,19,67,11,107,22,114
ACC0083,2024-12,18,119,16,61,11,111,23,114
ACC0083,2025-01,17,130,17,54,9,117,25,102
ACC0083,2025-02,21,133,20,62,10,116,21,102
ACC0083,2025-03,18,111,17,54,11,121,23,107
ACC0083,2025-04,19,117,17,60,9,90,24,105
ACC0083,2025-05,16,111,17,56,9,98,18,105
ACC0083,2025-06,16,123,16,54,8,112,19,100
ACC0083,2025-07,16,123,16,56,9,105,19,113
ACC0083,2025-08,19,120,17,60,10,108,21,100
ACC0083,2025-09,17,110,17,52,11,87,24,110
ACC0083,2025-10,15,115,17,62,10,128,22,102
ACC0083,2025-11,20,143,18,55,12,139,25,122
ACC0083,2025-12,21,127,21,57,11,122,26,138
ACC0084,2024-03,10,67,16,57,10,116,21,82
ACC0084,2024-04,11,63,17,63,9,92,23,57
ACC0084,2024-05,10,66,14,54,11,84,20,73
ACC0084,2024-06,8,69,13,52,8,89,19,73
ACC0084,2024-07,9,66,15,48,7,91,19,78
ACC0084,2024-08,10,71,15,60,10,91,20,78
ACC0084,2024-09,9,68,15,54,10,79,21,71
ACC0084,2024-10,9,69,16,58,9,103,22,72
ACC0084,2024-11,10,66,14,62,10,94,22,78
ACC0084,2024-12,12,67,16,55,11,116,23,77
ACC0084,2025-01,13,80,18,66,11,100,22,95
ACC0084,2025-02,11,76,19,72,11,103,19,91
ACC0084,2025-03,12,83,19,62,10,112,25,73
ACC0084,2025-04,9,80,17,65,10,98,21,81
ACC0084,2025-05,10,70,17,54,9,97,18,81
ACC0084,2025-06,9,77,14,53,9,102,20,68
ACC0084,2025-07,10,58,15,55,8,103,17,88
ACC0084,2025-08,11,69,16,59,10,103,20,71
ACC0084,2025-09,12,67,16,58,9,94,18,75
ACC0084,2025-10,12,63,17,57,11,102,22,80
ACC0084,2025-11,13,74,22,65,10,112,25,86
ACC0084,2025-12,12,82,22,68,10,110,26,80
ACC0085,2024-11,37,180,45,100,22,355,48,261
ACC0085,2024-12,42,190,42,103,29,366,44,302
ACC0085,2025-01,42,192,43,98,28,430,48,296
ACC0085,2025-02,37,188,43,111,32,456,48,390
ACC0085,2025-03,35,197,41,114,26,423,46,295
ACC0085,2025-04,33,174,40,94,29,434,42,271
ACC0085,2025-05,35,161,41,86,25,393,40,302
ACC0085,2025-06,31,148,36,89,26,368,41,271
ACC0085,2025-07,31,176,38,97,19,315,36,252
ACC0085,2025-08,33,171,39,90,25,396,38,258
ACC0085,2025-09,38,175,43,98,31,400,37,253
ACC0085,2025-10,41,172,35,90,27,373,42,350
ACC0085,2025-11,43,198,43,107,33,377,43,287
ACC0085,2025-12,42,197,46,114,26,485,43,316
ACC0086,2024-12,30,205,35,182,22,464,50,328
ACC0086,2025-01,34,164,42,161,22,451,50,358
ACC0086,2025-02,35,218,39,179,21,482,50,308
ACC0086,2025-03,33,186,31,174,22,417,54,282
ACC0086,2025-04,29,188,32,174,18,405,43,259
ACC0086,2025-05,26,189,31,162,18,352,45,254
ACC0086,2025-06,30,152,28,145,21,386,40,277
ACC0086,2025-07,27,169,31,121,20,379,42,314
ACC0086,2025-08,29,163,30,120,17,383,41,305
ACC0086,2025-09,26,200,31,154,22,424,49,299
ACC0086,2025-10,34,180,35,166,19,406,48,297
ACC0086,2025-11,32,198,40,167,20,481,50,305
ACC0086,2025-12,36,183,36,189,24,536,53,310
ACC0087,2024-01,10,109,21,45,10,135,32,146
ACC0087,2024-02,10,109,22,46,9,145,31,124
ACC0087,2024-03,10,122,21,47,9,123,31,124
ACC0087,2024-04,10,121,18,44,8,153,30,116
ACC0087,2024-05,8,95,23,34,10,137,29,105
ACC0087,2024-06,9,107,18,38,8,121,31,123
ACC0087,2024-07,8,88,18,42,7,110,22,122
ACC0087,2024-08,9,98,17,41,9,123,27,109
ACC0087,2024-09,9,97,14,41,7,101,27,107
ACC0087,2024-10,8,87,16,44,6,124,22,94
ACC0087,2024-11,7,86,17,33,7,110,23,92
ACC0087,2024-12,7,88,13,29,6,96,20,88
ACC0087,2025-01,7,65,13,30,6,87,20,86
ACC0087,2025-02,7,74,11,31,6,88,20,77
ACC0087,2025-03,7,84,11,29,6,97,20,91
ACC0087,2025-04,7,86,14,30,6,98,19,79
ACC0087,2025-05,6,79,14,28,7,88,20,88
ACC0087,2025-06,7,74,12,30,5,95,21,87
ACC0087,2025-07,8,82,13,35,6,111,25,96
ACC0087,2025-08,8,89,18,33,7,102,24,101
ACC0087,2025-09,8,114,18,43,8,111,28,104
ACC0087,2025-10,9,113,20,42,8,142,30,128
ACC0087,2025-11,12,101,24,45,10,147,34,120
ACC0087,2025-12,11,139,22,48,10,127,31,143
ACC0088,2024-08,94,299,98,368,34,1020,152,818
ACC0088,2024-09,86,358,73,401,38,1071,170,812
ACC0088,2024-10,94,394,91,418,37,1056,163,762
ACC0088,2024-11,101,339,91,406,44,1070,136,736
ACC0088,2024-12,87,366,103,246,34,952,146,617
ACC0088,2025-01,79,325,77,260,35,837,119,632
ACC0088,2025-02,65,293,68,249,25,682,127,553
ACC0088,2025-03,56,282,52,194,19,621,89,560
ACC0088,2025-04,50,209,44,172,18,468,71,343
ACC0089,2024-03,11,86,17,49,8,112,30,99
ACC0089,2024-04,10,96,13,53,8,118,28,104
ACC0089,2024-05,10,99,12,41,8,90,26,84
ACC0089,2024-06,10,98,14,50,7,90,26,84
ACC0089,2024-07,9,81,14,45,7,102,26,76
ACC0089,2024-08,10,89,13,50,8,100,27,89
ACC0089,2024-09,9,89,13,48,8,102,27,96
ACC0089,2024-10,11,106,14,43,9,116,29,96
ACC0089,2024-11,12,96,17,56,10,103,28,92
ACC0089,2024-12,12,124,16,65,9,118,32,107
ACC0089,2025-01,13,100,16,56,10,130,38,111
ACC0089,2025-02,13,112,18,60,10,124,28,105
ACC0089,2025-03,11,101,19,58,8,119,31,103
ACC0089,2025-04,11,102,15,52,9,114,31,101
ACC0089,2025-05,9,123,15,49,10,120,30,90
ACC0089,2025-06,9,87,15,52,8,96,29,98
ACC0089,2025-07,11,89,14,56,7,116,30,90
ACC0089,2025-08,11,100,15,42,8,104,27,87
ACC0089,2025-09,9,108,15,54,8,116,31,102
ACC0089,2025-10,12,109,16,58,9,133,32,107
ACC0089,2025-11,12,121,17,51,8,122,31,99
ACC0089,2025-12,12,109,19,60,11,122,34,105
ACC0090,2024-04,32,253,59,117,22,672,49,335
ACC0090,2024-05,30,227,58,92,21,486,51,285
ACC0090,2024-06,27,229,50,95,20,408,50,315
ACC0090,2024-07,24,193,45,68,16,468,46,269
ACC0090,2024-08,24,180,41,70,12,417,42,253
ACC0090,2024-09,20,173,41,56,14,399,38,264
ACC0090,2024-10,22,185,31,61,13,340,31,192
ACC0090,2024-11,22,188,31,59,9,280,32,179
ACC0090,2024-12,16,141,23,47,10,258,27,204
ACC0091,2024-06,10,85,19,42,5,88,29,106
ACC0091,2024-07,11,82,20,48,5,86,24,110
ACC0091,2024-08,11,76,21,44,5,99,27,131
ACC0091,2024-09,12,89,23,49,5,108,26,120
ACC0091,2024-10,11,86,25,53,5,109,33,117
ACC0091,2024-11,13,99,26,51,6,105,29,139
ACC0091,2024-12,12,98,25,57,7,116,29,130
ACC0091,2025-01,13,95,27,62,7,104,29,137
ACC0091,2025-02,13,101,25,68,7,115,30,147
ACC0091,2025-03,13,101,23,58,6,132,34,130
ACC0091,2025-04,14,99,20,51,7,121,28,125
ACC0091,2025-05,11,102,23,51,6,102,28,131
ACC0091,2025-06,13,88,22,51,6,112,30,122
ACC0091,2025-07,11,87,24,54,6,102,31,128
ACC0091,2025-08,12,83,20,46,6,107,23,113
ACC0091,2025-09,11,99,21,57,5,113,30,111
ACC0091,2025-10,11,91,25,58,6,105,32,137
ACC0091,2025-11,13,103,28,62,7,129,35,135
ACC0091,2025-12,14,112,28,66,6,107,34,149
ACC0092,2024-12,16,99,15,47,9,161,26,98
ACC0092,2025-01,16,88,17,54,9,174,25,96
ACC0092,2025-02,15,83,17,46,9,159,26,93
ACC0092,2025-03,17,81,18,56,9,166,26,92
ACC0092,2025-04,14,82,17,48,8,177,25,91
ACC0092,2025-05,14,97,14,47,8,154,25,86
ACC0092,2025-06,13,81,15,41,8,161,23,85
ACC0092,2025-07,15,72,15,43,7,135,22,79
ACC0092,2025-08,13,80,13,44,8,141,20,84
ACC0092,2025-09,14,83,15,48,8,149,25,83
ACC0093,2024-09,11,57,20,53,9,136,27,101
ACC0093,2024-10,10,70,18,65,9,136,26,132
ACC0093,2024-11,11,72,21,68,9,129,29,129
ACC0093,2024-12,12,67,20,62,11,133,27,119
ACC0093,2025-01,13,75,19,71,11,146,30,154
ACC0093,2025-02,13,73,19,64,11,147,33,122
ACC0093,2025-03,12,63,24,68,10,151,32,129
ACC0093,2025-04,14,72,22,69,9,145,27,147
ACC0093,2025-05,11,77,21,56,10,165,26,146
ACC0093,2025-06,13,70,22,67,10,139,29,129
ACC0093,2025-07,13,66,19,69,11,154,29,136
ACC0093,2025-08,15,80,20,76,12,160,33,121
ACC0093,2025-09,15,74,23,72,12,161,32,141
ACC0093,2025-10,14,93,26,86,12,176,34,170
ACC0093,2025-11,15,91,27,77,11,189,38,168
ACC0093,2025-12,16,92,29,97,11,208,31,185
ACC0094,2024-06,9,92,12,49,7,125,18,79
ACC0094,2024-07,9,90,13,49,6,144,19,75
ACC0094,2024-08,10,90,14,47,6,132,20,86
ACC0094,2024-09,9,98,16,59,6,161,21,99
ACC0094,2024-10,9,116,15,61,7,161,21,88
ACC0094,2024-11,11,120,16,66,7,162,22,102
ACC0094,2024-12,12,112,16,75,8,180,22,97
ACC0094,2025-01,12,120,17,73,8,158,28,103
ACC0094,2025-02,12,128,19,73,9,199,26,131
ACC0094,2025-03,11,126,20,70,8,193,25,95
ACC0094,2025-04,13,110,20,62,8,209,25,111
ACC0094,2025-05,10,129,19,66,7,183,26,115
ACC0094,2025-06,12,115,18,71,9,161,26,111
ACC0094,2025-07,10,120,20,70,7,176,29,113
ACC0094,2025-08,11,144,18,72,8,211,27,104
ACC0094,2025-09,13,137,19,78,9,187,27,121
ACC0094,2025-10,13,157,20,88,8,198,31,121
ACC0094,2025-11,14,155,24,95,11,233,33,131
ACC0094,2025-12,17,165,23,104,11,189,36,143
ACC0095,2024-01,13,114,18,57,7,169,23,81
ACC0095,2024-02,14,115,18,59,9,172,25,73
ACC0095,2024-03,13,106,17,51,9,160,21,63
ACC0095,2024-04,11,74,16,47,7,162,21,75
ACC0095,2024-05,12,93,19,44,6,139,19,56
ACC0095,2024-06,10,90,16,51,7,146,21,73
ACC0095,2024-07,11,92,15,44,6,147,19,68
ACC0095,2024-08,11,86,13,47,8,113,18,75
ACC0095,2024-09,10,101,16,51,8,118,19,74
ACC0095,2024-10,11,109,17,54,8,146,24,75
ACC0095,2024-11,12,108,14,48,8,156,26,83
ACC0095,2024-12,14,115,19,56,8,168,26,82
ACC0095,2025-01,13,126,21,62,8,149,25,95
ACC0095,2025-02,11,134,18,58,8,167,27,76
ACC0095,2025-03,13,118,21,66,8,165,22,89
ACC0095,2025-04,11,113,16,53,8,142,21,76
ACC0095,2025-05,12,103,15,54,8,157,23,77
ACC0095,2025-06,8,115,16,51,8,160,22,64
ACC0095,2025-07,10,101,14,50,6,141,17,78
ACC0095,2025-08,9,105,15,48,7,157,21,78
ACC0095,2025-09,13,102,17,49,9,172,24,71
ACC0095,2025-10,14,106,17,51,8,151,26,67
ACC0095,2025-11,13,100,21,59,9,159,22,78
ACC0095,2025-12,15,114,20,58,8,181,28,98
ACC0096,2024-01,33,188,49,121,25,402,83,253
ACC0096,2024-02,31,179,56,126,24,453,75,246
ACC0096,2024-03,29,204,55,130,24,376,75,232
ACC0096,2024-04,36,174,54,123,22,437,75,231
ACC0096,2024-05,31,203,53,119,23,360,78,225
ACC0096,2024-06,32,177,51,116,22,362,76,214
ACC0096,2024-07,31,189,52,129,24,386,74,229
ACC0096,2024-08,32,179,54,112,24,398,68,234
ACC0096,2024-09,32,195,56,111,22,398,76,239
ACC0096,2024-10,33,180,55,133,27,458,75,266
ACC0096,2024-11,17,104,30,69,14,230,44,119
ACC0097,2024-03,124,664,125,498,63,1206,117,536
ACC0097,2024-04,121,568,126,461,52,1095,125,518
ACC0097,2024-05,131,563,99,513,59,1052,102,516
ACC0097,2024-06,111,614,110,455,59,1103,110,528
ACC0097,2024-07,111,624,108,429,49,1157,110,513
ACC0097,2024-08,118,598,135,497,54,1218,118,596
ACC0097,2024-09,122,693,117,503,62,1257,122,529
ACC0097,2024-10,118,740,127,554,65,1289,137,557
ACC0097,2024-11,154,822,151,550,69,1477,126,637
ACC0097,2024-12,149,753,145,530,87,1483,153,670
ACC0097,2025-01,150,817,144,599,75,1522,144,707
ACC0097,2025-02,148,831,150,662,84,1499,164,720
ACC0097,2025-03,168,746,134,670,83,1619,163,699
ACC0097,2025-04,146,837,173,588,76,1603,151,790
ACC0097,2025-05,148,780,141,601,76,1659,130,707
ACC0097,2025-06,157,783,154,622,75,1554,152,723
ACC0097,2025-07,151,835,146,683,78,1489,157,629
ACC0097,2025-08,144,828,170,680,79,1744,167,739
ACC0097,2025-09,165,811,160,635,81,1949,174,712
ACC0097,2025-10,173,961,168,776,84,1773,161,837
ACC0097,2025-11,194,1030,207,788,85,1952,176,819
ACC0097,2025-12,196,1087,197,735,100,1757,189,976
ACC0098,2024-11,119,559,157,432,69,1707,140,789
ACC0098,2024-12,113,569,144,469,66,1963,141,995
ACC0098,2025-01,113,600,166,502,72,2045,141,841
ACC0098,2025-02,112,632,160,459,69,1969,149,867
ACC0098,2025-03,118,649,165,446,68,1796,142,989
ACC0098,2025-04,103,491,142,418,61,1744,144,861
ACC0098,2025-05,106,557,153,381,56,1892,139,792
ACC0098,2025-06,105,477,127,399,56,1502,143,699
ACC0098,2025-07,93,525,113,399,48,1544,128,784
ACC0098,2025-08,107,491,133,379,56,1852,117,728
ACC0098,2025-09,101,585,129,396,65,1848,127,784
ACC0098,2025-10,120,571,148,480,66,1715,128,888
ACC0098,2025-11,110,572,164,447,73,1963,128,880
ACC0098,2025-12,114,569,148,528,71,1725,171,850
ACC0099,2024-11,80,599,72,330,55,1446,172,877
ACC0099,2024-12,73,618,88,366,64,1412,196,857
ACC0099,2025-01,89,652,104,360,63,1458,173,903
ACC0099,2025-02,83,637,90,299,59,1481,173,746
ACC0099,2025-03,83,570,104,348,67,1321,184,803
ACC0099,2025-04,73,610,86,350,58,1256,170,786
ACC0099,2025-05,72,574,88,332,59,1202,159,773
ACC0099,2025-06,67,501,81,359,50,1125,146,679
ACC0099,2025-07,80,544,75,297,57,1297,161,856
ACC0099,2025-08,66,523,90,357,59,1280,148,837
ACC0099,2025-09,77,468,75,329,56,1250,149,716
ACC0099,2025-10,89,544,97,294,67,1403,153,763
ACC0099,2025-11,82,701,98,398,61,1386,160,917
ACC0099,2025-12,85,688,108,377,62,1350,199,940
ACC0100,2024-11,12,87,19,35,7,90,16,109
ACC0100,2024-12,10,80,19,34,5,84,16,96
ACC0100,2025-01,10,87,18,35,7,93,18,105
ACC0100,2025-02,11,74,18,34,7,87,17,98
ACC0100,2025-03,10,81,16,28,4,72,14,92
ACC0100,2025-04,9,72,13,32,5,81,13,85
ACC0100,2025-05,7,65,12,25,4,62,11,68
ACC0100,2025-06,7,50,9,22,4,51,11,60
ACC0100,2025-07,5,52,9,17,3,49,8,60
ACC0100,2025-08,6,41,9,19,3,46,8,55
ACC0100,2025-09,5,49,8,15,3,50,7,53
ACC0100,2025-10,5,38,8,18,3,41,8,50
ACC0100,2025-11,5,40,8,17,3,38,6,46
ACC0100,2025-12,4,34,8,14,2,35,8,41
ACC0101,2024-08,12,67,15,47,6,116,19,104
ACC0101,2024-09,14,80,13,47,5,113,19,114
ACC0101,2024-10,16,84,15,51,6,132,22,113
ACC0101,2024-11,15,94,16,55,7,106,23,116
ACC0101,2024-12,17,101,16,63,6,147,24,131
ACC0101,2025-01,16,99,16,56,6,139,23,130
ACC0101,2025-02,16,94,16,60,7,131,26,141
ACC0101,2025-03,15,85,18,52,7,147,23,133
ACC0101,2025-04,17,83,18,61,6,152,24,120
ACC0101,2025-05,16,83,16,56,6,129,22,127
ACC0101,2025-06,15,70,15,51,6,130,21,115
ACC0101,2025-07,15,79,17,55,6,109,20,108
ACC0101,2025-08,15,78,14,59,7,121,24,113
ACC0101,2025-09,15,80,17,58,8,116,26,140
ACC0101,2025-10,17,98,18,60,7,147,24,142
ACC0101,2025-11,17,113,21,60,7,154,26,176
ACC0101,2025-12,18,97,17,63,8,151,29,143
ACC0102,2024-07,9,79,19,45,4,116,16,98
ACC0102,2024-08,10,86,19,47,7,126,15,95
ACC0102,2024-09,10,73,20,45,6,129,15,110
ACC0102,2024-10,12,90,25,49,6,142,14,123
ACC0102,2024-11,9,87,23,48,7,134,19,139
ACC0102,2024-12,12,88,24,54,7,144,16,139
ACC0102,2025-01,11,95,24,58,7,139,19,139
ACC0102,2025-02,11,91,25,52,9,152,13,158
ACC0102,2025-03,11,95,23,51,7,151,16,113
ACC0102,2025-04,10,77,23,46,7,135,15,112
ACC0102,2025-05,11,89,22,44,6,138,16,100
ACC0102,2025-06,11,89,20,38,6,133,14,121
ACC0102,2025-07,9,81,18,54,6,136,16,108
ACC0102,2025-08,11,83,20,54,6,129,14,131
ACC0103,2024-05,14,89,17,38,10,156,15,71
ACC0103,2024-06,13,84,23,33,8,127,15,83
ACC0103,2024-07,13,84,20,38,10,140,16,66
ACC0103,2024-08,14,82,19,31,10,113,16,72
ACC0103,2024-09,15,75,26,40,10,134,17,77
ACC0103,2024-10,14,98,21,38,11,144,17,64
ACC0103,2024-11,15,86,25,43,10,169,19,84
ACC0103,2024-12,16,93,27,38,11,176,22,83
ACC0103,2025-01,19,106,28,39,13,175,19,85
ACC0103,2025-02,17,102,26,44,12,169,21,85
ACC0103,2025-03,17,92,24,38,10,174,19,85
ACC0103,2025-04,15,88,27,38,11,148,18,81
ACC0103,2025-05,16,101,24,38,10,153,17,84
ACC0103,2025-06,14,90,23,30,11,141,15,59
ACC0103,2025-07,14,82,23,32,10,134,18,83
ACC0103,2025-08,16,74,21,32,10,156,15,76
ACC0103,2025-09,14,87,22,44,10,140,20,77
ACC0103,2025-10,13,81,25,44,9,149,16,73
ACC0103,2025-11,18,83,26,42,10,167,21,91
ACC0103,2025-12,16,86,24,42,13,177,22,89
ACC0104,2024-09,42,163,44,83,14,361,66,246
ACC0104,2024-10,39,207,51,78,13,399,69,253
ACC0104,2024-11,42,201,48,80,15,475,74,283
ACC0104,2024-12,45,191,54,95,17,457,77,267
ACC0104,2025-01,36,197,46,96,16,427,70,236
ACC0104,2025-02,42,175,43,80,15,406,65,243
ACC0104,2025-03,36,173,41,76,14,342,52,191
ACC0104,2025-04,31,124,30,58,11,299,49,199
ACC0104,2025-05,25,126,31,61,9,279,48,143
ACC0104,2025-06,23,102,24,47,9,224,39,151
ACC0104,2025-07,22,94,22,44,6,220,36,106
ACC0104,2025-08,17,85,19,41,6,182,29,98
ACC0104,2025-09,17,75,19,40,7,186,28,89
ACC0104,2025-10,20,73,22,35,5,200,29,107
ACC0104,2025-11,17,78,19,34,7,164,26,87
ACC0104,2025-12,17,60,15,28,5,183,25,86
ACC0105,2024-10,99,350,94,386,46,1136,103,515
ACC0105,2024-11,91,470,116,428,51,1007,116,533
ACC0105,2024-12,94,415,101,515,46,1058,107,574
ACC0105,2025-01,99,474,91,497,46,1258,120,646
ACC0105,2025-02,119,398,88,532,46,1086,120,440
ACC0105,2025-03,80,351,88,422,39,898,86,516
ACC0105,2025-04,68,267,75,376,27,639,74,412
ACC0105,2025-05,47,210,60,261,27,617,60,282
ACC0105,2025-06,57,219,53,221,22,515,51,277
ACC0105,2025-07,49,250,59,296,27,610,66,348
ACC0105,2025-08,68,210,67,372,34,658,73,331
ACC0105,2025-09,71,309,78,323,39,792,88,492
ACC0105,2025-10,78,301,82,381,40,943,90,474
ACC0105,2025-11,102,447,103,475,44,971,112,541
ACC0105,2025-12,89,404,100,509,43,1072,128,438
ACC0106,2024-10,12,76,22,53,8,138,14,96
ACC0106,2024-11,13,89,19,52,9,150,18,116
ACC0106,2024-12,14,92,23,54,9,146,15,130
ACC0106,2025-01,13,96,23,56,10,143,15,124
ACC0106,2025-02,11,96,22,53,11,145,16,121
ACC0106,2025-03,10,84,20,51,9,112,13,104
ACC0106,2025-04,7,69,15,39,6,92,12,77
ACC0106,2025-05,7,51,14,27,5,77,9,70
ACC0106,2025-06,6,54,13,26,5,73,10,57
ACC0106,2025-07,7,46,9,32,5,75,11,74
ACC0106,2025-08,7,60,16,33,6,92,10,68
ACC0106,2025-09,10,76,21,39,7,95,12,95
ACC0106,2025-10,10,73,19,50,8,114,14,105
ACC0106,2025-11,13,88,20,48,9,139,20,123
ACC0106,2025-12,12,92,20,54,9,131,18,112
ACC0107,2024-08,10,100,17,53,8,108,18,84
ACC0107,2024-09,13,108,21,51,9,122,16,88
ACC0107,2024-10,13,104,20,57,10,104,19,104
ACC0107,2024-11,13,111,21,60,11,134,22,102
ACC0107,2024-12,12,113,24,79,10,147,21,111
ACC0107,2025-01,15,130,21,70,11,148,22,121
ACC0107,2025-02,15,132,24,73,10,155,19,123
ACC0107,2025-03,16,131,23,71,12,140,22,111
ACC0107,2025-04,15,143,23,73,10,140,23,120
ACC0107,2025-05,16,117,24,72,11,138,20,121
ACC0107,2025-06,14,126,21,74,11,149,23,97
ACC0107,2025-07,15,114,22,73,12,137,22,130
ACC0107,2025-08,14,136,22,77,12,138,22,110
ACC0107,2025-09,16,150,26,87,12,156,25,136
ACC0107,2025-10,16,165,24,80,13,161,22,122
ACC0107,2025-11,20,149,30,85,13,168,30,147
ACC0107,2025-12,20,149,27,97,14,175,29,164
ACC0108,2024-01,89,778,127,544,82,1568,118,715
ACC0108,2024-02,78,637,118,475,79,1514,130,740
ACC0108,2024-03,90,717,118,458,85,1383,120,584
ACC0108,2024-04,77,574,112,526,70,1526,103,520
ACC0108,2024-05,73,745,108,489,72,1249,111,529
ACC0108,2024-06,66,594,105,380,67,1141,98,521
ACC0108,2024-07,73,566,106,492,69,1326,101,514
ACC0108,2024-08,87,646,111,407,61,1227,98,558
ACC0108,2024-09,82,660,112,444,68,1356,111,621
ACC0108,2024-10,79,591,121,474,80,1451,108,595
ACC0108,2024-11,94,780,136,601,76,1336,124,659
ACC0108,2024-12,82,718,139,498,71,1857,114,689
ACC0108,2025-01,91,784,126,564,80,1552,136,566
ACC0108,2025-02,94,759,152,496,88,1431,128,756
ACC0108,2025-03,99,825,127,558,73,1611,114,632
ACC0108,2025-04,79,760,146,494,70,1395,121,549
ACC0108,2025-05,81,706,107,454,66,1205,112,586
ACC0108,2025-06,86,598,110,443,73,1344,115,562
ACC0108,2025-07,77,651,115,416,62,1142,116,550
ACC0108,2025-08,75,668,113,528,69,1489,106,572
ACC0108,2025-09,90,737,116,494,83,1140,136,675
ACC0108,2025-10,86,687,124,466,68,1343,123,674
ACC0108,2025-11,76,767,121,581,79,1644,118,729
ACC0108,2025-12,90,750,140,558,89,1513,132,793
ACC0109,2024-09,14,79,20,50,5,108,21,84
ACC0109,2024-10,16,89,21,50,7,103,20,79
ACC0109,2024-11,17,93,21,48,6,113,23,105
ACC0109,2024-12,15,94,18,54,7,129,22,85
ACC0109,2025-01,17,103,24,59,7,130,25,96
ACC0109,2025-02,18,88,24,57,6,131,25,103
ACC0109,2025-03,18,97,20,55,7,119,22,92
ACC0109,2025-04,16,87,19,60,7,100,22,83
ACC0109,2025-05,17,83,23,49,6,105,21,83
ACC0109,2025-06,13,80,18,49,6,114,22,83
ACC0109,2025-07,14,77,20,45,6,103,19,75
ACC0109,2025-08,15,85,21,49,5,112,21,89
ACC0109,2025-09,16,82,23,46,6,123,21,91
ACC0109,2025-10,15,101,24,44,6,103,19,95
ACC0109,2025-11,18,87,25,56,8,110,25,92
ACC0109,2025-12,17,83,26,53,7,140,21,104
ACC0110,2024-05,103,579,128,409,44,1464,92,511
ACC0110,2024-06,105,493,124,349,55,1367,85,566
ACC0110,2024-07,106,511,144,326,53,1247,99,582
ACC0110,2024-08,105,612,137,404,59,1210,92,528
ACC0110,2024-09,109,578,154,383,55,1302,98,618
ACC0110,2024-10,116,640,159,420,60,1308,103,590
ACC0110,2024-11,130,620,159,480,61,1403,113,674
ACC0110,2024-12,117,721,171,514,55,1839,120,586
ACC0110,2025-01,118,756,171,498,65,1515,145,755
ACC0110,2025-02,131,744,137,481,60,1738,134,646
ACC0110,2025-03,143,647,178,445,62,1620,116,730
ACC0110,2025-04,139,729,186,419,60,1642,126,622
ACC0110,2025-05,121,660,144,420,58,1536,112,578
ACC0110,2025-06,109,626,153,411,49,1425,104,573
ACC0110,2025-07,127,596,154,434,57,1352,120,727
ACC0110,2025-08,100,605,161,374,48,1490,112,583
ACC0110,2025-09,132,653,155,437,55,1784,139,630
ACC0110,2025-10,131,651,174,432,65,1643,136,748
ACC0110,2025-11,131,803,169,384,79,1829,127,639
ACC0110,2025-12,128,756,180,486,69,1680,150,808
ACC0111,2024-09,24,179,40,95,20,587,59,243
ACC0111,2024-10,23,162,47,103,21,642,72,276
ACC0111,2024-11,22,167,48,88,21,628,55,325
ACC0111,2024-12,26,166,50,101,22,624,68,278
ACC0111,2025-01,25,167,42,82,17,442,72,282
ACC0111,2025-02,21,143,39,59,16,444,57,249
ACC0111,2025-03,19,124,33,62,14,368,52,218
ACC0111,2025-04,17,122,27,52,12,351,41,220
ACC0111,2025-05,15,107,26,38,11,310,37,158
ACC0111,2025-06,12,94,18,32,8,251,31,131
ACC0111,2025-07,9,84,17,25,7,190,26,100
ACC0112,2024-11,16,62,17,47,9,161,31,105
ACC0112,2024-12,16,71,19,49,9,182,25,103
ACC0112,2025-01,16,69,18,48,9,165,25,112
ACC0112,2025-02,17,70,20,51,10,166,29,87
ACC0112,2025-03,15,67,17,52,8,141,30,104
ACC0112,2025-04,15,63,17,37,10,141,25,110
ACC0112,2025-05,16,52,16,46,9,123,23,105
ACC0112,2025-06,14,58,13,43,8,132,23,98
ACC0112,2025-07,15,60,16,45,8,154,23,86
ACC0112,2025-08,14,49,15,55,8,128,24,84
ACC0112,2025-09,16,64,14,46,8,162,27,95
ACC0112,2025-10,17,62,15,48,9,146,27,99
ACC0112,2025-11,19,71,18,53,9,164,26,91
ACC0112,2025-12,19,64,19,55,9,169,32,122
ACC0113,2024-05,13,106,20,37,9,94,17,94
ACC0113,2024-06,13,103,17,35,7,80,16,104
ACC0113,2024-07,12,99,19,45,7,77,16,99
ACC0113,2024-08,12,96,19,41,6,78,17,93
ACC0113,2024-09,11,98,22,43,8,81,19,99
ACC0113,2024-10,13,114,21,44,8,97,20,115
ACC0113,2024-11,14,104,23,35,8,84,23,121
ACC0113,2024-12,13,134,21,48,8,108,17,143
ACC0113,2025-01,14,111,26,53,7,96,21,124
ACC0113,2025-02,15,127,23,42,9,106,18,109
ACC0113,2025-03,10,121,21,42,9,99,20,112
ACC0113,2025-04,13,128,24,40,9,104,20,100
ACC0113,2025-05,14,115,18,40,8,84,19,98
ACC0113,2025-06,12,108,19,41,8,85,16,109
ACC0113,2025-07,12,115,22,44,7,88,15,103
ACC0113,2025-08,13,115,19,42,8,84,16,103
ACC0113,2025-09,13,109,25,45,8,86,18,107
ACC0113,2025-10,14,106,25,50,8,94,20,116
ACC0113,2025-11,15,124,23,45,9,107,20,110
ACC0113,2025-12,12,147,24,50,9,114,22,116
ACC0114,2024-12,11,108,25,52,8,134,17,114
ACC0114,2025-01,11,109,23,45,9,139,16,109
ACC0114,2025-02,10,120,25,46,9,140,18,130
ACC0114,2025-03,10,116,23,46,8,148,14,112
ACC0114,2025-04,10,107,22,49,8,151,16,120
ACC0114,2025-05,10,118,26,48,8,139,17,107
ACC0114,2025-06,9,112,22,45,8,118,17,110
ACC0114,2025-07,9,114,22,44,8,150,17,116
ACC0114,2025-08,9,109,24,42,8,135,16,107
ACC0114,2025-09,10,114,23,46,9,155,17,109
ACC0114,2025-10,6,55,12,29,5,80,8,68
ACC0115,2024-05,21,233,41,107,19,370,70,231
ACC0115,2024-06,23,209,45,142,17,301,77,223
ACC0115,2024-07,20,202,54,113,17,355,64,196
ACC0115,2024-08,22,241,45,127,16,347,78,226
ACC0115,2024-09,24,213,49,110,17,323,76,222
ACC0115,2024-10,26,227,52,123,21,356,78,261
ACC0115,2024-11,27,206,49,140,20,456,85,246
ACC0115,2024-12,26,280,48,153,22,404,89,270
ACC0115,2025-01,26,252,62,139,22,457,85,316
ACC0115,2025-02,25,235,57,133,21,395,82,264
ACC0115,2025-03,31,235,56,146,20,440,80,252
ACC0115,2025-04,24,270,52,137,20,360,72,220
ACC0115,2025-05,21,243,57,132,20,340,65,248
ACC0115,2025-06,21,187,46,111,19,347,76,269
ACC0115,2025-07,25,230,43,138,18,346,71,212
ACC0115,2025-08,26,232,53,126,18,371,78,227
ACC0115,2025-09,26,251,52,132,18,380,70,229
ACC0115,2025-10,26,252,59,148,22,369,85,217
ACC0115,2025-11,26,227,61,185,26,399,85,264
ACC0115,2025-12,31,305,70,162,22,360,100,259
ACC0116,2024-06,11,94,13,37,9,120,22,123
ACC0116,2024-07,9,95,13,36,11,149,20,117
ACC0116,2024-08,10,98,12,31,10,142,24,105
ACC0116,2024-09,9,110,13,36,10,118,22,94
ACC0116,2024-10,10,131,14,40,10,138,24,111
ACC0116,2024-11,12,110,15,43,11,138,28,117
ACC0116,2024-12,12,106,15,46,13,153,27,131
ACC0116,2025-01,13,128,16,38,11,169,29,137
ACC0116,2025-02,13,125,16,41,11,166,29,150
ACC0116,2025-03,11,119,16,43,12,160,26,118
ACC0116,2025-04,11,121,14,44,10,163,23,135
ACC0116,2025-05,11,116,13,39,10,148,23,128
ACC0116,2025-06,12,112,15,39,10,134,25,108
ACC0116,2025-07,13,113,12,41,10,133,24,114
ACC0116,2025-08,11,94,16,44,11,136,28,124
ACC0116,2025-09,13,124,15,42,12,149,29,118
ACC0116,2025-10,11,114,17,43,12,169,25,151
ACC0116,2025-11,11,149,19,44,13,146,31,143
ACC0116,2025-12,13,124,17,53,12,180,27,162
ACC0117,2024-07,9,71,14,35,8,77,21,64
ACC0117,2024-08,10,59,13,34,10,93,27,57
ACC0117,2024-09,9,67,15,33,9,75,26,78
ACC0117,2024-10,10,72,16,40,9,89,28,84
ACC0117,2024-11,11,79,16,33,10,90,34,73
ACC0117,2024-12,11,70,12,39,11,95,27,76
ACC0117,2025-01,10,72,14,33,9,80,24,65
ACC0117,2025-02,7,62,10,25,8,95,28,63
ACC0117,2025-03,7,63,10,25,6,68,17,50
ACC0117,2025-04,6,34,10,22,6,54,17,40
ACC0117,2025-05,7,44,8,19,7,60,14,41
ACC0117,2025-06,8,43,8,20,5,69,17,50
ACC0117,2025-07,7,55,10,29,7,74,18,49
ACC0117,2025-08,8,50,9,24,7,73,24,56
ACC0117,2025-09,9,66,12,31,9,89,24,64
ACC0117,2025-10,9,65,13,36,10,101,24,65
ACC0117,2025-11,12,79,15,35,10,90,26,61
ACC0117,2025-12,10,79,17,44,10,110,26,71
ACC0118,2024-10,38,301,58,128,15,667,45,328
ACC0118,2024-11,33,261,51,163,21,610,49,292
ACC0118,2024-12,40,293,54,156,17,683,66,347
ACC0118,2025-01,39,266,60,167,19,704,59,346
ACC0118,2025-02,39,325,54,141,18,660,68,324
ACC0118,2025-03,34,237,47,125,14,592,45,304
ACC0118,2025-04,25,184,42,93,14,328,39,211
ACC0118,2025-05,20,140,26,85,9,347,30,192
ACC0118,2025-06,20,137,28,84,9,366,35,175
ACC0118,2025-07,23,164,34,83,11,351,31,161
ACC0118,2025-08,27,180,45,88,9,410,41,210
ACC0118,2025-09,31,251,37,121,13,502,39,245
ACC0118,2025-10,32,291,50,128,16,526,59,288
ACC0118,2025-11,37,269,63,137,18,719,62,343
ACC0118,2025-12,40,264,54,145,17,631,67,332
ACC0119,2024-09,36,176,35,176,25,585,46,199
ACC0119,2024-10,44,204,44,156,25,609,50,210
ACC0119,2024-11,46,193,48,178,29,611,46,248
ACC0119,2024-12,46,220,49,192,30,793,44,251
ACC0119,2025-01,50,230,51,200,34,761,58,234
ACC0119,2025-02,50,225,57,168,31,835,52,233
ACC0119,2025-03,48,232,48,198,32,777,51,259
ACC0119,2025-04,47,221,52,178,28,742,48,230
ACC0119,2025-05,52,189,51,200,29,709,46,233
ACC0119,2025-06,48,196,46,174,29,748,49,251
ACC0119,2025-07,48,223,52,192,32,764,45,217
ACC0119,2025-08,45,223,55,206,35,739,48,244
ACC0119,2025-09,51,252,53,202,36,824,55,279
ACC0119,2025-10,58,240,61,223,36,925,62,285
ACC0119,2025-11,64,245,61,211,38,970,64,337
ACC0119,2025-12,68,276,77,241,39,953,67,302
ACC0120,2024-11,13,89,20,53,10,128,29,80
ACC0120,2024-12,12,89,23,65,9,130,30,76
ACC0120,2025-01,14,91,21,64,9,135,26,77
ACC0120,2025-02,12,89,19,60,11,144,29,81
ACC0120,2025-03,13,92,20,60,10,135,30,72
ACC0120,2025-04,12,92,21,57,8,128,28,80
ACC0120,2025-05,12,86,19,58,9,142,31,74
ACC0120,2025-06,12,81,23,56,9,121,26,67
ACC0120,2025-07,7,50,10,28,5,61,15,38
ACC0121,2024-07,10,66,22,32,7,91,18,88
ACC0121,2024-08,11,73,19,31,6,84,18,80
ACC0121,2024-09,10,70,21,29,7,84,17,89
ACC0121,2024-10,9,71,24,35,6,96,18,79
ACC0121,2024-11,11,74,21,37,6,93,19,92
ACC0121,2024-12,9,77,23,38,7,86,20,86
ACC0121,2025-01,12,80,23,37,6,102,19,79
ACC0121,2025-02,11,74,23,35,7,90,20,104
ACC0121,2025-03,10,79,24,36,6,92,21,85
ACC0121,2025-04,10,75,22,33,6,89,19,85
ACC0121,2025-05,6,38,12,18,3,52,11,49
ACC0122,2024-11,34,206,43,106,27,402,52,329
ACC0122,2024-12,36,202,41,113,30,356,58,280
ACC0122,2025-01,36,212,45,104,26,415,50,319
ACC0122,2025-02,38,200,43,106,28,396,54,335
ACC0122,2025-03,35,208,43,118,29,391,58,287
ACC0122,2025-04,36,200,42,98,30,404,52,337
ACC0122,2025-05,35,191,40,96,24,372,51,288
ACC0122,2025-06,34,192,42,95,26,381,50,302
ACC0122,2025-07,17,111,20,48,16,209,27,169
ACC0123,2024-08,8,88,15,31,9,96,17,86
ACC0123,2024-09,9,79,17,33,9,117,19,103
ACC0123,2024-10,9,87,14,35,9,121,20,102
ACC0123,2024-11,10,109,15,37,10,134,18,107
ACC0123,2024-12,11,94,18,39,9,127,22,107
ACC0123,2025-01,12,101,19,38,11,148,19,121
ACC0123,2025-02,10,99,17,42,11,108,20,128
ACC0123,2025-03,11,90,16,41,11,141,21,109
ACC0123,2025-04,9,92,17,40,9,112,22,105
ACC0123,2025-05,9,99,17,34,10,140,19,92
ACC0123,2025-06,10,97,14,33,9,108,17,108
ACC0123,2025-07,10,83,15,29,8,89,18,89
ACC0123,2025-08,10,82,15,36,8,121,21,103
ACC0123,2025-09,10,89,14,36,7,109,21,107
ACC0123,2025-10,10,112,16,36,10,141,24,113
ACC0123,2025-11,11,96,19,35,10,153,22,115
ACC0123,2025-12,13,114,19,42,10,146,22,100
ACC0124,2024-02,15,120,16,53,11,164,26,102
ACC0124,2024-03,15,110,17,54,12,161,26,99
ACC0124,2024-04,15,103,15,51,10,152,29,113
ACC0124,2024-05,17,107,13,49,11,144,25,94
ACC0124,2024-06,13,101,14,54,9,142,23,111
ACC0124,2024-07,15,110,12,50,10,172,28,102
ACC0124,2024-08,15,101,15,54,11,144,27,99
ACC0124,2024-09,15,119,15,61,12,169,26,98
ACC0124,2024-10,16,127,15,58,11,202,29,126
ACC0124,2024-11,18,129,20,62,13,211,32,132
ACC0124,2024-12,20,137,18,69,12,198,30,117
ACC0124,2025-01,18,150,19,68,13,231,31,140
ACC0124,2025-02,21,138,19,74,14,212,36,143
ACC0124,2025-03,17,147,21,78,15,222,35,130
ACC0124,2025-04,21,159,21,67,14,216,38,122
ACC0124,2025-05,20,154,20,69,12,217,34,122
ACC0124,2025-06,16,155,20,74,13,194,32,133
ACC0124,2025-07,16,164,21,70,12,200,29,136
ACC0124,2025-08,19,161,20,73,13,213,37,118
ACC0124,2025-09,19,154,22,71,16,236,35,163
ACC0124,2025-10,23,168,23,79,16,269,37,153
ACC0124,2025-11,24,182,25,91,17,237,40,154
ACC0124,2025-12,24,205,27,86,18,254,40,198
ACC0125,2024-11,9,107,21,61,11,119,20,92
ACC0125,2024-12,9,86,20,56,12,115,21,93
ACC0125,2025-01,9,92,23,60,9,115,23,85
ACC0125,2025-02,9,106,22,58,11,130,22,96
ACC0125,2025-03,10,103,25,58,11,100,20,86
ACC0125,2025-04,8,88,19,43,11,105,20,91
ACC0125,2025-05,8,79,18,51,10,100,20,71
ACC0125,2025-06,8,90,19,49,9,101,16,81
ACC0125,2025-07,7,76,19,39,8,102,18,79
ACC0125,2025-08,7,86,19,42,10,95,17,85
ACC0125,2025-09,9,89,19,42,10,92,20,81
ACC0125,2025-10,7,85,23,47,9,97,20,83
ACC0125,2025-11,9,97,22,50,10,119,22,97
ACC0125,2025-12,11,112,24,48,11,109,22,101
ACC0126,2024-05,36,235,36,120,22,434,51,273
ACC0126,2024-06,31,221,28,123,20,379,49,208
ACC0126,2024-07,34,220,29,110,18,288,39,225
ACC0126,2024-08,34,212,27,93,15,297,41,204
ACC0126,2024-09,33,188,25,85,18,299,40,213
ACC0126,2024-10,23,241,25,82,19,296,46,222
ACC0126,2024-11,23,217,17,79,15,259,38,188
ACC0126,2024-12,24,209,21,80,12,256,37,165
ACC0126,2025-01,21,170,16,53,11,214,33,182
ACC0126,2025-02,19,143,14,53,10,199,27,137
ACC0126,2025-03,16,134,12,43,7,157,27,141
ACC0127,2024-08,12,70,16,46,10,115,15,90
ACC0127,2024-09,14,74,16,48,10,94,15,92
ACC0127,2024-10,14,79,16,46,11,119,16,106
ACC0127,2024-11,15,90,16,54,12,129,17,97
ACC0127,2024-12,14,91,15,53,10,152,18,105
ACC0127,2025-01,16,107,16,53,12,107,16,114
ACC0127,2025-02,16,89,18,58,12,153,18,92
ACC0127,2025-03,14,82,17,55,11,141,18,93
ACC0127,2025-04,13,96,17,57,12,123,16,97
ACC0127,2025-05,12,81,17,51,10,122,15,108
ACC0127,2025-06,12,80,14,39,11,118,16,95
ACC0127,2025-07,11,71,11,40,8,120,14,93
ACC0127,2025-08,12,71,15,49,11,112,16,98
ACC0127,2025-09,14,83,15,49,12,131,18,109
ACC0127,2025-10,12,83,13,57,12,128,15,114
ACC0127,2025-11,14,99,17,53,10,145,17,93
ACC0127,2025-12,15,100,17,61,12,156,19,117
ACC0128,2024-07,10,72,17,37,6,78,15,87
ACC0128,2024-08,10,67,19,35,6,102,15,88
ACC0128,2024-09,9,71,20,40,6,96,18,88
ACC0128,2024-10,10,78,22,45,6,104,19,94
ACC0128,2024-11,9,81,22,44,8,110,17,105
ACC0128,2024-12,10,74,28,38,6,110,21,105
ACC0128,2025-01,10,74,24,44,8,111,17,112
ACC0128,2025-02,11,91,21,50,8,110,21,131
ACC0128,2025-03,12,76,22,39,7,98,18,108
ACC0128,2025-04,9,77,23,40,6,105,20,121
ACC0128,2025-05,10,67,22,40,6,99,19,98
ACC0128,2025-06,9,66,20,41,7,105,19,89
ACC0128,2025-07,10,76,19,41,5,95,17,93
ACC0128,2025-08,8,80,22,36,7,99,17,101
ACC0128,2025-09,9,85,21,39,7,96,19,111
ACC0128,2025-10,11,86,20,47,7,103,17,99
ACC0128,2025-11,11,101,25,48,8,123,18,112
ACC0128,2025-12,11,72,26,51,7,128,22,115
ACC0129,2024-11,13,96,23,56,10,156,22,93
ACC0129,2024-12,13,90,20,63,9,138,30,85
ACC0129,2025-01,13,89,23,56,10,146,26,88
ACC0129,2025-02,12,91,23,60,9,144,29,75
ACC0129,2025-03,13,102,23,57,9,132,24,86
ACC0129,2025-04,14,81,21,54,10,130,23,77
ACC0129,2025-05,12,77,23,51,8,130,26,76
ACC0129,2025-06,11,76,20,52,8,129,25,87
ACC0129,2025-07,12,80,19,53,7,112,18,75
ACC0129,2025-08,12,78,21,56,9,125,22,75
ACC0129,2025-09,13,82,21,48,10,135,21,71
ACC0129,2025-10,14,90,23,56,10,125,25,88
ACC0129,2025-11,14,90,24,56,10,132,26,83
ACC0129,2025-12,14,103,28,68,11,125,28,101
ACC0130,2024-07,68,567,106,314,56,1267,118,488
ACC0130,2024-08,71,620,103,336,57,1308,135,485
ACC0130,2024-09,71,548,98,330,54,1373,128,456
ACC0130,2024-10,75,558,101,372,61,1539,131,516
ACC0130,2024-11,74,570,109,374,59,1528,129,520
ACC0130,2024-12,73,644,117,330,70,1565,135,541
ACC0130,2025-01,71,650,98,378,65,1304,128,592
ACC0130,2025-02,80,631,110,347,69,1427,144,569
ACC0130,2025-03,85,625,112,324,61,1649,133,541
ACC0130,2025-04,70,550,109,333,63,1611,131,564
ACC0130,2025-05,73,611,100,322,66,1487,126,536
ACC0130,2025-06,41,342,55,183,32,762,75,304
ACC0131,2024-02,17,106,18,34,6,92,25,144
ACC0131,2024-03,16,102,16,33,7,98,26,119
ACC0131,2024-04,16,101,15,33,6,90,23,129
ACC0131,2024-05,14,86,17,32,6,96,25,107
ACC0131,2024-06,14,79,13,32,6,79,27,124
ACC0131,2024-07,13,86,13,30,6,78,21,100
ACC0131,2024-08,16,83,13,27,6,89,26,107
ACC0131,2024-09,14,100,16,31,6,79,25,110
ACC0131,2024-10,15,93,14,34,6,91,23,124
ACC0131,2024-11,16,99,18,38,6,101,25,136
ACC0131,2024-12,18,105,19,40,7,103,26,144
ACC0131,2025-01,20,112,19,36,7,102,28,143
ACC0131,2025-02,17,103,15,33,7,105,31,123
ACC0131,2025-03,15,109,19,32,8,113,26,130
ACC0131,2025-04,17,100,18,32,7,94,24,144
ACC0131,2025-05,15,82,17,33,6,94,21,122
ACC0131,2025-06,13,91,14,33,6,89,20,124
ACC0131,2025-07,13,87,16,30,6,85,23,91
ACC0131,2025-08,15,84,14,34,6,86,23,131
ACC0131,2025-09,18,92,13,37,7,102,23,148
ACC0131,2025-10,17,108,17,33,7,82,30,140
ACC0131,2025-11,17,96,15,31,6,93,27,126
ACC0131,2025-12,19,106,20,38,8,104,29,156
ACC0132,2024-01,16,124,21,36,11,140,30,124
ACC0132,2024-02,17,107,19,40,11,121,27,135
ACC0132,2024-03,16,108,16,29,10,118,25,113
ACC0132,2024-04,15,87,15,29,9,95,23,87
ACC0132,2024-05,13,83,15,27,7,97,20,92
ACC0132,2024-06,12,73,14,28,8,87,20,103
ACC0132,2024-07,11,77,12,22,7,84,18,85
ACC0132,2024-08,10,68,14,22,7,85,17,84
ACC0132,2024-09,10,70,13,24,7,85,16,80
ACC0132,2024-10,10,63,11,20,6,87,16,68
ACC0132,2024-11,11,64,11,21,7,72,15,67
ACC0132,2024-12,10,60,10,22,6,71,17,72
ACC0132,2025-01,8,58,10,19,6,60,13,59
ACC0132,2025-02,8,54,9,17,5,52,13,67
ACC0132,2025-03,7,49,8,15,5,51,11,52
ACC0132,2025-04,5,38,7,13,3,47,9,48
ACC0132,2025-05,5,33,6,9,4,40,9,38
ACC0132,2025-06,4,27,5,10,2,32,7,33
ACC0132,2025-07,4,23,4,9,3,33,5,29
ACC0132,2025-08,3,21,3,7,2,30,6,28
ACC0132,2025-09,3,21,4,7,2,26,5,25
ACC0132,2025-10,3,22,3,6,2,20,5,22
ACC0132,2025-11,3,17,3,5,2,23,4,22
ACC0132,2025-12,2,16,3,5,1,17,4,16
ACC0133,2024-05,42,259,52,152,23,398,52,231
ACC0133,2024-06,40,240,44,151,23,339,62,225
ACC0133,2024-07,43,219,45,149,24,380,52,245
ACC0133,2024-08,38,255,48,166,27,369,53,212
ACC0133,2024-09,45,272,48,145,25,322,57,214
ACC0133,2024-10,46,246,48,182,23,399,64,225
ACC0133,2024-11,47,265,48,155,29,367,58,201
ACC0133,2024-12,43,263,59,167,25,347,60,220
ACC0133,2025-01,46,287,56,174,28,419,75,222
ACC0133,2025-02,44,276,50,167,27,419,61,228
ACC0133,2025-03,47,268,50,165,28,388,63,224
ACC0133,2025-04,48,256,50,157,27,417,56,231
ACC0133,2025-05,47,282,49,157,26,363,61,216
ACC0133,2025-06,42,219,44,152,29,351,62,222
ACC0133,2025-07,41,256,48,154,23,366,62,196
ACC0133,2025-08,46,240,44,147,23,379,66,218
ACC0133,2025-09,47,262,49,153,25,388,66,246
ACC0133,2025-10,49,292,49,155,28,420,60,249
ACC0133,2025-11,26,164,28,81,15,224,35,130
ACC0134,2024-12,11,100,19,44,9,118,25,130
ACC0134,2025-01,11,109,18,44,8,116,23,118
ACC0134,2025-02,11,99,18,43,11,110,25,116
ACC0134,2025-03,9,106,21,38,9,105,26,110
ACC0134,2025-04,10,93,17,36,10,105,26,118
ACC0134,2025-05,10,93,17,38,9,101,23,102
ACC0134,2025-06,11,101,16,40,7,101,19,98
ACC0134,2025-07,10,86,15,40,8,100,22,107
ACC0134,2025-08,10,93,16,39,10,96,21,96
ACC0134,2025-09,11,101,19,38,10,102,22,115
ACC0134,2025-10,12,95,18,34,9,103,23,127
ACC0134,2025-11,12,121,22,41,10,105,24,116
ACC0134,2025-12,12,112,21,47,11,124,27,132
ACC0135,2024-08,16,77,24,43,8,100,21,102
ACC0135,2024-09,16,75,23,43,8,88,19,90
ACC0135,2024-10,17,70,20,45,8,93,21,93
ACC0135,2024-11,17,79,22,46,9,99,22,81
ACC0135,2024-12,15,83,24,53,9,106,21,90
ACC0135,2025-01,17,84,25,50,10,98,23,103
ACC0135,2025-02,17,84,25,47,9,101,23,102
ACC0135,2025-03,16,79,27,52,9,91,21,98
ACC0135,2025-04,16,79,22,51,8,98,21,98
ACC0135,2025-05,16,75,25,47,9,105,20,89
ACC0135,2025-06,16,75,23,46,9,101,20,91
ACC0135,2025-07,17,69,18,48,9,96,22,97
ACC0135,2025-08,9,41,12,27,5,54,11,46
ACC0136,2024-05,13,99,12,44,9,107,24,110
ACC0136,2024-06,12,105,15,39,8,93,18,121
ACC0136,2024-07,13,91,15,44,9,95,18,104
ACC0136,2024-08,14,97,14,41,9,101,20,113
ACC0136,2024-09,13,99,15,46,11,87,27,117
ACC0136,2024-10,14,97,13,42,11,109,22,126
ACC0136,2024-11,15,112,14,42,10,112,26,131
ACC0136,2024-12,14,104,15,52,11,128,27,142
ACC0136,2025-01,16,129,18,50,11,130,27,131
ACC0136,2025-02,16,132,16,57,10,124,23,146
ACC0136,2025-03,14,109,17,48,12,108,26,149
ACC0136,2025-04,13,110,16,51,10,134,24,133
ACC0136,2025-05,15,114,14,40,11,115,22,116
ACC0136,2025-06,15,117,13,45,10,98,20,121
ACC0136,2025-07,14,104,15,43,9,108,20,120
ACC0136,2025-08,15,105,14,46,10,112,22,104
ACC0136,2025-09,14,103,14,37,10,111,18,144
ACC0136,2025-10,15,113,14,53,12,132,25,151
ACC0136,2025-11,18,119,18,54,13,134,27,135
ACC0136,2025-12,16,125,18,61,11,142,25,139
ACC0137,2024-03,15,95,16,62,10,147,31,105
ACC0137,2024-04,10,107,14,61,9,153,25,90
ACC0137,2024-05,11,93,11,48,8,141,25,76
ACC0137,2024-06,11,87,12,45,7,123,23,70
ACC0137,2024-07,10,77,10,43,5,139,23,76
ACC0137,2024-08,10,74,13,40,6,134,23,66
ACC0137,2024-09,11,71,11,41,7,128,23,69
ACC0137,2024-10,10,77,11,44,6,128,22,63
ACC0137,2024-11,10,73,10,44,6,108,19,66
ACC0137,2024-12,9,67,10,39,6,100,22,68
ACC0137,2025-01,9,74,9,37,5,91,19,58
ACC0137,2025-02,6,60,8,28,5,91,16,53
ACC0137,2025-03,7,55,7,31,4,82,13,44
ACC0137,2025-04,5,45,6,25,3,82,15,37
ACC0137,2025-05,5,35,6,24,4,51,11,31
ACC0137,2025-06,4,32,5,18,3,41,9,30
ACC0137,2025-07,4,37,4,16,2,47,8,27
ACC0137,2025-08,3,29,3,15,2,42,7,26
ACC0137,2025-09,3,25,3,16,2,36,6,25
ACC0137,2025-10,3,22,3,11,2,32,7,22
ACC0137,2025-11,3,22,3,12,2,31,6,22
ACC0137,2025-12,2,20,3,12,2,29,6,16
ACC0138,2024-01,16,82,16,42,11,104,19,101
ACC0138,2024-02,15,97,18,37,8,109,16,105
ACC0138,2024-03,12,79,15,31,9,96,19,91
ACC0138,2024-04,12,68,15,25,9,68,13,90
ACC0138,2024-05,12,76,10,24,6,78,13,92
ACC0138,2024-06,9,67,10,21,5,64,11,65
ACC0138,2024-07,8,42,8,19,4,52,11,65
ACC0138,2024-08,7,52,7,20,4,54,9,54
ACC0138,2024-09,7,46,8,15,4,52,9,42
ACC0138,2024-10,7,48,7,14,3,44,8,50
ACC0138,2024-11,7,47,6,11,3,38,7,39
ACC0138,2024-12,5,41,5,12,3,34,7,36
ACC0139,2024-04,10,63,20,36,9,144,16,67
ACC0139,2024-05,10,76,17,36,10,118,16,70
ACC0139,2024-06,7,76,20,35,9,133,15,74
ACC0139,2024-07,10,69,17,29,8,143,15,67
ACC0139,2024-08,11,69,17,34,9,116,14,60
ACC0139,2024-09,11,68,17,36,9,156,15,70
ACC0139,2024-10,10,73,19,36,9,124,16,63
ACC0139,2024-11,9,75,16,32,9,129,15,65
ACC0139,2024-12,10,69,17,26,8,108,14,60
ACC0139,2025-01,8,70,15,28,9,104,12,55
ACC0139,2025-02,8,57,15,21,6,92,11,44
ACC0139,2025-03,7,49,12,22,5,90,11,38
ACC0139,2025-04,6,50,14,23,5,91,11,39
ACC0139,2025-05,6,53,14,20,7,71,14,51
ACC0139,2025-06,7,56,15,23,8,99,10,54
ACC0139,2025-07,8,52,13,22,7,105,12,51
ACC0139,2025-08,8,64,16,28,7,88,14,52
ACC0139,2025-09,10,66,19,28,10,119,14,69
ACC0139,2025-10,12,75,17,34,10,119,17,64
ACC0139,2025-11,13,67,23,38,11,147,17,77
ACC0139,2025-12,12,79,23,44,11,162,21,71
ACC0140,2024-03,7,124,22,54,9,138,26,72
ACC0140,2024-04,8,101,21,47,8,133,21,76
ACC0140,2024-05,8,103,20,56,8,140,25,75
ACC0140,2024-06,8,108,19,39,7,117,20,69
ACC0140,2024-07,7,100,23,42,7,126,19,69
ACC0140,2024-08,8,86,19,45,7,124,24,67
ACC0140,2024-09,8,106,21,39,7,133,22,80
ACC0140,2024-10,9,113,23,53,8,143,26,84
ACC0140,2024-11,8,106,24,56,9,164,26,81
ACC0140,2024-12,10,127,22,53,9,139,25,77
ACC0140,2025-01,11,121,25,66,10,162,27,82
ACC0140,2025-02,8,126,26,43,9,154,27,93
ACC0140,2025-03,9,120,20,49,8,146,28,87
ACC0140,2025-04,10,114,25,49,8,152,24,84
ACC0140,2025-05,9,110,22,49,7,138,20,81
ACC0140,2025-06,8,108,22,45,7,129,25,71
ACC0140,2025-07,9,123,18,45,8,120,23,68
ACC0140,2025-08,9,109,21,43,9,120,21,73
ACC0140,2025-09,9,104,21,47,9,143,25,68
ACC0140,2025-10,9,116,22,50,8,143,26,94
ACC0140,2025-11,10,124,26,48,9,182,25,85
ACC0140,2025-12,9,123,23,61,9,177,26,90
ACC0141,2024-04,23,166,49,114,19,476,55,227
ACC0141,2024-05,25,162,55,114,19,403,38,226
ACC0141,2024-06,24,141,44,92,16,307,50,224
ACC0141,2024-07,20,104,34,87,12,298,43,187
ACC0141,2024-08,18,123,35,76,12,318,39,156
ACC0141,2024-09,18,99,31,76,11,257,34,177
ACC0142,2024-08,8,64,10,54,6,114,24,105
ACC0142,2024-09,8,70,12,55,5,138,21,111
ACC0142,2024-10,9,78,11,50,5,125,26,128
ACC0142,2024-11,10,87,12,49,6,135,25,129
ACC0142,2024-12,7,85,12,43,4,151,26,114
ACC0142,2025-01,8,77,11,53,6,119,27,124
ACC0142,2025-02,7,65,11,43,4,112,23,102
ACC0142,2025-03,7,72,9,35,4,102,19,108
ACC0142,2025-04,5,58,7,33,3,72,15,90
ACC0142,2025-05,5,58,6,24,3,78,13,66
ACC0142,2025-06,3,46,5,19,2,57,11,60
ACC0142,2025-07,3,35,4,17,2,53,8,55
ACC0142,2025-08,3,33,3,14,2,49,8,45
ACC0142,2025-09,3,25,3,12,1,36,6,46
ACC0142,2025-10,2,23,3,9,1,37,7,47
ACC0142,2025-11,2,23,2,9,1,30,6,39
ACC0143,2024-09,35,188,45,138,28,581,40,289
ACC0143,2024-10,36,146,46,140,27,461,40,309
ACC0143,2024-11,36,165,45,139,28,567,45,281
ACC0143,2024-12,34,189,52,153,29,499,39,345
ACC0143,2025-01,40,175,45,159,29,577,36,246
ACC0143,2025-02,36,150,39,127,21,414,38,297
ACC0143,2025-03,26,138,39,119,22,424,29,258
ACC0143,2025-04,26,122,30,103,20,389,26,214
ACC0143,2025-05,21,99,30,78,17,353,26,175
ACC0143,2025-06,18,89,26,81,14,241,19,180
ACC0143,2025-07,16,81,20,68,13,259,20,135
ACC0143,2025-08,16,77,21,64,11,225,20,152
ACC0143,2025-09,14,76,19,57,11,199,15,129
ACC0143,2025-10,14,71,20,54,12,170,15,125
ACC0143,2025-11,15,63,19,55,9,211,14,131
ACC0143,2025-12,15,58,16,54,9,196,15,109
ACC0144,2024-06,12,101,18,43,6,147,19,60
ACC0144,2024-07,11,91,18,46,6,152,20,69
ACC0144,2024-08,11,93,16,46,7,156,20,67
ACC0144,2024-09,12,88,19,47,7,141,24,73
ACC0144,2024-10,11,97,19,51,6,153,21,74
ACC0144,2024-11,11,95,20,50,8,155,25,77
ACC0144,2024-12,12,111,19,51,8,151,23,84
ACC0144,2025-01,13,102,21,51,7,165,26,78
ACC0144,2025-02,11,103,19,54,8,159,22,82
ACC0144,2025-03,12,101,21,49,8,147,26,81
ACC0144,2025-04,7,55,10,29,4,86,12,40
ACC0145,2024-04,15,70,19,57,7,132,26,104
ACC0145,2024-05,13,79,17,52,5,109,20,114
ACC0145,2024-06,13,57,17,44,5,109,18,91
ACC0145,2024-07,12,66,13,41,4,103,16,77
ACC0145,2024-08,9,57,13,34,4,102,17,95
ACC0145,2024-09,10,53,11,40,4,91,14,80
ACC0145,2024-10,9,51,10,33,3,86,14,78
ACC0145,2024-11,8,48,10,27,3,83,12,71
ACC0146,2024-08,9,90,17,34,6,81,22,59
ACC0146,2024-09,8,96,18,33,8,96,25,73
ACC0146,2024-10,10,85,20,40,7,74,27,63
ACC0146,2024-11,11,84,20,42,7,79,30,74
ACC0146,2024-12,10,114,18,42,8,95,28,77
ACC0146,2025-01,10,104,20,43,8,103,30,69
ACC0146,2025-02,10,105,22,40,7,93,26,73
ACC0146,2025-03,11,99,21,37,9,87,33,66
ACC0146,2025-04,10,102,19,39,8,103,28,64
ACC0146,2025-05,8,89,18,41,8,102,27,61
ACC0146,2025-06,9,82,15,34,7,77,23,63
ACC0146,2025-07,10,92,17,37,8,80,24,74
ACC0146,2025-08,9,77,17,41,8,78,26,63
ACC0146,2025-09,9,81,19,36,7,99,25,75
ACC0146,2025-10,10,103,17,43,8,92,27,69
ACC0146,2025-11,11,109,22,45,10,88,27,72
ACC0146,2025-12,10,98,20,46,9,111,29,70
ACC0147,2024-07,11,59,16,39,9,121,20,66
ACC0147,2024-08,11,58,16,38,8,145,20,61
ACC0147,2024-09,11,60,17,39,9,149,20,78
ACC0147,2024-10,11,67,16,43,10,170,20,82
ACC0147,2024-11,15,72,18,50,10,168,22,77
ACC0147,2024-12,13,70,19,45,11,151,23,90
ACC0147,2025-01,13,74,17,42,11,190,24,81
ACC0147,2025-02,14,65,20,45,9,190,21,89
ACC0147,2025-03,14,77,20,43,9,191,23,83
ACC0147,2025-04,13,66,17,39,11,165,19,73
ACC0147,2025-05,12,52,16,41,10,164,19,73
ACC0147,2025-06,12,61,17,36,9,144,20,69
ACC0147,2025-07,11,71,15,37,8,135,21,74
ACC0147,2025-08,12,56,17,32,9,164,18,67
ACC0147,2025-09,11,64,17,40,11,149,19,83
ACC0147,2025-10,16,78,17,42,10,179,21,78
ACC0147,2025-11,14,75,21,39,11,160,28,74
ACC0147,2025-12,11,67,19,43,12,183,26,71
ACC0148,2024-01,31,243,53,150,23,471,64,404
ACC0148,2024-02,28,238,51,175,21,410,59,342
ACC0148,2024-03,23,261,48,137,23,452,60,323
ACC0148,2024-04,23,221,40,122,20,370,46,271
ACC0148,2024-05,23,182,35,114,13,309,50,332
ACC0148,2024-06,19,203,29,95,13,291,41,259
ACC0148,2024-07,16,179,32,80,13,285,36,231
ACC0148,2024-08,16,158,26,67,11,178,33,209
ACC0148,2024-09,13,146,21,70,8,199,30,207
ACC0148,2024-10,15,114,19,62,10,197,28,190
ACC0148,2024-11,11,129,20,59,8,206,24,170
ACC0148,2024-12,11,109,16,49,6,161,26,146
ACC0148,2025-01,8,85,15,40,6,129,18,133
ACC0149,2024-04,13,60,17,55,9,81,19,72
ACC0149,2024-05,13,61,17,50,7,81,21,78
ACC0149,2024-06,14,54,15,51,7,82,18,80
ACC0149,2024-07,14,59,17,58,8,79,20,72
ACC0149,2024-08,15,74,17,60,8,83,21,82
ACC0149,2024-09,14,63,21,63,8,93,22,82
ACC0149,2024-10,16,69,21,76,8,96,23,87
ACC0149,2024-11,18,73,22,71,9,101,27,90
ACC0149,2024-12,18,77,19,65,9,98,25,92
ACC0149,2025-01,20,84,21,76,9,98,25,114
ACC0149,2025-02,17,86,24,81,9,102,23,91
ACC0149,2025-03,18,83,24,69,10,115,27,100
ACC0149,2025-04,18,76,18,73,9,128,30,103
ACC0149,2025-05,16,85,23,85,10,111,24,95
ACC0149,2025-06,19,78,20,75,10,113,22,101
ACC0149,2025-07,21,89,22,69,10,107,25,106
ACC0149,2025-08,19,86,22,84,10,110,29,114
ACC0149,2025-09,20,92,24,80,11,127,27,114
ACC0149,2025-10,22,102,26,85,11,127,34,128
ACC0149,2025-11,22,105,28,83,11,143,31,121
ACC0149,2025-12,20,111,31,90,13,155,37,127
ACC0150,2024-03,34,181,32,102,19,658,56,318
ACC0150,2024-04,33,192,38,99,19,575,49,312
ACC0150,2024-05,30,210,32,91,17,640,47,264
ACC0150,2024-06,25,157,34,88,17,568,48,280
ACC0150,2024-07,29,179,26,81,18,528,47,260
ACC0150,2024-08,31,193,33,80,17,558,45,302
ACC0150,2024-09,32,193,33,87,17,558,45,320
ACC0150,2024-10,32,191,38,105,20,523,48,269
ACC0150,2024-11,38,201,36,116,20,672,62,331
ACC0150,2024-12,36,224,39,120,22,732,45,317
ACC0150,2025-01,38,219,41,111,21,727,61,403
ACC0150,2025-02,33,235,37,101,22,743,58,316
ACC0150,2025-03,34,195,41,125,23,682,59,376
ACC0150,2025-04,29,197,38,90,23,754,60,311
ACC0150,2025-05,35,227,35,94,19,635,53,313
ACC0150,2025-06,28,191,36,96,17,589,56,281
ACC0150,2025-07,26,172,36,99,19,536,49,265
ACC0150,2025-08,34,207,38,101,17,622,49,304
ACC0150,2025-09,33,188,35,101,18,638,50,340
ACC0150,2025-10,36,222,41,110,22,591,51,310
ACC0150,2025-11,37,197,37,100,21,785,60,378
ACC0150,2025-12,36,261,40,118,24,739,54,354
ACC0151,2024-09,119,395,119,239,61,1315,191,775
ACC0151,2024-10,106,469,111,251,71,1386,183,701
ACC0151,2024-11,115,537,127,320,79,1592,175,853
ACC0151,2024-12,126,522,136,345,82,1536,217,925
ACC0151,2025-01,107,537,125,312,80,1595,195,865
ACC0151,2025-02,118,520,152,323,73,1530,210,1014
ACC0151,2025-03,122,455,131,343,66,1641,243,918
ACC0151,2025-04,126,479,147,355,72,1581,192,895
ACC0151,2025-05,116,464,123,258,65,1302,212,895
ACC0151,2025-06,106,434,112,306,67,1493,185,893
ACC0151,2025-07,123,470,108,302,61,1162,167,877
ACC0151,2025-08,113,458,132,269,67,1505,190,887
ACC0151,2025-09,126,554,137,301,69,1539,224,992
ACC0151,2025-10,117,506,141,306,87,1566,200,839
ACC0151,2025-11,124,526,131,362,78,1598,230,989
ACC0151,2025-12,127,626,140,377,84,1930,239,1045
ACC0152,2024-07,16,72,13,34,6,153,16,97
ACC0152,2024-08,16,75,12,36,7,129,16,101
ACC0152,2024-09,16,75,15,36,7,166,19,101
ACC0152,2024-10,15,88,15,35,7,159,20,119
ACC0152,2024-11,14,82,15,36,7,173,20,111
ACC0152,2024-12,18,95,15,39,8,151,20,119
ACC0152,2025-01,17,86,15,45,8,164,21,121
ACC0152,2025-02,18,93,17,43,9,186,21,132
ACC0152,2025-03,16,77,15,42,8,147,23,119
ACC0152,2025-04,14,90,15,32,9,177,21,114
ACC0152,2025-05,15,93,16,37,7,146,19,118
ACC0152,2025-06,14,94,15,40,7,139,19,124
ACC0152,2025-07,14,81,16,39,8,157,18,108
ACC0152,2025-08,17,87,13,37,7,138,19,118
ACC0152,2025-09,17,95,14,40,8,151,20,119
ACC0152,2025-10,18,93,15,42,7,159,20,132
ACC0152,2025-11,19,102,17,49,9,170,22,123
ACC0152,2025-12,20,102,19,44,10,190,23,109
ACC0153,2024-08,11,90,19,56,8,94,20,73
ACC0153,2024-09,11,85,18,52,9,77,18,68
ACC0153,2024-10,15,96,18,64,9,94,18,66
ACC0153,2024-11,16,103,22,60,9,78,19,86
ACC0153,2024-12,17,107,21,72,10,90,20,101
ACC0153,2025-01,15,118,22,62,9,102,21,79
ACC0153,2025-02,17,120,21,58,11,95,22,80
ACC0153,2025-03,14,95,19,63,8,99,21,84
ACC0153,2025-04,14,99,19,59,10,102,22,67
ACC0153,2025-05,15,102,19,63,9,83,20,71
ACC0153,2025-06,14,98,15,58,8,91,19,65
ACC0153,2025-07,15,93,18,53,8,94,18,79
ACC0153,2025-08,12,100,18,47,9,81,19,73
ACC0153,2025-09,14,91,19,66,9,90,20,76
ACC0153,2025-10,14,121,21,53,10,100,21,78
ACC0153,2025-11,17,102,21,66,10,109,20,87
ACC0153,2025-12,15,120,22,67,11,108,21,97
ACC0154,2024-09,38,157,49,112,18,377,48,200
ACC0154,2024-10,39,149,46,110,18,406,43,225
ACC0154,2024-11,44,146,47,98,19,401,51,221
ACC0154,2024-12,38,140,58,97,19,308,52,173
ACC0154,2025-01,37,178,52,130,17,308,51,239
ACC0154,2025-02,36,153,44,94,15,305,45,196
ACC0154,2025-03,38,164,32,89,13,308,34,223
ACC0154,2025-04,29,130,34,77,10,263,35,141
ACC0154,2025-05,22,113,27,49,10,214,29,144
ACC0154,2025-06,23,93,22,51,8,183,22,118
ACC0154,2025-07,20,85,20,42,6,159,18,107
ACC0154,2025-08,15,68,14,36,6,148,16,106
ACC0154,2025-09,14,60,13,35,5,103,17,81
ACC0154,2025-10,13,54,10,26,4,124,14,75
ACC0154,2025-11,9,55,10,19,4,90,15,66
ACC0155,2024-10,73,565,106,262,57,1574,111,724
ACC0155,2024-11,72,722,142,320,53,1752,126,841
ACC0155,2024-12,70,770,139,282,57,1702,110,662
ACC0155,2025-01,75,630,139,320,58,2013,128,739
ACC0155,2025-02,74,719,132,294,61,1608,129,798
ACC0155,2025-03,74,620,137,319,46,1918,123,783
ACC0155,2025-04,69,598,123,271,57,1729,95,720
ACC0155,2025-05,68,561,119,279,53,1754,95,751
ACC0155,2025-06,66,621,110,256,50,1788,106,708
ACC0155,2025-07,54,557,98,269,42,1423,96,712
ACC0155,2025-08,59,616,122,248,42,1534,94,690
ACC0155,2025-09,63,648,131,328,63,1979,109,718
ACC0155,2025-10,70,717,136,276,54,1939,115,697
ACC0155,2025-11,69,697,137,318,54,2054,129,814
ACC0155,2025-12,72,659,131,327,70,2096,122,842
ACC0156,2024-08,66,498,110,267,39,1472,165,717
ACC0156,2024-09,72,561,117,335,38,1478,153,722
ACC0156,2024-10,77,596,138,266,39,1788,163,865
ACC0156,2024-11,78,651,154,292,43,1652,174,769
ACC0156,2024-12,79,620,133,314,44,1802,193,896
ACC0156,2025-01,77,696,156,396,50,2031,136,905
ACC0156,2025-02,84,693,169,326,43,1611,173,808
ACC0156,2025-03,75,617,134,346,50,1702,161,857
ACC0156,2025-04,76,622,152,291,42,1540,172,811
ACC0156,2025-05,78,563,130,326,35,1820,142,847
ACC0156,2025-06,73,607,135,267,41,1412,169,719
ACC0156,2025-07,61,601,112,271,42,1581,153,767
ACC0156,2025-08,73,575,130,326,40,1710,147,809
ACC0156,2025-09,80,705,122,379,34,1621,160,795
ACC0156,2025-10,72,610,126,316,38,1455,165,745
ACC0157,2024-06,12,67,14,32,8,120,18,72
ACC0157,2024-07,11,73,14,31,8,111,15,81
ACC0157,2024-08,12,79,13,38,8,125,16,77
ACC0157,2024-09,12,84,14,28,8,118,17,85
ACC0157,2024-10,12,82,15,35,9,124,18,84
ACC0157,2024-11,15,86,17,36,9,151,15,77
ACC0157,2024-12,15,104,15,41,10,134,19,95
ACC0157,2025-01,13,106,18,37,11,127,21,100
ACC0157,2025-02,15,102,19,42,9,133,20,87
ACC0157,2025-03,13,77,16,35,10,150,17,87
ACC0157,2025-04,12,77,15,39,10,132,17,88
ACC0157,2025-05,14,76,17,30,9,114,18,85
ACC0157,2025-06,13,74,13,33,8,134,15,88
ACC0157,2025-07,12,74,14,36,8,111,15,75
ACC0157,2025-08,11,72,16,35,8,130,16,83
ACC0157,2025-09,13,88,16,34,9,123,18,77
ACC0157,2025-10,16,85,15,32,10,130,16,84
ACC0157,2025-11,16,88,17,40,10,149,17,86
ACC0157,2025-12,16,106,17,41,11,152,20,88
ACC0158,2024-12,12,85,22,58,6,133,25,133
ACC0158,2025-01,11,74,25,57,6,162,27,146
ACC0158,2025-02,11,79,26,60,7,157,31,139
ACC0158,2025-03,11,80,23,54,5,136,25,111
ACC0158,2025-04,11,63,22,45,6,130,26,111
ACC0158,2025-05,11,72,25,42,5,119,23,109
ACC0158,2025-06,10,67,21,48,5,121,25,110
ACC0158,2025-07,10,64,21,51,5,114,22,136
ACC0158,2025-08,10,66,20,53,5,111,22,116
ACC0158,2025-09,10,76,24,52,6,121,23,117
ACC0158,2025-10,10,77,25,60,6,118,22,117
ACC0159,2024-08,29,204,38,105,23,301,48,177
ACC0159,2024-09,34,206,54,122,20,243,53,173
ACC0159,2024-10,38,233,55,112,23,318,52,193
ACC0159,2024-11,38,229,56,125,20,347,51,186
ACC0159,2024-12,37,230,58,130,26,376,56,196
ACC0159,2025-01,37,238,48,101,25,356,55,205
ACC0159,2025-02,33,207,46,99,20,283,44,175
ACC0159,2025-03,25,177,39,70,14,237,43,128
ACC0159,2025-04,22,133,33,72,13,234,30,136
ACC0159,2025-05,23,135,27,67,13,188,25,88
ACC0159,2025-06,21,164,38,80,15,200,32,104
ACC0159,2025-07,25,167,38,75,12,233,29,110
ACC0159,2025-08,25,164,39,73,16,230,36,132
ACC0159,2025-09,29,187,42,95,21,289,39,147
ACC0159,2025-10,35,200,49,109,19,328,52,168
ACC0159,2025-11,36,190,60,129,20,389,51,202
ACC0159,2025-12,39,218,59,121,23,388,51,249
ACC0160,2024-11,11,95,22,59,7,112,25,86
ACC0160,2024-12,12,112,24,67,6,99,25,82
ACC0160,2025-01,13,113,25,57,8,103,24,101
ACC0160,2025-02,14,131,23,65,6,117,25,99
ACC0160,2025-03,14,119,20,55,7,102,26,91
ACC0160,2025-04,9,96,18,40,7,88,23,61
ACC0160,2025-05,8,56,12,36,5,61,18,53
ACC0160,2025-06,7,52,12,30,4,61,16,39
ACC0160,2025-07,7,61,12,37,4,67,15,49
ACC0160,2025-08,8,65,14,40,5,92,19,61
ACC0160,2025-09,10,92,18,42,6,92,23,69
ACC0160,2025-10,8,94,20,42,6,87,26,92
ACC0160,2025-11,13,106,24,67,6,114,29,70
ACC0160,2025-12,13,119,21,61,8,116,32,94
ACC0161,2024-07,10,73,15,30,8,114,13,75
ACC0161,2024-08,10,74,13,35,6,129,15,87
ACC0161,2024-09,10,76,16,37,6,132,13,87
ACC0161,2024-10,13,87,18,42,6,124,16,85
ACC0161,2024-11,9,93,18,39,7,123,17,98
ACC0161,2024-12,14,93,17,42,8,152,15,121
ACC0161,2025-01,14,101,17,44,8,147,18,109
ACC0161,2025-02,12,102,16,41,6,141,16,120
ACC0161,2025-03,13,107,17,39,8,147,16,93
ACC0161,2025-04,11,82,17,37,6,134,16,83
ACC0161,2025-05,12,88,15,44,7,148,16,87
ACC0161,2025-06,12,85,16,40,7,129,17,100
ACC0161,2025-07,8,86,16,34,7,132,14,102
ACC0161,2025-08,11,76,14,42,7,129,13,92
ACC0161,2025-09,10,96,16,38,6,120,14,89
ACC0161,2025-10,12,86,15,45,8,155,17,84
ACC0161,2025-11,14,87,16,49,8,157,21,96
ACC0161,2025-12,12,104,19,50,9,142,21,94
ACC0162,2024-09,26,183,30,180,25,447,69,201
ACC0162,2024-10,28,162,38,191,27,479,75,216
ACC0162,2024-11,27,183,34,169,22,429,78,230
ACC0162,2024-12,28,216,33,184,22,578,75,224
ACC0162,2025-01,32,193,31,176,24,505,79,232
ACC0162,2025-02,31,203,37,191,24,528,85,267
ACC0162,2025-03,35,179,31,187,25,551,64,227
ACC0162,2025-04,31,187,31,159,24,525,74,227
ACC0162,2025-05,33,193,31,178,21,487,81,228
ACC0162,2025-06,26,190,31,176,25,524,74,217
ACC0162,2025-07,29,161,34,170,22,455,76,217
ACC0162,2025-08,26,196,27,147,23,508,72,190
ACC0162,2025-09,37,179,38,165,26,479,86,224
ACC0162,2025-10,33,186,33,175,24,550,81,225
ACC0162,2025-11,35,223,38,193,27,572,88,254
ACC0162,2025-12,36,213,36,193,28,612,79,237
ACC0163,2024-04,46,172,49,82,18,526,60,262
ACC0163,2024-05,43,179,49,99,19,519,64,301
ACC0163,2024-06,40,167,45,82,19,485,52,232
ACC0163,2024-07,42,157,44,94,17,460,51,255
ACC0163,2024-08,43,165,44,101,17,577,56,222
ACC0163,2024-09,38,174,46,78,20,511,61,291
ACC0163,2024-10,45,171,50,89,19,610,62,355
ACC0163,2024-11,44,226,49,108,22,665,64,277
ACC0163,2024-12,44,190,48,101,22,686,68,302
ACC0163,2025-01,56,220,60,114,22,691,79,316
ACC0163,2025-02,52,186,54,97,23,632,70,275
ACC0163,2025-03,43,220,52,111,25,579,73,294
ACC0163,2025-04,44,189,48,104,21,587,67,320
ACC0163,2025-05,41,210,44,99,21,600,58,316
ACC0163,2025-06,41,176,45,95,21,532,63,291
ACC0163,2025-07,43,160,49,84,18,506,61,281
ACC0163,2025-08,47,179,45,101,22,515,57,252
ACC0163,2025-09,48,188,50,107,20,485,61,259
ACC0163,2025-10,48,172,61,107,21,628,73,266
ACC0163,2025-11,53,171,59,112,25,716,80,324
ACC0163,2025-12,52,224,56,111,23,722,77,317
ACC0164,2024-12,43,147,48,94,30,470,50,268
ACC0164,2025-01,41,161,48,95,30,469,48,279
ACC0164,2025-02,39,161,45,130,26,471,56,257
ACC0164,2025-03,43,158,44,106,30,456,45,249
ACC0164,2025-04,39,169,40,106,25,447,46,225
ACC0164,2025-05,43,133,46,103,23,458,41,274
ACC0164,2025-06,40,153,35,102,23,395,43,243
ACC0164,2025-07,33,146,35,97,22,376,47,256
ACC0164,2025-08,30,145,39,91,21,437,44,260
ACC0164,2025-09,42,138,40,97,25,362,45,237
ACC0164,2025-10,42,149,36,119,24,455,55,273
ACC0164,2025-11,47,187,42,121,27,486,46,278
ACC0164,2025-12,49,176,47,129,25,464,56,277
ACC0165,2024-08,11,66,11,47,7,135,21,104
ACC0165,2024-09,13,73,11,35,9,95,20,90
ACC0165,2024-10,13,72,10,37,7,129,23,111
ACC0165,2024-11,13,77,12,37,8,110,16,98
ACC0165,2024-12,13,79,8,36,8,111,21,100
ACC0165,2025-01,12,58,8,38,8,83,20,109
ACC0165,2025-02,10,65,8,31,7,86,16,95
ACC0165,2025-03,7,54,7,26,6,73,14,91
ACC0165,2025-04,8,52,7,21,4,69,13,74
ACC0165,2025-05,6,43,5,20,4,68,11,68
ACC0165,2025-06,4,33,5,14,3,48,9,50
ACC0165,2025-07,4,28,3,12,3,49,8,47
ACC0165,2025-08,4,26,3,10,2,34,6,42
ACC0165,2025-09,3,25,3,9,2,37,6,34
ACC0166,2024-06,11,76,15,31,10,135,16,89
ACC0166,2024-07,9,77,17,32,10,131,14,99
ACC0166,2024-08,9,83,16,37,11,132,20,103
ACC0166,2024-09,10,88,16,40,9,142,16,102
ACC0166,2024-10,10,91,22,42,11,146,18,110
ACC0166,2024-11,11,105,21,49,12,161,20,126
ACC0166,2024-12,12,108,22,48,12,162,22,132
ACC0166,2025-01,13,107,24,53,15,198,23,125
ACC0166,2025-02,12,115,22,54,15,184,24,122
ACC0166,2025-03,12,102,22,42,12,173,21,113
ACC0166,2025-04,13,110,23,51,14,184,23,133
ACC0166,2025-05,14,108,23,51,12,168,21,123
ACC0166,2025-06,11,91,24,53,14,169,21,128
ACC0166,2025-07,11,106,23,40,14,177,22,128
ACC0166,2025-08,14,112,22,56,13,207,21,143
ACC0166,2025-09,14,123,25,48,15,189,24,120
ACC0166,2025-10,13,127,25,56,16,233,25,167
ACC0166,2025-11,16,131,27,63,17,221,25,143
ACC0166,2025-12,18,147,27,61,18,210,24,186
ACC0167,2024-11,13,105,20,43,10,159,24,97
ACC0167,2024-12,15,98,19,42,10,186,26,94
ACC0167,2025-01,16,100,23,35,10,158,29,75
ACC0167,2025-02,13,95,21,39,11,152,31,86
ACC0167,2025-03,15,108,21,43,9,165,26,80
ACC0167,2025-04,14,92,19,36,10,164,22,86
ACC0167,2025-05,12,90,20,35,10,178,24,73
ACC0167,2025-06,15,85,19,36,8,143,25,81
ACC0167,2025-07,11,78,17,34,10,141,22,75
ACC0167,2025-08,15,105,17,37,9,156,21,80
ACC0167,2025-09,13,92,20,40,10,158,26,77
ACC0167,2025-10,14,85,20,44,10,150,28,97
ACC0167,2025-11,15,108,25,40,11,189,25,104
ACC0167,2025-12,15,104,19,45,11,223,31,88
ACC0168,2024-01,95,510,89,367,72,1792,147,875
ACC0168,2024-02,80,482,79,354,64,1566,205,884
ACC0168,2024-03,82,595,89,361,57,1572,238,874
ACC0168,2024-04,77,564,81,329,63,1544,191,835
ACC0168,2024-05,77,559,86,348,53,1660,190,811
ACC0168,2024-06,84,594,77,276,65,1428,176,608
ACC0168,2024-07,76,576,77,328,55,1380,192,672
ACC0168,2024-08,83,600,83,303,62,1444,164,870
ACC0168,2024-09,86,628,91,312,59,1733,173,819
ACC0168,2024-10,81,591,93,395,58,1751,205,861
ACC0168,2024-11,98,574,95,356,70,1648,218,956
ACC0168,2024-12,98,646,100,400,83,2018,212,882
ACC0168,2025-01,94,605,105,355,79,1853,221,901
ACC0168,2025-02,99,700,112,366,76,2162,226,1102
ACC0168,2025-03,103,683,99,418,70,2049,244,871
ACC0168,2025-04,97,616,91,365,84,1733,205,957
ACC0168,2025-05,94,625,81,382,65,1864,206,834
ACC0168,2025-06,87,522,95,351,70,1486,191,866
ACC0168,2025-07,88,634,83,307,59,1492,195,766
ACC0168,2025-08,88,600,96,373,66,1644,178,879
ACC0168,2025-09,93,659,84,391,80,1635,210,797
ACC0168,2025-10,91,685,104,392,66,1999,211,1051
ACC0168,2025-11,108,822,111,418,77,2105,275,996
ACC0168,2025-12,123,713,109,405,89,2159,256,961
ACC0169,2024-02,11,122,25,52,8,151,31,115
ACC0169,2024-03,10,112,24,49,10,145,28,114
ACC0169,2024-04,9,117,22,56,10,121,28,94
ACC0169,2024-05,10,111,22,52,10,117,26,91
ACC0169,2024-06,9,108,19,44,9,108,25,94
ACC0169,2024-07,10,97,16,46,8,109,28,83
ACC0169,2024-08,10,106,20,45,9,114,25,101
ACC0169,2024-09,9,105,19,56,9,124,24,98
ACC0169,2024-10,9,105,20,61,10,125,28,112
ACC0169,2024-11,12,113,24,61,9,156,27,111
ACC0169,2024-12,11,107,23,67,9,140,31,113
ACC0169,2025-01,11,111,23,59,11,150,34,102
ACC0169,2025-02,11,126,20,57,11,144,31,125
ACC0169,2025-03,11,97,22,53,10,150,28,103
ACC0169,2025-04,11,114,22,59,9,141,27,104
ACC0169,2025-05,10,112,23,52,10,139,28,112
ACC0169,2025-06,10,112,19,53,8,127,30,90
ACC0169,2025-07,11,89,22,43,10,144,25,91
ACC0169,2025-08,11,91,20,59,12,121,29,86
ACC0169,2025-09,9,101,21,48,10,124,26,111
ACC0169,2025-10,11,140,24,59,10,134,25,111
ACC0169,2025-11,11,141,23,54,10,174,32,112
ACC0169,2025-12,12,144,25,65,10,166,28,113
ACC0170,2024-07,9,67,17,37,7,114,26,78
ACC0170,2024-08,10,71,20,34,6,112,24,87
ACC0170,2024-09,10,68,16,40,7,115,24,83
ACC0170,2024-10,13,76,18,45,7,122,24,82
ACC0170,2024-11,11,53,20,41,7,114,24,79
ACC0170,2024-12,11,72,16,33,7,116,25,81
ACC0170,2025-01,8,73,19,30,6,109,22,69
ACC0170,2025-02,11,57,15,31,6,103,24,70
ACC0170,2025-03,8,53,14,28,6,86,20,62
ACC0170,2025-04,7,46,12,26,5,76,17,55
ACC0170,2025-05,6,38,10,21,4,67,15,43
ACC0170,2025-06,5,32,11,18,4,50,16,40
ACC0170,2025-07,5,33,8,17,3,50,12,31
ACC0170,2025-08,5,28,6,16,3,48,9,33
ACC0170,2025-09,4,28,7,18,3,43,10,30
ACC0170,2025-10,4,30,7,12,3,49,9,30
ACC0170,2025-11,4,24,7,13,2,41,9,24
ACC0170,2025-12,4,21,6,13,2,34,7,30
ACC0171,2024-09,36,230,46,117,17,363,66,225
ACC0171,2024-10,46,225,49,101,17,365,65,243
ACC0171,2024-11,37,237,57,136,17,408,63,249
ACC0171,2024-12,44,221,64,137,20,420,68,268
ACC0171,2025-01,43,213,50,140,20,386,81,298
ACC0171,2025-02,47,254,56,128,20,394,61,274
ACC0171,2025-03,43,243,53,128,17,375,73,255
ACC0171,2025-04,41,251,51,125,18,386,66,235
ACC0171,2025-05,35,221,54,114,16,366,62,236
ACC0171,2025-06,40,206,54,129,15,342,61,242
ACC0171,2025-07,34,212,47,121,16,332,58,242
ACC0171,2025-08,33,229,54,109,15,412,57,234
ACC0171,2025-09,38,249,56,111,18,355,63,260
ACC0171,2025-10,42,205,59,138,16,364,72,261
ACC0171,2025-11,42,231,54,152,21,451,75,291
ACC0171,2025-12,45,218,55,127,21,460,79,301
ACC0172,2024-10,25,197,41,154,24,669,68,276
ACC0172,2024-11,26,254,45,119,21,540,69,263
ACC0172,2024-12,28,209,44,134,27,579,76,251
ACC0172,2025-01,25,240,47,121,25,589,57,242
ACC0172,2025-02,22,193,37,87,24,449,67,243
ACC0172,2025-03,20,167,30,101,20,387,49,188
ACC0172,2025-04,17,147,26,76,13,358,42,186
ACC0172,2025-05,13,121,21,57,13,348,37,171
ACC0172,2025-06,12,115,17,55,9,293,36,133
ACC0172,2025-07,10,91,15,44,8,228,26,110
ACC0173,2024-08,16,80,21,53,8,101,13,83
ACC0173,2024-09,15,68,26,55,8,105,15,87
ACC0173,2024-10,14,74,21,61,8,116,19,113
ACC0173,2024-11,17,71,23,60,10,122,17,105
ACC0173,2024-12,16,83,29,65,11,126,17,106
ACC0173,2025-01,16,90,27,64,11,134,22,100
ACC0173,2025-02,19,85,26,58,9,141,19,98
ACC0173,2025-03,17,76,21,67,10,109,20,102
ACC0173,2025-04,15,73,24,50,9,118,19,81
ACC0173,2025-05,13,68,25,57,10,102,15,86
ACC0173,2025-06,15,68,19,53,8,117,16,75
ACC0173,2025-07,15,73,22,64,8,114,15,76
ACC0173,2025-08,13,71,20,50,7,120,18,94
ACC0173,2025-09,17,72,26,56,8,120,15,93
ACC0173,2025-10,18,85,28,59,9,100,17,86
ACC0173,2025-11,16,83,28,53,10,140,21,94
ACC0173,2025-12,19,84,28,72,10,135,22,112
ACC0174,2024-07,11,94,15,36,7,74,12,108
ACC0174,2024-08,11,82,15,40,8,79,16,98
ACC0174,2024-09,10,86,17,37,7,81,16,103
ACC0174,2024-10,11,94,14,46,7,81,15,94
ACC0174,2024-11,12,88,17,45,8,90,17,95
ACC0174,2024-12,13,88,18,38,8,79,16,90
ACC0174,2025-01,11,85,15,39,7,76,19,90
ACC0174,2025-02,8,80,15,34,6,70,15,94
ACC0174,2025-03,8,70,11,30,5,61,13,73
ACC0174,2025-04,8,66,11,29,5,57,11,76
ACC0174,2025-05,7,58,8,25,4,48,10,54
ACC0174,2025-06,6,41,9,18,4,45,7,51
ACC0174,2025-07,5,39,7,18,3,30,8,42
ACC0174,2025-08,5,28,6,17,3,32,8,43
ACC0174,2025-09,4,37,7,16,3,30,7,43
ACC0174,2025-10,4,34,6,15,3,26,6,39
ACC0174,2025-11,4,27,5,16,2,29,5,37
ACC0174,2025-12,4,28,5,13,3,29,5,27
ACC0175,2024-12,13,68,19,39,7,133,26,83
ACC0175,2025-01,13,90,19,32,6,114,24,90
ACC0175,2025-02,14,69,21,40,7,140,22,67
ACC0175,2025-03,11,65,18,35,8,108,27,73
ACC0175,2025-04,12,62,17,35,7,103,26,72
ACC0175,2025-05,11,64,16,32,5,123,22,67
ACC0175,2025-06,11,52,17,31,5,98,21,68
ACC0175,2025-07,10,55,15,30,5,107,22,65
ACC0175,2025-08,11,59,17,27,5,95,22,72
ACC0175,2025-09,11,68,16,33,7,117,21,67
ACC0175,2025-10,11,68,20,39,6,136,24,79
ACC0175,2025-11,13,81,20,31,7,137,27,83
ACC0175,2025-12,13,64,17,38,6,115,29,76
ACC0176,2024-08,41,191,44,159,15,437,40,199
ACC0176,2024-09,35,205,49,139,14,449,44,187
ACC0176,2024-10,45,231,53,169,15,448,49,211
ACC0176,2024-11,47,258,60,152,17,483,50,209
ACC0176,2024-12,52,243,51,184,16,518,46,260
ACC0176,2025-01,44,261,62,193,16,543,56,243
ACC0176,2025-02,50,246,57,205,17,622,51,197
ACC0176,2025-03,48,230,64,183,16,522,52,246
ACC0176,2025-04,44,218,51,179,16,505,49,208
ACC0176,2025-05,50,226,56,174,15,537,48,196
ACC0176,2025-06,38,201,49,159,15,415,43,205
ACC0176,2025-07,33,198,55,165,14,471,41,201
ACC0176,2025-08,41,208,53,168,15,410,40,195
ACC0176,2025-09,49,229,53,173,15,518,49,189
ACC0176,2025-10,54,240,49,180,15,509,48,236
ACC0176,2025-11,45,267,65,176,20,629,42,207
ACC0176,2025-12,54,260,63,176,17,559,52,220
ACC0177,2024-06,26,235,50,106,27,427,44,163
ACC0177,2024-07,27,230,54,95,28,417,53,201
ACC0177,2024-08,28,235,51,99,25,425,49,174
ACC0177,2024-09,26,259,57,99,29,502,47,198
ACC0177,2024-10,28,261,55,124,27,481,52,213
ACC0177,2024-11,36,342,60,115,32,550,58,220
ACC0177,2024-12,33,317,61,126,33,551,66,188
ACC0177,2025-01,35,357,77,121,34,549,65,254
ACC0177,2025-02,34,378,68,128,37,564,65,262
ACC0177,2025-03,36,348,55,131,32,570,62,264
ACC0177,2025-04,37,357,64,112,31,539,65,218
ACC0177,2025-05,38,328,72,135,34,619,62,244
ACC0177,2025-06,30,338,68,124,34,566,57,235
ACC0177,2025-07,31,302,66,115,36,611,59,273
ACC0177,2025-08,39,316,68,147,37,601,70,256
ACC0177,2025-09,40,338,81,135,33,655,64,263
ACC0177,2025-10,41,360,86,156,40,837,72,264
ACC0177,2025-11,47,405,75,178,40,757,76,284
ACC0177,2025-12,45,374,88,167,46,758,85,316
ACC0178,2024-12,12,79,15,58,10,117,25,88
ACC0178,2025-01,11,68,15,48,11,129,26,97
ACC0178,2025-02,14,79,17,53,10,111,25,88
ACC0178,2025-03,12,70,14,51,9,95,21,69
ACC0178,2025-04,11,57,12,44,7,88,20,66
ACC0178,2025-05,9,45,10,38,7,81,17,56
ACC0178,2025-06,7,48,10,30,6,73,14,49
ACC0178,2025-07,7,36,8,29,6,62,13,45
ACC0178,2025-08,7,34,9,25,5,62,12,46
ACC0178,2025-09,6,34,8,23,5,56,11,41
ACC0178,2025-10,6,34,7,21,4,60,11,42
ACC0178,2025-11,6,31,7,24,5,56,11,36
ACC0178,2025-12,6,30,6,24,4,54,11,32
ACC0179,2024-02,18,112,13,41,7,116,26,86
ACC0179,2024-03,15,72,15,42,7,108,23,84
ACC0179,2024-04,14,90,14,42,8,106,25,75
ACC0179,2024-05,13,76,13,42,6,95,21,81
ACC0179,2024-06,16,83,13,40,7,95,21,78
ACC0179,2024-07,14,82,11,39,7,107,22,72
ACC0179,2024-08,13,83,14,39,7,88,21,78
ACC0179,2024-09,13,85,14,38,7,88,25,73
ACC0179,2024-10,16,79,16,45,8,116,25,81
ACC0179,2024-11,17,93,15,55,8,118,28,77
ACC0179,2024-12,18,102,16,51,8,121,31,85
ACC0179,2025-01,18,107,17,46,10,123,29,116
ACC0179,2025-02,15,92,17,44,9,115,29,98
ACC0179,2025-03,16,95,18,43,8,127,23,88
ACC0179,2025-04,19,104,15,35,8,121,27,96
ACC0179,2025-05,17,101,16,52,8,102,25,86
ACC0179,2025-06,17,89,15,45,7,107,27,84
ACC0179,2025-07,14,100,17,44,6,115,26,77
ACC0179,2025-08,16,81,15,46,8,113,28,76
ACC0179,2025-09,16,100,15,44,8,117,27,82
ACC0179,2025-10,20,100,16,46,9,133,30,97
ACC0179,2025-11,18,113,20,57,9,110,25,91
ACC0179,2025-12,17,104,19,57,9,123,28,95
ACC0180,2024-12,13,75,16,45,10,162,22,133
ACC0180,2025-01,16,58,17,53,9,150,25,109
ACC0180,2025-02,14,79,20,51,11,188,21,125
ACC0180,2025-03,13,78,17,43,8,156,20,109
ACC0180,2025-04,12,60,17,38,7,121,16,109
ACC0180,2025-05,7,44,11,25,5,105,17,80
ACC0180,2025-06,6,35,9,24,4,76,13,61
ACC0180,2025-07,7,36,11,26,4,81,12,68
ACC0180,2025-08,8,42,11,27,6,89,12,78
ACC0180,2025-09,10,54,14,38,6,115,16,97
ACC0180,2025-10,11,52,17,39,7,138,20,105
ACC0180,2025-11,14,68,20,51,9,150,23,115
ACC0180,2025-12,10,72,19,45,8,167,21,125
ACC0181,2024-02,16,91,23,33,10,97,22,95
ACC0181,2024-03,14,90,22,39,8,114,22,78
ACC0181,2024-04,15,86,18,36,8,107,18,84
ACC0181,2024-05,14,95,22,35,8,93,20,85
ACC0181,2024-06,13,98,19,37,9,84,24,85
ACC0181,2024-07,14,95,19,36,7,93,23,80
ACC0181,2024-08,13,91,18,34,8,100,24,75
ACC0181,2024-09,15,95,20,40,8,81,19,75
ACC0181,2024-10,16,87,20,41,10,111,24,90
ACC0181,2024-11,16,111,22,36,11,90,25,89
ACC0181,2024-12,19,110,25,38,11,112,27,99
ACC0181,2025-01,21,121,24,47,12,125,25,101
ACC0181,2025-02,19,112,22,41,11,133,28,94
ACC0181,2025-03,19,99,18,49,9,104,22,106
ACC0181,2025-04,16,116,21,35,9,112,31,101
ACC0181,2025-05,15,109,22,40,9,96,23,93
ACC0181,2025-06,14,93,22,37,9,97,24,91
ACC0181,2025-07,15,84,20,33,10,114,24,79
ACC0181,2025-08,15,102,22,45,9,101,23,86
ACC0181,2025-09,16,108,22,42,10,115,30,83
ACC0181,2025-10,15,115,22,47,9,98,22,107
ACC0181,2025-11,21,109,23,44,11,134,30,93
ACC0181,2025-12,19,104,29,44,13,125,26,111
ACC0182,2024-04,28,164,46,147,15,440,49,325
ACC0182,2024-05,28,169,49,151,17,439,50,332
ACC0182,2024-06,27,164,50,179,14,421,48,296
ACC0182,2024-07,26,178,42,160,14,486,47,290
ACC0182,2024-08,28,173,40,145,15,505,53,297
ACC0182,2024-09,33,193,57,168,14,402,58,338
ACC0182,2024-10,34,173,56,181,17,537,51,360
ACC0182,2024-11,32,171,61,205,18,584,63,318
ACC0182,2024-12,35,207,52,188,17,504,61,358
ACC0182,2025-01,34,217,64,197,21,544,56,364
ACC0182,2025-02,31,198,61,172,17,575,54,379
ACC0182,2025-03,37,192,62,178,16,476,62,386
ACC0182,2025-04,34,186,61,171,16,462,57,408
ACC0182,2025-05,32,186,57,196,19,471,54,373
ACC0182,2025-06,31,196,57,175,18,537,66,320
ACC0182,2025-07,32,179,63,173,16,490,50,314
ACC0182,2025-08,30,207,51,186,18,421,50,313
ACC0182,2025-09,39,231,52,186,17,551,54,368
ACC0182,2025-10,33,215,60,206,20,530,58,359
ACC0182,2025-11,39,211,69,218,22,629,62,407
ACC0182,2025-12,40,233,74,230,22,562,65,342
ACC0183,2024-10,11,104,19,35,7,122,21,99
ACC0183,2024-11,8,99,19,36,7,103,24,118
ACC0183,2024-12,10,104,18,35,8,112,25,108
ACC0183,2025-01,11,101,20,37,8,146,24,98
ACC0183,2025-02,9,96,18,30,6,113,19,107
ACC0183,2025-03,7,85,14,29,6,98,19,90
ACC0183,2025-04,7,91,13,22,5,95,15,87
ACC0183,2025-05,6,60,12,22,4,70,13,73
ACC0183,2025-06,6,55,8,15,3,67,11,60
ACC0183,2025-07,5,45,7,15,3,55,11,51
ACC0183,2025-08,4,46,7,11,2,38,8,51
ACC0183,2025-09,3,39,5,10,2,48,9,50
ACC0184,2024-12,91,683,112,471,68,1256,151,641
ACC0184,2025-01,83,622,115,486,62,1329,153,676
ACC0184,2025-02,101,710,119,468,62,1316,151,673
ACC0184,2025-03,101,638,126,475,64,1092,142,823
ACC0184,2025-04,78,616,123,442,63,1183,141,576
ACC0184,2025-05,84,596,98,455,52,1112,145,583
ACC0184,2025-06,78,564,112,457,56,1091,112,690
ACC0184,2025-07,74,565,97,418,62,1025,120,544
ACC0184,2025-08,78,596,98,418,58,1080,127,615
ACC0184,2025-09,83,597,122,509,63,1154,141,617
ACC0184,2025-10,77,677,124,471,64,1050,134,722
ACC0184,2025-11,91,688,102,452,67,1443,142,794
ACC0184,2025-12,90,576,129,512,64,1336,163,848
ACC0185,2024-10,11,62,21,62,8,119,18,137
ACC0185,2024-11,12,72,21,64,7,155,18,125
ACC0185,2024-12,14,66,22,67,9,152,22,137
ACC0185,2025-01,11,71,22,74,8,148,22,159
ACC0185,2025-02,13,66,22,63,8,136,20,126
ACC0185,2025-03,8,50,18,55,7,116,17,88
ACC0185,2025-04,9,44,15,40,5,102,15,89
ACC0185,2025-05,6,34,9,33,4,72,11,71
ACC0185,2025-06,7,34,11,29,5,74,13,79
ACC0185,2025-07,7,42,14,38,5,82,12,86
ACC0185,2025-08,8,46,15,34,5,86,12,88
ACC0185,2025-09,9,52,16,40,6,113,16,83
ACC0185,2025-10,9,53,19,54,8,129,17,89
ACC0185,2025-11,11,73,24,60,8,124,22,99
ACC0185,2025-12,12,69,23,68,8,138,21,134
ACC0186,2024-08,11,98,19,31,9,124,15,71
ACC0186,2024-09,14,86,15,36,10,118,18,77
ACC0186,2024-10,13,104,18,32,10,152,17,86
ACC0186,2024-11,14,105,19,35,9,159,18,88
ACC0186,2024-12,15,122,22,37,12,118,20,84
ACC0186,2025-01,15,111,18,40,11,171,20,98
ACC0186,2025-02,16,109,22,42,9,147,17,95
ACC0186,2025-03,16,102,20,34,11,140,21,102
ACC0186,2025-04,14,111,19,35,11,135,19,87
ACC0186,2025-05,12,87,17,32,10,117,18,78
ACC0187,2024-01,41,274,45,99,24,518,72,324
ACC0187,2024-02,38,234,38,114,26,479,68,287
ACC0187,2024-03,39,275,43,120,22,461,71,339
ACC0187,2024-04,41,269,47,111,27,516,59,300
ACC0187,2024-05,42,248,40,105,28,485,70,333
ACC0187,2024-06,41,259,40,97,23,470,77,290
ACC0187,2024-07,44,207,39,106,26,513,58,325
ACC0187,2024-08,48,207,45,106,25,550,69,302
ACC0187,2024-09,48,295,46,118,31,504,71,347
ACC0187,2024-10,50,298,50,132,30,533,83,402
ACC0187,2024-11,53,305,46,142,30,671,87,420
ACC0187,2024-12,54,347,46,143,33,710,90,418
ACC0187,2025-01,54,333,55,154,33,675,82,444
ACC0187,2025-02,59,373,61,144,37,686,94,441
ACC0187,2025-03,52,382,53,139,34,714,85,446
ACC0187,2025-04,58,339,62,159,33,634,95,411
ACC0187,2025-05,55,332,59,135,34,602,97,460
ACC0187,2025-06,56,333,56,132,31,665,82,388
ACC0187,2025-07,56,402,61,158,30,644,97,409
ACC0187,2025-08,61,325,56,145,40,669,89,425
ACC0187,2025-09,58,390,53,145,37,774,104,470
ACC0187,2025-10,57,378,70,173,43,751,102,512
ACC0187,2025-11,62,431,78,185,43,774,103,487
ACC0187,2025-12,69,435,67,183,41,878,111,567
ACC0188,2024-02,9,103,20,62,6,151,20,110
ACC0188,2024-03,9,89,15,59,6,149,22,121
ACC0188,2024-04,9,92,15,44,6,168,23,102
ACC0188,2024-05,8,85,12,54,6,159,20,103
ACC0188,2024-06,10,84,16,50,6,130,20,93
ACC0188,2024-07,9,88,16,43,5,149,19,85
ACC0188,2024-08,9,75,18,48,6,148,19,84
ACC0188,2024-09,9,90,18,59,6,143,20,89
ACC0188,2024-10,10,92,18,57,7,158,19,110
ACC0188,2024-11,9,89,22,75,6,164,23,93
ACC0188,2024-12,11,94,20,67,7,194,25,115
ACC0188,2025-01,11,110,19,64,6,181,25,110
ACC0188,2025-02,9,97,21,59,6,194,22,119
ACC0188,2025-03,9,90,19,65,6,161,21,119
ACC0188,2025-04,10,99,19,63,7,170,21,117
ACC0188,2025-05,8,87,17,54,7,169,21,106
ACC0188,2025-06,9,88,18,49,5,138,19,82
ACC0188,2025-07,8,69,17,53,5,155,18,107
ACC0188,2025-08,8,88,18,54,6,160,22,95
ACC0188,2025-09,8,103,19,52,7,163,22,105
ACC0188,2025-10,9,92,18,55,6,156,23,108
ACC0188,2025-11,10,94,20,67,7,187,23,125
ACC0188,2025-12,10,92,20,70,8,174,25,120
ACC0189,2024-04,7,81,21,49,9,89,18,93
ACC0189,2024-05,8,76,20,51,10,73,25,81
ACC0189,2024-06,8,76,16,52,8,86,21,76
ACC0189,2024-07,8,79,14,43,8,76,20,78
ACC0189,2024-08,8,77,20,44,7,77,20,69
ACC0189,2024-09,8,85,19,37,8,83,22,79
ACC0189,2024-10,8,82,21,54,9,83,22,94
ACC0189,2024-11,9,71,20,46,8,72,20,83
ACC0189,2024-12,8,88,14,47,7,68,21,73
ACC0189,2025-01,8,69,19,41,8,73,17,69
ACC0189,2025-02,5,51,13,34,6,61,15,64
ACC0189,2025-03,5,56,14,35,5,54,14,64
ACC0189,2025-04,4,48,12,31,5,57,14,55
ACC0189,2025-05,5,51,15,40,6,55,16,55
ACC0189,2025-06,6,69,15,35,7,70,15,64
ACC0189,2025-07,6,50,14,39,7,66,16,58
ACC0189,2025-08,7,82,17,43,7,67,21,67
ACC0189,2025-09,7,69,21,43,7,75,21,76
ACC0189,2025-10,8,84,20,52,9,81,22,79
ACC0189,2025-11,10,106,20,66,10,94,25,73
ACC0189,2025-12,10,83,23,58,10,102,28,99
ACC0190,2024-01,15,74,17,43,9,150,31,117
ACC0190,2024-02,10,73,18,43,8,152,30,105
ACC0190,2024-03,13,59,19,41,8,121,27,103
ACC0190,2024-04,14,68,19,45,8,126,26,107
ACC0190,2024-05,11,60,14,39,9,136,28,100
ACC0190,2024-06,13,55,16,34,7,116,24,93
ACC0190,2024-07,11,56,15,31,9,119,25,95
ACC0190,2024-08,12,65,15,37,9,122,26,93
ACC0190,2024-09,12,64,14,37,10,142,28,95
ACC0190,2024-10,13,66,16,36,10,139,28,97
ACC0190,2024-11,14,68,18,43,10,150,27,112
ACC0190,2024-12,14,72,19,44,9,121,29,107
ACC0190,2025-01,15,74,19,51,11,161,30,130
ACC0190,2025-02,13,70,21,47,10,154,30,119
ACC0190,2025-03,13,68,19,45,10,153,31,118
ACC0190,2025-04,14,64,17,43,10,155,30,122
ACC0190,2025-05,12,59,17,38,8,126,25,105
ACC0190,2025-06,12,60,15,44,9,118,29,98
ACC0190,2025-07,12,62,14,41,8,136,25,97
ACC0190,2025-08,10,61,17,41,9,120,26,106
ACC0190,2025-09,13,63,18,42,10,151,31,107
ACC0190,2025-10,14,52,20,47,9,144,28,123
ACC0190,2025-11,12,70,18,46,11,163,34,141
ACC0190,2025-12,13,69,21,52,10,154,29,120
ACC0191,2024-07,8,76,18,36,6,124,14,90
ACC0191,2024-08,9,76,19,32,6,123,13,98
ACC0191,2024-09,9,68,19,31,6,124,15,104
ACC0191,2024-10,10,84,21,36,6,151,15,104
ACC0191,2024-11,9,85,19,33,6,122,15,123
ACC0191,2024-12,8,76,21,37,6,140,14,93
ACC0191,2025-01,11,81,18,30,6,126,16,105
ACC0191,2025-02,8,75,17,27,5,136,13,102
ACC0191,2025-03,6,64,16,27,5,104,11,76
ACC0191,2025-04,6,46,14,21,4,83,10,65
ACC0191,2025-05,6,47,11,21,3,81,9,66
ACC0191,2025-06,5,38,9,17,3,72,6,54
ACC0191,2025-07,4,34,9,16,3,66,7,50
ACC0191,2025-08,4,29,8,13,2,49,6,39
ACC0191,2025-09,4,35,8,13,3,52,5,42
ACC0191,2025-10,3,34,6,11,2,47,5,40
ACC0191,2025-11,4,29,6,12,2,51,5,40
ACC0191,2025-12,3,29,6,12,2,40,4,36
ACC0192,2024-10,9,80,22,44,9,137,25,87
ACC0192,2024-11,9,101,22,49,10,156,25,84
ACC0192,2024-12,10,94,21,54,11,168,27,94
ACC0192,2025-01,9,101,23,59,10,157,27,79
ACC0192,2025-02,11,109,25,50,9,162,29,86
ACC0192,2025-03,10,105,27,47,9,166,26,97
ACC0192,2025-04,9,96,19,47,9,145,25,80
ACC0192,2025-05,8,85,24,46,9,134,25,78
ACC0192,2025-06,8,92,18,53,7,124,24,81
ACC0192,2025-07,9,76,21,47,8,145,27,81
ACC0192,2025-08,8,93,23,55,8,159,24,73
ACC0192,2025-09,9,95,22,55,9,147,24,75
ACC0192,2025-10,10,88,21,58,11,145,26,73
ACC0192,2025-11,9,108,24,56,10,183,31,86
ACC0192,2025-12,10,87,22,63,13,186,27,89
ACC0193,2024-12,27,157,52,142,25,656,45,224
ACC0193,2025-01,25,189,53,124,24,751,47,279
ACC0193,2025-02,26,161,54,130,24,649,49,245
ACC0193,2025-03,27,180,49,112,19,660,46,304
ACC0193,2025-04,28,161,51,120,21,607,41,239
ACC0193,2025-05,23,146,42,111,19,667,40,236
ACC0193,2025-06,24,150,47,110,19,580,40,244
ACC0193,2025-07,22,147,39,111,21,634,36,242
ACC0193,2025-08,25,133,49,111,19,538,40,239
ACC0193,2025-09,26,128,47,119,18,601,42,233
ACC0193,2025-10,24,155,51,110,20,559,41,290
ACC0193,2025-11,29,181,66,146,25,596,48,286
ACC0193,2025-12,27,180,52,130,20,679,60,281
ACC0194,2024-06,11,56,14,48,6,150,24,75
ACC0194,2024-07,11,61,14,53,7,140,28,79
ACC0194,2024-08,12,62,12,49,7,141,24,62
ACC0194,2024-09,14,66,14,54,9,146,29,74
ACC0194,2024-10,13,61,15,59,9,164,26,85
ACC0194,2024-11,15,72,15,61,9,159,33,79
ACC0194,2024-12,15,81,17,69,9,174,32,68
ACC0194,2025-01,12,74,17,74,8,169,32,74
ACC0194,2025-02,14,66,17,67,9,161,29,77
ACC0194,2025-03,13,61,19,63,10,141,30,81
ACC0194,2025-04,14,67,18,65,9,156,30,87
ACC0194,2025-05,14,68,16,63,9,187,30,80
ACC0194,2025-06,14,61,16,59,9,182,29,78
ACC0194,2025-07,14,60,14,63,8,182,26,80
ACC0194,2025-08,13,66,15,54,9,146,32,74
ACC0194,2025-09,11,75,17,62,7,195,33,97
ACC0194,2025-10,15,66,17,57,11,188,31,100
ACC0194,2025-11,15,90,16,67,9,182,30,88
ACC0194,2025-12,16,72,20,75,11,189,40,97
ACC0195,2024-11,12,68,22,39,6,173,29,110
ACC0195,2024-12,12,66,21,34,6,171,31,115
ACC0195,2025-01,11,67,21,36,7,186,26,120
ACC0195,2025-02,11,67,22,40,7,164,29,114
ACC0195,2025-03,11,67,21,37,6,160,31,108
ACC0195,2025-04,11,61,20,37,5,125,28,98
ACC0195,2025-05,10,61,17,32,5,142,29,111
ACC0195,2025-06,11,54,17,33,6,128,26,103
ACC0195,2025-07,9,63,18,36,6,140,24,106
ACC0195,2025-08,11,53,17,32,6,136,24,118
ACC0195,2025-09,11,63,17,34,5,154,26,101
ACC0195,2025-10,14,59,20,34,7,173,27,102
ACC0195,2025-11,12,70,21,35,7,152,30,117
ACC0195,2025-12,13,70,24,41,7,183,32,129
ACC0196,2024-12,41,304,54,123,30,383,77,201
ACC0196,2025-01,45,267,57,142,31,465,77,208
ACC0196,2025-02,43,260,49,138,28,417,72,217
ACC0196,2025-03,41,298,53,152,30,440,80,216
ACC0196,2025-04,35,272,50,127,28,385,80,213
ACC0196,2025-05,35,266,43,133,26,351,62,186
ACC0196,2025-06,34,250,45,115,27,359,63,178
ACC0196,2025-07,37,291,44,115,25,372,63,174
ACC0196,2025-08,32,275,46,135,26,398,64,154
ACC0196,2025-09,41,322,45,135,28,375,63,174
ACC0196,2025-10,37,280,48,139,30,441,78,243
ACC0196,2025-11,41,317,55,108,33,417,77,193
ACC0196,2025-12,44,357,54,133,30,442,82,196
ACC0197,2024-11,10,81,24,56,8,127,27,85
ACC0197,2024-12,13,81,22,62,8,125,27,93
ACC0197,2025-01,11,94,25,64,8,129,30,91
ACC0197,2025-02,11,87,22,52,9,133,30,87
ACC0197,2025-03,10,93,22,58,9,133,24,87
ACC0197,2025-04,10,85,24,55,8,129,28,86
ACC0197,2025-05,11,94,23,56,7,123,27,82
ACC0197,2025-06,11,81,22,52,8,113,27,80
ACC0197,2025-07,5,43,12,28,4,66,15,45
ACC0198,2024-04,72,601,100,378,48,1382,156,564
ACC0198,2024-05,79,472,89,391,43,1423,174,573
ACC0198,2024-06,81,572,90,443,44,1385,170,584
ACC0198,2024-07,71,594,95,345,41,1244,173,537
ACC0198,2024-08,68,600,100,406,50,1534,190,508
ACC0198,2024-09,78,606,96,470,48,1703,188,614
ACC0198,2024-10,90,579,101,407,48,1572,196,701
ACC0198,2024-11,87,726,116,474,54,1719,231,761
ACC0198,2024-12,90,718,126,404,53,1730,221,880
ACC0198,2025-01,87,830,131,484,53,1629,221,709
ACC0198,2025-02,91,696,115,473,63,1874,191,807
ACC0198,2025-03,84,767,111,478,52,1746,211,761
ACC0198,2025-04,94,701,124,410,56,1754,181,738
ACC0198,2025-05,80,641,111,430,49,1650,178,670
ACC0198,2025-06,73,564,113,351,52,1673,173,729
ACC0198,2025-07,80,706,104,377,49,1387,188,624
ACC0198,2025-08,78,655,115,406,49,1492,222,629
ACC0198,2025-09,94,710,104,462,49,1915,212,698
ACC0198,2025-10,98,601,124,504,55,1538,192,672
ACC0198,2025-11,90,680,149,639,68,1745,235,745
ACC0198,2025-12,107,761,128,514,65,2063,270,807
ACC0199,2024-12,86,779,133,444,52,2287,149,838
ACC0199,2025-01,73,804,150,412,48,1822,161,671
ACC0199,2025-02,85,671,148,461,49,1743,137,694
ACC0199,2025-03,82,652,133,479,47,1843,147,727
ACC0199,2025-04,66,705,133,425,45,1907,131,759
ACC0199,2025-05,62,646,110,396,36,1744,126,775
ACC0199,2025-06,73,649,100,346,43,1611,149,587
ACC0199,2025-07,65,668,109,457,37,1642,126,621
ACC0199,2025-08,58,643,133,463,45,1945,118,634
ACC0199,2025-09,64,591,128,426,42,1853,139,683
ACC0199,2025-10,66,680,133,385,48,2141,136,785
ACC0199,2025-11,79,779,150,477,47,1828,157,830
ACC0199,2025-12,87,770,141,545,46,1981,156,857
ACC0200,2024-03,34,270,47,149,25,490,74,305
ACC0200,2024-04,29,219,53,131,20,516,74,280
ACC0200,2024-05,37,247,49,109,22,497,69,269
ACC0200,2024-06,34,206,44,130,22,427,70,259
ACC0200,2024-07,28,263,46,122,18,460,64,241
ACC0200,2024-08,30,242,45,125,25,461,68,224
ACC0200,2024-09,35,240,49,117,20,497,72,293
ACC0200,2024-10,39,229,47,135,22,492,76,273
ACC0200,2024-11,41,323,58,139,26,585,76,288
ACC0200,2024-12,33,288,51,133,26,511,86,336
ACC0200,2025-01,40,318,47,140,26,623,83,341
ACC0200,2025-02,43,267,57,154,29,523,86,298
ACC0200,2025-03,38,293,52,146,26,540,82,321
ACC0200,2025-04,36,252,44,156,27,484,84,244
ACC0200,2025-05,41,302,52,127,26,523,71,291
ACC0200,2025-06,34,254,50,134,23,491,69,279
ACC0200,2025-07,39,280,49,131,23,477,74,266
ACC0200,2025-08,35,239,48,119,22,521,82,295
ACC0200,2025-09,41,246,47,127,25,494,78,300
ACC0200,2025-10,36,289,55,125,27,551,79,332
ACC0200,2025-11,41,283,53,138,26,550,75,304
ACC0200,2025-12,45,270,64,145,29,595,102,386
ACC0201,2024-05,8,66,22,51,9,154,21,81
ACC0201,2024-06,12,76,21,48,8,135,25,61
ACC0201,2024-07,10,78,22,44,9,128,23,65
ACC0201,2024-08,9,81,22,46,8,155,21,75
ACC0201,2024-09,10,75,21,51,10,135,26,82
ACC0201,2024-10,11,87,25,51,10,152,20,79
ACC0201,2024-11,12,85,22,46,10,165,27,82
ACC0201,2024-12,12,75,21,46,9,149,27,78
ACC0201,2025-01,9,84,17,42,9,111,27,61
ACC0201,2025-02,9,62,16,41,6,106,19,58
ACC0201,2025-03,6,54,13,28,6,92,14,44
ACC0201,2025-04,6,49,11,32,5,101,17,49
ACC0201,2025-05,7,52,16,31,6,99,17,54
ACC0201,2025-06,8,56,13,31,6,96,16,48
ACC0201,2025-07,9,60,17,39,8,112,17,49
ACC0201,2025-08,8,63,15,39,9,111,19,65
ACC0201,2025-09,8,76,20,46,9,133,23,77
ACC0201,2025-10,12,71,20,48,10,149,27,75
ACC0201,2025-11,9,98,21,49,11,161,30,84
ACC0201,2025-12,15,90,24,51,9,163,29,96
ACC0202,2024-01,35,265,57,163,31,353,72,215
ACC0202,2024-02,28,270,60,156,31,302,78,182
ACC0202,2024-03,29,215,55,138,27,326,67,210
ACC0202,2024-04,25,257,53,121,24,288,60,174
ACC0202,2024-05,28,214,47,91,22,306,58,170
ACC0202,2024-06,24,171,41,100,21,284,53,153
ACC0202,2024-07,20,199,39,90,15,248,44,147
ACC0202,2024-08,20,167,36,93,20,233,50,121
ACC0202,2024-09,18,157,31,82,18,202,47,129
ACC0202,2024-10,21,180,35,80,21,184,44,134
ACC0202,2024-11,18,177,30,79,17,200,42,120
ACC0202,2024-12,19,141,30,79,16,182,38,108
ACC0202,2025-01,16,135,30,64,18,166,37,120
ACC0202,2025-02,15,119,27,66,15,177,33,112
ACC0202,2025-03,14,109,25,56,13,145,29,101
ACC0202,2025-04,12,107,22,52,12,144,29,81
ACC0202,2025-05,10,81,19,42,8,103,24,68
ACC0202,2025-06,9,71,13,40,8,114,21,52
ACC0202,2025-07,7,67,13,28,7,80,16,49
ACC0202,2025-08,6,46,13,32,5,63,14,49
ACC0202,2025-09,6,48,11,26,5,67,13,35
ACC0202,2025-10,6,46,9,27,5,65,13,38
ACC0202,2025-11,5,40,8,24,5,55,11,38
ACC0202,2025-12,5,35,7,19,5,45,10,34
ACC0203,2024-10,30,265,52,150,16,592,49,339
ACC0203,2024-11,26,289,57,159,15,616,38,317
ACC0203,2024-12,26,214,56,140,16,687,40,336
ACC0203,2025-01,25,246,54,164,14,489,36,315
ACC0203,2025-02,23,202,51,149,14,585,42,313
ACC0203,2025-03,18,197,38,116,12,457,32,229
ACC0203,2025-04,18,199,30,104,9,381,26,227
ACC0203,2025-05,16,166,31,83,8,357,26,223
ACC0203,2025-06,12,143,20,72,8,318,22,168
ACC0203,2025-07,10,130,19,59,6,233,21,147
ACC0203,2025-08,9,104,15,50,5,274,17,155
ACC0203,2025-09,8,108,15,42,5,166,15,129
ACC0204,2024-02,33,234,59,188,18,553,68,346
ACC0204,2024-03,36,228,59,191,19,621,63,333
ACC0204,2024-04,32,210,44,178,20,586,61,349
ACC0204,2024-05,29,176,46,155,18,571,50,345
ACC0204,2024-06,26,192,46,145,14,473,59,328
ACC0204,2024-07,31,199,50,149,17,563,51,284
ACC0204,2024-08,25,205,51,154,13,539,59,301
ACC0204,2024-09,26,180,46,131,17,593,61,284
ACC0204,2024-10,39,208,63,184,17,591,64,386
ACC0204,2024-11,37,248,62,180,19,590,69,374
ACC0204,2024-12,38,241,61,159,18,616,75,414
ACC0204,2025-01,35,241,54,203,21,641,72,393
ACC0204,2025-02,35,243,70,179,21,609,68,379
ACC0204,2025-03,30,228,61,152,18,700,66,382
ACC0204,2025-04,36,205,57,136,16,598,60,351
ACC0204,2025-05,33,227,55,133,18,585,65,309
ACC0204,2025-06,30,209,51,180,16,485,54,335
ACC0204,2025-07,30,228,49,131,17,597,55,355
ACC0204,2025-08,33,221,59,144,18,685,55,404
ACC0204,2025-09,34,224,55,182,15,637,53,378
ACC0204,2025-10,32,237,53,170,18,632,71,349
ACC0204,2025-11,37,239,72,191,18,716,75,373
ACC0204,2025-12,40,278,60,186,23,734,73,381
ACC0205,2024-03,9,104,22,47,10,88,21,87
ACC0205,2024-04,9,94,20,48,12,88,21,74
ACC0205,2024-05,9,88,19,46,11,82,20,80
ACC0205,2024-06,8,94,19,41,10,90,18,76
ACC0205,2024-07,9,84,20,35,9,90,19,82
ACC0205,2024-08,9,83,17,47,10,80,21,86
ACC0205,2024-09,9,91,20,43,10,87,21,91
ACC0205,2024-10,9,105,22,51,11,111,19,70
ACC0205,2024-11,8,106,22,56,11,104,22,93
ACC0205,2024-12,10,106,22,52,10,111,22,86
ACC0205,2025-01,10,112,21,67,13,110,24,103
ACC0205,2025-02,11,110,23,56,12,103,23,110
ACC0205,2025-03,11,102,25,58,10,103,23,82
ACC0205,2025-04,9,108,21,50,11,95,23,82
ACC0205,2025-05,10,100,25,44,12,99,20,85
ACC0205,2025-06,10,81,21,45,11,87,22,76
ACC0205,2025-07,9,99,19,43,10,89,20,82
ACC0205,2025-08,10,86,20,48,10,97,20,87
ACC0205,2025-09,8,79,21,53,10,98,20,94
ACC0205,2025-10,9,112,24,50,12,91,24,93
ACC0205,2025-11,10,96,22,56,13,93,27,94
ACC0205,2025-12,9,110,28,63,11,114,28,96
ACC0206,2024-07,12,72,17,44,8,112,17,71
ACC0206,2024-08,11,99,18,51,9,103,15,68
ACC0206,2024-09,11,90,17,59,9,102,21,70
ACC0206,2024-10,11,88,21,49,9,121,19,75
ACC0206,2024-11,12,98,20,63,8,124,21,74
ACC0206,2024-12,12,104,22,58,9,136,20,85
ACC0206,2025-01,13,111,23,66,9,138,22,87
ACC0206,2025-02,12,103,22,66,10,141,21,81
ACC0206,2025-03,12,107,24,66,9,114,21,83
ACC0206,2025-04,11,97,20,55,8,129,20,82
ACC0206,2025-05,12,81,22,54,8,112,23,76
ACC0206,2025-06,11,91,17,54,9,96,18,76
ACC0206,2025-07,12,80,19,53,8,111,19,71
ACC0206,2025-08,12,88,18,55,8,125,15,74
ACC0206,2025-09,11,100,20,51,10,144,20,70
ACC0206,2025-10,10,95,19,53,9,126,20,81
ACC0206,2025-11,14,110,16,68,10,150,23,91
ACC0206,2025-12,14,118,27,69,10,149,25,84
ACC0207,2024-07,31,173,53,95,21,478,59,212
ACC0207,2024-08,35,144,42,104,23,536,64,271
ACC0207,2024-09,41,136,49,96,23,603,68,271
ACC0207,2024-10,40,177,52,125,25,651,73,277
ACC0207,2024-11,42,199,57,133,27,650,89,229
ACC0207,2024-12,46,164,64,117,27,762,70,288
ACC0207,2025-01,51,182,52,111,25,735,78,315
ACC0207,2025-02,44,189,64,111,25,727,85,318
ACC0207,2025-03,43,190,50,110,27,638,77,262
ACC0207,2025-04,49,154,52,113,23,627,70,303
ACC0207,2025-05,41,158,56,106,21,669,62,265
ACC0207,2025-06,44,132,54,103,23,566,70,248
ACC0207,2025-07,35,149,51,96,24,646,67,260
ACC0207,2025-08,39,167,56,106,23,562,65,306
ACC0207,2025-09,45,170,50,105,23,656,80,277
ACC0207,2025-10,52,202,62,138,25,577,78,289
ACC0207,2025-11,56,169,62,120,26,660,93,314
ACC0207,2025-12,52,194,65,139,29,723,99,311
ACC0208,2024-10,28,231,56,140,25,415,56,377
ACC0208,2024-11,30,258,58,157,25,442,59,320
ACC0208,2024-12,29,302,58,139,31,468,57,330
ACC0208,2025-01,33,315,57,163,24,399,67,333
ACC0208,2025-02,31,278,53,130,29,437,67,373
ACC0208,2025-03,31,287,54,127,30,450,59,291
ACC0208,2025-04,28,287,49,134,26,440,59,289
ACC0208,2025-05,24,274,53,120,26,383,49,268
ACC0209,2024-12,10,88,17,59,9,155,30,117
ACC0209,2025-01,9,84,18,61,10,161,34,114
ACC0209,2025-02,10,81,15,63,9,146,31,111
ACC0209,2025-03,8,82,18,58,10,128,29,100
ACC0209,2025-04,9,82,17,60,8,151,24,106
ACC0209,2025-05,9,83,13,46,9,112,25,90
ACC0209,2025-06,8,76,15,54,8,120,24,88
ACC0209,2025-07,9,71,14,54,8,116,24,95
ACC0209,2025-08,7,80,15,51,8,125,24,81
ACC0209,2025-09,9,79,14,57,9,140,27,99
ACC0209,2025-10,9,72,14,60,9,131,30,109
ACC0209,2025-11,9,100,18,67,11,145,28,124
ACC0209,2025-12,10,89,18,62,10,151,29,98
ACC0210,2024-06,10,63,24,37,9,87,25,101
ACC0210,2024-07,8,61,22,28,8,87,23,77
ACC0210,2024-08,8,59,18,29,8,93,23,89
ACC0210,2024-09,8,62,19,28,8,98,25,86
ACC0210,2024-10,9,53,20,23,9,81,26,68
ACC0210,2024-11,8,47,18,29,6,95,22,92
ACC0210,2024-12,8,62,18,26,7,84,23,94
ACC0210,2025-01,7,60,15,21,6,90,23,88
ACC0210,2025-02,6,47,14,15,7,77,16,80
ACC0210,2025-03,5,44,10,15,4,59,16,61
ACC0210,2025-04,5,41,10,13,4,46,12,54
ACC0210,2025-05,4,29,8,11,3,40,10,53
ACC0210,2025-06,4,27,7,8,2,34,9,44
ACC0210,2025-07,2,24,5,8,2,32,6,33
ACC0210,2025-08,2,19,4,6,2,23,6,31
ACC0210,2025-09,2,13,4,5,1,24,5,28
ACC0211,2024-03,38,260,34,115,30,602,81,347
ACC0211,2024-04,36,264,34,106,20,724,71,313
ACC0211,2024-05,30,237,33,93,22,614,72,315
ACC0211,2024-06,37,248,31,86,20,531,58,261
ACC0211,2024-07,37,215,34,85,19,564,62,277
ACC0211,2024-08,32,234,31,97,21,614,66,286
ACC0211,2024-09,32,236,32,107,21,533,80,328
ACC0212,2024-01,16,75,28,63,11,114,27,118
ACC0212,2024-02,15,87,23,63,10,135,31,128
ACC0212,2024-03,15,86,22,63,10,126,24,112
ACC0212,2024-04,14,72,23,57,9,119,26,133
ACC0212,2024-05,16,76,24,53,10,114,24,117
ACC0212,2024-06,15,77,24,57,9,128,26,114
ACC0212,2024-07,15,79,25,64,10,111,22,115
ACC0212,2024-08,14,82,23,60,9,127,25,133
ACC0212,2024-09,15,81,24,51,9,137,29,120
ACC0212,2024-10,16,82,22,62,9,139,30,131
ACC0212,2024-11,18,81,25,64,10,116,26,135
ACC0212,2024-12,16,83,25,66,11,130,27,139
ACC0212,2025-01,9,42,14,32,6,77,15,84
ACC0213,2024-12,44,229,49,157,29,533,58,318
ACC0213,2025-01,52,223,48,145,25,625,59,248
ACC0213,2025-02,49,187,43,151,27,589,49,318
ACC0213,2025-03,46,185,52,130,25,555,54,276
ACC0213,2025-04,43,216,50,134,24,559,51,274
ACC0213,2025-05,40,173,40,132,24,592,49,233
ACC0213,2025-06,43,190,45,141,26,525,46,252
ACC0213,2025-07,37,211,44,138,26,478,51,268
ACC0213,2025-08,38,204,46,137,25,520,47,225
ACC0213,2025-09,42,160,49,141,27,644,55,269
ACC0213,2025-10,46,184,48,149,22,577,63,267
ACC0213,2025-11,44,216,56,143,31,577,53,305
ACC0213,2025-12,43,232,54,164,31,741,60,327
ACC0214,2024-01,47,192,32,157,30,468,81,349
ACC0214,2024-02,47,191,35,152,27,498,79,388
ACC0214,2024-03,38,165,35,122,30,511,62,349
ACC0214,2024-04,37,177,35,127,26,485,70,328
ACC0214,2024-05,39,156,34,152,24,510,69,297
ACC0214,2024-06,37,152,33,138,22,393,68,298
ACC0214,2024-07,33,162,37,134,25,428,77,270
ACC0214,2024-08,40,213,39,152,24,448,69,319
ACC0214,2024-09,41,201,34,167,28,427,65,344
ACC0214,2024-10,48,191,33,146,28,497,67,341
ACC0214,2024-11,42,185,42,169,29,575,81,357
ACC0214,2024-12,45,204,37,155,31,597,91,403
ACC0214,2025-01,47,190,42,176,34,524,76,382
ACC0214,2025-02,47,221,39,170,29,524,87,382
ACC0214,2025-03,49,203,44,171,28,505,83,361
ACC0214,2025-04,53,212,39,159,30,509,79,348
ACC0214,2025-05,40,183,36,142,30,478,64,428
ACC0214,2025-06,38,195,38,161,27,445,79,318
ACC0214,2025-07,45,180,38,155,28,477,63,339
ACC0214,2025-08,43,195,40,137,27,467,70,379
ACC0214,2025-09,44,203,41,145,29,534,74,343
ACC0214,2025-10,49,196,42,190,29,501,88,365
ACC0214,2025-11,52,235,44,186,36,566,76,414
ACC0214,2025-12,52,216,41,205,35,573,78,446
ACC0215,2024-05,42,165,39,168,15,422,52,267
ACC0215,2024-06,39,179,41,156,16,349,46,216
ACC0215,2024-07,39,162,40,149,16,338,54,239
ACC0215,2024-08,35,176,42,162,16,375,47,234
ACC0215,2024-09,39,147,36,170,17,320,62,291
ACC0215,2024-10,44,192,41,169,16,422,55,314
ACC0215,2024-11,41,189,48,190,15,398,52,255
ACC0215,2024-12,36,183,37,155,15,359,47,239
ACC0215,2025-01,29,167,38,168,16,362,45,223
ACC0215,2025-02,23,164,28,109,11,269,45,179
ACC0215,2025-03,27,113,26,104,9,247,35,168
ACC0215,2025-04,29,118,26,118,10,253,30,168
ACC0215,2025-05,30,110,27,122,10,303,32,166
ACC0215,2025-06,35,137,26,106,10,288,37,157
ACC0215,2025-07,30,141,31,122,13,289,44,192
ACC0215,2025-08,28,150,28,113,14,328,34,214
ACC0215,2025-09,37,176,32,133,13,381,50,220
ACC0215,2025-10,38,206,37,160,13,358,48,262
ACC0215,2025-11,48,207,43,185,17,397,60,231
ACC0215,2025-12,48,212,41,211,18,463,58,345
ACC0216,2024-02,36,291,51,129,27,507,45,253
ACC0216,2024-03,40,245,47,119,25,550,46,254
ACC0216,2024-04,40,219,56,125,22,530,48,219
ACC0216,2024-05,37,235,43,94,23,467,47,195
ACC0216,2024-06,42,214,47,110,23,411,45,193
ACC0216,2024-07,39,231,46,90,25,450,50,191
ACC0216,2024-08,33,219,50,112,23,440,52,215
ACC0216,2024-09,32,198,41,121,23,388,46,218
ACC0216,2024-10,30,221,40,104,21,406,41,199
ACC0216,2024-11,32,222,35,86,21,454,39,181
ACC0216,2024-12,29,182,32,92,18,304,34,173
ACC0216,2025-01,30,133,31,58,19,305,32,144
ACC0216,2025-02,20,151,30,73,17,247,34,126
ACC0216,2025-03,24,152,35,81,18,310,35,132
ACC0216,2025-04,27,133,33,78,17,290,31,157
ACC0216,2025-05,25,159,35,87,18,291,35,149
ACC0216,2025-06,29,170,33,83,19,386,35,127
ACC0216,2025-07,29,207,30,77,20,348,38,118
ACC0216,2025-08,32,200,38,80,22,408,44,182
ACC0216,2025-09,34,230,43,106,21,458,46,215
ACC0216,2025-10,39,209,44,124,25,410,56,173
ACC0216,2025-11,43,262,57,109,29,535,55,222
ACC0216,2025-12,42,262,50,124,32,526,56,240
ACC0217,2024-12,46,173,49,150,23,683,75,327
ACC0217,2025-01,45,171,45,144,20,543,77,367
ACC0217,2025-02,48,192,46,150,19,640,74,305
ACC0217,2025-03,40,143,46,138,21,624,57,319
ACC0217,2025-04,41,169,44,136,20,588,66,290
ACC0217,2025-05,41,154,43,123,18,512,70,301
ACC0217,2025-06,34,146,35,111,21,587,60,262
ACC0217,2025-07,35,152,44,133,20,552,54,321
ACC0217,2025-08,37,159,38,117,21,536,59,212
ACC0217,2025-09,41,168,37,134,17,602,70,246
ACC0217,2025-10,38,164,37,111,21,621,68,344
ACC0217,2025-11,37,182,45,155,21,672,73,322
ACC0217,2025-12,44,186,54,153,19,626,63,339
ACC0218,2024-09,11,75,15,52,8,140,18,76
ACC0218,2024-10,13,97,16,53,10,129,17,100
ACC0218,2024-11,14,94,19,57,9,143,19,99
ACC0218,2024-12,16,88,19,59,9,154,18,114
ACC0218,2025-01,14,93,20,57,9,138,17,107
ACC0218,2025-02,18,106,21,51,9,170,22,110
ACC0218,2025-03,14,98,19,52,8,165,18,111
ACC0218,2025-04,14,108,17,55,10,144,20,103
ACC0218,2025-05,13,82,18,49,7,147,21,95
ACC0218,2025-06,12,97,15,53,8,146,17,103
ACC0218,2025-07,12,88,16,57,7,137,18,94
ACC0218,2025-08,12,80,16,52,8,128,15,101
ACC0218,2025-09,13,93,17,52,8,137,20,83
ACC0218,2025-10,12,92,18,57,9,168,22,107
ACC0218,2025-11,16,103,22,51,9,158,19,113
ACC0218,2025-12,15,107,18,60,9,168,21,116
ACC0219,2024-10,8,74,13,63,8,124,24,100
ACC0219,2024-11,8,82,13,53,9,139,27,95
ACC0219,2024-12,10,76,14,58,7,156,27,96
ACC0219,2025-01,9,88,14,53,8,165,28,93
ACC0219,2025-02,8,70,11,59,8,132,22,84
ACC0219,2025-03,8,65,11,47,6,111,21,68
ACC0219,2025-04,6,62,10,45,6,106,18,71
ACC0219,2025-05,6,46,8,33,5,89,17,53
ACC0219,2025-06,5,43,8,31,4,94,14,51
ACC0219,2025-07,3,37,5,28,4,71,13,46
ACC0219,2025-08,4,33,6,29,4,63,12,43
ACC0219,2025-09,4,33,7,26,3,58,13,44
ACC0219,2025-10,4,29,5,23,4,58,9,37
ACC0219,2025-11,3,31,5,24,3,52,11,42
ACC0219,2025-12,3,33,5,24,3,60,10,37
ACC0220,2024-09,76,508,142,269,47,1587,131,662
ACC0220,2024-10,84,601,137,336,48,1790,135,782
ACC0220,2024-11,84,596,155,359,50,1674,138,767
ACC0220,2024-12,95,649,147,423,59,1916,164,838
ACC0220,2025-01,82,740,160,380,59,2246,159,949
ACC0220,2025-02,94,693,194,384,55,1874,171,857
ACC0220,2025-03,99,714,192,416,61,2314,157,801
ACC0220,2025-04,92,628,160,396,62,1778,168,821
ACC0220,2025-05,106,665,169,347,51,2112,147,854
ACC0220,2025-06,98,661,173,366,54,1751,169,820
ACC0220,2025-07,99,709,173,391,57,1869,168,845
ACC0220,2025-08,104,569,160,361,55,2145,155,770
ACC0220,2025-09,91,642,174,416,68,2218,196,1043
ACC0220,2025-10,122,677,205,409,62,2439,166,1028
ACC0220,2025-11,127,810,219,499,71,1985,178,1110
ACC0220,2025-12,133,831,206,459,68,2591,214,1048
ACC0221,2024-08,90,432,120,238,45,1327,133,651
ACC0221,2024-09,83,474,117,339,49,1551,151,749
ACC0221,2024-10,98,536,147,327,52,1578,160,761
ACC0221,2024-11,97,421,127,386,49,1718,165,876
ACC0221,2024-12,112,508,148,319,51,2024,194,870
ACC0221,2025-01,79,533,156,362,56,2062,155,852
ACC0221,2025-02,108,644,148,348,54,2022,163,910
ACC0221,2025-03,98,469,125,386,56,1773,146,675
ACC0221,2025-04,102,464,142,334,52,1583,169,806
ACC0221,2025-05,87,508,135,325,48,1392,177,818
ACC0221,2025-06,90,486,125,290,52,1672,197,776
ACC0221,2025-07,91,470,113,314,43,1357,130,705
ACC0221,2025-08,93,431,117,324,48,1446,146,731
ACC0221,2025-09,103,470,115,294,48,1769,161,748
ACC0221,2025-10,102,518,130,345,53,1794,196,915
ACC0221,2025-11,108,610,163,401,57,1802,176,1050
ACC0221,2025-12,115,559,152,452,61,2088,204,801
ACC0222,2024-10,33,167,34,143,18,495,66,265
ACC0222,2024-11,32,157,34,117,16,459,57,307
ACC0222,2024-12,27,152,35,115,19,460,54,269
ACC0222,2025-01,24,144,28,106,14,468,59,249
ACC0222,2025-02,21,115,24,96,13,366,37,210
ACC0222,2025-03,17,124,19,76,11,340,34,206
ACC0223,2024-11,45,183,59,150,24,430,67,325
ACC0223,2024-12,47,199,55,149,21,478,66,291
ACC0223,2025-01,46,192,59,174,22,513,55,298
ACC0223,2025-02,46,190,54,143,28,484,69,303
ACC0223,2025-03,38,174,59,163,22,478,69,289
ACC0223,2025-04,46,149,55,137,21,464,66,315
ACC0223,2025-05,41,189,51,153,20,426,65,271
ACC0223,2025-06,35,166,48,136,18,401,59,242
ACC0223,2025-07,41,174,47,120,19,473,62,264
ACC0223,2025-08,49,182,54,142,21,415,57,288
ACC0223,2025-09,45,187,50,155,22,428,56,261
ACC0223,2025-10,52,181,52,157,22,466,71,287
ACC0224,2024-09,7,58,24,31,8,132,25,94
ACC0224,2024-10,9,60,24,32,8,135,25,91
ACC0224,2024-11,10,72,27,28,7,134,25,102
ACC0224,2024-12,8,61,24,38,7,148,25,106
ACC0224,2025-01,8,67,22,35,10,137,26,95
ACC0224,2025-02,9,56,20,32,8,128,24,92
ACC0224,2025-03,8,61,19,27,8,127,21,82
ACC0224,2025-04,7,41,16,28,7,101,20,66
ACC0224,2025-05,6,36,13,20,6,96,14,60
ACC0224,2025-06,5,34,13,20,6,86,10,50
ACC0224,2025-07,4,31,10,15,5,72,12,51
ACC0224,2025-08,4,32,9,16,4,61,10,41
ACC0224,2025-09,4,24,9,16,4,56,10,38
ACC0224,2025-10,3,27,9,15,4,59,9,40
ACC0224,2025-11,4,27,8,15,4,56,10,42
ACC0224,2025-12,3,22,7,11,4,54,8,39
ACC0225,2024-05,9,91,15,58,7,102,17,74
ACC0225,2024-06,9,95,16,43,8,103,17,82
ACC0225,2024-07,9,110,14,55,7,104,19,68
ACC0225,2024-08,9,100,14,50,7,100,18,79
ACC0225,2024-09,9,110,15,64,8,118,18,75
ACC0225,2024-10,9,129,19,67,8,119,17,84
ACC0225,2024-11,10,117,19,54,9,119,19,90
ACC0225,2024-12,11,131,22,65,8,149,20,83
ACC0225,2025-01,12,112,22,67,10,153,19,86
ACC0225,2025-02,12,105,21,69,8,139,19,97
ACC0225,2025-03,11,114,20,58,9,135,19,100
ACC0225,2025-04,9,112,18,69,9,116,19,78
ACC0225,2025-05,9,100,15,63,10,106,18,90
ACC0225,2025-06,10,108,18,61,9,113,19,88
ACC0225,2025-07,9,108,16,60,8,114,16,77
ACC0225,2025-08,10,99,19,56,8,127,16,78
ACC0225,2025-09,9,106,18,56,9,119,20,97
ACC0225,2025-10,10,99,18,71,9,118,22,80
ACC0225,2025-11,10,118,22,66,10,135,20,86
ACC0225,2025-12,12,132,22,66,11,132,21,83
ACC0226,2024-10,29,234,33,152,17,495,53,296
ACC0226,2024-11,33,230,35,180,18,521,54,280
ACC0226,2024-12,30,231,39,152,20,571,53,335
ACC0226,2025-01,27,203,31,142,18,559,61,318
ACC0226,2025-02,28,202,33,142,17,463,52,297
ACC0226,2025-03,22,181,29,145,16,382,48,287
ACC0226,2025-04,21,159,26,121,13,382,42,271
ACC0226,2025-05,19,142,19,100,13,289,34,232
ACC0226,2025-06,15,108,17,100,10,254,28,202
ACC0226,2025-07,14,111,20,84,9,281,28,193
ACC0226,2025-08,11,113,14,64,8,210,28,167
ACC0226,2025-09,14,91,17,70,9,247,20,146
ACC0226,2025-10,12,90,13,70,7,206,22,143
ACC0226,2025-11,11,87,16,59,8,193,21,133
ACC0226,2025-12,10,85,12,56,7,179,18,129
ACC0227,2024-05,38,137,38,91,18,430,54,287
ACC0227,2024-06,34,134,40,85,16,378,57,297
ACC0227,2024-07,33,104,43,82,15,406,49,294
ACC0227,2024-08,42,144,35,87,17,414,59,309
ACC0227,2024-09,42,142,38,87,17,392,52,287
ACC0227,2024-10,51,150,41,85,17,400,63,348
ACC0227,2024-11,41,156,42,98,19,433,66,293
ACC0227,2024-12,41,186,47,92,21,451,54,333
ACC0227,2025-01,41,158,47,104,20,455,63,315
ACC0227,2025-02,48,190,48,89,22,507,67,356
ACC0227,2025-03,49,183,52,99,19,466,57,329
ACC0227,2025-04,47,167,51,98,19,444,61,373
ACC0227,2025-05,41,151,40,90,17,428,66,329
ACC0227,2025-06,38,142,40,98,18,410,49,319
ACC0227,2025-07,41,142,42,78,18,418,59,300
ACC0227,2025-08,44,144,40,88,19,416,58,313
ACC0227,2025-09,42,137,47,92,17,431,66,287
ACC0227,2025-10,43,164,42,97,18,394,62,366
ACC0227,2025-11,46,191,47,97,19,486,63,329
ACC0227,2025-12,50,194,48,104,20,451,77,355
ACC0228,2024-01,16,80,14,48,11,136,23,96
ACC0228,2024-02,13,89,13,48,11,134,21,79
ACC0228,2024-03,13,73,13,45,10,137,19,69
ACC0228,2024-04,12,63,11,45,9,115,23,72
ACC0228,2024-05,10,67,10,33,9,112,14,75
ACC0228,2024-06,12,69,11,31,7,119,17,61
ACC0228,2024-07,9,58,9,30,7,105,14,56
ACC0228,2024-08,12,52,8,34,7,99,13,66
ACC0228,2024-09,8,56,8,29,6,90,15,63
ACC0228,2024-10,9,51,6,29,6,75,14,57
ACC0228,2024-11,9,52,7,24,5,75,12,49
ACC0228,2024-12,7,53,6,22,5,77,12,56
ACC0228,2025-01,7,51,5,21,4,74,12,42
ACC0228,2025-02,6,44,4,15,3,64,9,46
ACC0228,2025-03,5,34,3,15,3,42,7,32
ACC0228,2025-04,4,28,2,12,2,36,6,31
ACC0228,2025-05,4,22,2,8,2,30,5,24
ACC0228,2025-06,3,22,2,7,2,26,4,16
ACC0228,2025-07,2,17,1,5,1,19,3,16
ACC0228,2025-08,2,12,1,4,1,15,3,14
ACC0228,2025-09,1,9,1,3,1,13,2,10
ACC0228,2025-10,1,7,1,2,0,8,1,6
ACC0229,2024-03,10,63,24,44,8,90,22,115
ACC0229,2024-04,11,65,21,47,8,87,23,107
ACC0229,2024-05,11,63,21,45,7,83,20,106
ACC0229,2024-06,10,63,23,43,7,91,22,106
ACC0229,2024-07,11,55,24,41,7,79,23,106
ACC0229,2024-08,12,58,22,47,8,79,21,93
ACC0229,2024-09,9,64,24,49,7,83,23,107
ACC0229,2024-10,6,36,13,28,4,47,12,62
ACC0230,2024-08,10,53,16,40,5,88,15,101
ACC0230,2024-09,11,64,18,49,6,89,15,101
ACC0230,2024-10,11,58,19,49,5,108,15,102
ACC0230,2024-11,11,63,20,52,5,97,16,112
ACC0230,2024-12,11,65,18,55,6,112,16,106
ACC0230,2025-01,13,66,24,60,7,104,19,128
ACC0230,2025-02,12,73,21,57,6,101,18,125
ACC0230,2025-03,11,64,19,51,6,100,18,122
ACC0230,2025-04,10,65,19,47,5,100,15,115
ACC0230,2025-05,10,57,19,54,6,94,17,84
ACC0230,2025-06,10,56,18,45,5,90,15,97
ACC0230,2025-07,10,62,19,52,5,87,15,106
ACC0230,2025-08,11,64,19,44,5,101,16,93
ACC0230,2025-09,10,63,21,58,5,95,17,104
ACC0230,2025-10,11,69,22,49,6,108,15,112
ACC0230,2025-11,11,68,20,56,6,138,19,154
ACC0230,2025-12,12,78,23,54,6,118,21,118
ACC0231,2024-03,48,278,47,137,24,728,66,314
ACC0231,2024-04,44,267,48,122,22,631,62,266
ACC0231,2024-05,40,238,44,119,21,611,64,285
ACC0231,2024-06,35,251,45,141,20,602,71,309
ACC0231,2024-07,35,256,43,138,20,547,62,240
ACC0231,2024-08,43,237,44,152,22,611,62,291
ACC0231,2024-09,40,250,49,138,18,583,67,301
ACC0231,2024-10,48,239,57,148,23,648,68,306
ACC0231,2024-11,51,245,48,137,24,636,84,282
ACC0231,2024-12,51,250,54,172,24,633,77,324
ACC0231,2025-01,48,266,56,158,25,705,91,328
ACC0231,2025-02,44,249,52,167,23,662,80,310
ACC0231,2025-03,45,254,52,167,25,595,74,369
ACC0231,2025-04,42,318,53,145,23,639,69,332
ACC0231,2025-05,48,280,45,145,23,584,64,300
ACC0231,2025-06,44,249,48,126,21,576,64,269
ACC0231,2025-07,47,261,50,130,21,559,73,306
ACC0231,2025-08,47,237,40,148,22,607,63,316
ACC0231,2025-09,39,260,49,134,25,574,62,308
ACC0231,2025-10,46,303,51,157,24,656,80,313
ACC0231,2025-11,47,331,60,149,22,596,82,361
ACC0231,2025-12,55,293,55,192,24,736,72,346
ACC0232,2024-11,40,246,49,100,20,345,51,264
ACC0232,2024-12,45,240,42,107,20,400,50,269
ACC0232,2025-01,51,301,45,113,27,376,47,288
ACC0232,2025-02,42,270,47,106,24,401,55,283
ACC0232,2025-03,46,292,48,120,24,472,48,272
ACC0232,2025-04,43,279,45,133,20,467,54,263
ACC0232,2025-05,46,255,43,120,20,353,48,282
ACC0232,2025-06,47,265,42,113,22,469,53,235
ACC0232,2025-07,49,224,48,103,26,418,55,317
ACC0232,2025-08,43,254,46,121,20,469,54,283
ACC0232,2025-09,47,261,44,112,26,498,57,302
ACC0232,2025-10,52,258,50,121,27,449,58,320
ACC0232,2025-11,63,291,61,135,27,457,59,315
ACC0232,2025-12,60,343,56,146,27,585,68,323
ACC0233,2024-06,79,509,112,357,39,917,132,439
ACC0233,2024-07,75,486,99,360,35,948,127,482
ACC0233,2024-08,71,532,91,330,39,927,130,449
ACC0233,2024-09,69,539,97,355,41,1012,141,476
ACC0233,2024-10,71,466,115,341,44,947,129,407
ACC0233,2024-11,76,494,103,347,42,1032,134,410
ACC0233,2024-12,75,512,97,377,41,1086,143,432
ACC0233,2025-01,70,532,82,311,37,938,141,400
ACC0233,2025-02,66,405,88,284,28,910,102,315
ACC0233,2025-03,50,412,73,275,34,664,98,355
ACC0233,2025-04,46,392,59,208,29,644,76,239
ACC0233,2025-05,42,288,52,192,25,624,71,214
ACC0233,2025-06,36,263,54,156,19,550,68,210
ACC0233,2025-07,29,233,38,135,20,486,67,181
ACC0233,2025-08,30,192,37,145,16,431,49,181
ACC0233,2025-09,26,202,38,119,16,347,41,179
ACC0233,2025-10,29,192,33,123,17,360,52,160
ACC0233,2025-11,24,173,33,137,12,320,49,146
ACC0233,2025-12,22,154,32,122,10,303,39,123
ACC0234,2024-01,18,78,21,31,9,109,21,73
ACC0234,2024-02,18,82,19,36,8,114,19,73
ACC0234,2024-03,17,79,22,32,8,114,17,65
ACC0234,2024-04,15,77,20,35,8,115,18,64
ACC0234,2024-05,15,78,18,29,8,115,16,77
ACC0234,2024-06,18,65,17,30,8,99,18,68
ACC0234,2024-07,16,68,19,31,8,101,16,63
ACC0234,2024-08,16,75,19,33,9,106,18,71
ACC0234,2024-09,16,76,20,32,8,122,17,66
ACC0234,2024-10,18,68,23,32,8,112,18,76
ACC0234,2024-11,16,68,22,32,9,109,20,70
ACC0234,2024-12,18,79,23,35,10,99,21,82
ACC0234,2025-01,15,85,21,34,10,119,18,70
ACC0234,2025-02,16,87,22,34,8,133,20,77
ACC0234,2025-03,17,81,23,32,8,112,18,76
ACC0234,2025-04,15,80,20,36,8,115,17,67
ACC0234,2025-05,15,66,19,32,8,112,18,71
ACC0234,2025-06,17,75,21,31,9,103,18,69
ACC0234,2025-07,16,70,21,35,8,107,20,72
ACC0234,2025-08,17,75,24,31,9,117,20,75
ACC0234,2025-09,16,82,20,31,8,110,19,72
ACC0234,2025-10,17,70,21,33,8,123,20,71
ACC0234,2025-11,9,41,12,19,5,72,11,45
ACC0235,2024-07,10,77,17,29,7,96,19,88
ACC0235,2024-08,11,78,20,28,8,93,17,95
ACC0235,2024-09,9,74,18,32,9,95,17,104
ACC0235,2024-10,10,85,22,31,10,91,18,99
ACC0235,2024-11,9,82,23,31,9,92,16,84
ACC0235,2024-12,9,87,19,32,9,83,18,79
ACC0235,2025-01,9,83,18,26,8,78,16,98
ACC0235,2025-02,8,67,15,27,6,74,15,91
ACC0235,2025-03,7,57,15,24,8,69,12,82
ACC0235,2025-04,7,47,12,19,6,59,11,69
ACC0235,2025-05,5,45,11,19,5,57,10,55
ACC0235,2025-06,5,37,10,15,5,44,9,43
ACC0235,2025-07,4,31,9,13,3,41,7,39
ACC0235,2025-08,4,28,8,12,4,40,7,42
ACC0235,2025-09,4,32,7,13,4,35,6,41
ACC0235,2025-10,3,25,7,11,3,31,6,33
ACC0235,2025-11,4,27,7,11,3,37,6,33
ACC0235,2025-12,3,25,5,9,3,27,6,28
ACC0236,2024-04,14,65,18,52,10,104,26,122
ACC0236,2024-05,13,72,20,53,9,107,21,114
ACC0236,2024-06,16,71,17,40,8,102,22,115
ACC0236,2024-07,15,65,15,42,7,111,23,114
ACC0236,2024-08,17,61,17,45,7,94,24,110
ACC0236,2024-09,17,62,21,45,10,122,26,132
ACC0236,2024-10,17,83,20,53,9,126,26,110
ACC0236,2024-11,18,72,25,54,10,130,30,116
ACC0236,2024-12,18,78,24,71,11,143,29,137
ACC0236,2025-01,18,81,24,64,11,139,29,139
ACC0236,2025-02,17,74,23,69,11,134,34,127
ACC0236,2025-03,19,75,23,62,10,115,28,133
ACC0236,2025-04,19,79,23,61,10,128,23,150
ACC0236,2025-05,18,82,22,50,8,128,23,121
ACC0236,2025-06,16,74,21,51,10,122,26,126
ACC0236,2025-07,17,64,19,57,9,98,24,118
ACC0236,2025-08,16,72,18,53,11,135,28,136
ACC0236,2025-09,18,78,23,60,10,130,31,125
ACC0236,2025-10,20,74,22,60,10,133,27,169
ACC0236,2025-11,19,78,22,62,10,139,31,140
ACC0236,2025-12,18,90,26,62,12,143,33,175
ACC0237,2024-09,13,78,16,37,11,108,16,89
ACC0237,2024-10,12,83,15,39,9,83,16,97
ACC0237,2024-11,13,82,16,35,10,96,18,91
ACC0237,2024-12,10,70,14,34,9,102,15,99
ACC0237,2025-01,14,82,15,29,8,94,14,93
ACC0237,2025-02,10,67,12,31,8,82,14,89
ACC0237,2025-03,8,52,10,28,7,68,11,81
ACC0237,2025-04,6,59,8,17,5,57,10,67
ACC0237,2025-05,6,43,7,16,5,54,8,61
ACC0237,2025-06,5,47,5,13,4,43,6,47
ACC0237,2025-07,4,36,4,13,3,40,5,39
ACC0238,2024-01,14,113,15,39,9,151,23,85
ACC0238,2024-02,15,112,14,49,8,135,25,73
ACC0238,2024-03,14,114,14,40,10,142,29,72
ACC0238,2024-04,13,87,15,40,9,132,28,75
ACC0238,2024-05,12,109,12,45,8,131,25,70
ACC0238,2024-06,11,98,13,37,8,122,25,66
ACC0238,2024-07,12,91,14,36,7,110,20,64
ACC0238,2024-08,9,82,12,31,9,99,25,59
ACC0238,2024-09,11,93,13,41,6,102,19,57
ACC0238,2024-10,12,87,10,31,7,123,21,51
ACC0238,2024-11,10,91,11,32,6,101,21,63
ACC0238,2024-12,9,75,10,30,6,104,17,55
ACC0238,2025-01,8,61,10,22,5,82,15,40
ACC0238,2025-02,9,62,10,26,5,91,19,51
ACC0238,2025-03,8,85,10,28,5,76,17,49
ACC0238,2025-04,9,69,11,26,6,88,19,52
ACC0238,2025-05,9,86,10,31,7,91,17,48
ACC0238,2025-06,8,72,10,32,6,95,19,53
ACC0238,2025-07,10,82,10,30,6,97,20,49
ACC0238,2025-08,10,87,11,35,6,91,20,55
ACC0238,2025-09,11,105,12,36,8,113,25,73
ACC0238,2025-10,12,110,14,40,10,130,25,72
ACC0238,2025-11,16,107,16,51,10,128,27,73
ACC0238,2025-12,15,124,17,45,10,141,33,76
ACC0239,2024-10,83,512,91,515,37,1647,135,711
ACC0239,2024-11,95,498,100,520,43,1881,132,945
ACC0239,2024-12,92,589,99,495,41,2006,144,857
ACC0239,2025-01,92,618,102,530,49,1862,153,855
ACC0239,2025-02,93,480,107,500,50,2008,132,941
ACC0239,2025-03,89,614,93,612,50,1631,137,796
ACC0239,2025-04,90,493,87,502,44,1795,139,721
ACC0239,2025-05,97,558,93,499,35,1841,125,743
ACC0239,2025-06,77,522,93,393,39,1936,111,714
ACC0239,2025-07,92,480,82,466,39,1618,102,696
ACC0239,2025-08,80,416,99,391,41,1712,109,808
ACC0239,2025-09,87,566,98,365,47,1605,127,850
ACC0239,2025-10,94,606,91,503,47,1596,133,750
ACC0239,2025-11,98,600,113,550,44,2056,157,938
ACC0239,2025-12,119,605,122,577,50,1953,138,983
ACC0240,2024-05,13,100,15,40,8,142,20,69
ACC0240,2024-06,14,73,16,38,6,150,14,58
ACC0240,2024-07,12,84,14,32,7,127,16,69
ACC0240,2024-08,13,88,16,43,6,126,17,75
ACC0240,2024-09,13,103,18,48,7,165,18,66
ACC0240,2024-10,16,82,16,47,8,151,19,73
ACC0240,2024-11,16,92,18,44,9,181,20,83
ACC0240,2024-12,16,100,19,45,9,164,21,83
ACC0240,2025-01,14,119,20,53,10,164,19,89
ACC0240,2025-02,16,111,19,56,9,158,21,87
ACC0240,2025-03,15,110,18,42,9,161,20,87
ACC0240,2025-04,12,96,15,46,8,149,18,91
ACC0240,2025-05,13,95,17,44,7,148,20,80
ACC0240,2025-06,12,88,15,39,7,138,17,66
ACC0240,2025-07,17,101,18,40,8,131,19,79
ACC0240,2025-08,14,93,15,42,8,143,16,74
ACC0240,2025-09,14,117,18,41,8,127,20,76
ACC0240,2025-10,15,106,18,38,7,171,18,86
ACC0240,2025-11,17,113,17,51,9,171,20,92
ACC0240,2025-12,15,110,16,46,9,182,23,84
ACC0241,2024-09,11,76,18,55,7,125,20,62
ACC0241,2024-10,13,91,19,57,6,144,22,71
ACC0241,2024-11,14,95,23,55,7,141,25,76
ACC0241,2024-12,16,99,23,65,7,138,30,71
ACC0241,2025-01,13,108,25,62,7,144,28,87
ACC0241,2025-02,13,85,24,58,9,164,28,82
ACC0241,2025-03,15,94,23,59,8,169,26,70
ACC0241,2025-04,15,108,25,64,7,132,20,77
ACC0241,2025-05,14,89,22,58,7,159,24,74
ACC0241,2025-06,11,89,20,59,8,148,21,75
ACC0241,2025-07,14,97,21,50,6,139,19,66
ACC0241,2025-08,14,103,21,54,7,151,26,73
ACC0241,2025-09,15,100,22,58,7,155,26,73
ACC0241,2025-10,16,98,26,70,7,144,27,80
ACC0241,2025-11,14,103,28,58,7,139,35,86
ACC0241,2025-12,16,104,24,72,8,166,32,81
ACC0242,2024-11,13,97,16,57,8,148,17,89
ACC0242,2024-12,12,79,17,48,9,154,20,97
ACC0242,2025-01,14,102,19,61,10,168,18,93
ACC0242,2025-02,15,97,19,70,10,166,18,101
ACC0242,2025-03,13,95,18,63,9,115,17,82
ACC0242,2025-04,10,72,11,48,6,117,14,64
ACC0242,2025-05,7,60,10,30,5,94,11,51
ACC0242,2025-06,6,47,8,33,4,64,9,41
ACC0242,2025-07,7,55,10,35,5,86,11,49
ACC0242,2025-08,8,54,10,36,6,111,10,50
ACC0242,2025-09,11,70,13,46,6,113,14,74
ACC0242,2025-10,10,75,14,49,8,132,16,80
ACC0242,2025-11,11,76,17,58,9,173,19,83
ACC0242,2025-12,14,70,16,61,9,169,20,89
ACC0243,2024-08,60,530,101,456,40,1394,139,772
ACC0243,2024-09,74,600,102,445,45,1165,167,732
ACC0243,2024-10,66,632,88,348,51,1339,211,811
ACC0243,2024-11,63,639,106,457,48,1446,187,866
ACC0243,2024-12,77,698,110,469,57,1369,207,937
ACC0243,2025-01,84,723,123,604,60,1594,206,858
ACC0243,2025-02,82,682,104,578,62,1370,198,856
ACC0243,2025-03,75,696,118,551,55,1328,213,792
ACC0243,2025-04,79,664,105,524,59,1201,194,831
ACC0243,2025-05,63,623,86,471,53,1368,186,797
ACC0243,2025-06,67,543,89,457,54,1281,156,685
ACC0243,2025-07,62,539,103,455,45,1162,154,773
ACC0243,2025-08,67,621,101,420,45,1229,186,680
ACC0243,2025-09,74,667,111,453,50,1416,193,778
ACC0243,2025-10,80,721,134,555,52,1669,184,834
ACC0243,2025-11,87,522,107,506,58,1496,198,1001
ACC0243,2025-12,77,699,119,513,57,1734,224,1108
ACC0244,2024-09,11,73,17,37,5,72,23,62
ACC0244,2024-10,10,71,16,40,6,86,21,68
ACC0244,2024-11,11,77,18,37,6,73,18,71
ACC0244,2024-12,9,84,16,29,6,101,20,78
ACC0244,2025-01,10,76,13,40,4,84,18,69
ACC0244,2025-02,8,75,11,30,4,59,17,59
ACC0244,2025-03,7,62,9,26,3,55,15,49
ACC0244,2025-04,6,50,9,17,3,46,13,36
ACC0245,2024-03,10,70,21,48,11,104,21,86
ACC0245,2024-04,10,68,23,46,10,92,21,87
ACC0245,2024-05,9,60,24,39,10,97,21,89
ACC0245,2024-06,9,64,20,39,9,86,20,82
ACC0245,2024-07,10,65,23,41,10,97,23,88
ACC0245,2024-08,10,66,22,42,10,93,22,80
ACC0245,2024-09,9,69,22,47,11,97,23,89
ACC0245,2024-10,10,70,24,49,11,99,23,88
ACC0245,2024-11,10,65,23,48,11,93,22,84
ACC0245,2024-12,10,75,26,53,11,107,26,86
ACC0245,2025-01,12,79,25,49,12,107,25,99
ACC0245,2025-02,10,69,25,45,11,113,24,99
ACC0245,2025-03,6,41,12,27,6,53,13,54
ACC0246,2024-11,76,481,170,414,77,1916,146,665
ACC0246,2024-12,74,485,130,457,77,1878,198,684
ACC0246,2025-01,71,510,145,400,79,1725,193,680
ACC0246,2025-02,72,506,163,474,83,2054,168,740
ACC0246,2025-03,81,556,154,465,77,1779,217,602
ACC0246,2025-04,62,528,130,458,80,1741,169,748
ACC0246,2025-05,70,472,147,430,62,1704,158,650
ACC0246,2025-06,73,506,137,375,73,1813,157,686
ACC0246,2025-07,70,427,143,346,69,1928,160,583
ACC0246,2025-08,70,491,125,412,71,1972,152,698
ACC0246,2025-09,77,570,164,466,78,1880,172,586
ACC0246,2025-10,77,451,100,455,86,2143,211,718
ACC0246,2025-11,77,544,165,540,88,2153,211,709
ACC0246,2025-12,94,569,182,460,94,2062,192,806
ACC0247,2024-07,98,546,113,385,60,1070,132,677
ACC0247,2024-08,99,519,107,358,55,960,122,687
ACC0247,2024-09,92,605,110,367,51,1191,126,699
ACC0247,2024-10,110,572,122,377,66,1197,146,745
ACC0247,2024-11,106,679,109,374,58,1083,141,774
ACC0247,2024-12,104,627,128,389,65,1344,142,770
ACC0247,2025-01,107,597,124,400,65,1198,158,747
ACC0247,2025-02,108,673,123,407,64,1213,149,780
ACC0247,2025-03,110,604,128,394,64,1303,138,808
ACC0247,2025-04,61,363,66,212,35,612,73,431
ACC0248,2024-10,10,101,18,56,8,105,27,120
ACC0248,2024-11,14,102,25,62,8,103,31,141
ACC0248,2024-12,14,134,22,67,9,113,27,147
ACC0248,2025-01,15,128,24,68,8,128,29,135
ACC0248,2025-02,14,113,24,74,9,135,29,165
ACC0248,2025-03,14,116,24,72,9,125,29,134
ACC0248,2025-04,16,114,24,66,10,120,29,137
ACC0248,2025-05,15,121,22,71,10,127,27,142
ACC0248,2025-06,13,113,23,64,8,124,27,129
ACC0248,2025-07,14,120,26,60,10,112,31,139
ACC0248,2025-08,14,120,24,65,11,129,30,146
ACC0248,2025-09,16,136,26,71,11,136,35,157
ACC0248,2025-10,17,145,27,76,12,156,37,152
ACC0248,2025-11,20,144,32,78,12,151,33,154
ACC0248,2025-12,16,162,31,78,12,148,36,175
ACC0249,2024-11,99,623,104,365,67,1385,114,892
ACC0249,2024-12,110,664,113,439,75,1227,136,801
ACC0249,2025-01,91,669,120,457,72,1496,141,899
ACC0249,2025-02,96,709,122,421,71,1484,130,809
ACC0249,2025-03,105,619,116,470,73,1331,125,930
ACC0249,2025-04,103,647,113,385,60,1277,130,814
ACC0249,2025-05,111,662,104,379,62,1254,143,941
ACC0249,2025-06,98,676,117,420,63,1371,136,862
ACC0249,2025-07,97,620,108,446,76,1265,124,833
ACC0249,2025-08,106,696,113,450,75,1473,140,866
ACC0249,2025-09,105,758,128,474,80,1424,136,938
ACC0249,2025-10,120,778,131,511,91,1653,179,949
ACC0249,2025-11,143,709,142,569,81,1922,146,1068
ACC0249,2025-12,145,846,142,581,91,1965,155,1146
ACC0250,2024-11,13,75,23,59,6,115,23,70
ACC0250,2024-12,14,74,27,61,7,112,26,92
ACC0250,2025-01,13,84,26,49,7,123,27,76
ACC0250,2025-02,14,92,29,56,7,117,23,81
ACC0250,2025-03,14,91,23,62,8,125,25,82
ACC0250,2025-04,14,93,26,62,7,113,28,78
ACC0250,2025-05,15,89,25,58,7,109,25,80
ACC0250,2025-06,14,90,26,58,6,109,28,83
ACC0250,2025-07,15,78,26,65,7,108,25,83
ACC0250,2025-08,16,84,25,55,7,114,25,78
ACC0250,2025-09,17,92,27,58,8,115,29,90
ACC0250,2025-10,18,101,28,68,8,133,30,92
ACC0250,2025-11,18,109,30,74,9,137,30,86
ACC0250,2025-12,19,115,33,73,10,152,32,106
ACC0251,2024-04,41,281,46,133,17,422,66,238
ACC0251,2024-05,35,282,47,142,16,379,65,224
ACC0251,2024-06,33,271,49,141,17,442,58,226
ACC0251,2024-07,32,219,48,132,10,398,57,223
ACC0251,2024-08,32,270,44,129,15,430,54,226
ACC0251,2024-09,35,265,48,137,16,402,55,244
ACC0251,2024-10,35,287,53,133,15,419,69,278
ACC0251,2024-11,42,308,47,155,18,451,67,251
ACC0251,2024-12,40,264,57,175,16,445,75,267
ACC0251,2025-01,40,311,54,144,16,456,66,312
ACC0251,2025-02,43,335,53,175,19,470,72,241
ACC0251,2025-03,39,245,54,157,18,395,79,237
ACC0251,2025-04,40,275,47,151,16,465,66,255
ACC0251,2025-05,37,272,50,137,15,412,68,222
ACC0251,2025-06,37,307,42,140,17,377,62,262
ACC0251,2025-07,37,263,49,150,17,417,67,241
ACC0252,2024-08,33,160,40,143,18,418,43,190
ACC0252,2024-09,31,174,44,126,18,392,37,181
ACC0252,2024-10,32,172,37,130,20,360,46,217
ACC0252,2024-11,40,208,42,128,17,392,49,210
ACC0252,2024-12,38,190,46,141,26,547,48,211
ACC0252,2025-01,41,191,43,158,22,459,50,202
ACC0252,2025-02,35,187,44,149,20,476,57,198
ACC0252,2025-03,40,185,43,161,21,435,55,211
ACC0252,2025-04,36,200,40,168,19,402,47,199
ACC0252,2025-05,36,193,44,150,18,452,47,218
ACC0252,2025-06,30,185,35,151,20,431,45,242
ACC0252,2025-07,32,166,40,122,22,426,43,178
ACC0252,2025-08,32,164,43,140,20,481,44,191
ACC0252,2025-09,37,182,46,153,24,509,49,230
ACC0252,2025-10,38,172,47,172,19,485,53,235
ACC0252,2025-11,44,222,46,153,23,468,61,237
ACC0252,2025-12,44,198,51,169,18,577,65,235
ACC0253,2024-06,13,63,13,49,7,96,14,66
ACC0253,2024-07,15,66,11,43,6,85,16,80
ACC0253,2024-08,13,58,11,43,5,77,15,90
ACC0253,2024-09,12,57,9,39,6,83,13,70
ACC0253,2024-10,13,54,9,42,6,82,16,87
ACC0253,2024-11,11,47,10,36,4,79,14,73
ACC0253,2024-12,10,46,9,34,5,70,13,63
ACC0253,2025-01,8,43,7,33,4,66,12,61
ACC0253,2025-02,8,37,7,25,3,56,10,56
ACC0253,2025-03,8,36,5,22,3,44,9,45
ACC0253,2025-04,6,27,4,17,2,36,6,44
ACC0254,2024-02,15,121,20,40,7,157,30,110
ACC0254,2024-03,13,96,21,38,7,173,34,84
ACC0254,2024-04,12,96,21,34,7,143,25,98
ACC0254,2024-05,11,98,19,37,7,136,22,104
ACC0254,2024-06,12,93,18,34,6,137,27,72
ACC0254,2024-07,11,91,19,32,6,141,25,88
ACC0254,2024-08,11,106,19,31,7,143,22,88
ACC0254,2024-09,13,83,21,35,7,133,29,98
ACC0254,2024-10,14,94,24,38,8,144,25,93
ACC0254,2024-11,14,105,21,39,8,154,30,94
ACC0254,2024-12,13,112,23,41,8,168,32,115
ACC0254,2025-01,15,117,23,47,8,163,32,101
ACC0254,2025-02,14,116,26,45,7,166,28,118
ACC0254,2025-03,14,120,26,43,8,163,35,111
ACC0254,2025-04,12,114,23,41,8,151,30,99
ACC0254,2025-05,13,106,24,35,7,150,28,103
ACC0254,2025-06,13,91,25,38,7,150,28,90
ACC0254,2025-07,15,102,23,38,7,137,30,88
ACC0254,2025-08,12,106,24,32,7,145,27,93
ACC0254,2025-09,13,106,21,40,7,145,25,98
ACC0254,2025-10,12,105,26,39,8,150,25,107
ACC0254,2025-11,13,110,26,41,9,160,31,103
ACC0254,2025-12,18,113,25,49,7,164,28,126
ACC0255,2024-04,29,202,28,126,17,388,81,226
ACC0255,2024-05,32,176,28,130,18,357,78,211
ACC0255,2024-06,30,160,29,124,18,346,74,221
ACC0255,2024-07,28,197,32,129,16,349,64,195
ACC0255,2024-08,32,163,30,113,15,384,70,195
ACC0255,2024-09,31,192,30,157,19,321,62,214
ACC0255,2024-10,32,225,36,126,20,414,78,231
ACC0255,2024-11,29,210,33,169,19,453,81,256
ACC0255,2024-12,33,208,38,145,23,426,70,286
ACC0255,2025-01,39,205,35,178,20,412,70,239
ACC0255,2025-02,41,257,37,154,20,453,91,273
ACC0255,2025-03,30,207,33,140,19,403,74,265
ACC0255,2025-04,39,188,38,146,23,382,74,257
ACC0255,2025-05,31,148,34,124,23,447,75,243
ACC0255,2025-06,31,195,27,130,16,372,73,221
ACC0255,2025-07,29,196,29,146,19,428,63,199
ACC0255,2025-08,30,184,34,143,21,370,72,193
ACC0255,2025-09,34,189,32,151,23,403,74,254
ACC0255,2025-10,37,211,36,154,18,364,92,232
ACC0255,2025-11,34,258,40,153,21,415,87,264
ACC0255,2025-12,41,223,41,161,25,502,79,254
ACC0256,2024-07,24,194,33,95,12,325,56,276
ACC0256,2024-08,22,242,33,84,16,397,50,341
ACC0256,2024-09,28,187,42,79,14,376,63,358
ACC0256,2024-10,27,246,37,102,17,365,64,350
ACC0256,2024-11,29,229,40,119,18,421,63,373
ACC0256,2024-12,29,266,44,108,18,411,81,376
ACC0256,2025-01,27,229,38,99,16,351,61,298
ACC0256,2025-02,22,192,28,84,11,281,64,340
ACC0256,2025-03,20,143,22,71,11,239,42,260
ACC0256,2025-04,17,131,21,55,9,213,38,208
ACC0256,2025-05,14,118,25,54,9,215,42,198
ACC0256,2025-06,19,157,22,59,10,250,39,232
ACC0256,2025-07,19,148,26,62,10,267,46,239
ACC0256,2025-08,19,152,26,67,11,295,50,271
ACC0256,2025-09,22,174,34,81,13,291,55,299
ACC0256,2025-10,24,233,39,90,13,350,61,319
ACC0256,2025-11,31,223,37,104,18,426,67,340
ACC0256,2025-12,34,224,38,111,16,410,67,352
ACC0257,2024-11,14,104,21,59,7,118,20,82
ACC0257,2024-12,15,96,23,52,6,104,18,89
ACC0257,2025-01,14,113,21,62,8,120,21,78
ACC0257,2025-02,16,103,24,50,7,114,21,95
ACC0257,2025-03,17,118,23,60,7,118,23,85
ACC0257,2025-04,17,87,21,55,7,107,18,82
ACC0257,2025-05,13,95,19,57,5,100,21,70
ACC0257,2025-06,13,93,22,56,7,105,17,74
ACC0257,2025-07,13,103,19,51,7,80,18,63
ACC0257,2025-08,13,111,17,48,6,95,21,67
ACC0257,2025-09,14,105,26,66,6,96,19,72
ACC0257,2025-10,15,119,21,59,7,127,20,97
ACC0257,2025-11,14,113,25,61,8,113,24,81
ACC0257,2025-12,19,115,29,65,7,122,21,94
ACC0258,2024-11,14,109,18,53,7,153,23,113
ACC0258,2024-12,13,130,15,64,7,162,20,112
ACC0258,2025-01,14,124,16,55,6,169,28,126
ACC0258,2025-02,16,125,17,51,8,188,23,116
ACC0258,2025-03,14,128,13,53,7,156,22,104
ACC0258,2025-04,14,97,15,52,7,157,24,129
ACC0258,2025-05,12,87,14,51,6,150,19,103
ACC0258,2025-06,12,95,15,51,7,146,22,109
ACC0258,2025-07,12,99,14,43,6,144,21,110
ACC0258,2025-08,12,110,15,43,6,142,22,95
ACC0258,2025-09,14,105,15,46,6,166,22,118
ACC0258,2025-10,14,119,15,51,7,157,23,131
ACC0258,2025-11,14,123,15,58,8,182,29,126
ACC0258,2025-12,17,133,21,59,9,195,25,103
ACC0259,2024-03,18,94,14,37,7,154,21,116
ACC0259,2024-04,16,66,15,34,6,161,23,113
ACC0259,2024-05,15,85,12,38,6,140,18,103
ACC0259,2024-06,14,74,12,39,6,146,20,121
ACC0259,2024-07,14,74,11,36,6,140,18,104
ACC0259,2024-08,13,68,12,31,5,162,18,102
ACC0259,2024-09,14,71,12,35,7,144,19,103
ACC0259,2024-10,16,81,14,46,7,163,21,119
ACC0259,2024-11,18,81,12,47,7,167,21,123
ACC0259,2024-12,19,85,14,43,8,168,19,126
ACC0259,2025-01,20,98,17,45,7,190,22,126
ACC0259,2025-02,19,83,13,42,8,161,23,127
ACC0259,2025-03,16,85,16,41,8,156,20,134
ACC0259,2025-04,18,79,13,41,8,143,21,123
ACC0259,2025-05,16,79,14,39,6,168,17,118
ACC0259,2025-06,13,70,12,41,6,158,19,125
ACC0259,2025-07,14,77,12,35,5,150,19,118
ACC0259,2025-08,14,84,13,40,6,154,20,103
ACC0259,2025-09,18,66,14,39,6,154,18,105
ACC0259,2025-10,14,90,13,38,8,157,20,116
ACC0259,2025-11,18,95,18,43,8,158,23,149
ACC0259,2025-12,18,104,16,46,8,181,24,151
ACC0260,2024-09,41,260,55,107,20,412,52,157
ACC0260,2024-10,40,240,59,120,21,411,47,188
ACC0260,2024-11,46,266,56,121,20,376,54,202
ACC0260,2024-12,42,254,62,122,24,386,51,197
ACC0260,2025-01,46,302,55,131,23,411,52,194
ACC0260,2025-02,23,143,33,59,12,244,32,107
ACC0261,2024-09,13,68,13,39,5,118,17,99
ACC0261,2024-10,14,61,11,44,6,133,17,93
ACC0261,2024-11,15,79,14,44,6,143,20,103
ACC0261,2024-12,15,82,14,39,6,151,17,102
ACC0261,2025-01,16,78,14,52,6,148,19,114
ACC0261,2025-02,16,83,15,53,7,173,16,96
ACC0261,2025-03,16,68,12,45,6,133,20,106
ACC0261,2025-04,15,61,14,47,6,133,15,122
ACC0261,2025-05,13,68,13,42,6,129,16,99
ACC0261,2025-06,14,66,10,42,6,128,17,99
ACC0261,2025-07,15,66,13,37,5,122,13,96
ACC0261,2025-08,16,59,13,39,6,100,17,93
ACC0261,2025-09,14,64,12,41,6,131,18,108
ACC0261,2025-10,15,74,14,41,6,149,20,107
ACC0261,2025-11,19,71,14,43,7,172,17,117
ACC0261,2025-12,16,82,15,59,7,142,22,111
ACC0262,2024-05,84,449,82,361,66,1432,164,555
ACC0262,2024-06,84,506,75,379,55,1633,130,540
ACC0262,2024-07,73,485,73,370,58,1320,182,717
ACC0262,2024-08,83,431,78,372,58,1380,172,660
ACC0262,2024-09,93,531,73,382,59,1443,171,714
ACC0262,2024-10,102,523,91,426,57,1571,182,727
ACC0262,2024-11,101,586,83,509,70,1324,203,659
ACC0262,2024-12,114,531,91,372,71,2018,208,734
ACC0262,2025-01,109,614,90,419,78,1814,191,715
ACC0262,2025-02,112,523,96,423,81,1783,205,850
ACC0262,2025-03,95,572,91,452,87,1861,221,789
ACC0262,2025-04,104,601,82,437,72,1714,186,806
ACC0262,2025-05,91,508,94,440,69,1842,189,732
ACC0262,2025-06,103,516,88,381,67,1460,177,702
ACC0262,2025-07,99,423,87,406,70,1757,179,684
ACC0262,2025-08,77,570,86,416,71,1497,177,845
ACC0262,2025-09,107,516,96,458,70,1820,181,669
ACC0262,2025-10,96,610,102,479,85,2073,176,772
ACC0262,2025-11,118,674,96,441,84,1867,213,821
ACC0262,2025-12,124,686,110,549,77,1934,205,959
ACC0263,2024-06,14,74,21,43,7,79,19,100
ACC0263,2024-07,14,61,20,44,7,96,29,74
ACC0263,2024-08,16,68,19,44,7,89,23,97
ACC0263,2024-09,15,71,21,41,7,89,26,95
ACC0263,2024-10,16,72,20,55,7,111,25,100
ACC0263,2024-11,17,74,24,43,8,110,23,111
ACC0263,2024-12,18,81,23,57,8,106,30,130
ACC0263,2025-01,19,82,27,56,9,120,28,121
ACC0263,2025-02,19,83,24,51,8,112,28,135
ACC0263,2025-03,17,78,21,39,6,110,31,136
ACC0263,2025-04,18,72,22,51,8,92,26,122
ACC0263,2025-05,15,80,21,43,8,110,29,111
ACC0263,2025-06,14,73,19,43,7,92,27,108
ACC0263,2025-07,17,67,19,47,7,99,23,97
ACC0263,2025-08,14,73,23,43,7,89,25,107
ACC0263,2025-09,15,76,23,43,7,99,28,113
ACC0263,2025-10,16,78,23,47,8,110,28,119
ACC0263,2025-11,18,70,25,53,8,124,28,104
ACC0263,2025-12,20,90,28,57,9,110,34,119
ACC0264,2024-09,11,55,20,48,10,85,17,69
ACC0264,2024-10,12,72,25,51,11,95,18,74
ACC0264,2024-11,14,69,24,62,11,79,20,91
ACC0264,2024-12,14,70,25,66,11,96,23,66
ACC0264,2025-01,12,74,28,47,10,88,20,68
ACC0264,2025-02,13,58,28,54,13,98,21,79
ACC0264,2025-03,13,66,23,54,9,91,20,88
ACC0264,2025-04,11,75,25,58,10,80,19,78
ACC0264,2025-05,13,63,20,58,9,91,20,67
ACC0264,2025-06,9,64,20,43,9,94,18,74
ACC0264,2025-07,12,60,19,48,10,74,20,71
ACC0264,2025-08,11,68,22,52,11,91,19,63
ACC0264,2025-09,11,68,21,47,11,81,21,83
ACC0264,2025-10,12,62,27,56,11,95,20,80
ACC0264,2025-11,15,71,26,48,11,102,21,74
ACC0264,2025-12,14,73,26,55,11,95,24,91
ACC0265,2024-06,32,150,30,106,21,390,60,233
ACC0265,2024-07,26,118,33,90,19,274,54,240
ACC0265,2024-08,25,131,33,98,21,339,50,232
ACC0265,2024-09,31,132,28,90,18,338,41,279
ACC0265,2024-10,32,140,36,90,25,320,56,229
ACC0265,2024-11,29,155,36,94,20,417,45,260
ACC0265,2024-12,26,138,29,98,20,296,54,229
ACC0265,2025-01,26,115,30,75,18,330,49,209
ACC0265,2025-02,25,114,28,72,16,301,38,220
ACC0265,2025-03,18,103,27,68,14,270,36,187
ACC0265,2025-04,19,93,20,59,14,239,37,158
ACC0265,2025-05,18,73,17,51,12,212,29,133
ACC0265,2025-06,15,65,17,48,10,154,28,121
ACC0265,2025-07,12,66,14,37,9,136,25,100
ACC0265,2025-08,12,53,12,36,8,127,21,93
ACC0265,2025-09,11,53,11,37,8,119,19,96
ACC0265,2025-10,10,53,11,35,6,129,22,85
ACC0265,2025-11,9,44,11,35,7,125,17,84
ACC0265,2025-12,8,38,12,28,6,103,17,76
ACC0266,2024-10,16,71,18,63,9,143,22,109
ACC0266,2024-11,15,78,19,54,9,151,23,129
ACC0266,2024-12,15,76,20,61,11,164,22,111
ACC0266,2025-01,16,67,20,54,9,167,24,104
ACC0266,2025-02,15,87,20,61,8,172,22,124
ACC0266,2025-03,16,73,20,65,11,160,22,107
ACC0266,2025-04,15,73,18,63,9,157,19,127
ACC0266,2025-05,13,72,16,57,8,140,19,103
ACC0266,2025-06,14,62,17,56,8,130,17,100
ACC0266,2025-07,16,56,18,49,8,138,18,91
ACC0266,2025-08,15,69,18,54,9,126,19,111
ACC0266,2025-09,14,71,19,60,9,136,19,114
ACC0266,2025-10,15,76,20,57,9,162,21,114
ACC0266,2025-11,15,70,19,66,11,139,23,118
ACC0266,2025-12,16,80,20,70,11,170,23,125
ACC0267,2024-07,8,82,17,46,5,85,23,64
ACC0267,2024-08,9,73,17,38,6,76,21,69
ACC0267,2024-09,9,74,17,44,5,86,20,62
ACC0267,2024-10,10,75,20,44,6,78,24,73
ACC0267,2024-11,9,102,18,53,6,79,23,82
ACC0267,2024-12,12,89,23,58,7,91,24,80
ACC0267,2025-01,10,101,23,57,7,92,27,90
ACC0267,2025-02,10,94,26,51,7,101,31,85
ACC0267,2025-03,9,83,22,56,6,88,26,74
ACC0267,2025-04,9,86,19,51,6,81,21,83
ACC0267,2025-05,9,76,20,51,6,84,23,70
ACC0267,2025-06,9,87,22,44,6,77,20,76
ACC0267,2025-07,7,76,19,48,7,83,21,70
ACC0267,2025-08,9,71,18,41,5,93,19,77
ACC0267,2025-09,8,88,18,46,6,84,21,78
ACC0267,2025-10,10,85,19,48,6,104,22,81
ACC0267,2025-11,10,99,21,48,6,86,22,82
ACC0267,2025-12,11,85,22,59,7,112,25,90
ACC0268,2024-12,101,742,117,411,68,1526,202,567
ACC0268,2025-01,103,826,98,477,64,1440,193,554
ACC0268,2025-02,103,680,103,391,70,1531,173,576
ACC0268,2025-03,97,753,107,383,53,1532,163,557
ACC0268,2025-04,79,746,97,291,60,1493,186,584
ACC0268,2025-05,81,634,92,411,45,1319,157,563
ACC0268,2025-06,86,581,81,357,54,1426,133,480
ACC0268,2025-07,101,621,75,352,59,1410,153,495
ACC0268,2025-08,85,615,87,367,54,1394,169,503
ACC0268,2025-09,112,746,93,393,49,1368,159,518
ACC0268,2025-10,98,779,99,396,59,1591,157,477
ACC0268,2025-11,108,618,106,371,59,1607,173,579
ACC0268,2025-12,111,821,104,472,65,1437,207,563
ACC0269,2024-08,9,83,12,53,7,130,22,106
ACC0269,2024-09,8,108,13,57,7,138,23,116
ACC0269,2024-10,8,89,16,54,8,148,23,142
ACC0269,2024-11,9,106,15,61,8,138,28,112
ACC0269,2024-12,9,111,14,70,9,176,23,134
ACC0269,2025-01,9,109,15,67,9,183,29,134
ACC0269,2025-02,11,107,14,63,8,170,34,113
ACC0269,2025-03,9,105,15,71,8,168,29,126
ACC0269,2025-04,10,109,12,46,8,145,25,141
ACC0269,2025-05,9,105,13,57,8,117,27,113
ACC0269,2025-06,8,115,12,63,8,132,27,124
ACC0269,2025-07,8,85,12,50,7,144,24,119
ACC0269,2025-08,8,98,13,49,7,156,25,113
ACC0269,2025-09,8,95,14,65,8,181,24,128
ACC0269,2025-10,10,111,14,65,8,163,31,114
ACC0269,2025-11,10,132,16,64,10,152,29,138
ACC0269,2025-12,11,117,16,66,10,184,26,160
ACC0270,2024-04,38,245,44,163,19,464,61,186
ACC0270,2024-05,34,257,42,129,18,450,68,185
ACC0270,2024-06,42,222,40,127,17,468,58,180
ACC0270,2024-07,38,272,44,118,17,426,59,155
ACC0270,2024-08,34,255,41,133,16,428,56,197
ACC0270,2024-09,34,242,45,157,17,459,66,193
ACC0270,2024-10,37,291,46,140,17,480,77,220
ACC0270,2024-11,39,261,51,157,22,532,65,213
ACC0270,2024-12,40,312,54,138,18,515,74,188
ACC0270,2025-01,48,350,53,161,20,565,75,194
ACC0270,2025-02,51,274,51,155,21,562,71,228
ACC0270,2025-03,34,305,45,174,20,517,70,197
ACC0270,2025-04,44,274,51,165,18,443,66,179
ACC0270,2025-05,41,246,45,154,19,454,58,168
ACC0270,2025-06,36,236,42,147,19,476,59,187
ACC0270,2025-07,29,266,40,157,15,409,70,204
ACC0270,2025-08,34,248,45,142,19,417,56,206
ACC0270,2025-09,41,261,52,139,20,486,62,215
ACC0270,2025-10,39,276,50,138,19,518,71,209
ACC0270,2025-11,46,330,50,167,18,527,71,214
ACC0270,2025-12,46,327,58,161,20,522,81,233
ACC0271,2024-10,78,656,91,483,45,1907,104,637
ACC0271,2024-11,85,723,87,535,57,1772,109,624
ACC0271,2024-12,103,746,92,526,56,1987,125,762
ACC0271,2025-01,96,668,86,488,59,1843,126,644
ACC0271,2025-02,81,652,80,494,55,1905,113,642
ACC0271,2025-03,98,705,83,521,54,1972,100,579
ACC0271,2025-04,84,754,74,493,51,1791,113,748
ACC0271,2025-05,80,637,72,586,55,1775,112,572
ACC0271,2025-06,81,646,82,440,41,1460,101,554
ACC0271,2025-07,86,502,68,490,57,1520,105,508
ACC0271,2025-08,73,612,75,470,48,1671,119,566
ACC0271,2025-09,86,708,87,494,52,1834,110,597
ACC0271,2025-10,93,630,96,556,59,2001,132,599
ACC0271,2025-11,95,649,87,548,56,2016,117,627
ACC0271,2025-12,90,756,98,599,60,1911,124,659
ACC0272,2024-05,14,57,17,42,10,126,15,70
ACC0272,2024-06,12,60,17,43,9,113,14,71
ACC0272,2024-07,13,52,19,40,9,118,13,67
ACC0272,2024-08,13,68,18,47,9,113,17,74
ACC0272,2024-09,15,58,18,48,10,119,16,78
ACC0272,2024-10,16,72,21,46,11,135,17,78
ACC0272,2024-11,16,71,17,53,10,132,17,75
ACC0272,2024-12,18,74,21,53,10,156,17,96
ACC0272,2025-01,15,68,21,54,11,159,17,83
ACC0272,2025-02,14,69,23,54,12,144,19,82
ACC0272,2025-03,16,69,22,60,11,138,16,85
ACC0272,2025-04,15,65,19,45,10,127,17,93
ACC0272,2025-05,16,64,18,47,10,139,18,79
ACC0272,2025-06,15,59,18,47,10,134,15,62
ACC0272,2025-07,13,64,17,45,10,109,15,73
ACC0272,2025-08,16,57,18,46,10,129,15,80
ACC0272,2025-09,13,58,21,46,9,127,16,76
ACC0272,2025-10,15,60,19,44,11,134,18,70
ACC0272,2025-11,18,78,23,48,12,153,19,81
ACC0272,2025-12,17,68,24,59,11,144,21,94
ACC0273,2024-07,11,104,20,55,5,91,18,93
ACC0273,2024-08,11,83,18,53,5,98,17,93
ACC0273,2024-09,11,94,18,58,5,93,17,87
ACC0273,2024-10,13,113,22,58,6,100,26,102
ACC0273,2024-11,12,99,22,63,7,92,23,117
ACC0273,2024-12,13,111,24,65,8,108,27,119
ACC0273,2025-01,13,115,25,65,7,97,25,109
ACC0273,2025-02,13,110,23,64,6,116,26,107
ACC0273,2025-03,13,117,25,65,6,93,23,99
ACC0273,2025-04,11,106,21,61,6,105,21,108
ACC0273,2025-05,13,99,20,56,5,96,19,100
ACC0273,2025-06,12,99,22,55,6,88,22,94
ACC0273,2025-07,13,95,20,53,6,89,20,90
ACC0273,2025-08,12,98,20,51,6,93,22,92
ACC0273,2025-09,12,102,24,58,6,110,24,111
ACC0273,2025-10,14,110,20,62,6,119,24,122
ACC0273,2025-11,12,117,20,65,7,125,24,119
ACC0273,2025-12,13,110,24,72,7,121,27,116
ACC0274,2024-02,28,231,58,183,22,489,72,340
ACC0274,2024-03,28,226,60,187,22,559,77,295
ACC0274,2024-04,29,238,55,166,25,512,73,302
ACC0274,2024-05,28,231,53,166,19,447,72,306
ACC0274,2024-06,28,207,57,165,21,495,62,290
ACC0274,2024-07,25,227,55,155,19,510,71,308
ACC0274,2024-08,25,205,53,153,22,508,62,273
ACC0274,2024-09,16,118,30,87,13,260,42,163
ACC0275,2024-07,97,592,91,258,62,1003,112,589
ACC0275,2024-08,98,689,92,283,58,915,111,613
ACC0275,2024-09,93,593,110,297,72,1068,123,567
ACC0275,2024-10,100,689,93,282,64,1060,114,654
ACC0275,2024-11,105,721,86,272,67,1124,115,676
ACC0275,2024-12,101,796,120,322,69,1504,117,872
ACC0275,2025-01,112,730,109,292,72,1168,139,791
ACC0275,2025-02,109,588,112,273,86,1261,115,592
ACC0275,2025-03,118,676,101,315,87,1318,124,773
ACC0276,2024-12,42,167,49,140,21,552,60,267
ACC0276,2025-01,44,173,48,148,20,537,69,296
ACC0276,2025-02,46,179,58,133,18,539,77,285
ACC0276,2025-03,41,164,51,139,21,586,68,303
ACC0276,2025-04,44,190,48,138,18,545,70,273
ACC0276,2025-05,43,171,48,126,20,497,69,245
ACC0276,2025-06,50,185,50,138,16,619,65,302
ACC0276,2025-07,50,180,53,114,19,539,70,285
ACC0276,2025-08,47,169,53,137,20,625,72,286
ACC0276,2025-09,50,201,51,158,22,631,72,314
ACC0276,2025-10,49,199,57,167,24,631,70,352
ACC0276,2025-11,54,248,64,182,23,714,80,361
ACC0276,2025-12,62,219,62,189,25,718,85,383
ACC0277,2024-11,12,97,16,38,10,160,18,75
ACC0277,2024-12,14,84,17,40,10,160,22,81
ACC0277,2025-01,13,77,19,44,11,120,23,74
ACC0277,2025-02,13,82,18,40,11,161,22,80
ACC0277,2025-03,14,85,17,40,10,166,21,78
ACC0277,2025-04,12,65,16,41,9,141,18,80
ACC0277,2025-05,11,73,17,37,9,142,17,63
ACC0277,2025-06,12,76,16,32,10,135,20,59
ACC0277,2025-07,12,75,16,37,9,144,19,66
ACC0277,2025-08,12,72,16,41,10,159,18,63
ACC0277,2025-09,11,75,16,38,11,146,18,66
ACC0277,2025-10,13,79,15,41,10,143,24,88
ACC0277,2025-11,12,79,14,44,12,140,20,78
ACC0277,2025-12,13,83,19,44,12,167,26,79
ACC0278,2024-09,65,497,99,232,67,1497,152,730
ACC0278,2024-10,73,555,84,252,72,1309,146,815
ACC0278,2024-11,68,665,98,254,67,1334,147,770
ACC0278,2024-12,74,584,90,248,59,1563,159,777
ACC0278,2025-01,68,544,78,240,66,1475,127,752
ACC0278,2025-02,66,529,84,254,53,1343,148,708
ACC0278,2025-03,50,451,62,201,41,869,121,721
ACC0278,2025-04,48,381,54,148,31,952,92,624
ACC0278,2025-05,31,371,46,106,30,764,77,532
ACC0278,2025-06,30,287,40,111,20,569,63,527
ACC0278,2025-07,26,234,26,94,21,607,50,394
ACC0278,2025-08,24,223,27,82,19,438,48,307
ACC0278,2025-09,20,195,23,70,20,441,47,309
ACC0279,2024-08,74,458,113,287,35,1222,105,713
ACC0279,2024-09,63,536,121,245,43,1555,103,781
ACC0279,2024-10,65,544,114,294,47,1481,112,768
ACC0279,2024-11,70,577,139,287,46,1422,118,807
ACC0279,2024-12,77,631,138,320,49,1200,119,686
ACC0279,2025-01,76,675,145,296,47,1594,128,900
ACC0279,2025-02,80,655,146,327,43,1991,121,818
ACC0279,2025-03,77,667,126,314,49,1715,118,890
ACC0279,2025-04,61,716,126,286,36,1420,109,764
ACC0279,2025-05,62,592,136,293,45,1452,114,814
ACC0279,2025-06,69,533,115,288,42,1422,111,696
ACC0279,2025-07,71,552,121,263,40,1446,131,766
ACC0279,2025-08,63,624,120,279,41,1502,93,725
ACC0279,2025-09,75,614,140,261,47,1867,121,802
ACC0279,2025-10,65,652,135,325,48,1250,121,744
ACC0279,2025-11,84,618,125,332,49,1541,127,1009
ACC0279,2025-12,90,759,162,364,52,1673,142,919
ACC0280,2024-01,13,99,18,39,9,123,16,124
ACC0280,2024-02,12,98,16,39,9,105,18,103
ACC0280,2024-03,10,114,19,29,9,87,18,100
ACC0280,2024-04,14,94,16,33,9,100,17,97
ACC0280,2024-05,13,102,13,32,9,112,17,91
ACC0280,2024-06,13,95,16,34,8,103,15,100
ACC0280,2024-07,13,91,18,33,8,105,16,104
ACC0280,2024-08,10,106,17,31,9,97,16,108
ACC0280,2024-09,12,105,15,36,9,98,17,99
ACC0280,2024-10,13,104,18,36,10,111,15,117
ACC0280,2024-11,14,125,19,38,10,111,18,102
ACC0280,2024-12,14,101,20,44,11,127,20,109
ACC0280,2025-01,13,124,22,40,9,127,19,115
ACC0280,2025-02,16,117,20,39,10,127,18,118
ACC0280,2025-03,13,113,22,42,10,107,20,115
ACC0280,2025-04,15,116,19,38,10,123,20,130
ACC0280,2025-05,11,102,18,35,8,105,18,107
ACC0280,2025-06,13,100,19,33,9,120,17,111
ACC0280,2025-07,12,111,18,37,9,103,16,97
ACC0280,2025-08,13,129,18,38,10,116,16,111
ACC0280,2025-09,13,105,20,37,11,133,21,102
ACC0280,2025-10,12,129,23,41,9,117,19,110
ACC0280,2025-11,14,134,25,47,11,126,19,140
ACC0280,2025-12,17,139,25,45,11,108,24,135
ACC0281,2024-05,14,66,23,36,7,107,20,90
ACC0281,2024-06,11,63,19,36,7,103,19,91
ACC0281,2024-07,13,66,20,32,6,88,19,96
ACC0281,2024-08,13,56,19,37,7,109,19,100
ACC0281,2024-09,14,69,17,32,7,101,21,102
ACC0281,2024-10,13,76,25,36,7,122,22,112
ACC0281,2024-11,15,82,24,39,8,137,23,110
ACC0281,2024-12,17,84,22,39,7,133,22,115
ACC0281,2025-01,15,81,26,37,7,125,26,118
ACC0281,2025-02,14,84,22,44,8,132,24,102
ACC0281,2025-03,14,73,26,39,9,115,27,113
ACC0281,2025-04,13,80,22,36,9,122,24,94
ACC0281,2025-05,14,69,21,34,7,118,21,89
ACC0281,2025-06,14,77,19,37,7,127,25,105
ACC0281,2025-07,15,62,20,33,7,100,17,102
ACC0281,2025-08,14,69,20,36,7,111,24,95
ACC0281,2025-09,12,75,22,41,7,113,25,110
ACC0281,2025-10,13,75,23,46,7,119,25,106
ACC0281,2025-11,15,80,25,43,7,127,23,123
ACC0281,2025-12,15,69,24,40,8,143,27,132
ACC0282,2024-06,27,145,35,98,20,418,62,311
ACC0282,2024-07,29,132,30,106,24,357,60,281
ACC0282,2024-08,27,175,31,111,23,316,56,305
ACC0282,2024-09,29,170,35,112,25,344,66,322
ACC0282,2024-10,37,193,33,121,28,401,77,291
ACC0282,2024-11,26,176,43,108,28,432,76,351
ACC0282,2024-12,38,146,39,128,30,463,73,412
ACC0282,2025-01,38,176,47,131,26,450,81,393
ACC0282,2025-02,35,170,40,132,29,434,78,399
ACC0282,2025-03,32,187,44,131,28,448,74,391
ACC0282,2025-04,34,150,44,130,29,439,72,386
ACC0282,2025-05,34,139,39,116,26,463,77,294
ACC0282,2025-06,34,155,27,126,24,445,72,326
ACC0282,2025-07,28,183,36,89,27,465,67,289
ACC0282,2025-08,28,155,34,93,28,431,58,360
ACC0282,2025-09,33,152,34,105,26,400,61,347
ACC0282,2025-10,33,182,34,120,29,414,67,407
ACC0282,2025-11,35,174,45,139,28,447,73,346
ACC0282,2025-12,31,193,44,128,35,466,77,407
ACC0283,2024-11,33,208,51,122,15,542,54,322
ACC0283,2024-12,33,215,44,146,19,562,49,352
ACC0283,2025-01,38,249,43,153,20,526,57,368
ACC0283,2025-02,35,191,44,130,18,593,61,305
ACC0283,2025-03,29,218,46,117,16,459,64,306
ACC0283,2025-04,33,207,42,138,17,550,60,311
ACC0283,2025-05,30,205,36,136,17,549,55,295
ACC0283,2025-06,32,196,38,107,15,531,55,330
ACC0283,2025-07,29,178,37,142,15,466,55,303
ACC0283,2025-08,28,202,41,132,17,522,52,285
ACC0283,2025-09,32,190,41,125,17,518,52,299
ACC0283,2025-10,30,230,44,130,17,550,57,385
ACC0283,2025-11,31,245,47,137,17,482,68,371
ACC0283,2025-12,36,233,49,161,22,659,48,407
ACC0284,2024-03,31,275,53,99,25,529,56,295
ACC0284,2024-04,23,270,49,93,24,496,57,275
ACC0284,2024-05,26,271,41,92,25,406,48,259
ACC0284,2024-06,27,276,46,87,25,418,48,252
ACC0284,2024-07,26,263,42,104,26,391,51,269
ACC0284,2024-08,24,250,50,101,25,400,48,241
ACC0284,2024-09,27,269,47,89,26,420,46,266
ACC0284,2024-10,28,306,47,91,32,468,55,255
ACC0284,2024-11,31,312,52,118,26,480,66,290
ACC0284,2024-12,30,325,53,121,27,420,67,303
ACC0284,2025-01,31,314,56,87,31,555,69,315
ACC0284,2025-02,30,327,57,104,27,512,61,360
ACC0284,2025-03,25,290,50,111,33,520,56,273
ACC0284,2025-04,26,278,46,113,27,483,63,326
ACC0284,2025-05,23,250,51,98,29,494,55,280
ACC0284,2025-06,26,260,44,90,26,386,45,265
ACC0284,2025-07,22,272,48,92,23,396,52,260
ACC0284,2025-08,27,249,49,95,25,406,57,295
ACC0284,2025-09,27,288,51,96,30,437,59,271
ACC0284,2025-10,34,307,63,118,27,494,70,304
ACC0284,2025-11,30,288,55,126,35,503,70,352
ACC0284,2025-12,30,317,55,103,32,498,62,312
ACC0285,2024-06,10,97,13,45,6,159,22,88
ACC0285,2024-07,9,90,15,47,6,140,22,94
ACC0285,2024-08,10,78,14,49,6,143,20,85
ACC0285,2024-09,9,90,15,48,7,132,23,93
ACC0285,2024-10,10,100,14,49,6,150,21,90
ACC0285,2024-11,11,102,14,48,7,147,24,90
ACC0285,2024-12,12,97,16,48,7,160,22,97
ACC0285,2025-01,13,101,15,51,7,178,21,94
ACC0285,2025-02,11,100,13,53,7,160,24,97
ACC0285,2025-03,11,107,15,50,6,154,22,96
ACC0285,2025-04,6,55,8,28,4,85,13,49
ACC0286,2024-02,27,173,51,137,16,526,76,221
ACC0286,2024-03,29,161,53,134,16,588,80,202
ACC0286,2024-04,27,172,57,133,15,556,85,181
ACC0286,2024-05,25,160,51,121,15,568,73,199
ACC0286,2024-06,28,160,53,129,16,540,74,176
ACC0286,2024-07,25,168,52,126,16,530,80,205
ACC0286,2024-08,31,177,56,144,17,532,69,217
ACC0286,2024-09,28,204,62,125,19,673,77,191
ACC0286,2024-10,32,180,60,152,22,636,88,239
ACC0286,2024-11,35,176,69,170,21,711,87,232
ACC0286,2024-12,35,210,63,195,21,710,100,261
ACC0286,2025-01,37,234,71,171,22,691,118,266
ACC0286,2025-02,37,222,71,151,23,772,106,257
ACC0286,2025-03,40,221,76,172,20,770,106,241
ACC0286,2025-04,40,240,74,176,20,754,105,274
ACC0286,2025-05,41,221,64,172,20,756,91,279
ACC0286,2025-06,35,207,71,177,21,705,103,221
ACC0286,2025-07,34,210,66,177,23,637,103,245
ACC0286,2025-08,39,217,59,183,23,881,107,278
ACC0286,2025-09,43,243,74,156,28,720,115,292
ACC0286,2025-10,47,253,88,204,23,828,124,269
ACC0286,2025-11,49,260,99,220,28,774,118,314
ACC0286,2025-12,53,302,95,223,29,893,123,307
ACC0287,2024-02,48,190,36,97,25,468,63,210
ACC0287,2024-03,46,159,37,117,23,449,59,195
ACC0287,2024-04,43,170,36,98,18,412,55,203
ACC0287,2024-05,41,141,30,101,23,395,64,210
ACC0287,2024-06,44,153,37,103,18,453,60,152
ACC0287,2024-07,39,166,32,87,19,469,52,168
ACC0287,2024-08,38,131,34,102,22,375,48,189
ACC0287,2024-09,42,171,32,101,21,435,57,207
ACC0287,2024-10,40,154,36,106,24,549,65,222
ACC0287,2024-11,44,179,40,121,24,476,68,200
ACC0287,2024-12,47,200,37,132,23,537,76,220
ACC0287,2025-01,51,169,36,112,24,519,70,229
ACC0287,2025-02,42,194,41,119,28,495,60,240
ACC0287,2025-03,57,197,42,120,24,428,68,237
ACC0287,2025-04,43,167,40,108,27,472,63,195
ACC0287,2025-05,41,165,35,102,22,421,68,187
ACC0287,2025-06,44,186,34,107,23,454,61,215
ACC0287,2025-07,39,131,37,96,22,411,50,188
ACC0287,2025-08,41,154,34,95,21,509,60,178
ACC0287,2025-09,40,146,33,118,24,390,54,190
ACC0287,2025-10,48,178,43,125,20,496,68,219
ACC0287,2025-11,47,172,39,114,24,478,61,227
ACC0287,2025-12,48,214,38,123,27,530,65,215
ACC0288,2024-05,31,213,33,110,14,299,65,216
ACC0288,2024-06,28,231,34,111,14,301,61,224
ACC0288,2024-07,30,247,41,126,16,306,53,236
ACC0288,2024-08,30,218,38,111,16,349,70,246
ACC0288,2024-09,33,241,40,110,18,355,68,272
ACC0288,2024-10,30,273,42,135,17,414,69,287
ACC0288,2024-11,36,280,49,150,17,440,69,276
ACC0288,2024-12,34,337,52,168,19,405,87,322
ACC0288,2025-01,39,318,53,122,23,504,83,309
ACC0288,2025-02,38,324,57,159,21,505,91,306
ACC0288,2025-03,39,361,55,143,21,457,99,327
ACC0288,2025-04,43,322,50,140,23,452,87,323
ACC0288,2025-05,35,292,49,140,19,435,84,308
ACC0288,2025-06,37,266,48,141,20,468,79,328
ACC0288,2025-07,43,334,51,144,20,417,95,319
ACC0288,2025-08,41,342,55,155,22,438,89,334
ACC0288,2025-09,43,348,62,169,25,525,86,379
ACC0288,2025-10,45,378,53,169,22,480,96,413
ACC0288,2025-11,47,338,69,213,24,547,109,430
ACC0288,2025-12,50,374,75,204,29,579,131,403
ACC0289,2024-01,47,203,36,152,21,486,66,418
ACC0289,2024-02,39,208,35,152,19,527,74,291
ACC0289,2024-03,37,139,33,113,20,474,62,358
ACC0289,2024-04,30,142,29,129,16,409,48,292
ACC0289,2024-05,29,112,22,97,13,309,44,274
ACC0289,2024-06,24,134,20,76,11,275,35,224
ACC0289,2024-07,19,108,17,68,10,227,30,206
ACC0289,2024-08,18,86,12,64,9,192,27,189
ACC0290,2024-05,81,336,111,394,72,1426,140,734
ACC0290,2024-06,72,415,90,363,65,1536,141,656
ACC0290,2024-07,85,410,87,361,68,1316,144,737
ACC0290,2024-08,83,356,100,376,69,1251,144,776
ACC0290,2024-09,89,463,105,406,69,1159,174,728
ACC0290,2024-10,81,499,103,494,78,1292,175,746
ACC0290,2024-11,90,476,113,470,78,1517,159,903
ACC0290,2024-12,90,545,138,512,79,1541,176,982
ACC0290,2025-01,101,509,109,540,84,1717,167,1024
ACC0290,2025-02,105,480,120,502,73,1731,183,879
ACC0290,2025-03,99,486,112,542,69,1607,170,860
ACC0290,2025-04,91,492,107,490,70,1473,164,818
ACC0290,2025-05,102,405,105,435,71,1423,166,792
ACC0290,2025-06,68,477,97,491,57,1355,115,766
ACC0290,2025-07,92,422,96,390,68,1251,128,744
ACC0290,2025-08,92,421,114,431,66,1506,141,729
ACC0290,2025-09,92,466,106,486,70,1388,163,725
ACC0290,2025-10,92,426,117,447,72,1357,163,731
ACC0290,2025-11,97,447,128,600,93,1809,171,901
ACC0290,2025-12,99,474,131,607,81,1781,183,889
ACC0291,2024-03,13,91,16,51,7,112,27,86
ACC0291,2024-04,12,84,18,50,6,139,29,90
ACC0291,2024-05,12,95,14,52,6,112,25,67
ACC0291,2024-06,11,81,15,46,6,99,29,81
ACC0291,2024-07,12,95,16,51,5,111,27,88
ACC0291,2024-08,12,95,17,52,6,131,26,81
ACC0291,2024-09,12,94,16,51,6,98,28,82
ACC0291,2024-10,14,108,19,55,6,120,22,82
ACC0291,2024-11,16,121,17,60,7,145,32,103
ACC0291,2024-12,15,111,19,67,8,133,26,116
ACC0291,2025-01,13,108,20,55,7,146,32,107
ACC0291,2025-02,15,103,17,63,8,159,30,109
ACC0291,2025-03,14,110,18,64,7,134,31,117
ACC0291,2025-04,14,120,19,55,8,138,28,120
ACC0291,2025-05,14,90,17,65,6,126,27,105
ACC0291,2025-06,13,103,17,56,7,131,27,95
ACC0291,2025-07,11,118,16,61,6,121,29,80
ACC0291,2025-08,15,95,18,54,6,150,28,78
ACC0291,2025-09,15,109,19,69,6,118,28,108
ACC0291,2025-10,16,130,18,58,7,152,34,103
ACC0291,2025-11,17,130,21,72,8,147,31,103
ACC0291,2025-12,15,122,22,63,8,173,37,108
ACC0292,2024-07,11,75,14,34,6,142,24,64
ACC0292,2024-08,10,81,16,39,8,143,22,78
ACC0292,2024-09,10,90,14,36,9,135,24,84
ACC0292,2024-10,11,82,15,38,9,166,25,85
ACC0292,2024-11,11,95,15,34,9,158,27,100
ACC0292,2024-12,11,89,17,44,9,148,30,85
ACC0292,2025-01,12,91,18,48,8,160,25,96
ACC0292,2025-02,12,121,19,47,9,168,26,86
ACC0292,2025-03,11,100,16,45,9,174,27,84
ACC0292,2025-04,13,95,17,41,9,173,25,89
ACC0292,2025-05,12,94,14,40,9,147,20,77
ACC0292,2025-06,9,86,14,41,8,160,27,73
ACC0292,2025-07,10,75,15,42,8,147,22,82
ACC0292,2025-08,10,94,14,38,7,178,20,81
ACC0292,2025-09,12,99,13,28,8,149,25,83
ACC0292,2025-10,12,100,15,36,9,161,29,91
ACC0292,2025-11,11,86,18,47,11,152,26,91
ACC0292,2025-12,12,117,18,44,8,156,31,106
ACC0293,2024-01,13,69,19,45,10,149,25,141
ACC0293,2024-02,14,69,16,44,10,134,23,122
ACC0293,2024-03,12,57,16,43,10,129,24,119
ACC0293,2024-04,12,62,12,35,8,123,22,104
ACC0293,2024-05,11,54,14,33,8,112,17,94
ACC0293,2024-06,10,50,13,29,8,101,19,78
ACC0293,2024-07,10,49,11,29,7,91,15,81
ACC0293,2024-08,9,45,10,29,6,93,13,82
ACC0293,2024-09,9,40,11,25,7,92,13,72
ACC0293,2024-10,8,43,9,27,6,86,15,71
ACC0293,2024-11,8,41,9,24,6,71,13,66
ACC0293,2024-12,7,35,10,25,6,77,14,75
ACC0293,2025-01,8,32,10,23,5,69,13,61
ACC0293,2025-02,6,39,8,21,6,72,11,69
ACC0293,2025-03,5,27,7,16,4,57,10,47
ACC0293,2025-04,5,25,6,14,4,54,8,41
ACC0293,2025-05,4,24,5,12,3,42,8,34
ACC0293,2025-06,4,18,4,11,3,36,6,31
ACC0293,2025-07,3,14,3,9,2,33,5,28
ACC0293,2025-08,3,13,3,8,2,25,4,24
ACC0293,2025-09,3,12,3,7,2,27,5,22
ACC0293,2025-10,2,12,3,7,2,25,4,22
ACC0293,2025-11,2,10,2,6,2,23,3,16
ACC0293,2025-12,2,9,2,5,1,22,3,19
ACC0294,2024-04,87,583,85,489,45,1477,185,541
ACC0294,2024-05,100,547,89,432,45,1552,170,483
ACC0294,2024-06,93,421,81,380,47,1560,163,495
ACC0294,2024-07,95,395,77,374,46,1535,149,494
ACC0294,2024-08,80,480,88,434,46,1570,179,498
ACC0294,2024-09,96,479,86,456,48,1793,185,457
ACC0294,2024-10,107,559,106,442,45,1907,164,490
ACC0294,2024-11,90,619,106,491,57,2073,227,631
ACC0294,2024-12,110,696,103,530,61,1965,186,562
ACC0294,2025-01,128,546,106,562,63,1824,230,584
ACC0294,2025-02,128,535,96,549,61,2076,227,639
ACC0294,2025-03,108,631,99,492,60,1918,233,500
ACC0294,2025-04,110,511,93,537,50,1581,192,527
ACC0294,2025-05,100,540,87,403,55,1819,188,489
ACC0294,2025-06,92,489,84,442,46,1469,183,534
ACC0294,2025-07,90,530,81,383,46,1774,159,551
ACC0294,2025-08,99,534,85,460,48,1606,138,483
ACC0294,2025-09,89,509,101,470,43,2081,179,535
ACC0294,2025-10,101,561,101,516,52,1835,203,486
ACC0294,2025-11,120,517,97,433,56,2009,204,579
ACC0294,2025-12,114,606,117,501,48,2054,237,571
ACC0295,2024-06,9,107,21,28,7,100,23,62
ACC0295,2024-07,8,95,23,27,7,83,22,61
ACC0295,2024-08,10,94,22,30,7,84,21,63
ACC0295,2024-09,9,95,26,29,7,89,25,65
ACC0295,2024-10,11,98,25,30,8,100,23,71
ACC0295,2024-11,11,110,28,38,9,97,27,74
ACC0295,2024-12,12,125,29,38,9,107,25,78
ACC0295,2025-01,11,144,26,41,10,108,32,80
ACC0295,2025-02,11,129,27,38,10,125,26,76
ACC0295,2025-03,11,119,24,38,10,111,28,73
ACC0295,2025-04,10,126,26,40,8,110,22,79
ACC0295,2025-05,11,111,22,34,9,96,26,71
ACC0295,2025-06,9,115,26,36,8,86,25,78
ACC0295,2025-07,11,113,20,35,7,87,24,58
ACC0295,2025-08,10,99,27,33,8,99,25,70
ACC0295,2025-09,13,112,23,36,9,117,28,80
ACC0295,2025-10,11,107,29,39,8,100,31,82
ACC0295,2025-11,12,116,32,45,9,120,26,76
ACC0295,2025-12,14,131,29,47,10,123,29,94
ACC0296,2024-12,10,105,20,34,6,89,16,124
ACC0296,2025-01,12,103,20,43,6,114,16,114
ACC0296,2025-02,10,115,20,45,7,99,17,128
ACC0296,2025-03,10,96,19,36,6,102,16,121
ACC0296,2025-04,11,94,20,40,6,102,16,124
ACC0296,2025-05,10,95,21,37,6,94,14,134
ACC0296,2025-06,9,86,17,36,6,112,14,137
ACC0296,2025-07,8,87,17,39,6,98,16,114
ACC0296,2025-08,10,97,20,33,7,109,18,95
ACC0296,2025-09,11,84,20,41,6,97,18,119
ACC0296,2025-10,12,94,21,50,8,117,19,136
ACC0296,2025-11,11,108,23,42,8,120,18,131
ACC0296,2025-12,12,109,22,47,7,122,20,142
ACC0297,2024-08,10,82,13,38,8,99,17,115
ACC0297,2024-09,8,90,13,30,8,94,22,113
ACC0297,2024-10,10,72,11,37,9,75,22,111
ACC0297,2024-11,11,86,13,44,8,92,23,124
ACC0297,2024-12,10,76,11,46,10,105,23,119
ACC0297,2025-01,11,73,11,40,10,86,23,120
ACC0297,2025-02,8,60,14,39,8,68,21,100
ACC0297,2025-03,9,67,10,35,7,73,17,99
ACC0297,2025-04,7,49,8,28,6,67,16,83
ACC0297,2025-05,6,46,7,27,5,56,14,66
ACC0297,2025-06,6,33,6,20,5,49,11,58
ACC0297,2025-07,5,38,6,19,4,43,9,51
ACC0297,2025-08,5,35,6,19,4,36,8,46
ACC0297,2025-09,4,31,5,18,4,38,8,50
ACC0297,2025-10,4,34,5,17,3,34,8,44
ACC0297,2025-11,4,28,5,13,3,32,8,45
ACC0297,2025-12,4,27,4,15,3,30,7,35
ACC0298,2024-11,8,110,21,42,11,143,21,130
ACC0298,2024-12,10,107,19,50,10,128,24,119
ACC0298,2025-01,11,117,19,44,11,139,30,145
ACC0298,2025-02,12,123,23,49,10,117,30,126
ACC0298,2025-03,11,130,19,44,10,140,25,126
ACC0298,2025-04,9,133,20,42,9,140,27,148
ACC0298,2025-05,9,96,19,45,10,139,24,119
ACC0298,2025-06,9,110,18,40,10,118,23,97
ACC0298,2025-07,10,102,18,43,11,110,27,113
ACC0298,2025-08,10,108,18,42,10,128,22,108
ACC0298,2025-09,11,128,19,45,10,132,24,143
ACC0298,2025-10,13,114,20,50,10,122,23,132
ACC0298,2025-11,13,129,20,59,12,133,27,152
ACC0298,2025-12,13,135,22,64,13,134,27,146
ACC0299,2024-05,14,67,22,58,11,86,25,81
ACC0299,2024-06,12,65,21,45,9,79,25,76
ACC0299,2024-07,11,61,19,50,8,83,26,68
ACC0299,2024-08,13,65,18,44,11,91,28,78
ACC0299,2024-09,13,80,23,53,10,86,27,85
ACC0299,2024-10,12,63,20,52,12,92,31,71
ACC0299,2024-11,14,78,21,55,12,91,25,76
ACC0299,2024-12,11,61,19,54,9,72,24,74
ACC0299,2025-01,12,60,17,41,9,64,27,77
ACC0299,2025-02,10,46,14,38,7,70,22,47
ACC0299,2025-03,7,48,14,34,6,46,16,49
ACC0299,2025-04,8,42,13,36,6,62,19,55
ACC0299,2025-05,8,50,12,33,6,63,16,53
ACC0299,2025-06,8,38,14,45,7,63,20,57
ACC0299,2025-07,9,53,15,36,7,64,19,55
ACC0299,2025-08,11,50,17,41,8,64,25,65
ACC0299,2025-09,11,63,19,50,9,78,25,55
ACC0299,2025-10,12,80,19,55,10,87,30,75
ACC0299,2025-11,13,74,20,54,10,115,31,90
ACC0299,2025-12,13,86,25,55,11,108,31,81
ACC0300,2024-06,103,452,120,364,58,1190,112,763
ACC0300,2024-07,110,397,110,330,50,1182,112,811
ACC0300,2024-08,96,458,111,385,53,1066,98,748
ACC0300,2024-09,104,442,114,408,53,1166,121,771
ACC0300,2024-10,99,467,127,368,56,1196,132,889
ACC0300,2024-11,109,473,124,404,61,1178,107,818
ACC0300,2024-12,121,467,131,446,55,1403,119,898
ACC0300,2025-01,105,438,136,457,55,1237,123,817
ACC0300,2025-02,108,469,118,367,52,1232,130,857
ACC0300,2025-03,113,508,122,390,60,1209,130,875
ACC0300,2025-04,62,242,73,225,30,670,61,410
ACC0301,2024-11,16,93,22,38,7,141,22,109
ACC0301,2024-12,16,107,24,36,8,136,20,137
ACC0301,2025-01,15,128,25,38,8,130,25,109
ACC0301,2025-02,14,103,25,35,8,150,25,141
ACC0301,2025-03,15,88,24,31,7,139,23,126
ACC0301,2025-04,11,86,20,31,5,83,18,92
ACC0301,2025-05,9,67,13,22,4,97,13,68
ACC0301,2025-06,8,60,14,22,4,76,13,71
ACC0301,2025-07,7,64,15,21,4,95,11,67
ACC0301,2025-08,11,63,15,26,4,77,15,85
ACC0301,2025-09,10,83,20,28,5,114,14,88
ACC0301,2025-10,12,91,21,32,7,103,18,98
ACC0301,2025-11,16,106,20,39,8,126,22,117
ACC0301,2025-12,15,114,27,40,8,143,24,129
ACC0302,2024-12,46,242,64,201,25,491,49,257
ACC0302,2025-01,49,207,63,192,26,532,44,210
ACC0302,2025-02,51,233,57,182,24,556,53,233
ACC0302,2025-03,49,227,66,165,28,428,47,209
ACC0302,2025-04,42,203,58,169,28,480,56,205
ACC0302,2025-05,38,167,50,138,24,498,46,197
ACC0302,2025-06,39,175,52,148,22,471,41,200
ACC0302,2025-07,40,188,55,134,22,363,42,165
ACC0302,2025-08,39,187,49,143,22,398,44,204
ACC0302,2025-09,45,216,53,176,27,431,44,210
ACC0302,2025-10,42,219,61,167,28,532,43,221
ACC0302,2025-11,42,188,61,161,28,532,47,229
ACC0302,2025-12,44,219,70,186,29,558,52,232
ACC0303,2024-12,13,104,18,37,6,141,19,120
ACC0303,2025-01,13,104,16,36,6,133,18,133
ACC0303,2025-02,13,100,19,39,6,123,16,102
ACC0303,2025-03,14,100,14,29,5,118,15,95
ACC0303,2025-04,11,89,12,32,5,105,15,102
ACC0303,2025-05,8,74,10,23,4,91,13,77
ACC0303,2025-06,8,68,8,20,3,72,12,83
ACC0303,2025-07,6,59,7,17,3,73,11,68
ACC0303,2025-08,6,54,7,13,2,72,8,65
ACC0303,2025-09,6,50,6,15,2,54,8,49
ACC0303,2025-10,6,36,5,11,2,46,8,41
ACC0304,2024-07,12,85,12,33,7,83,26,86
ACC0304,2024-08,9,85,11,27,7,103,25,74
ACC0304,2024-09,8,86,11,28,7,85,23,79
ACC0304,2024-10,9,74,12,32,5,91,25,82
ACC0304,2024-11,9,91,11,30,6,85,28,101
ACC0304,2024-12,8,72,8,26,5,86,24,85
ACC0304,2025-01,9,73,10,25,5,80,22,73
ACC0304,2025-02,7,75,8,24,4,74,18,69
ACC0304,2025-03,6,61,7,18,4,60,14,61
ACC0304,2025-04,5,47,5,12,3,54,13,60
ACC0304,2025-05,4,44,5,10,2,38,11,45
ACC0304,2025-06,3,32,3,9,2,29,8,28
ACC0305,2024-12,11,92,19,40,6,120,24,146
ACC0305,2025-01,15,85,20,44,6,126,19,128
ACC0305,2025-02,13,90,21,46,6,114,22,133
ACC0305,2025-03,12,90,17,39,7,97,23,105
ACC0305,2025-04,11,104,19,47,6,107,22,124
ACC0305,2025-05,11,74,21,42,5,110,25,142
ACC0305,2025-06,11,75,17,36,5,103,22,125
ACC0305,2025-07,11,76,20,38,6,122,20,120
ACC0305,2025-08,11,79,18,37,5,115,23,115
ACC0305,2025-09,9,85,18,34,6,113,23,127
ACC0305,2025-10,12,88,21,41,5,111,21,123
ACC0305,2025-11,12,81,20,44,7,123,24,132
ACC0305,2025-12,13,97,25,46,7,123,26,141
ACC0306,2024-04,32,213,57,145,20,313,52,266
ACC0306,2024-05,31,187,56,159,18,333,38,248
ACC0306,2024-06,25,154,39,128,19,269,41,250
ACC0306,2024-07,27,156,41,123,17,260,29,228
ACC0306,2024-08,24,162,36,104,14,243,32,236
ACC0306,2024-09,23,146,35,95,13,224,31,238
ACC0306,2024-10,18,146,29,90,13,246,29,182
ACC0306,2024-11,18,135,30,97,12,227,26,167
ACC0306,2024-12,18,128,29,66,10,202,26,140
ACC0306,2025-01,14,112,25,56,8,181,19,141
ACC0306,2025-02,14,100,20,53,7,142,18,129
ACC0307,2024-11,33,195,42,178,20,404,50,243
ACC0307,2024-12,35,194,39,145,21,469,49,263
ACC0307,2025-01,38,238,41,181,22,488,50,320
ACC0307,2025-02,39,217,40,175,17,464,58,318
ACC0307,2025-03,37,180,39,189,21,505,54,282
ACC0307,2025-04,42,236,37,164,21,455,56,272
ACC0307,2025-05,37,196,37,166,20,471,48,247
ACC0307,2025-06,40,193,42,178,19,388,53,268
ACC0307,2025-07,38,195,37,169,22,526,57,265
ACC0307,2025-08,37,223,39,198,21,468,59,286
ACC0307,2025-09,41,214,41,181,20,543,51,319
ACC0307,2025-10,37,262,43,199,22,575,58,309
ACC0307,2025-11,46,256,50,210,25,653,62,353
ACC0307,2025-12,49,303,53,188,30,659,66,380
ACC0308,2024-05,42,248,33,127,17,424,59,251
ACC0308,2024-06,38,226,32,149,17,486,66,306
ACC0308,2024-07,38,260,34,122,16,453,59,265
ACC0308,2024-08,37,232,33,120,18,414,71,275
ACC0308,2024-09,45,251,32,116,19,466,71,272
ACC0308,2024-10,33,258,32,135,19,444,82,260
ACC0308,2024-11,43,248,38,147,19,444,75,306
ACC0308,2024-12,43,251,34,152,20,476,78,340
ACC0308,2025-01,22,153,20,80,10,270,40,155
ACC0309,2024-07,73,597,123,275,69,1252,96,517
ACC0309,2024-08,82,524,133,260,69,1132,98,621
ACC0309,2024-09,96,624,126,258,68,1444,112,661
ACC0309,2024-10,101,556,158,313,75,1274,128,686
ACC0309,2024-11,106,649,132,312,68,1351,112,723
ACC0309,2024-12,111,742,169,361,74,1414,126,813
ACC0309,2025-01,90,731,144,311,75,1472,128,838
ACC0309,2025-02,103,667,152,340,88,1521,131,739
ACC0309,2025-03,95,555,136,308,78,1714,136,740
ACC0309,2025-04,105,666,127,332,72,1347,122,717
ACC0309,2025-05,100,655,145,307,74,1466,119,644
ACC0309,2025-06,80,618,144,334,75,1318,113,660
ACC0309,2025-07,93,642,136,290,66,1370,113,659
ACC0309,2025-08,99,650,136,314,76,1350,115,700
ACC0309,2025-09,112,596,133,293,64,1331,113,645
ACC0309,2025-10,93,647,149,339,77,1260,114,650
ACC0309,2025-11,96,734,129,287,81,1845,136,792
ACC0309,2025-12,120,722,166,419,88,1601,138,710
ACC0310,2024-04,14,64,15,50,10,113,23,100
ACC0310,2024-05,16,61,14,51,9,113,21,110
ACC0310,2024-06,14,64,15,55,9,104,19,96
ACC0310,2024-07,15,66,14,41,11,106,19,98
ACC0310,2024-08,17,62,16,50,9,107,23,107
ACC0310,2024-09,14,61,12,48,10,121,16,94
ACC0310,2024-10,18,82,17,53,11,123,23,109
ACC0310,2024-11,17,76,17,54,9,129,23,101
ACC0310,2024-12,16,77,17,60,10,133,25,122
ACC0310,2025-01,20,83,18,55,9,125,23,120
ACC0310,2025-02,20,78,16,65,12,169,24,148
ACC0310,2025-03,18,77,18,54,9,112,21,115
ACC0310,2025-04,17,76,17,54,11,134,23,117
ACC0310,2025-05,16,63,13,55,10,120,20,115
ACC0310,2025-06,14,72,15,47,9,128,23,92
ACC0310,2025-07,14,76,15,53,10,119,21,111
ACC0310,2025-08,17,75,13,45,10,119,23,90
ACC0310,2025-09,14,80,15,49,9,128,23,112
ACC0310,2025-10,17,79,17,59,11,142,23,117
ACC0310,2025-11,18,80,16,54,10,149,24,147
ACC0310,2025-12,20,96,16,59,10,146,27,111
ACC0311,2024-11,69,577,144,348,61,1400,150,983
ACC0311,2024-12,75,674,149,339,64,1659,162,802
ACC0311,2025-01,73,650,120,282,58,1837,136,757
ACC0311,2025-02,59,640,127,283,63,1300,138,746
ACC0311,2025-03,66,589,100,320,65,1274,125,765
ACC0311,2025-04,52,454,81,256,52,1454,137,578
ACC0311,2025-05,40,552,70,192,40,1173,86,582
ACC0311,2025-06,39,348,70,166,30,949,75,427
ACC0311,2025-07,34,339,59,163,31,801,63,385
ACC0311,2025-08,29,359,46,130,28,633,59,410
ACC0311,2025-09,27,302,47,129,20,693,60,348
ACC0311,2025-10,26,295,40,117,21,549,62,303
ACC0311,2025-11,19,239,39,94,19,558,45,310
ACC0312,2024-04,17,71,13,43,6,126,17,107
ACC0312,2024-05,15,70,14,41,7,142,17,93
ACC0312,2024-06,14,63,14,37,6,129,16,103
ACC0312,2024-07,15,68,15,47,6,131,16,112
ACC0312,2024-08,17,72,15,42,6,141,15,98
ACC0312,2024-09,17,77,16,48,7,136,18,120
ACC0312,2024-10,19,79,16,47,8,163,20,121
ACC0312,2024-11,21,83,18,49,8,168,19,140
ACC0312,2024-12,18,89,18,52,9,184,21,141
ACC0312,2025-01,23,102,20,50,9,170,23,144
ACC0312,2025-02,21,94,19,58,9,189,21,141
ACC0312,2025-03,20,107,18,53,9,170,24,138
ACC0312,2025-04,19,100,18,53,9,172,21,166
ACC0312,2025-05,22,91,20,52,10,177,22,155
ACC0312,2025-06,23,94,19,50,8,189,21,151
ACC0312,2025-07,21,96,19,57,8,163,22,130
ACC0312,2025-08,19,98,21,57,9,167,22,155
ACC0312,2025-09,23,109,20,53,10,194,25,172
ACC0312,2025-10,24,117,21,67,12,208,24,153
ACC0312,2025-11,27,128,26,76,10,196,27,158
ACC0312,2025-12,24,128,26,77,11,206,28,197
ACC0313,2024-07,10,76,20,47,6,100,21,81
ACC0313,2024-08,10,83,23,40,6,106,22,84
ACC0313,2024-09,14,79,21,44,6,99,24,80
ACC0313,2024-10,12,91,24,44,6,111,20,86
ACC0313,2024-11,13,104,23,52,7,127,27,98
ACC0313,2024-12,14,77,23,46,6,132,29,98
ACC0313,2025-01,14,105,27,47,7,142,28,106
ACC0313,2025-02,12,92,25,55,8,135,26,95
ACC0313,2025-03,14,94,21,52,7,124,28,106
ACC0313,2025-04,13,83,24,50,7,107,23,98
ACC0313,2025-05,14,84,20,44,6,107,22,81
ACC0313,2025-06,12,67,16,43,6,100,23,79
ACC0313,2025-07,11,83,21,41,6,130,21,79
ACC0313,2025-08,12,87,20,43,6,123,23,84
ACC0313,2025-09,13,85,23,44,6,122,22,89
ACC0313,2025-10,14,90,27,46,7,116,25,88
ACC0313,2025-11,13,89,27,55,7,122,30,106
ACC0313,2025-12,14,109,27,55,7,162,26,99
ACC0314,2024-12,16,90,24,46,7,89,21,108
ACC0314,2025-01,15,104,23,57,7,96,26,112
ACC0314,2025-02,15,103,25,57,8,92,26,118
ACC0314,2025-03,16,111,23,60,7,92,21,121
ACC0314,2025-04,15,99,26,53,7,93,22,113
ACC0314,2025-05,14,105,21,56,7,103,23,103
ACC0314,2025-06,14,95,22,54,7,101,22,105
ACC0314,2025-07,15,103,24,54,7,111,23,112
ACC0314,2025-08,15,111,25,69,7,99,24,99
ACC0314,2025-09,14,113,24,58,7,99,30,128
ACC0314,2025-10,18,115,28,77,8,107,26,122
ACC0314,2025-11,18,95,31,72,9,113,29,145
ACC0314,2025-12,19,142,30,77,9,128,33,156
ACC0315,2024-09,26,174,46,106,23,499,74,249
ACC0315,2024-10,26,182,51,114,25,732,77,250
ACC0315,2024-11,23,186,52,108,24,622,79,269
ACC0315,2024-12,30,231,54,142,28,792,84,258
ACC0315,2025-01,34,220,69,138,29,733,87,273
ACC0315,2025-02,33,210,58,138,26,701,88,324
ACC0315,2025-03,33,207,60,126,29,765,93,279
ACC0315,2025-04,28,178,61,124,24,784,89,288
ACC0315,2025-05,31,199,58,128,25,741,81,287
ACC0315,2025-06,27,205,60,134,28,756,80,289
ACC0315,2025-07,29,214,62,139,28,852,84,295
ACC0315,2025-08,30,226,68,151,26,685,83,324
ACC0315,2025-09,37,249,63,175,30,826,86,320
ACC0315,2025-10,38,228,65,159,32,805,92,335
ACC0315,2025-11,37,285,69,172,37,907,102,385
ACC0315,2025-12,42,252,76,175,29,871,102,400
ACC0316,2024-03,32,300,48,129,20,646,71,327
ACC0316,2024-04,28,298,44,113,18,696,75,327
ACC0316,2024-05,26,215,43,126,20,553,69,256
ACC0316,2024-06,23,261,39,125,18,467,62,233
ACC0316,2024-07,30,233,41,120,16,542,65,250
ACC0316,2024-08,25,241,44,122,17,567,59,311
ACC0316,2024-09,29,307,42,135,19,577,73,255
ACC0316,2024-10,27,294,41,132,20,708,70,320
ACC0316,2024-11,29,298,49,173,18,709,75,283
ACC0316,2024-12,34,297,49,139,22,686,83,315
ACC0316,2025-01,34,295,41,153,21,684,82,317
ACC0316,2025-02,39,333,42,154,21,727,74,313
ACC0316,2025-03,38,324,48,159,18,572,76,308
ACC0316,2025-04,35,294,39,150,21,719,78,274
ACC0316,2025-05,30,245,43,145,21,652,71,315
ACC0316,2025-06,25,274,43,123,20,582,64,260
ACC0316,2025-07,31,264,38,122,17,515,63,277
ACC0316,2025-08,29,283,43,136,18,562,76,283
ACC0316,2025-09,29,278,43,142,21,593,71,345
ACC0316,2025-10,28,318,40,161,23,622,81,322
ACC0316,2025-11,40,297,48,154,19,728,78,345
ACC0316,2025-12,37,292,49,186,24,759,84,364
ACC0317,2024-08,32,174,49,92,17,425,58,284
ACC0317,2024-09,38,217,43,94,15,466,55,306
ACC0317,2024-10,44,233,48,109,18,540,56,282
ACC0317,2024-11,41,245,62,97,20,470,62,355
ACC0317,2024-12,48,264,55,104,24,620,61,356
ACC0317,2025-01,48,248,60,115,23,546,60,401
ACC0317,2025-02,51,285,55,115,23,601,77,410
ACC0317,2025-03,40,260,58,122,19,576,73,384
ACC0317,2025-04,45,279,62,117,21,536,67,394
ACC0317,2025-05,49,272,59,115,22,557,68,394
ACC0317,2025-06,44,250,59,116,21,659,65,372
ACC0317,2025-07,48,304,52,116,21,631,63,362
ACC0317,2025-08,49,268,57,114,19,630,74,426
ACC0317,2025-09,47,282,54,111,21,606,74,421
ACC0317,2025-10,56,314,67,131,24,681,82,401
ACC0317,2025-11,50,322,83,140,24,694,95,519
ACC0317,2025-12,66,306,74,148,26,777,99,551
ACC0318,2024-08,14,81,21,51,6,94,17,59
ACC0318,2024-09,14,72,19,44,8,94,19,63
ACC0318,2024-10,14,87,23,61,6,89,22,69
ACC0318,2024-11,15,94,26,60,7,107,22,73
ACC0318,2024-12,20,102,26,64,8,99,18,62
ACC0318,2025-01,18,81,25,59,7,109,23,89
ACC0318,2025-02,14,97,24,60,8,115,17,71
ACC0318,2025-03,18,96,25,59,7,104,21,74
ACC0318,2025-04,15,85,23,51,9,104,18,68
ACC0318,2025-05,14,73,23,55,7,96,17,71
ACC0318,2025-06,15,84,18,56,7,93,18,67
ACC0318,2025-07,15,74,19,52,7,98,19,64
ACC0318,2025-08,13,79,18,54,7,91,18,68
ACC0319,2024-01,11,128,19,41,12,123,19,140
ACC0319,2024-02,10,111,19,41,10,114,16,152
ACC0319,2024-03,10,110,18,40,11,116,16,133
ACC0319,2024-04,10,109,17,41,10,108,18,122
ACC0319,2024-05,9,109,17,38,10,100,16,134
ACC0319,2024-06,8,102,18,39,9,96,14,112
ACC0319,2024-07,9,85,15,37,9,108,17,118
ACC0319,2024-08,9,104,18,37,9,104,16,124
ACC0319,2024-09,9,112,17,38,9,97,18,132
ACC0319,2024-10,10,101,20,39,12,110,16,130
ACC0319,2024-11,12,96,23,43,10,123,19,151
ACC0319,2024-12,13,119,25,41,11,116,19,138
ACC0319,2025-01,11,123,19,45,11,119,20,142
ACC0319,2025-02,11,112,18,46,13,138,21,143
ACC0319,2025-03,13,109,23,42,10,125,20,133
ACC0319,2025-04,9,103,19,46,11,110,19,129
ACC0319,2025-05,10,114,20,39,10,99,22,124
ACC0319,2025-06,9,93,18,40,8,107,18,125
ACC0319,2025-07,9,110,16,36,9,104,14,132
ACC0319,2025-08,10,107,21,41,10,111,18,129
ACC0319,2025-09,11,122,20,46,10,137,17,117
ACC0319,2025-10,9,109,21,42,10,133,18,124
ACC0319,2025-11,11,125,23,52,13,151,23,131
ACC0319,2025-12,13,130,23,51,10,138,21,156
ACC0320,2024-04,34,221,44,170,18,540,57,299
ACC0320,2024-05,31,205,37,147,18,434,64,249
ACC0320,2024-06,27,171,33,132,14,431,50,273
ACC0320,2024-07,30,170,34,130,17,410,51,246
ACC0320,2024-08,28,138,30,120,10,418,48,245
ACC0320,2024-09,26,152,41,146,13,450,46,258
ACC0320,2024-10,26,186,42,123,14,444,53,240
ACC0320,2024-11,29,175,39,131,13,403,49,200
ACC0320,2024-12,27,148,34,123,12,404,41,228
ACC0320,2025-01,27,117,30,116,12,326,47,237
ACC0320,2025-02,24,134,26,102,11,359,35,194
ACC0320,2025-03,20,103,29,96,9,294,34,203
ACC0320,2025-04,17,101,22,83,7,248,26,158
ACC0320,2025-05,15,83,19,70,7,213,25,149
ACC0320,2025-06,14,74,16,58,6,178,24,103
ACC0320,2025-07,13,66,17,54,5,152,20,112
ACC0320,2025-08,10,60,13,46,5,157,18,94
ACC0320,2025-09,10,56,11,44,4,133,15,90
ACC0320,2025-10,8,52,11,45,5,127,13,84
ACC0320,2025-11,9,55,10,38,4,119,15,72
ACC0320,2025-12,8,45,10,37,4,119,12,70
ACC0321,2024-11,43,238,40,135,24,439,49,275
ACC0321,2024-12,44,224,39,115,23,437,55,283
ACC0321,2025-01,43,292,47,133,22,600,52,277
ACC0321,2025-02,42,255,44,129,19,492,55,298
ACC0321,2025-03,45,274,44,129,24,513,49,346
ACC0321,2025-04,45,215,48,110,23,519,48,288
ACC0321,2025-05,37,217,37,100,21,452,48,293
ACC0321,2025-06,35,225,36,121,23,429,41,243
ACC0321,2025-07,41,224,40,120,21,328,51,276
ACC0321,2025-08,43,264,46,123,24,433,49,273
ACC0321,2025-09,40,225,45,113,18,527,52,260
ACC0321,2025-10,48,232,35,125,23,434,41,262
ACC0321,2025-11,55,266,44,144,28,465,55,312
ACC0321,2025-12,49,263,49,127,26,545,51,353
ACC0322,2024-03,27,227,42,170,23,485,57,200
ACC0322,2024-04,29,180,34,138,23,487,49,205
ACC0322,2024-05,22,197,33,125,19,375,49,216
ACC0322,2024-06,23,235,35,121,19,403,47,189
ACC0322,2024-07,25,202,30,124,16,364,43,171
ACC0322,2024-08,22,173,24,90,17,373,33,153
ACC0322,2024-09,15,163,20,86,14,323,30,151
ACC0322,2024-10,16,144,26,83,15,250,31,142
ACC0322,2024-11,15,119,18,75,12,262,25,137
ACC0322,2024-12,14,124,17,58,11,249,25,128
ACC0322,2025-01,12,99,14,57,10,244,25,113
ACC0323,2024-04,10,100,18,44,8,92,16,144
ACC0323,2024-05,9,112,18,40,6,89,16,116
ACC0323,2024-06,8,93,16,35,7,79,16,97
ACC0323,2024-07,9,98,16,36,6,84,14,97
ACC0323,2024-08,10,103,18,37,6,85,15,106
ACC0323,2024-09,9,105,17,31,7,96,17,125
ACC0323,2024-10,8,106,18,42,8,83,18,135
ACC0323,2024-11,10,114,22,40,8,87,18,140
ACC0323,2024-12,10,124,17,46,8,92,17,116
ACC0323,2025-01,11,125,20,51,9,111,18,116
ACC0323,2025-02,12,131,20,55,8,108,20,129
ACC0323,2025-03,10,125,20,42,8,82,15,134
ACC0323,2025-04,9,116,18,46,9,92,18,118
ACC0323,2025-05,9,109,18,43,7,92,16,125
ACC0323,2025-06,9,113,17,45,8,91,17,128
ACC0323,2025-07,8,111,18,41,6,82,14,97
ACC0323,2025-08,8,97,18,45,7,84,17,100
ACC0323,2025-09,9,115,21,41,7,85,16,110
ACC0323,2025-10,11,108,22,47,8,85,16,139
ACC0323,2025-11,12,136,21,51,8,111,17,146
ACC0323,2025-12,9,123,21,44,10,102,18,165
ACC0324,2024-03,18,118,24,45,10,128,20,112
ACC0324,2024-04,14,116,20,38,8,135,19,107
ACC0324,2024-05,12,96,16,39,8,125,15,82
ACC0324,2024-06,12,83,15,35,8,114,14,67
ACC0324,2024-07,11,86,12,29,5,88,13,56
ACC0324,2024-08,9,75,13,25,5,87,12,71
ACC0324,2024-09,9,84,11,22,5,67,11,58
ACC0324,2024-10,8,61,10,20,4,67,9,53
ACC0325,2024-05,13,87,22,52,7,151,24,71
ACC0325,2024-06,10,96,23,58,6,132,23,61
ACC0325,2024-07,11,79,21,50,6,111,19,71
ACC0325,2024-08,11,111,19,48,7,126,20,81
ACC0325,2024-09,11,85,20,48,7,152,20,79
ACC0325,2024-10,12,91,22,43,7,140,19,80
ACC0325,2024-11,12,105,26,53,7,160,23,95
ACC0325,2024-12,11,108,26,56,7,141,23,99
ACC0325,2025-01,14,118,30,66,9,168,27,98
ACC0325,2025-02,13,143,28,55,7,171,25,99
ACC0325,2025-03,11,122,25,63,8,151,23,93
ACC0325,2025-04,11,108,25,47,6,152,20,93
ACC0325,2025-05,12,114,24,48,6,146,24,90
ACC0325,2025-06,11,95,20,61,8,156,22,81
ACC0325,2025-07,13,100,25,50,7,143,22,88
ACC0325,2025-08,11,99,21,62,6,160,23,81
ACC0325,2025-09,15,106,22,59,7,154,20,84
ACC0325,2025-10,13,100,22,65,8,169,26,89
ACC0325,2025-11,13,130,28,70,7,162,26,93
ACC0325,2025-12,16,118,30,60,8,197,26,102
ACC0326,2024-11,32,309,41,152,18,600,56,295
ACC0326,2024-12,25,300,37,146,18,637,43,244
ACC0326,2025-01,28,320,36,155,18,622,58,270
ACC0326,2025-02,28,298,32,127,16,621,46,309
ACC0326,2025-03,28,247,37,146,14,589,42,246
ACC0326,2025-04,25,256,36,129,17,481,53,281
ACC0327,2024-04,96,445,141,419,68,1217,129,795
ACC0327,2024-05,91,457,124,396,51,1124,122,807
ACC0327,2024-06,78,461,114,492,58,1149,118,730
ACC0327,2024-07,85,422,110,447,70,1071,104,789
ACC0327,2024-08,97,445,125,417,62,999,113,719
ACC0327,2024-09,99,451,133,465,61,1056,121,843
ACC0327,2024-10,99,529,121,459,68,1310,157,829
ACC0327,2024-11,102,535,126,369,62,1549,165,850
ACC0327,2024-12,95,573,163,553,61,1427,150,1088
ACC0327,2025-01,112,638,146,591,75,1573,159,1130
ACC0327,2025-02,121,554,159,539,73,1478,170,945
ACC0327,2025-03,103,578,156,474,67,1334,139,1093
ACC0327,2025-04,104,621,151,504,67,1298,141,835
ACC0327,2025-05,96,479,146,554,76,1296,151,843
ACC0327,2025-06,92,468,134,510,73,1306,132,958
ACC0327,2025-07,107,424,140,435,57,1431,97,960
ACC0327,2025-08,101,550,150,482,66,1377,138,875
ACC0327,2025-09,116,447,142,480,78,1241,158,902
ACC0327,2025-10,116,480,153,569,77,1516,187,1123
ACC0327,2025-11,125,626,174,492,77,1321,159,990
ACC0327,2025-12,121,710,182,590,76,1707,162,1061
ACC0328,2024-01,16,72,25,42,9,106,29,86
ACC0328,2024-02,15,76,20,39,9,120,28,88
ACC0328,2024-03,11,83,21,37,7,112,24,84
ACC0328,2024-04,11,58,16,30,7,108,24,77
ACC0328,2024-05,10,67,18,25,6,83,24,73
ACC0328,2024-06,8,58,13,27,7,69,20,62
ACC0328,2024-07,11,56,14,23,5,71,22,68
ACC0328,2024-08,9,54,12,20,5,69,16,55
ACC0328,2024-09,8,42,10,18,4,54,16,57
ACC0328,2024-10,7,44,10,16,4,62,14,48
ACC0328,2024-11,7,46,10,15,4,46,13,47
ACC0328,2024-12,6,38,8,15,3,49,13,41
ACC0328,2025-01,5,32,6,12,3,35,11,36
ACC0328,2025-02,4,29,6,9,2,36,8,38
ACC0328,2025-03,4,30,4,7,2,23,8,31
ACC0328,2025-04,3,21,3,6,1,22,6,22
ACC0329,2024-04,72,552,112,398,52,1061,139,674
ACC0329,2024-05,67,660,104,405,50,1182,143,725
ACC0329,2024-06,78,652,105,399,49,985,137,653
ACC0329,2024-07,80,564,113,395,56,1131,126,668
ACC0329,2024-08,74,589,104,383,51,1055,133,699
ACC0329,2024-09,79,633,97,373,58,1237,145,699
ACC0329,2024-10,74,588,110,424,60,1116,141,701
ACC0329,2024-11,84,705,104,414,57,1221,152,687
ACC0329,2024-12,84,686,111,425,54,1175,150,811
ACC0329,2025-01,85,650,108,452,59,1230,131,690
ACC0329,2025-02,84,709,128,444,56,1149,138,788
ACC0329,2025-03,88,712,122,476,56,1110,148,788
ACC0329,2025-04,85,557,115,404,55,1112,144,717
ACC0329,2025-05,90,663,118,391,51,1126,148,688
ACC0329,2025-06,74,623,120,384,47,1025,124,683
ACC0329,2025-07,84,622,109,392,52,1002,143,711
ACC0329,2025-08,43,389,61,209,30,610,79,403
ACC0330,2024-08,11,87,17,38,8,154,18,75
ACC0330,2024-09,12,94,16,34,8,156,21,62
ACC0330,2024-10,12,108,17,43,9,150,19,69
ACC0330,2024-11,15,112,20,37,11,192,19,68
ACC0330,2024-12,13,118,21,50,8,191,21,79
ACC0330,2025-01,12,125,20,50,8,178,23,81
ACC0330,2025-02,12,127,18,41,11,195,17,82
ACC0330,2025-03,14,121,18,44,9,164,20,74
ACC0330,2025-04,13,99,20,43,10,150,18,67
ACC0330,2025-05,12,104,18,34,9,149,17,64
ACC0330,2025-06,12,86,15,34,9,147,17,61
ACC0330,2025-07,13,98,17,35,8,148,17,61
ACC0330,2025-08,11,98,15,35,8,174,20,64
ACC0330,2025-09,13,107,17,36,10,156,19,66
ACC0330,2025-10,13,120,17,39,10,140,18,72
ACC0330,2025-11,14,117,21,47,11,151,19,81
ACC0330,2025-12,12,127,20,47,9,191,22,66
ACC0331,2024-10,34,172,52,126,26,564,68,229
ACC0331,2024-11,38,187,52,122,26,517,78,192
ACC0331,2024-12,40,249,64,140,24,656,81,257
ACC0331,2025-01,45,225,69,129,24,671,85,218
ACC0331,2025-02,35,210,66,137,29,630,83,241
ACC0331,2025-03,27,188,59,103,24,509,67,205
ACC0331,2025-04,29,125,36,96,18,443,54,153
ACC0331,2025-05,22,127,32,65,12,276,41,123
ACC0331,2025-06,19,99,36,65,13,275,43,130
ACC0331,2025-07,23,100,37,86,15,376,48,134
ACC0331,2025-08,27,135,40,95,20,429,50,129
ACC0331,2025-09,29,146,50,99,23,435,55,194
ACC0331,2025-10,37,199,47,101,28,602,67,214
ACC0331,2025-11,39,177,56,132,23,545,72,202
ACC0331,2025-12,41,207,63,117,24,530,80,255
ACC0332,2024-08,82,393,139,340,46,1351,138,452
ACC0332,2024-09,89,439,135,352,41,1575,151,503
ACC0332,2024-10,96,487,154,396,41,1647,158,563
ACC0332,2024-11,100,483,129,396,45,1884,152,499
ACC0332,2024-12,88,510,156,441,48,1727,142,565
ACC0332,2025-01,104,521,159,456,50,1796,168,582
ACC0332,2025-02,110,470,173,407,50,1732,167,654
ACC0332,2025-03,96,507,172,419,56,1544,150,547
ACC0332,2025-04,97,486,130,502,44,1445,129,556
ACC0332,2025-05,90,458,165,390,45,1486,145,605
ACC0332,2025-06,89,439,132,403,40,1486,132,565
ACC0332,2025-07,85,487,143,368,45,1371,121,501
ACC0332,2025-08,93,444,136,398,42,1504,129,470
ACC0332,2025-09,87,479,149,363,41,1587,165,567
ACC0332,2025-10,89,552,143,452,44,1885,160,710
ACC0332,2025-11,97,631,175,448,50,2022,157,602
ACC0332,2025-12,107,490,130,453,58,1973,170,688
ACC0333,2024-06,15,59,15,35,6,87,19,76
ACC0333,2024-07,15,52,14,34,6,77,16,74
ACC0333,2024-08,12,60,15,38,7,92,17,70
ACC0333,2024-09,13,57,15,39,7,80,19,70
ACC0333,2024-10,16,75,15,40,8,103,21,83
ACC0333,2024-11,16,57,17,43,9,89,23,78
ACC0333,2024-12,18,69,15,51,9,104,23,82
ACC0333,2025-01,18,64,16,54,8,107,21,84
ACC0333,2025-02,16,76,17,44,9,104,23,101
ACC0333,2025-03,17,72,16,42,7,96,22,79
ACC0333,2025-04,14,73,16,42,9,93,21,80
ACC0333,2025-05,16,65,15,42,7,79,18,85
ACC0333,2025-06,15,65,15,37,8,103,19,76
ACC0333,2025-07,15,61,12,38,8,91,23,78
ACC0333,2025-08,15,56,15,37,7,87,19,72
ACC0333,2025-09,16,73,15,40,8,100,19,80
ACC0333,2025-10,17,73,17,43,8,101,24,82
ACC0334,2024-06,37,170,34,143,24,552,37,169
ACC0334,2024-07,40,182,41,163,23,457,42,170
ACC0334,2024-08,41,154,40,147,26,565,47,204
ACC0334,2024-09,45,170,45,171,22,532,40,182
ACC0334,2024-10,40,190,35,144,26,578,43,188
ACC0334,2024-11,38,219,36,188,28,616,53,213
ACC0334,2024-12,49,224,46,191,29,609,49,243
ACC0334,2025-01,44,216,48,173,30,580,50,253
ACC0334,2025-02,53,193,51,204,30,765,47,222
ACC0334,2025-03,45,220,42,183,28,652,47,248
ACC0334,2025-04,46,198,44,182,29,627,47,219
ACC0334,2025-05,42,198,44,208,25,702,38,206
ACC0334,2025-06,48,189,47,164,20,541,41,213
ACC0334,2025-07,45,212,44,156,27,549,49,200
ACC0334,2025-08,43,208,44,162,28,570,49,195
ACC0334,2025-09,43,217,41,188,31,685,51,190
ACC0334,2025-10,48,219,50,183,27,622,52,214
ACC0334,2025-11,55,262,50,197,29,659,55,231
ACC0334,2025-12,57,264,49,240,40,663,60,225
ACC0335,2024-12,39,286,65,121,25,668,60,259
ACC0335,2025-01,35,305,66,151,25,682,55,294
ACC0335,2025-02,32,292,61,152,23,666,71,270
ACC0335,2025-03,37,274,64,139,25,691,62,262
ACC0335,2025-04,34,265,55,133,21,683,51,262
ACC0335,2025-05,37,268,49,128,25,561,60,246
ACC0335,2025-06,29,291,55,117,22,588,50,231
ACC0335,2025-07,26,255,54,115,22,540,61,220
ACC0335,2025-08,31,266,54,112,20,551,55,248
ACC0335,2025-09,30,249,58,123,23,635,64,231
ACC0335,2025-10,31,261,61,141,28,583,63,244
ACC0335,2025-11,35,289,67,138,20,694,63,264
ACC0335,2025-12,35,333,69,156,30,670,69,299
ACC0336,2024-12,39,195,59,122,20,424,69,325
ACC0336,2025-01,37,185,57,132,20,432,68,298
ACC0336,2025-02,45,176,56,132,22,441,78,273
ACC0336,2025-03,41,200,60,116,19,427,68,365
ACC0336,2025-04,47,198,56,117,19,430,66,311
ACC0336,2025-05,40,186,53,118,18,402,68,272
ACC0336,2025-06,36,167,53,118,19,352,66,279
ACC0336,2025-07,37,189,58,114,18,394,62,285
ACC0336,2025-08,41,178,51,122,18,366,64,310
ACC0336,2025-09,22,108,32,69,12,205,36,182
ACC0337,2024-09,42,226,29,84,16,423,38,320
ACC0337,2024-10,47,239,34,92,17,433,45,323
ACC0337,2024-11,50,284,36,98,16,502,47,298
ACC0337,2024-12,52,262,35,118,19,496,48,367
ACC0337,2025-01,44,286,36,107,19,505,41,326
ACC0337,2025-02,55,237,40,122,20,446,45,373
ACC0337,2025-03,52,290,38,116,20,498,44,330
ACC0337,2025-04,41,273,36,88,21,497,40,332
ACC0337,2025-05,41,225,30,93,20,472,40,304
ACC0337,2025-06,45,243,27,88,19,407,35,296
ACC0337,2025-07,46,231,35,99,16,370,38,295
ACC0337,2025-08,46,246,29,97,17,454,41,328
ACC0337,2025-09,41,280,33,102,17,440,43,325
ACC0337,2025-10,48,283,38,102,22,460,37,329
ACC0337,2025-11,51,298,35,123,21,392,44,325
ACC0337,2025-12,58,314,36,116,22,523,41,324
ACC0338,2024-04,8,85,21,56,8,119,28,119
ACC0338,2024-05,9,101,22,54,8,142,24,123
ACC0338,2024-06,7,92,17,61,7,119,23,93
ACC0338,2024-07,8,77,18,55,8,110,25,104
ACC0338,2024-08,9,85,16,48,8,108,24,111
ACC0338,2024-09,9,94,19,50,8,142,26,114
ACC0338,2024-10,10,90,17,47,8,130,27,111
ACC0338,2024-11,9,90,19,59,7,121,27,99
ACC0338,2024-12,11,63,19,44,8,105,21,94
ACC0338,2025-01,8,84,14,47,7,88,21,87
ACC0338,2025-02,6,57,14,45,5,96,17,65
ACC0338,2025-03,6,55,13,36,5,74,16,73
ACC0338,2025-04,7,53,13,36,6,91,18,72
ACC0338,2025-05,7,61,13,39,5,89,18,60
ACC0338,2025-06,7,63,17,41,5,88,19,85
ACC0338,2025-07,6,73,16,38,6,83,18,74
ACC0338,2025-08,7,70,15,43,6,91,22,80
ACC0338,2025-09,7,91,18,50,7,94,22,109
ACC0338,2025-10,10,67,19,58,7,109,25,117
ACC0338,2025-11,10,105,18,61,10,130,26,100
ACC0338,2025-12,11,99,20,58,9,143,27,124
ACC0339,2024-10,11,91,15,38,8,121,17,107
ACC0339,2024-11,12,84,16,39,9,120,18,125
ACC0339,2024-12,11,100,14,39,9,144,17,115
ACC0339,2025-01,12,89,15,49,9,117,19,113
ACC0339,2025-02,13,97,15,45,9,121,18,146
ACC0339,2025-03,11,96,16,46,9,145,19,127
ACC0339,2025-04,10,98,16,39,8,114,16,128
ACC0339,2025-05,12,76,13,38,7,109,17,111
ACC0339,2025-06,9,83,12,40,7,108,15,128
ACC0339,2025-07,10,76,14,36,7,104,17,113
ACC0339,2025-08,9,88,16,43,8,113,16,98
ACC0339,2025-09,9,88,14,37,8,117,16,119
ACC0339,2025-10,12,108,13,43,9,127,20,131
ACC0339,2025-11,13,104,15,44,8,112,20,137
ACC0339,2025-12,12,97,16,49,10,129,18,137
ACC0340,2024-09,29,205,46,182,19,313,67,263
ACC0340,2024-10,27,190,54,173,21,351,60,243
ACC0340,2024-11,31,233,51,129,23,320,65,260
ACC0340,2024-12,32,213,55,159,22,381,74,253
ACC0340,2025-01,27,187,50,157,20,346,55,205
ACC0340,2025-02,26,176,45,153,21,358,49,196
ACC0340,2025-03,24,192,43,123,18,283,56,210
ACC0340,2025-04,19,143,34,114,16,244,48,174
ACC0340,2025-05,15,127,27,99,14,221,40,133
ACC0340,2025-06,17,120,23,79,12,181,35,118
ACC0340,2025-07,13,111,21,82,13,158,30,118
ACC0340,2025-08,13,85,24,68,11,180,34,104
ACC0340,2025-09,12,90,21,67,9,153,26,97
ACC0340,2025-10,14,83,18,69,10,141,28,78
ACC0340,2025-11,11,86,20,61,8,165,21,80
ACC0340,2025-12,10,76,18,61,8,135,25,81
ACC0341,2024-11,33,198,41,128,19,435,77,332
ACC0341,2024-12,28,240,46,131,21,468,71,342
ACC0341,2025-01,38,196,50,135,24,526,70,349
ACC0341,2025-02,30,177,48,132,25,506,82,369
ACC0341,2025-03,33,222,47,132,18,421,73,347
ACC0341,2025-04,30,189,46,121,18,412,78,368
ACC0341,2025-05,33,185,45,116,20,450,68,321
ACC0341,2025-06,31,196,41,108,17,473,60,319
ACC0341,2025-07,32,202,36,107,21,394,62,296
ACC0341,2025-08,33,182,43,111,19,416,61,282
ACC0341,2025-09,35,212,44,107,19,442,69,301
ACC0341,2025-10,33,199,49,115,23,485,79,360
ACC0341,2025-11,35,214,47,139,23,486,89,319
ACC0341,2025-12,38,231,55,135,20,499,73,349
ACC0342,2024-04,11,112,19,46,6,101,17,99
ACC0342,2024-05,9,85,18,44,5,108,16,109
ACC0342,2024-06,9,94,16,42,4,88,14,89
ACC0342,2024-07,9,77,14,41,6,86,12,76
ACC0342,2024-08,8,74,14,38,5,82,13,77
ACC0342,2024-09,9,85,15,37,5,101,12,83
ACC0342,2024-10,10,74,14,36,4,80,14,70
ACC0342,2024-11,8,74,14,41,4,90,11,90
ACC0342,2024-12,8,80,15,34,5,79,12,80
ACC0342,2025-01,7,64,14,36,4,69,12,75
ACC0342,2025-02,7,63,14,32,4,63,10,63
ACC0342,2025-03,6,50,13,26,3,64,10,52
ACC0342,2025-04,5,51,8,23,3,52,8,47
ACC0342,2025-05,4,40,9,20,2,43,7,43
ACC0342,2025-06,4,36,6,17,2,35,6,36
ACC0342,2025-07,3,35,6,17,2,31,5,36
ACC0342,2025-08,3,33,5,13,2,32,5,29
ACC0342,2025-09,3,27,5,14,2,26,5,25
ACC0342,2025-10,3,27,5,10,1,31,4,23
ACC0342,2025-11,3,22,5,12,2,25,4,25
ACC0342,2025-12,2,21,4,11,1,23,4,21
ACC0343,2024-10,109,659,106,375,43,1470,141,585
ACC0343,2024-11,103,621,111,413,47,2095,148,512
ACC0343,2024-12,111,682,102,417,48,1912,181,559
ACC0343,2025-01,129,658,118,380,57,2077,175,592
ACC0343,2025-02,124,727,130,428,51,2349,157,621
ACC0343,2025-03,121,704,104,470,50,1531,146,520
ACC0343,2025-04,117,742,122,354,45,1717,155,632
ACC0343,2025-05,115,575,101,375,48,1844,156,516
ACC0343,2025-06,93,554,100,409,48,1783,149,507
ACC0343,2025-07,109,599,107,387,46,1505,161,572
ACC0343,2025-08,120,610,100,426,48,1833,142,464
ACC0343,2025-09,115,630,119,402,51,1673,159,506
ACC0343,2025-10,128,684,127,444,58,1961,174,595
ACC0343,2025-11,127,879,126,444,58,2104,177,607
ACC0343,2025-12,118,811,136,489,60,2336,187,513
ACC0344,2024-06,41,193,30,102,21,531,44,210
ACC0344,2024-07,37,164,32,111,19,508,51,195
ACC0344,2024-08,40,204,31,102,18,504,53,209
ACC0344,2024-09,40,176,32,106,23,585,50,204
ACC0344,2024-10,40,209,33,111,21,509,43,203
ACC0344,2024-11,45,181,33,105,21,518,46,234
ACC0344,2024-12,40,220,39,120,24,539,57,231
ACC0344,2025-01,22,138,22,64,12,292,32,118
ACC0345,2024-03,14,69,23,36,6,144,24,94
ACC0345,2024-04,13,73,21,31,5,150,25,76
ACC0345,2024-05,11,61,19,35,6,138,23,68
ACC0345,2024-06,13,61,20,26,6,101,24,83
ACC0345,2024-07,9,65,19,35,6,111,26,82
ACC0345,2024-08,11,70,19,29,5,117,27,74
ACC0345,2024-09,11,62,17,32,5,102,26,96
ACC0345,2024-10,11,66,20,29,6,132,23,79
ACC0345,2024-11,12,53,14,30,5,122,23,85
ACC0345,2024-12,9,60,16,29,5,105,23,68
ACC0345,2025-01,10,49,14,28,5,82,19,68
ACC0345,2025-02,7,38,12,19,4,83,17,48
ACC0345,2025-03,8,41,12,21,3,86,16,63
ACC0345,2025-04,8,46,15,25,3,71,19,66
ACC0345,2025-05,8,50,15,21,4,89,19,64
ACC0345,2025-06,9,44,12,23,4,89,20,63
ACC0345,2025-07,10,48,15,23,5,92,19,66
ACC0345,2025-08,8,56,14,24,5,94,16,64
ACC0345,2025-09,11,55,19,32,4,94,23,85
ACC0345,2025-10,12,49,16,29,6,148,25,87
ACC0345,2025-11,11,73,22,36,6,144,25,105
ACC0345,2025-12,15,76,23,32,6,141,28,87
ACC0346,2024-07,98,363,110,253,51,1265,126,552
ACC0346,2024-08,103,376,113,314,50,1235,129,543
ACC0346,2024-09,116,396,125,286,56,1427,162,625
ACC0346,2024-10,120,401,135,298,62,1564,165,550
ACC0346,2024-11,135,419,131,264,62,1323,194,644
ACC0346,2024-12,101,417,158,360,72,1363,180,829
ACC0346,2025-01,112,404,112,265,56,1223,170,585
ACC0346,2025-02,93,316,137,282,41,1276,138,604
ACC0346,2025-03,91,316,96,262,43,988,117,400
ACC0346,2025-04,65,216,77,187,39,972,118,261
ACC0346,2025-05,67,260,77,194,33,893,100,346
ACC0346,2025-06,59,270,92,182,36,1079,108,411
ACC0346,2025-07,81,264,108,206,41,1045,110,487
ACC0346,2025-08,80,275,125,232,47,1167,121,493
ACC0346,2025-09,94,340,105,242,46,1126,155,419
ACC0346,2025-10,93,352,134,322,51,1581,172,628
ACC0346,2025-11,121,399,174,301,70,1821,205,518
ACC0346,2025-12,116,401,142,354,66,1710,166,747
ACC0347,2024-04,40,164,39,116,31,541,49,262
ACC0347,2024-05,37,158,38,109,26,385,47,320
ACC0347,2024-06,34,127,28,101,22,399,41,228
ACC0347,2024-07,31,110,25,88,22,427,39,278
ACC0347,2024-08,30,134,27,98,23,409,36,270
ACC0347,2024-09,31,143,28,110,21,401,41,249
ACC0347,2024-10,29,113,25,105,22,413,37,243
ACC0347,2024-11,29,122,25,88,19,399,36,237
ACC0347,2024-12,27,115,30,85,18,324,34,231
ACC0347,2025-01,25,130,24,81,19,310,31,228
ACC0347,2025-02,20,106,21,73,17,358,29,209
ACC0347,2025-03,23,91,21,63,13,277,29,177
ACC0347,2025-04,20,81,18,53,12,255,25,180
ACC0347,2025-05,17,60,12,55,11,208,17,133
ACC0347,2025-06,13,65,13,44,10,178,16,117
ACC0347,2025-07,12,54,14,35,9,145,15,102
ACC0347,2025-08,11,49,11,41,7,141,12,93
ACC0347,2025-09,11,40,10,37,7,137,13,90
ACC0347,2025-10,10,44,9,27,7,131,12,91
ACC0347,2025-11,10,28,8,26,6,108,12,82
ACC0347,2025-12,8,38,5,27,5,121,9,74
ACC0348,2024-02,45,238,40,165,24,481,57,338
ACC0348,2024-03,48,223,37,155,22,542,56,293
ACC0348,2024-04,48,223,38,157,24,442,51,283
ACC0348,2024-05,41,235,30,167,21,460,47,293
ACC0348,2024-06,36,232,32,151,22,529,48,308
ACC0348,2024-07,40,216,35,149,22,415,45,249
ACC0348,2024-08,41,234,33,147,23,504,49,289
ACC0348,2024-09,46,250,35,158,26,539,56,296
ACC0348,2024-10,44,225,34,150,24,493,49,316
ACC0348,2024-11,45,258,34,185,26,537,54,336
ACC0348,2024-12,46,253,35,203,26,586,52,354
ACC0348,2025-01,54,257,38,179,27,549,60,304
ACC0348,2025-02,52,251,46,200,28,583,52,336
ACC0348,2025-03,47,229,36,164,28,580,66,295
ACC0348,2025-04,44,260,33,205,24,537,52,381
ACC0348,2025-05,41,263,33,179,25,499,57,328
ACC0348,2025-06,39,215,37,156,22,472,56,242
ACC0348,2025-07,39,256,31,137,22,522,56,272
ACC0348,2025-08,44,218,30,166,24,493,49,316
ACC0348,2025-09,43,214,37,159,24,537,59,288
ACC0348,2025-10,42,268,35,169,25,488,57,338
ACC0348,2025-11,49,317,36,172,28,446,60,354
ACC0348,2025-12,48,270,38,212,29,613,70,331
ACC0349,2024-06,14,100,12,40,9,74,14,67
ACC0349,2024-07,14,97,12,39,9,71,17,66
ACC0349,2024-08,15,91,14,40,10,83,16,73
ACC0349,2024-09,13,95,13,39,9,79,17,65
ACC0349,2024-10,14,93,12,46,10,84,17,69
ACC0349,2024-11,17,107,13,43,10,88,16,78
ACC0349,2024-12,15,100,13,42,11,88,16,72
ACC0349,2025-01,16,103,15,44,11,92,16,73
ACC0349,2025-02,14,98,12,44,11,96,15,75
ACC0349,2025-03,15,94,14,46,10,90,16,76
ACC0349,2025-04,17,103,13,40,12,86,18,78
ACC0349,2025-05,16,90,14,48,10,87,17,69
ACC0349,2025-06,15,94,13,44,9,74,16,70
ACC0349,2025-07,8,57,7,24,6,51,8,42
ACC0350,2024-04,61,469,120,390,68,936,135,792
ACC0350,2024-05,66,441,124,366,61,1022,122,799
ACC0350,2024-06,61,412,124,318,55,984,125,728
ACC0350,2024-07,64,390,97,404,63,992,140,749
ACC0350,2024-08,68,482,115,422,58,925,131,831
ACC0350,2024-09,67,527,121,371,60,987,137,779
ACC0350,2024-10,66,540,140,440,65,990,140,828
ACC0350,2024-11,78,633,131,450,64,999,138,935
ACC0350,2024-12,76,569,137,499,78,1083,141,910
ACC0350,2025-01,82,591,128,534,70,1117,142,1012
ACC0350,2025-02,91,647,146,494,70,1087,151,836
ACC0350,2025-03,83,577,131,509,72,1138,143,840
ACC0350,2025-04,69,541,126,437,74,1212,166,690
ACC0350,2025-05,85,382,115,430,56,1069,139,773
ACC0350,2025-06,68,470,104,424,63,1091,118,728
ACC0350,2025-07,63,521,132,413,62,918,143,801
ACC0350,2025-08,79,469,123,435,53,1106,133,842
ACC0350,2025-09,62,547,119,422,69,1036,151,823
ACC0350,2025-10,85,503,130,541,73,1057,157,853
ACC0350,2025-11,78,542,150,477,74,1309,175,997
ACC0350,2025-12,96,628,170,478,76,1416,167,904
ACC0351,2024-12,28,221,39,99,24,644,53,303
ACC0351,2025-01,27,227,38,107,27,610,54,302
ACC0351,2025-02,26,242,37,103,26,610,54,322
ACC0351,2025-03,26,225,38,106,24,633,52,337
ACC0351,2025-04,28,216,36,100,26,718,52,324
ACC0351,2025-05,26,225,38,102,23,657,53,312
ACC0351,2025-06,26,216,37,103,24,565,50,276
ACC0351,2025-07,26,203,37,98,23,625,53,317
ACC0351,2025-08,28,214,38,101,22,653,47,274
ACC0351,2025-09,25,211,39,96,25,656,54,313
ACC0351,2025-10,16,111,24,57,13,369,34,174
ACC0352,2024-07,81,473,84,274,43,1247,137,609
ACC0352,2024-08,82,526,103,232,39,1215,132,513
ACC0352,2024-09,91,508,85,314,38,1133,171,587
ACC0352,2024-10,82,508,112,330,44,1396,163,591
ACC0352,2024-11,81,616,114,308,46,1410,152,664
ACC0352,2024-12,99,638,98,353,49,1453,191,699
ACC0352,2025-01,81,583,118,357,50,1690,205,685
ACC0352,2025-02,108,573,125,350,44,1309,175,778
ACC0352,2025-03,86,629,113,380,47,1700,168,696
ACC0352,2025-04,87,598,119,341,39,1448,157,652
ACC0352,2025-05,68,565,99,279,47,1259,153,624
ACC0352,2025-06,72,544,116,290,48,1437,165,496
ACC0352,2025-07,86,517,93,253,37,1303,141,604
ACC0352,2025-08,74,517,109,295,46,1157,165,505
ACC0352,2025-09,88,500,103,253,49,1396,182,612
ACC0352,2025-10,80,572,126,373,45,1383,171,616
ACC0352,2025-11,93,676,141,332,55,1416,197,745
ACC0352,2025-12,94,619,114,348,54,1615,155,717
ACC0353,2024-12,41,170,66,106,29,515,67,208
ACC0353,2025-01,35,161,62,99,31,434,67,204
ACC0353,2025-02,31,178,54,76,27,474,70,209
ACC0353,2025-03,32,147,49,75,24,423,54,183
ACC0353,2025-04,27,120,40,65,21,326,50,156
ACC0353,2025-05,21,113,33,61,14,351,42,147
ACC0353,2025-06,19,83,27,48,12,244,35,120
ACC0353,2025-07,18,82,24,45,12,189,29,99
ACC0353,2025-08,14,91,21,33,11,197,27,95
ACC0354,2024-02,45,240,52,105,21,360,61,326
ACC0354,2024-03,42,247,44,113,23,352,64,316
ACC0354,2024-04,45,219,45,103,20,326,61,273
ACC0354,2024-05,45,219,45,102,21,336,58,287
ACC0354,2024-06,43,201,45,98,20,340,61,263
ACC0354,2024-07,43,224,44,104,21,369,62,273
ACC0354,2024-08,23,124,26,52,11,189,36,154
ACC0355,2024-12,38,305,50,110,30,572,79,329
ACC0355,2025-01,35,260,44,117,29,548,79,268
ACC0355,2025-02,34,233,39,106,24,429,70,275
ACC0355,2025-03,31,255,38,98,23,519,64,278
ACC0355,2025-04,26,240,38,82,20,382,61,268
ACC0355,2025-05,22,212,30,67,18,356,50,211
ACC0355,2025-06,22,159,27,67,16,238,41,198
ACC0355,2025-07,19,141,21,48,13,244,41,192
ACC0355,2025-08,16,133,18,42,12,249,38,146
ACC0355,2025-09,15,130,20,40,11,189,27,164
ACC0355,2025-10,13,127,16,37,8,205,26,142
ACC0355,2025-11,13,119,15,28,8,149,19,107
ACC0356,2024-09,13,64,13,35,8,81,25,93
ACC0356,2024-10,12,51,9,32,9,90,23,93
ACC0356,2024-11,14,65,11,31,9,77,25,76
ACC0356,2024-12,14,56,11,33,8,81,22,84
ACC0356,2025-01,10,43,9,27,7,67,19,59
ACC0356,2025-02,9,45,8,23,6,63,16,65
ACC0356,2025-03,8,41,6,17,5,55,15,63
ACC0357,2024-04,43,236,44,89,16,448,60,328
ACC0357,2024-05,45,187,44,93,19,388,81,316
ACC0357,2024-06,39,183,44,83,20,335,72,333
ACC0357,2024-07,39,203,45,90,22,379,67,282
ACC0357,2024-08,41,204,44,95,19,431,69,281
ACC0357,2024-09,41,238,48,97,20,417,82,312
ACC0357,2024-10,45,216,47,100,20,501,71,319
ACC0357,2024-11,39,229,49,89,18,417,90,319
ACC0357,2024-12,43,182,39,84,18,360,74,320
ACC0357,2025-01,35,162,41,83,16,336,56,263
ACC0357,2025-02,32,162,36,65,13,277,52,224
ACC0357,2025-03,28,170,32,61,15,247,54,196
ACC0357,2025-04,27,143,33,59,16,313,55,178
ACC0357,2025-05,30,139,38,65,15,290,53,244
ACC0357,2025-06,32,155,31,68,14,299,57,257
ACC0357,2025-07,36,152,36,62,17,354,54,250
ACC0357,2025-08,28,194,48,75,15,331,63,249
ACC0357,2025-09,41,207,47,79,19,396,61,293
ACC0357,2025-10,34,196,53,94,20,421,75,302
ACC0357,2025-11,52,241,58,100,20,492,77,319
ACC0357,2025-12,53,219,58,130,22,514,78,299
ACC0358,2024-01,17,93,15,43,9,157,32,115
ACC0358,2024-02,16,98,17,41,8,129,30,103
ACC0358,2024-03,16,73,17,38,9,126,32,135
ACC0358,2024-04,13,69,15,41,8,102,23,105
ACC0358,2024-05,13,86,13,38,8,115,28,117
ACC0358,2024-06,15,73,17,37,8,117,29,107
ACC0358,2024-07,14,59,17,40,7,104,23,117
ACC0358,2024-08,13,76,14,35,6,112,24,104
ACC0358,2024-09,13,68,13,31,7,111,23,103
ACC0358,2024-10,11,61,12,30,7,101,21,107
ACC0358,2024-11,12,60,12,30,6,99,18,103
ACC0358,2024-12,11,52,12,29,6,96,18,91
ACC0358,2025-01,9,49,11,25,5,82,18,70
ACC0358,2025-02,10,54,10,27,5,94,19,70
ACC0358,2025-03,10,58,10,28,5,86,17,63
ACC0358,2025-04,12,49,11,27,5,88,19,74
ACC0358,2025-05,12,65,9,26,5,107,20,79
ACC0358,2025-06,9,61,12,28,6,92,20,101
ACC0358,2025-07,13,63,13,26,5,104,23,86
ACC0358,2025-08,12,61,13,33,7,106,22,87
ACC0358,2025-09,12,64,15,38,7,114,27,102
ACC0358,2025-10,12,82,16,31,8,137,22,108
ACC0358,2025-11,17,96,17,44,8,155,27,120
ACC0358,2025-12,18,92,20,39,8,138,28,107
ACC0359,2024-01,16,95,13,50,11,124,27,137
ACC0359,2024-02,12,102,13,45,10,116,20,129
ACC0359,2024-03,13,99,11,41,10,91,24,143
ACC0359,2024-04,9,80,12,39,9,93,20,122
ACC0359,2024-05,9,79,9,33,7,80,15,111
ACC0359,2024-06,8,71,7,27,6,65,18,92
ACC0359,2024-07,7,53,7,22,6,63,16,85
ACC0359,2024-08,6,58,6,19,5,50,10,79
ACC0359,2024-09,5,60,6,17,4,47,12,63
ACC0359,2024-10,5,46,4,16,3,49,10,69
ACC0360,2024-07,12,89,20,39,7,137,21,80
ACC0360,2024-08,10,91,20,38,8,145,25,81
ACC0360,2024-09,11,99,23,39,7,152,26,85
ACC0360,2024-10,12,96,21,35,8,148,22,85
ACC0360,2024-11,12,85,26,38,8,148,26,92
ACC0360,2024-12,13,96,24,43,9,164,25,88
ACC0360,2025-01,7,52,13,23,4,80,14,49
ACC0361,2024-12,9,135,27,45,6,114,30,97
ACC0361,2025-01,9,114,24,45,7,125,26,115
ACC0361,2025-02,9,117,22,50,6,114,31,101
ACC0361,2025-03,8,109,20,45,6,100,28,95
ACC0361,2025-04,8,88,19,33,4,93,23,72
ACC0361,2025-05,6,75,15,36,4,86,20,70
ACC0361,2025-06,5,74,14,27,4,70,18,54
ACC0361,2025-07,5,57,13,24,3,59,17,60
ACC0361,2025-08,4,51,11,24,3,56,14,54
ACC0361,2025-09,5,56,11,21,3,59,15,51
ACC0361,2025-10,4,55,11,21,3,59,12,52
ACC0361,2025-11,4,54,11,21,2,50,14,50
ACC0361,2025-12,4,46,10,18,3,47,12,44
ACC0362,2024-06,9,73,21,56,6,130,21,96
ACC0362,2024-07,8,68,22,55,7,111,25,108
ACC0362,2024-08,8,74,19,47,7,122,22,108
ACC0362,2024-09,9,86,23,50,7,134,23,100
ACC0362,2024-10,10,86,24,53,8,145,28,96
ACC0362,2024-11,10,87,23,61,8,132,26,112
ACC0362,2024-12,12,80,27,64,9,147,26,125
ACC0362,2025-01,11,91,28,75,8,146,28,124
ACC0362,2025-02,10,94,27,72,7,181,29,125
ACC0362,2025-03,12,89,25,75,8,180,29,114
ACC0362,2025-04,10,78,25,59,7,166,27,110
ACC0362,2025-05,9,81,24,57,7,142,24,103
ACC0362,2025-06,10,79,21,53,7,158,22,104
ACC0362,2025-07,8,65,17,51,8,139,23,92
ACC0362,2025-08,9,86,24,53,7,143,24,120
ACC0362,2025-09,11,80,26,59,8,156,25,112
ACC0362,2025-10,10,87,27,60,7,133,25,101
ACC0362,2025-11,10,97,27,63,8,158,27,125
ACC0362,2025-12,9,95,29,73,8,148,31,109
ACC0363,2024-04,91,600,170,402,63,1239,106,644
ACC0363,2024-05,65,611,123,481,65,764,119,676
ACC0363,2024-06,71,572,120,404,57,924,108,560
ACC0363,2024-07,84,582,130,365,50,1017,104,645
ACC0363,2024-08,76,548,130,406,66,1080,118,541
ACC0363,2024-09,82,603,132,389,47,877,104,667
ACC0363,2024-10,82,706,135,539,61,1141,115,702
ACC0363,2024-11,79,663,150,527,56,1124,129,753
ACC0363,2024-12,102,763,139,536,75,1219,123,588
ACC0363,2025-01,103,707,171,578,66,1270,128,771
ACC0363,2025-02,83,818,157,535,69,1208,122,807
ACC0363,2025-03,93,742,153,546,65,1165,123,702
ACC0363,2025-04,78,636,161,504,60,1126,97,660
ACC0363,2025-05,80,688,140,498,56,1111,126,655
ACC0363,2025-06,89,641,124,405,48,1013,114,683
ACC0363,2025-07,79,626,127,441,52,1082,111,581
ACC0363,2025-08,85,590,148,377,69,1008,106,656
ACC0363,2025-09,82,591,143,452,58,876,119,596
ACC0363,2025-10,107,736,158,445,58,1187,133,678
ACC0363,2025-11,91,703,175,502,58,1213,114,754
ACC0363,2025-12,112,692,182,539,73,1273,125,855
ACC0364,2024-07,34,173,44,125,16,347,63,187
ACC0364,2024-08,30,178,46,127,20,339,53,215
ACC0364,2024-09,39,181,45,140,17,370,69,197
ACC0364,2024-10,41,174,51,146,24,436,62,176
ACC0364,2024-11,43,191,46,142,23,422,76,201
ACC0364,2024-12,40,212,53,162,24,426,76,214
ACC0364,2025-01,44,237,50,173,22,438,85,255
ACC0364,2025-02,43,236,62,149,24,396,86,218
ACC0364,2025-03,45,215,46,157,21,428,68,219
ACC0364,2025-04,40,174,50,164,25,348,70,203
ACC0364,2025-05,33,190,48,133,22,374,74,196
ACC0364,2025-06,35,197,41,122,20,313,60,183
ACC0364,2025-07,41,173,44,125,19,373,63,214
ACC0364,2025-08,39,167,53,121,21,331,63,179
ACC0364,2025-09,40,199,40,135,21,311,67,206
ACC0364,2025-10,41,215,54,168,23,375,80,230
ACC0364,2025-11,42,231,54,170,21,410,85,242
ACC0364,2025-12,44,235,52,134,25,461,77,226
ACC0365,2024-10,34,185,58,85,21,507,67,252
ACC0365,2024-11,44,163,56,108,19,501,59,347
ACC0365,2024-12,34,216,52,92,20,484,72,311
ACC0365,2025-01,35,200,51,99,21,492,73,363
ACC0365,2025-02,39,200,51,109,19,499,78,371
ACC0365,2025-03,36,205,51,92,18,455,74,324
ACC0365,2025-04,38,170,47,97,17,429,62,327
ACC0365,2025-05,31,163,52,103,21,453,59,351
ACC0365,2025-06,31,171,46,91,17,422,66,276
ACC0366,2024-01,14,82,20,46,10,148,25,106
ACC0366,2024-02,16,71,21,47,10,144,26,110
ACC0366,2024-03,14,71,23,49,10,163,25,116
ACC0366,2024-04,14,86,21,51,10,151,24,109
ACC0366,2024-05,16,81,22,46,11,148,27,113
ACC0366,2024-06,14,74,24,46,8,132,26,111
ACC0366,2024-07,16,77,19,50,10,131,27,112
ACC0366,2024-08,16,89,22,56,11,133,30,113
ACC0366,2024-09,17,73,22,50,10,137,26,115
ACC0366,2024-10,17,99,25,54,10,158,27,126
ACC0366,2024-11,20,95,27,58,12,174,31,134
ACC0366,2024-12,21,93,27,66,13,204,34,172
ACC0366,2025-01,20,111,29,66,14,188,34,146
ACC0366,2025-02,19,102,29,70,14,187,39,143
ACC0366,2025-03,21,94,29,62,13,176,34,158
ACC0366,2025-04,21,103,30,66,14,189,35,153
ACC0366,2025-05,19,104,28,63,12,175,31,143
ACC0366,2025-06,19,95,29,63,13,198,34,148
ACC0366,2025-07,23,107,30,62,14,191,34,140
ACC0366,2025-08,20,107,31,76,14,195,30,126
ACC0366,2025-09,23,123,30,71,15,201,37,136
ACC0366,2025-10,23,127,35,77,17,228,40,171
ACC0366,2025-11,26,124,38,78,16,235,43,181
ACC0366,2025-12,28,123,40,95,18,242,44,171
ACC0367,2024-01,51,223,50,141,22,382,57,187
ACC0367,2024-02,43,221,44,122,21,383,51,199
ACC0367,2024-03,36,193,44,136,21,397,57,189
ACC0367,2024-04,42,201,53,124,17,329,51,181
ACC0367,2024-05,39,160,45,116,17,312,50,201
ACC0367,2024-06,34,181,43,112,18,331,48,206
ACC0367,2024-07,35,176,41,101,18,325,56,169
ACC0367,2024-08,35,196,38,109,17,337,54,188
ACC0367,2024-09,36,171,42,109,19,306,54,182
ACC0367,2024-10,37,167,36,97,15,318,49,151
ACC0367,2024-11,32,134,32,95,16,245,42,150
ACC0367,2024-12,33,163,33,96,15,264,40,122
ACC0367,2025-01,28,101,31,82,14,244,33,127
ACC0367,2025-02,32,133,30,86,13,247,37,112
ACC0367,2025-03,25,140,39,81,15,235,39,121
ACC0367,2025-04,27,124,30,86,14,286,40,140
ACC0367,2025-05,33,141,31,80,15,219,35,145
ACC0367,2025-06,30,153,28,82,14,285,43,120
ACC0367,2025-07,26,154,31,96,13,282,46,161
ACC0367,2025-08,36,163,35,105,14,313,43,157
ACC0367,2025-09,35,177,40,106,18,334,43,181
ACC0367,2025-10,42,183,42,128,23,347,44,180
ACC0367,2025-11,56,208,52,154,20,463,49,219
ACC0367,2025-12,46,215,52,148,22,401,73,176
ACC0368,2024-11,10,79,25,42,10,119,16,69
ACC0368,2024-12,11,65,21,36,10,126,14,81
ACC0368,2025-01,11,90,22,39,10,144,19,75
ACC0368,2025-02,10,76,23,38,8,147,17,80
ACC0368,2025-03,9,73,20,44,10,127,16,79
ACC0368,2025-04,10,72,24,44,9,141,17,74
ACC0368,2025-05,10,70,20,40,9,131,14,83
ACC0369,2024-08,71,447,101,285,33,989,175,490
ACC0369,2024-09,79,425,108,312,42,1013,174,596
ACC0369,2024-10,68,531,112,328,43,978,179,595
ACC0369,2024-11,73,463,118,279,38,958,192,671
ACC0369,2024-12,80,621,112,320,39,1193,208,650
ACC0369,2025-01,87,539,130,351,49,1243,179,699
ACC0369,2025-02,83,527,136,362,44,1039,189,596
ACC0369,2025-03,83,487,115,341,47,1009,203,741
ACC0369,2025-04,69,507,119,312,39,1137,206,639
ACC0369,2025-05,64,526,107,304,37,1037,175,632
ACC0369,2025-06,70,432,96,305,36,931,184,585
ACC0369,2025-07,63,506,97,303,41,941,183,520
ACC0369,2025-08,78,420,116,316,37,959,159,645
ACC0369,2025-09,70,470,125,340,37,1232,210,561
ACC0369,2025-10,80,508,112,350,44,1059,200,573
ACC0369,2025-11,73,578,122,395,44,1306,195,629
ACC0369,2025-12,96,544,133,365,48,1100,201,739
ACC0370,2024-05,44,144,44,137,22,408,54,178
ACC0370,2024-06,38,143,38,151,24,396,55,144
ACC0370,2024-07,42,150,36,155,24,387,58,190
ACC0370,2024-08,45,141,38,137,24,361,54,164
ACC0370,2024-09,41,138,44,163,26,438,58,156
ACC0370,2024-10,46,158,48,162,28,493,57,164
ACC0370,2024-11,49,191,41,174,30,499,74,221
ACC0370,2024-12,54,166,50,181,30,508,66,212
ACC0370,2025-01,51,183,57,197,34,545,71,244
ACC0370,2025-02,44,188,51,163,29,517,70,215
ACC0370,2025-03,58,187,62,178,31,499,67,214
ACC0370,2025-04,47,174,52,200,27,469,85,211
ACC0370,2025-05,49,153,48,169,27,496,63,190
ACC0370,2025-06,45,158,42,174,27,418,70,187
ACC0370,2025-07,37,153,36,158,29,458,62,185
ACC0370,2025-08,48,164,48,203,24,460,65,188
ACC0370,2025-09,46,194,50,181,26,518,60,203
ACC0370,2025-10,51,207,45,178,28,499,71,239
ACC0370,2025-11,55,188,60,210,34,570,69,224
ACC0370,2025-12,59,223,52,236,33,540,89,202
ACC0371,2024-10,15,101,24,50,10,88,17,106
ACC0371,2024-11,17,96,21,59,8,114,17,123
ACC0371,2024-12,14,73,26,58,11,105,20,126
ACC0371,2025-01,15,99,24,58,9,108,21,100
ACC0371,2025-02,17,111,30,72,10,114,21,121
ACC0371,2025-03,17,77,22,39,8,96,14,111
ACC0371,2025-04,11,61,17,40,7,80,14,83
ACC0371,2025-05,9,52,12,31,5,55,11,58
ACC0371,2025-06,9,47,15,32,5,53,9,68
ACC0371,2025-07,8,58,13,39,5,63,9,83
ACC0371,2025-08,13,78,15,33,7,77,13,95
ACC0371,2025-09,13,53,19,45,8,80,16,102
ACC0371,2025-10,14,83,23,49,10,101,17,121
ACC0371,2025-11,16,93,26,67,9,105,20,114
ACC0371,2025-12,17,97,28,56,10,116,19,127
ACC0372,2024-01,14,110,25,41,10,91,25,99
ACC0372,2024-02,13,91,29,39,10,84,23,105
ACC0372,2024-03,16,106,24,41,10,95,21,110
ACC0372,2024-04,12,95,20,39,10,85,21,110
ACC0372,2024-05,11,96,26,34,11,78,19,91
ACC0372,2024-06,13,97,18,35,9,86,21,106
ACC0372,2024-07,13,95,19,32,8,84,20,80
ACC0372,2024-08,15,99,20,33,8,88,22,106
ACC0372,2024-09,15,104,23,40,9,79,22,94
ACC0372,2024-10,15,113,25,46,10,93,22,103
ACC0372,2024-11,15,119,25,39,12,92,24,124
ACC0372,2024-12,15,125,26,42,12,95,26,123
ACC0372,2025-01,16,102,25,44,11,94,27,118
ACC0372,2025-02,15,98,25,46,10,107,24,116
ACC0372,2025-03,15,113,24,37,10,87,23,118
ACC0372,2025-04,15,108,24,42,12,89,24,91
ACC0372,2025-05,15,103,24,40,11,85,20,91
ACC0372,2025-06,15,96,23,36,10,97,23,86
ACC0372,2025-07,13,95,23,35,10,89,19,82
ACC0372,2025-08,15,108,22,38,9,78,21,99
ACC0372,2025-09,13,99,24,46,11,108,23,95
ACC0372,2025-10,16,107,30,43,10,97,25,103
ACC0372,2025-11,15,117,23,43,10,108,26,119
ACC0372,2025-12,18,143,25,49,11,106,24,120
ACC0373,2024-11,9,77,24,36,10,159,25,98
ACC0373,2024-12,10,86,22,43,11,167,27,99
ACC0373,2025-01,9,91,27,44,11,162,25,115
ACC0373,2025-02,10,96,25,47,12,185,28,99
ACC0373,2025-03,9,91,26,47,9,169,31,104
ACC0373,2025-04,10,85,23,40,11,162,26,105
ACC0373,2025-05,11,89,21,39,11,156,30,93
ACC0373,2025-06,11,91,24,46,11,172,25,108
ACC0373,2025-07,9,89,27,47,11,171,29,101
ACC0373,2025-08,11,87,25,45,10,161,31,103
ACC0373,2025-09,12,92,26,48,12,199,29,109
ACC0373,2025-10,11,96,30,48,13,193,30,123
ACC0373,2025-11,13,98,32,53,13,213,33,126
ACC0373,2025-12,16,114,32,61,16,217,37,130
ACC0374,2024-09,65,507,113,517,66,1278,142,493
ACC0374,2024-10,65,589,110,481,74,1332,148,536
ACC0374,2024-11,75,588,120,504,62,1382,142,428
ACC0374,2024-12,74,517,123,539,77,1500,156,504
ACC0374,2025-01,87,628,121,569,76,1267,149,634
ACC0374,2025-02,82,577,111,580,77,1503,164,499
ACC0374,2025-03,74,601,118,456,71,1593,145,501
ACC0374,2025-04,74,528,132,504,72,1299,149,511
ACC0374,2025-05,65,547,116,495,69,1310,128,495
ACC0374,2025-06,74,551,112,453,75,1076,142,474
ACC0374,2025-07,73,535,106,481,61,1213,132,491
ACC0374,2025-08,78,523,105,481,69,1229,117,456
ACC0374,2025-09,76,529,94,440,67,1397,134,520
ACC0374,2025-10,59,533,121,556,67,1755,139,469
ACC0374,2025-11,72,596,103,490,66,1613,144,587
ACC0374,2025-12,81,626,129,484,83,1447,182,640
ACC0375,2024-06,40,211,41,130,19,424,50,295
ACC0375,2024-07,42,220,41,122,16,488,61,267
ACC0375,2024-08,36,277,42,127,16,392,58,262
ACC0375,2024-09,36,221,46,134,17,451,63,290
ACC0375,2024-10,49,230,49,110,22,477,76,260
ACC0375,2024-11,44,281,55,143,22,476,60,344
ACC0375,2024-12,45,274,47,149,18,512,53,343
ACC0375,2025-01,48,291,53,168,21,517,66,300
ACC0375,2025-02,47,287,52,171,24,558,82,337
ACC0375,2025-03,48,289,50,171,22,527,60,292
ACC0375,2025-04,49,260,45,139,19,515,66,320
ACC0375,2025-05,35,221,41,137,19,427,70,312
ACC0375,2025-06,40,236,48,139,19,424,65,298
ACC0375,2025-07,40,221,37,116,19,494,61,292
ACC0375,2025-08,42,242,44,142,18,460,61,312
ACC0375,2025-09,40,244,50,151,20,392,69,333
ACC0375,2025-10,50,278,53,148,20,511,58,305
ACC0375,2025-11,52,266,55,158,19,541,70,363
ACC0375,2025-12,59,280,48,172,26,524,75,427
ACC0376,2024-03,32,162,53,173,17,498,71,204
ACC0376,2024-04,29,173,62,146,18,576,57,217
ACC0376,2024-05,28,164,60,155,16,461,70,213
ACC0376,2024-06,29,172,59,163,14,467,64,192
ACC0376,2024-07,28,148,49,149,16,501,61,172
ACC0376,2024-08,26,132,55,158,16,474,69,209
ACC0376,2024-09,31,163,47,151,15,497,62,235
ACC0376,2024-10,31,172,57,159,17,540,66,251
ACC0376,2024-11,35,165,58,175,19,439,71,247
ACC0376,2024-12,31,178,70,183,21,648,72,281
ACC0376,2025-01,35,197,67,192,19,598,82,255
ACC0376,2025-02,29,200,67,159,18,500,87,250
ACC0376,2025-03,29,178,65,161,18,445,79,231
ACC0376,2025-04,32,178,60,181,19,521,70,248
ACC0376,2025-05,30,166,65,167,15,537,61,218
ACC0376,2025-06,24,139,59,159,16,470,68,220
ACC0376,2025-07,25,187,62,137,16,441,70,246
ACC0376,2025-08,25,173,54,168,16,568,73,206
ACC0376,2025-09,31,152,63,166,17,434,67,229
ACC0376,2025-10,36,191,63,168,19,525,70,259
ACC0376,2025-11,33,192,52,176,20,680,74,237
ACC0376,2025-12,34,197,62,197,21,564,79,257
ACC0377,2024-12,14,108,27,28,7,108,29,83
ACC0377,2025-01,14,100,25,37,8,128,31,96
ACC0377,2025-02,16,96,23,28,6,101,27,84
ACC0377,2025-03,13,96,22,33,7,93,25,75
ACC0377,2025-04,9,71,18,26,5,95,24,66
ACC0377,2025-05,9,63,18,22,5,71,20,67
ACC0377,2025-06,8,60,14,21,5,75,17,46
ACC0377,2025-07,8,47,13,21,4,61,14,47
ACC0377,2025-08,7,50,13,17,4,58,15,42
ACC0377,2025-09,7,52,11,14,4,66,15,39
ACC0377,2025-10,8,38,10,16,3,56,10,40
ACC0377,2025-11,7,45,11,16,3,49,14,41
ACC0377,2025-12,6,46,10,15,4,48,11,31
ACC0378,2024-04,46,238,42,142,31,472,45,341
ACC0378,2024-05,46,243,45,134,29,456,47,352
ACC0378,2024-06,41,282,39,126,27,415,45,325
ACC0378,2024-07,45,258,47,137,29,445,46,355
ACC0378,2024-08,51,249,38,143,28,398,49,323
ACC0378,2024-09,45,253,42,145,34,467,52,355
ACC0378,2024-10,51,247,47,185,32,464,54,367
ACC0378,2024-11,55,316,57,191,32,490,62,374
ACC0378,2024-12,64,323,58,160,38,579,59,463
ACC0378,2025-01,60,364,58,179,41,580,65,447
ACC0378,2025-02,73,365,58,191,37,639,58,459
ACC0378,2025-03,66,344,51,197,36,569,69,489
ACC0378,2025-04,59,333,57,180,38,635,62,433
ACC0378,2025-05,58,325,58,178,42,575,60,416
ACC0378,2025-06,54,371,66,186,41,640,65,443
ACC0378,2025-07,65,352,63,187,35,691,69,388
ACC0378,2025-08,58,327,57,194,41,642,55,438
ACC0378,2025-09,68,352,67,177,47,658,71,450
ACC0378,2025-10,71,373,66,184,39,691,67,529
ACC0378,2025-11,74,394,61,230,48,792,80,622
ACC0378,2025-12,73,438,70,218,60,781,74,558
ACC0379,2024-06,37,159,46,122,22,474,56,295
ACC0379,2024-07,40,181,45,120,21,472,55,276
ACC0379,2024-08,43,175,51,121,21,505,58,317
ACC0379,2024-09,47,164,52,139,22,477,63,315
ACC0379,2024-10,48,200,53,145,23,550,70,335
ACC0379,2024-11,52,208,61,147,26,558,67,392
ACC0379,2024-12,50,230,63,164,26,606,76,379
ACC0379,2025-01,51,230,61,180,28,669,69,451
ACC0379,2025-02,55,243,61,137,29,661,86,415
ACC0379,2025-03,54,230,71,169,27,643,89,466
ACC0379,2025-04,56,245,70,165,31,590,73,379
ACC0379,2025-05,49,230,58,167,27,602,67,411
ACC0379,2025-06,56,203,65,169,22,609,70,387
ACC0379,2025-07,56,219,62,146,24,581,78,385
ACC0379,2025-08,56,234,63,166,30,614,71,413
ACC0379,2025-09,62,249,66,182,28,775,74,437
ACC0379,2025-10,66,264,78,201,35,721,96,459
ACC0379,2025-11,64,323,75,213,31,783,101,473
ACC0379,2025-12,81,303,91,231,29,807,112,562
ACC0380,2024-05,27,207,58,96,14,435,65,256
ACC0380,2024-06,31,228,58,77,16,446,54,235
ACC0380,2024-07,34,199,47,97,14,374,62,275
ACC0380,2024-08,25,201,56,82,14,376,57,238
ACC0380,2024-09,32,227,49,90,16,411,57,271
ACC0380,2024-10,28,222,68,95,18,482,52,323
ACC0380,2024-11,30,253,53,90,18,479,64,285
ACC0380,2024-12,26,204,51,93,15,431,47,289
ACC0380,2025-01,26,198,50,76,13,417,53,247
ACC0380,2025-02,22,176,38,75,13,301,44,175
ACC0380,2025-03,16,124,36,60,9,307,35,197
ACC0380,2025-04,20,120,35,60,10,309,41,152
ACC0380,2025-05,20,141,37,69,11,346,45,202
ACC0380,2025-06,18,149,35,62,12,286,42,170
ACC0380,2025-07,22,166,45,70,14,309,45,183
ACC0380,2025-08,21,152,44,83,12,357,44,204
ACC0380,2025-09,23,187,55,79,13,317,46,236
ACC0380,2025-10,32,223,53,99,16,447,52,271
ACC0380,2025-11,28,265,63,117,17,460,54,318
ACC0380,2025-12,36,275,58,121,19,438,70,339
ACC0381,2024-03,15,108,18,32,10,120,27,79
ACC0381,2024-04,15,75,10,35,8,130,27,82
ACC0381,2024-05,13,92,14,30,8,100,24,58
ACC0381,2024-06,13,78,13,26,8,91,22,56
ACC0381,2024-07,12,81,10,27,8,97,23,66
ACC0381,2024-08,9,78,12,22,6,80,17,55
ACC0381,2024-09,9,78,11,19,6,76,17,65
ACC0381,2024-10,10,73,10,16,6,77,15,54
ACC0381,2024-11,9,62,7,15,5,62,18,63
ACC0381,2024-12,9,57,6,16,4,59,15,53
ACC0381,2025-01,7,52,6,12,4,55,13,46
ACC0381,2025-02,5,49,6,13,4,45,11,34
ACC0381,2025-03,5,38,4,8,3,28,10,36
ACC0382,2024-02,30,183,48,178,26,481,78,380
ACC0382,2024-03,24,152,41,150,26,341,79,309
ACC0382,2024-04,23,154,39,148,25,333,75,289
ACC0382,2024-05,26,142,31,117,22,308,65,277
ACC0382,2024-06,22,147,27,119,24,316,59,241
ACC0382,2024-07,24,124,26,126,22,266,51,238
ACC0382,2024-08,21,100,30,107,18,253,46,211
ACC0382,2024-09,20,108,28,98,16,245,44,214
ACC0382,2024-10,18,106,29,108,17,297,45,196
ACC0382,2024-11,18,94,26,93,18,269,50,221
ACC0382,2024-12,16,98,27,108,17,270,42,196
ACC0382,2025-01,14,93,21,95,14,226,42,178
ACC0382,2025-02,14,93,21,85,12,197,37,170
ACC0382,2025-03,13,72,20,73,11,207,33,136
ACC0382,2025-04,10,66,15,60,11,157,29,152
ACC0382,2025-05,9,57,15,59,8,135,23,106
ACC0382,2025-06,8,49,13,50,8,128,24,94
ACC0382,2025-07,7,39,10,35,6,92,16,87
ACC0382,2025-08,6,37,9,34,6,93,17,79
ACC0382,2025-09,6,42,9,33,5,76,16,81
ACC0382,2025-10,5,35,9,29,4,90,14,73
ACC0382,2025-11,4,30,8,28,4,84,13,60
ACC0382,2025-12,4,26,7,25,4,73,11,50
ACC0383,2024-01,12,80,29,58,11,170,22,86
ACC0383,2024-02,12,66,24,45,8,148,25,94
ACC0383,2024-03,12,73,25,56,11,143,22,75
ACC0383,2024-04,12,59,26,52,9,159,18,83
ACC0383,2024-05,9,57,22,50,9,147,19,87
ACC0383,2024-06,9,58,24,42,9,173,19,72
ACC0383,2024-07,11,57,21,48,9,143,17,77
ACC0383,2024-08,8,45,23,39,7,135,18,67
ACC0383,2024-09,9,57,19,48,8,136,17,65
ACC0383,2024-10,9,50,18,39,7,129,15,63
ACC0383,2024-11,8,55,19,42,7,109,13,64
ACC0383,2024-12,9,41,19,38,6,120,13,66
ACC0383,2025-01,7,35,17,33,6,88,11,58
ACC0383,2025-02,7,44,13,35,5,109,12,54
ACC0383,2025-03,8,43,16,37,5,111,15,56
ACC0383,2025-04,7,41,15,31,6,102,14,55
ACC0383,2025-05,8,48,15,36,6,101,15,56
ACC0383,2025-06,8,44,18,35,5,120,11,58
ACC0383,2025-07,7,57,18,43,6,101,14,59
ACC0383,2025-08,10,54,21,43,9,128,15,56
ACC0383,2025-09,8,60,21,42,7,130,17,58
ACC0383,2025-10,12,64,25,46,7,142,19,75
ACC0383,2025-11,11,68,25,49,9,146,24,98
ACC0383,2025-12,9,70,26,58,9,176,22,94
ACC0384,2024-04,22,144,46,110,22,468,39,194
ACC0384,2024-05,23,120,43,120,19,406,48,202
ACC0384,2024-06,17,125,33,95,18,402,43,198
ACC0384,2024-07,17,135,29,84,18,381,40,150
ACC0384,2024-08,14,121,23,72,18,306,33,187
ACC0384,2024-09,16,104,26,68,14,262,35,165
ACC0384,2024-10,15,121,29,59,12,267,32,148
ACC0384,2024-11,13,92,21,55,11,286,21,113
ACC0385,2024-05,96,548,119,481,45,1079,153,748
ACC0385,2024-06,107,554,112,440,35,1112,178,809
ACC0385,2024-07,100,533,118,446,39,1012,168,817
ACC0385,2024-08,109,578,109,495,38,1179,149,763
ACC0385,2024-09,120,513,138,537,44,1121,177,917
ACC0385,2024-10,113,637,140,571,45,1253,193,1034
ACC0385,2024-11,135,692,182,644,50,1312,199,1028
ACC0385,2024-12,143,643,159,652,53,1432,217,1053
ACC0385,2025-01,149,791,174,624,54,1204,191,971
ACC0385,2025-02,122,795,188,624,54,1449,187,1045
ACC0385,2025-03,134,741,164,631,61,1395,209,1016
ACC0385,2025-04,147,645,153,648,54,1424,217,1159
ACC0385,2025-05,137,670,163,627,56,1577,230,1020
ACC0385,2025-06,132,721,188,675,52,1343,199,1033
ACC0385,2025-07,130,697,188,640,49,1520,213,1147
ACC0385,2025-08,130,724,161,629,52,1401,219,1052
ACC0385,2025-09,145,708,189,665,58,1736,224,1147
ACC0385,2025-10,182,720,198,680,64,1531,246,1206
ACC0385,2025-11,174,976,222,803,57,1848,234,1414
ACC0385,2025-12,165,945,219,824,70,1707,312,1496
ACC0386,2024-11,14,115,17,37,9,101,20,75
ACC0386,2024-12,14,102,19,32,9,89,19,80
ACC0386,2025-01,13,102,16,29,9,95,17,83
ACC0386,2025-02,12,96,15,30,11,89,17,76
ACC0386,2025-03,11,73,14,32,8,93,14,63
ACC0386,2025-04,9,58,16,25,7,69,12,54
ACC0386,2025-05,8,69,12,22,6,70,13,49
ACC0386,2025-06,8,57,10,16,5,50,10,51
ACC0386,2025-07,6,49,9,18,5,42,9,34
ACC0386,2025-08,6,45,9,15,5,47,9,39
ACC0386,2025-09,7,43,8,16,4,49,8,36
ACC0386,2025-10,5,37,8,17,5,46,7,31
ACC0386,2025-11,5,40,8,13,4,41,7,32
ACC0386,2025-12,5,43,7,13,4,35,7,30
ACC0387,2024-02,11,99,23,42,9,92,26,130
ACC0387,2024-03,12,85,24,49,11,87,26,130
ACC0387,2024-04,9,104,25,41,8,90,26,139
ACC0387,2024-05,8,87,25,45,10,82,24,121
ACC0387,2024-06,10,85,21,46,8,84,17,102
ACC0387,2024-07,8,83,20,51,10,78,23,102
ACC0387,2024-08,10,88,23,43,10,68,22,112
ACC0387,2024-09,9,79,22,40,8,79,19,114
ACC0387,2024-10,9,81,20,50,8,71,19,112
ACC0387,2024-11,7,76,20,36,8,65,21,98
ACC0387,2024-12,8,74,19,42,7,81,19,83
ACC0387,2025-01,6,67,18,28,8,52,17,98
ACC0387,2025-02,7,53,14,31,6,60,15,65
ACC0387,2025-03,5,55,17,42,6,51,18,83
ACC0387,2025-04,7,60,16,41,7,51,15,79
ACC0387,2025-05,8,61,16,32,6,68,18,76
ACC0387,2025-06,8,58,16,39,6,62,18,73
ACC0387,2025-07,7,68,19,43,8,54,18,94
ACC0387,2025-08,7,70,19,39,8,75,21,86
ACC0387,2025-09,8,74,20,43,9,90,16,115
ACC0387,2025-10,9,84,22,51,9,81,25,114
ACC0387,2025-11,10,112,28,50,12,100,25,140
ACC0387,2025-12,12,108,25,54,11,111,27,122
ACC0388,2024-01,47,216,41,155,21,709,57,294
ACC0388,2024-02,45,211,45,127,17,613,60,251
ACC0388,2024-03,35,193,35,122,21,572,54,238
ACC0388,2024-04,40,185,39,115,19,491,39,232
ACC0388,2024-05,34,188,33,91,19,514,42,189
ACC0388,2024-06,30,164,32,110,16,432,40,187
ACC0388,2024-07,29,161,28,105,16,454,38,166
ACC0388,2024-08,26,148,28,96,13,411,37,155
ACC0388,2024-09,29,123,28,84,12,377,33,160
ACC0388,2024-10,26,124,27,76,12,394,32,158
ACC0388,2024-11,27,122,25,78,12,395,34,153
ACC0388,2024-12,26,123,26,74,13,373,35,142
ACC0388,2025-01,24,138,25,79,11,314,29,118
ACC0388,2025-02,21,116,22,65,10,281,23,134
ACC0388,2025-03,20,84,18,57,8,247,21,95
ACC0388,2025-04,14,82,17,49,7,226,20,92
ACC0388,2025-05,12,66,14,39,6,193,17,69
ACC0388,2025-06,12,57,12,36,5,174,14,61
ACC0388,2025-07,10,42,10,26,4,131,14,52
ACC0388,2025-08,9,47,10,30,4,132,11,58
ACC0388,2025-09,7,40,8,27,4,121,9,47
ACC0388,2025-10,7,36,7,23,3,110,9,41
ACC0388,2025-11,7,36,7,22,3,107,9,41
ACC0388,2025-12,6,28,6,21,3,80,7,35
ACC0389,2024-02,137,491,160,278,54,1842,118,941
ACC0389,2024-03,117,519,122,309,58,1899,103,808
ACC0389,2024-04,112,507,134,301,41,1552,96,912
ACC0389,2024-05,107,501,141,292,48,1460,102,771
ACC0389,2024-06,101,401,118,227,42,1507,100,722
ACC0389,2024-07,93,432,125,267,44,1528,109,617
ACC0389,2024-08,114,405,128,261,48,1628,91,790
ACC0389,2024-09,113,451,123,285,54,1431,96,782
ACC0389,2024-10,121,535,158,322,52,1903,119,713
ACC0389,2024-11,129,505,176,308,58,1769,109,821
ACC0389,2024-12,119,516,146,369,56,1889,101,771
ACC0389,2025-01,125,580,153,321,60,2307,123,896
ACC0389,2025-02,133,576,191,352,57,2072,124,922
ACC0389,2025-03,125,538,161,273,55,1787,109,856
ACC0389,2025-04,123,561,163,333,51,1659,118,1026
ACC0389,2025-05,110,474,155,298,44,1638,118,776
ACC0389,2025-06,93,475,127,265,50,1532,103,814
ACC0389,2025-07,123,435,137,305,49,1832,94,815
ACC0389,2025-08,123,482,136,286,47,1722,114,837
ACC0389,2025-09,125,516,156,317,52,1603,86,841
ACC0389,2025-10,125,545,157,327,45,1785,109,835
ACC0389,2025-11,133,593,170,291,54,2071,121,847
ACC0389,2025-12,154,564,180,350,58,1968,118,961
ACC0390,2024-07,13,98,23,50,9,109,12,88
ACC0390,2024-08,14,85,23,49,9,128,16,89
ACC0390,2024-09,15,96,22,52,9,161,17,82
ACC0390,2024-10,16,103,26,52,9,131,18,101
ACC0390,2024-11,16,104,20,51,10,146,18,115
ACC0390,2024-12,15,111,28,61,11,183,20,94
ACC0390,2025-01,17,117,22,57,10,161,20,98
ACC0390,2025-02,19,106,30,62,11,170,18,116
ACC0390,2025-03,17,93,26,59,11,145,17,112
ACC0390,2025-04,15,111,26,59,11,159,16,106
ACC0390,2025-05,17,107,24,58,11,146,19,93
ACC0390,2025-06,14,99,22,52,9,144,16,87
ACC0390,2025-07,17,114,23,51,9,145,14,101
ACC0390,2025-08,14,99,24,52,9,129,18,115
ACC0390,2025-09,18,113,26,59,11,165,19,97
ACC0390,2025-10,14,122,27,63,10,133,19,99
ACC0390,2025-11,16,124,25,57,11,154,18,118
ACC0390,2025-12,18,122,31,58,13,177,21,121
ACC0391,2024-04,109,460,101,323,62,1294,111,678
ACC0391,2024-05,108,478,91,327,60,1331,101,674
ACC0391,2024-06,105,437,92,314,64,1069,113,694
ACC0391,2024-07,106,445,100,337,54,1182,106,773
ACC0391,2024-08,121,434,97,327,58,1262,110,672
ACC0391,2024-09,96,450,102,276,60,1416,116,753
ACC0391,2024-10,119,492,104,361,61,1225,114,683
ACC0391,2024-11,117,468,107,381,70,1293,115,723
ACC0391,2024-12,110,456,113,419,68,1332,113,790
ACC0391,2025-01,123,472,96,356,71,1384,119,784
ACC0391,2025-02,107,547,108,362,69,1436,123,753
ACC0391,2025-03,121,433,99,338,63,1319,127,690
ACC0391,2025-04,63,275,58,197,34,806,64,389
ACC0392,2024-01,14,74,19,58,9,160,19,131
ACC0392,2024-02,16,65,18,57,9,168,18,102
ACC0392,2024-03,16,63,17,52,9,165,17,108
ACC0392,2024-04,15,60,17,56,8,155,15,108
ACC0392,2024-05,16,63,16,53,9,142,18,114
ACC0392,2024-06,13,64,15,48,8,134,17,77
ACC0392,2024-07,14,56,16,43,8,134,17,87
ACC0392,2024-08,12,66,16,50,7,141,16,96
ACC0392,2024-09,14,59,18,52,9,148,16,92
ACC0392,2024-10,16,65,19,57,8,165,19,110
ACC0392,2024-11,14,70,18,57,9,140,17,115
ACC0392,2024-12,18,79,18,56,10,159,22,118
ACC0392,2025-01,16,88,21,67,9,174,19,121
ACC0392,2025-02,18,67,15,55,10,179,22,133
ACC0392,2025-03,17,77,20,58,10,151,17,134
ACC0392,2025-04,15,63,19,53,9,134,20,112
ACC0392,2025-05,15,51,17,49,8,148,16,109
ACC0392,2025-06,16,61,16,48,8,130,16,117
ACC0392,2025-07,15,55,17,51,8,120,15,93
ACC0392,2025-08,15,67,19,50,8,144,19,98
ACC0392,2025-09,16,62,20,60,8,155,17,102
ACC0392,2025-10,14,77,20,57,9,148,17,132
ACC0392,2025-11,19,83,20,57,10,167,21,108
ACC0392,2025-12,20,73,21,63,10,175,21,132
ACC0393,2024-05,27,213,59,111,22,524,43,270
ACC0393,2024-06,27,209,54,103,22,497,46,251
ACC0393,2024-07,26,225,53,101,20,535,46,232
ACC0393,2024-08,27,204,60,104,20,509,45,271
ACC0393,2024-09,30,219,56,111,21,510,47,270
ACC0393,2024-10,27,232,60,112,22,565,53,280
ACC0393,2024-11,31,234,57,118,19,567,53,290
ACC0393,2024-12,30,234,70,110,22,514,55,299
ACC0393,2025-01,31,237,63,104,22,600,56,265
ACC0393,2025-02,29,247,59,109,24,665,53,307
ACC0393,2025-03,17,129,32,63,12,360,29,159
ACC0394,2024-06,7,92,23,33,9,86,14,106
ACC0394,2024-07,8,78,20,33,8,80,14,99
ACC0394,2024-08,9,72,20,35,8,77,14,106
ACC0394,2024-09,9,87,25,34,9,91,13,101
ACC0394,2024-10,9,91,22,37,9,81,18,122
ACC0394,2024-11,10,93,20,43,10,104,16,118
ACC0394,2024-12,10,91,27,33,10,83,18,119
ACC0394,2025-01,10,98,23,37,11,86,17,135
ACC0394,2025-02,9,85,25,40,11,97,20,129
ACC0394,2025-03,12,93,24,39,11,89,17,127
ACC0394,2025-04,9,76,21,43,11,84,16,113
ACC0394,2025-05,9,84,24,38,10,82,16,108
ACC0394,2025-06,9,72,22,34,8,75,17,100
ACC0395,2024-10,8,71,20,61,11,104,19,87
ACC0395,2024-11,9,78,24,58,12,99,23,97
ACC0395,2024-12,10,78,23,50,10,112,18,84
ACC0395,2025-01,9,81,20,53,11,104,23,104
ACC0395,2025-02,9,90,24,53,11,92,23,96
ACC0395,2025-03,8,76,23,60,11,96,23,95
ACC0395,2025-04,8,79,23,49,11,94,24,96
ACC0395,2025-05,8,73,20,49,9,87,21,93
ACC0395,2025-06,9,87,21,47,9,88,19,85
ACC0395,2025-07,8,73,18,44,10,89,16,71
ACC0395,2025-08,8,66,20,51,9,94,21,90
ACC0395,2025-09,10,83,22,61,11,93,20,86
ACC0395,2025-10,10,82,23,50,12,82,23,102
ACC0395,2025-11,9,91,19,55,11,103,23,104
ACC0395,2025-12,9,88,29,57,12,106,27,103
ACC0396,2024-06,31,235,43,99,23,535,73,256
ACC0396,2024-07,26,183,46,90,20,512,61,231
ACC0396,2024-08,29,237,37,83,17,512,58,230
ACC0396,2024-09,27,237,40,79,17,563,43,163
ACC0396,2024-10,29,218,41,84,17,507,59,277
ACC0396,2024-11,27,255,48,68,19,419,69,239
ACC0396,2024-12,30,264,34,61,16,562,53,254
ACC0396,2025-01,21,236,34,62,15,437,48,225
ACC0396,2025-02,21,225,33,60,14,383,47,224
ACC0396,2025-03,19,180,26,50,10,273,40,179
ACC0396,2025-04,17,126,21,40,9,282,28,185
ACC0396,2025-05,11,148,16,30,7,209,26,149
ACC0396,2025-06,10,80,14,23,6,221,22,127
ACC0396,2025-07,10,86,11,24,5,148,17,97
ACC0396,2025-08,8,84,11,21,4,153,19,84
ACC0396,2025-09,7,80,10,15,4,140,16,65
ACC0396,2025-10,7,60,8,13,4,99,12,69
ACC0397,2024-07,35,200,45,98,22,513,50,277
ACC0397,2024-08,27,207,49,117,25,576,46,290
ACC0397,2024-09,36,227,54,126,25,624,52,277
ACC0397,2024-10,40,254,54,118,27,682,58,302
ACC0397,2024-11,42,237,49,126,28,627,49,335
ACC0397,2024-12,47,238,59,119,29,638,62,360
ACC0397,2025-01,51,264,64,157,32,637,46,369
ACC0397,2025-02,47,251,51,154,33,606,56,359
ACC0397,2025-03,47,237,55,143,36,709,68,333
ACC0397,2025-04,41,270,53,130,33,674,55,345
ACC0397,2025-05,38,246,56,120,27,601,45,311
ACC0397,2025-06,40,232,60,127,30,578,53,362
ACC0397,2025-07,36,228,48,129,27,539,54,320
ACC0397,2025-08,44,242,53,127,25,546,57,309
ACC0397,2025-09,44,270,60,115,34,654,53,378
ACC0397,2025-10,38,242,66,162,30,685,58,350
ACC0397,2025-11,54,289,61,162,33,577,62,326
ACC0397,2025-12,46,273,67,136,33,733,65,465
ACC0398,2024-04,41,241,49,145,23,562,56,262
ACC0398,2024-05,45,246,44,152,23,511,52,213
ACC0398,2024-06,35,224,42,150,22,500,56,199
ACC0398,2024-07,42,213,40,165,22,543,50,216
ACC0398,2024-08,41,239,49,161,27,478,55,207
ACC0398,2024-09,43,205,42,172,27,498,62,223
ACC0398,2024-10,43,190,51,164,22,610,57,215
ACC0398,2024-11,49,232,54,171,25,645,59,224
ACC0398,2024-12,50,243,43,177,31,689,60,278
ACC0398,2025-01,43,266,54,172,30,574,64,252
ACC0398,2025-02,51,250,52,174,31,571,74,263
ACC0398,2025-03,48,225,48,195,25,697,59,233
ACC0398,2025-04,45,206,46,175,29,667,57,232
ACC0398,2025-05,54,210,49,180,30,560,56,223
ACC0398,2025-06,42,239,39,129,26,515,52,217
ACC0398,2025-07,40,224,47,173,26,573,58,248
ACC0398,2025-08,43,247,47,178,25,551,56,237
ACC0398,2025-09,44,240,47,171,28,540,61,202
ACC0398,2025-10,49,238,56,163,25,674,59,232
ACC0398,2025-11,43,258,43,185,32,675,69,249
ACC0398,2025-12,55,309,51,204,32,703,70,291
ACC0399,2024-03,73,712,139,443,74,1133,177,1031
ACC0399,2024-04,66,538,140,405,74,922,134,744
ACC0399,2024-05,67,577,109,432,57,1090,147,680
ACC0399,2024-06,53,563,101,364,60,972,128,658
ACC0399,2024-07,50,498,90,325,39,747,117,608
ACC0399,2024-08,42,488,83,276,47,839,111,603
ACC0399,2024-09,43,431,74,275,37,745,96,535
ACC0399,2024-10,49,472,72,209,43,588,102,545
ACC0399,2024-11,34,344,57,222,31,620,85,511
ACC0399,2024-12,41,353,51,210,36,532,66,436
ACC0399,2025-01,27,354,58,181,26,408,72,411
ACC0400,2024-08,11,103,15,48,5,94,20,96
ACC0400,2024-09,11,97,17,53,7,99,25,108
ACC0400,2024-10,14,116,18,58,7,91,23,114
ACC0400,2024-11,13,108,18,54,8,98,25,110
ACC0400,2024-12,14,127,18,67,8,106,25,134
ACC0400,2025-01,15,123,22,63,8,131,27,128
ACC0400,2025-02,15,123,18,63,9,137,30,150
ACC0400,2025-03,15,125,20,67,8,120,27,130
ACC0400,2025-04,14,114,20,53,8,114,31,110
ACC0400,2025-05,14,137,21,65,10,105,28,120
ACC0400,2025-06,15,131,20,65,8,117,30,124
ACC0400,2025-07,14,130,20,65,9,120,25,133
ACC0400,2025-08,15,131,21,67,9,120,30,118
ACC0400,2025-09,15,148,22,72,9,131,33,132
ACC0400,2025-10,17,144,23,78,9,144,31,159
ACC0400,2025-11,20,149,26,87,9,134,29,133
ACC0400,2025-12,18,170,27,85,9,172,34,182
ACC0401,2024-03,10,70,22,60,11,116,17,89
ACC0401,2024-04,8,70,23,64,10,116,16,86
ACC0401,2024-05,9,76,21,62,11,105,13,72
ACC0401,2024-06,9,62,20,60,8,100,15,79
ACC0401,2024-07,8,68,22,53,10,101,12,79
ACC0401,2024-08,9,62,23,57,10,112,15,80
ACC0401,2024-09,8,69,20,56,11,131,16,78
ACC0401,2024-10,9,74,27,55,11,122,16,75
ACC0401,2024-11,11,67,24,60,10,135,16,83
ACC0401,2024-12,9,82,24,61,10,128,16,104
ACC0401,2025-01,10,94,28,71,11,142,17,96
ACC0401,2025-02,11,68,31,67,11,124,19,97
ACC0401,2025-03,10,78,20,60,12,124,16,94
ACC0401,2025-04,10,74,23,57,11,136,17,87
ACC0401,2025-05,9,78,21,57,9,118,17,83
ACC0401,2025-06,9,65,21,55,12,124,14,91
ACC0401,2025-07,10,63,19,46,10,112,13,81
ACC0401,2025-08,9,69,20,49,9,109,15,79
ACC0401,2025-09,10,72,25,62,11,104,18,84
ACC0401,2025-10,10,71,25,56,10,138,17,76
ACC0401,2025-11,12,90,26,68,13,144,19,95
ACC0401,2025-12,12,82,26,64,11,149,18,104
ACC0402,2024-11,10,68,18,35,9,127,19,99
ACC0402,2024-12,11,73,16,39,10,143,19,89
ACC0402,2025-01,12,62,20,42,11,147,16,98
ACC0402,2025-02,11,77,19,36,10,142,19,94
ACC0402,2025-03,11,65,18,40,12,130,17,88
ACC0402,2025-04,11,67,19,35,11,125,19,85
ACC0402,2025-05,11,66,18,31,11,125,19,87
ACC0402,2025-06,9,60,17,36,9,106,18,71
ACC0402,2025-07,12,68,18,35,10,119,16,69
ACC0402,2025-08,11,64,16,36,10,123,18,95
ACC0402,2025-09,10,66,22,36,10,118,19,93
ACC0402,2025-10,10,64,22,40,13,139,20,100
ACC0402,2025-11,12,64,21,42,12,149,17,84
ACC0402,2025-12,11,80,22,37,13,184,22,98
ACC0403,2024-06,40,209,43,99,25,373,57,264
ACC0403,2024-07,38,180,45,90,27,421,67,288
ACC0403,2024-08,44,180,52,102,25,412,62,286
ACC0403,2024-09,47,179,61,121,26,433,65,278
ACC0403,2024-10,42,250,54,102,26,449,64,302
ACC0403,2024-11,50,219,62,130,28,412,71,340
ACC0403,2024-12,43,206,54,108,28,435,70,277
ACC0403,2025-01,39,201,47,90,22,329,63,301
ACC0403,2025-02,30,178,41,88,20,330,44,256
ACC0403,2025-03,31,150,31,72,20,278,40,199
ACC0403,2025-04,26,137,28,68,17,280,41,174
ACC0403,2025-05,27,159,33,71,16,241,51,204
ACC0403,2025-06,31,175,34,71,19,302,44,208
ACC0403,2025-07,26,166,26,75,16,288,39,211
ACC0403,2025-08,38,185,39,89,22,328,47,229
ACC0403,2025-09,37,187,48,89,24,362,60,237
ACC0403,2025-10,47,191,51,93,25,409,66,268
ACC0403,2025-11,38,259,59,137,33,460,71,322
ACC0403,2025-12,57,223,58,103,29,533,84,338
ACC0404,2024-11,10,108,19,55,7,142,24,83
ACC0404,2024-12,11,83,23,54,9,156,19,89
ACC0404,2025-01,11,99,21,50,9,172,22,88
ACC0404,2025-02,9,90,22,56,8,146,23,77
ACC0404,2025-03,9,98,25,60,8,128,19,86
ACC0404,2025-04,10,86,22,50,8,148,19,82
ACC0404,2025-05,10,76,21,53,8,142,18,75
ACC0404,2025-06,10,69,19,52,7,128,17,83
ACC0404,2025-07,10,88,21,45,7,114,18,81
ACC0404,2025-08,8,84,19,47,7,134,17,83
ACC0404,2025-09,10,87,21,55,7,155,19,84
ACC0404,2025-10,10,104,23,52,8,162,19,86
ACC0404,2025-11,10,93,22,53,9,170,21,93
ACC0404,2025-12,12,98,27,61,8,159,23,96
ACC0405,2024-09,11,70,22,41,8,137,22,93
ACC0405,2024-10,12,81,22,43,7,127,22,92
ACC0405,2024-11,12,89,23,48,7,114,23,87
ACC0405,2024-12,12,81,20,45,8,125,20,87
ACC0405,2025-01,12,81,19,39,8,116,27,101
ACC0405,2025-02,12,74,19,36,6,120,21,74
ACC0405,2025-03,9,53,16,37,6,126,21,76
ACC0405,2025-04,8,59,15,33,5,103,17,66
ACC0405,2025-05,7,50,14,28,5,91,13,58
ACC0405,2025-06,6,45,11,23,4,75,12,48
ACC0405,2025-07,5,37,11,20,3,64,12,42
ACC0405,2025-08,5,36,10,21,3,46,12,41
ACC0405,2025-09,5,29,10,19,3,60,9,40
ACC0405,2025-10,5,35,8,16,3,52,9,39
ACC0405,2025-11,5,32,7,16,3,52,9,29
ACC0405,2025-12,4,25,7,15,2,45,7,31
ACC0406,2024-05,107,428,88,226,47,963,115,443
ACC0406,2024-06,99,437,104,269,44,1190,131,445
ACC0406,2024-07,96,438,81,261,45,957,126,457
ACC0406,2024-08,99,475,91,290,35,1128,135,413
ACC0406,2024-09,117,562,93,280,48,1032,131,428
ACC0406,2024-10,127,493,115,352,55,1215,133,465
ACC0406,2024-11,130,455,123,324,60,1184,158,528
ACC0406,2024-12,136,583,122,361,53,1238,162,508
ACC0406,2025-01,157,540,122,352,53,1416,163,611
ACC0406,2025-02,132,536,126,301,51,1342,160,564
ACC0406,2025-03,140,481,127,331,53,1251,144,501
ACC0406,2025-04,134,492,113,311,53,1074,151,476
ACC0406,2025-05,123,542,107,319,49,1145,144,512
ACC0406,2025-06,114,494,101,356,45,1280,109,432
ACC0406,2025-07,133,499,116,324,52,1001,136,498
ACC0406,2025-08,138,553,103,367,57,1089,141,439
ACC0406,2025-09,110,541,108,327,56,1136,127,557
ACC0406,2025-10,152,515,119,360,53,1455,145,466
ACC0406,2025-11,133,568,124,368,60,1333,177,489
ACC0406,2025-12,143,687,125,410,67,1341,169,522
ACC0407,2024-03,33,235,42,95,24,614,61,203
ACC0407,2024-04,42,264,36,90,23,553,65,243
ACC0407,2024-05,40,263,36,94,17,564,59,209
ACC0407,2024-06,33,202,41,83,20,440,57,240
ACC0407,2024-07,34,224,30,96,20,561,56,222
ACC0407,2024-08,36,244,33,93,19,531,60,208
ACC0407,2024-09,38,268,36,99,25,608,65,240
ACC0407,2024-10,48,244,41,102,22,610,74,240
ACC0407,2024-11,35,297,38,96,24,648,71,290
ACC0407,2024-12,42,309,44,114,26,745,75,241
ACC0407,2025-01,49,234,44,124,25,655,81,233
ACC0407,2025-02,44,284,40,120,21,662,79,231
ACC0407,2025-03,41,296,44,90,28,758,70,242
ACC0407,2025-04,46,276,45,94,27,632,62,252
ACC0407,2025-05,43,264,45,101,26,590,66,217
ACC0407,2025-06,42,233,37,99,21,525,61,216
ACC0407,2025-07,38,237,37,97,21,627,60,211
ACC0407,2025-08,44,227,34,104,25,559,68,224
ACC0407,2025-09,46,259,41,112,27,570,58,275
ACC0407,2025-10,45,243,39,100,24,617,65,267
ACC0407,2025-11,48,309,45,127,28,678,74,233
ACC0407,2025-12,55,294,49,104,26,703,79,288
ACC0408,2024-09,9,73,19,38,5,106,27,109
ACC0408,2024-10,10,72,22,42,6,120,28,118
ACC0408,2024-11,10,89,22,43,7,126,31,120
ACC0408,2024-12,10,80,21,51,7,117,34,110
ACC0408,2025-01,9,95,25,49,6,121,31,129
ACC0408,2025-02,8,85,20,44,6,133,33,109
ACC0408,2025-03,10,81,22,46,7,134,31,118
ACC0408,2025-04,9,85,22,41,6,123,31,110
ACC0408,2025-05,10,87,22,44,6,122,23,106
ACC0408,2025-06,8,85,23,38,6,121,21,106
ACC0408,2025-07,10,83,18,46,5,131,27,110
ACC0408,2025-08,9,93,20,43,6,137,26,131
ACC0408,2025-09,10,88,25,52,7,123,27,116
ACC0408,2025-10,9,90,23,50,6,134,32,126
ACC0408,2025-11,11,77,23,46,7,157,31,138
ACC0408,2025-12,11,104,26,51,7,168,34,124
ACC0409,2024-05,39,245,48,90,17,587,54,200
ACC0409,2024-06,39,239,37,92,13,507,67,222
ACC0409,2024-07,43,209,35,82,17,542,62,220
ACC0409,2024-08,40,272,39,112,15,608,70,204
ACC0409,2024-09,39,236,40,93,16,570,68,234
ACC0409,2024-10,38,282,42,94,16,544,71,259
ACC0409,2024-11,47,280,46,103,16,608,68,276
ACC0409,2024-12,52,266,59,104,16,659,66,268
ACC0409,2025-01,53,271,45,106,19,655,84,285
ACC0409,2025-02,54,298,51,129,18,663,89,281
ACC0409,2025-03,51,295,42,99,18,627,78,332
ACC0409,2025-04,46,299,43,87,18,584,73,257
ACC0409,2025-05,44,259,37,99,16,503,72,251
ACC0409,2025-06,46,254,40,100,15,570,80,251
ACC0409,2025-07,38,248,41,80,17,601,72,218
ACC0409,2025-08,44,301,40,88,15,527,70,249
ACC0409,2025-09,40,295,45,88,16,580,76,249
ACC0409,2025-10,51,339,47,107,18,688,71,286
ACC0409,2025-11,47,340,47,122,19,624,78,302
ACC0409,2025-12,49,332,53,129,21,773,80,276
ACC0410,2024-03,13,88,19,57,8,138,25,109
ACC0410,2024-04,11,95,15,49,8,114,25,99
ACC0410,2024-05,11,77,14,35,8,105,19,72
ACC0410,2024-06,9,73,16,46,7,99,19,68
ACC0410,2024-07,8,56,14,39,6,93,17,76
ACC0410,2024-08,9,69,12,42,7,75,17,69
ACC0410,2024-09,9,76,13,40,7,90,16,62
ACC0410,2024-10,8,66,13,38,6,84,20,75
ACC0410,2024-11,9,69,14,39,7,87,18,69
ACC0410,2024-12,8,63,12,38,6,84,17,70
ACC0410,2025-01,8,66,11,34,5,71,15,61
ACC0410,2025-02,7,51,12,30,5,69,13,60
ACC0410,2025-03,6,44,9,25,5,76,12,54
ACC0410,2025-04,5,41,8,25,4,48,9,41
ACC0410,2025-05,4,38,6,16,4,44,8,36
ACC0410,2025-06,4,32,6,19,3,38,8,34
ACC0410,2025-07,3,27,5,16,3,35,7,25
ACC0410,2025-08,3,22,5,14,2,28,6,27
ACC0410,2025-09,3,25,4,15,2,29,6,26
ACC0410,2025-10,3,22,4,13,2,32,5,24
ACC0410,2025-11,2,19,4,10,2,26,5,19
ACC0410,2025-12,2,15,4,10,2,21,4,19
ACC0411,2024-12,102,606,152,349,46,1931,124,504
ACC0411,2025-01,97,704,135,378,58,1904,125,546
ACC0411,2025-02,101,633,132,331,45,1897,138,605
ACC0411,2025-03,86,646,130,370,58,1978,119,582
ACC0411,2025-04,88,586,129,317,47,1681,109,479
ACC0411,2025-05,77,561,106,322,49,1885,129,516
ACC0411,2025-06,96,502,112,317,50,2004,114,483
ACC0411,2025-07,76,538,109,292,54,1513,124,516
ACC0411,2025-08,85,563,113,363,50,1659,124,449
ACC0412,2024-01,46,144,59,149,18,574,45,363
ACC0412,2024-02,42,170,61,159,15,524,58,320
ACC0412,2024-03,46,156,65,147,21,510,51,311
ACC0412,2024-04,41,146,53,133,16,515,44,291
ACC0412,2024-05,44,156,57,127,17,465,42,277
ACC0412,2024-06,37,148,55,131,17,468,50,255
ACC0412,2024-07,36,133,54,137,15,454,45,314
ACC0412,2024-08,34,135,50,127,15,438,49,299
ACC0412,2024-09,36,146,54,159,17,530,49,311
ACC0412,2024-10,38,136,60,174,14,439,50,285
ACC0412,2024-11,41,159,63,125,16,438,51,300
ACC0412,2024-12,41,167,72,161,19,504,49,409
ACC0412,2025-01,44,172,63,177,17,549,62,357
ACC0412,2025-02,45,185,62,159,19,507,50,340
ACC0412,2025-03,43,175,61,159,16,522,52,365
ACC0413,2024-06,96,278,105,490,71,1207,93,636
ACC0413,2024-07,103,349,104,418,67,1423,104,566
ACC0413,2024-08,103,357,118,467,61,1273,102,620
ACC0413,2024-09,112,319,125,399,75,1397,118,672
ACC0413,2024-10,107,393,113,530,64,1256,113,738
ACC0413,2024-11,118,434,120,438,80,1485,115,686
ACC0413,2024-12,127,413,140,571,76,1415,121,732
ACC0413,2025-01,132,405,110,504,73,1458,112,685
ACC0413,2025-02,128,368,115,614,83,1731,97,949
ACC0413,2025-03,113,423,115,501,82,1299,108,810
ACC0413,2025-04,112,383,127,532,71,1427,130,713
ACC0413,2025-05,110,373,112,458,64,1408,123,689
ACC0413,2025-06,105,355,109,503,67,1322,110,620
ACC0413,2025-07,111,312,116,440,66,1246,94,630
ACC0413,2025-08,110,334,104,494,70,1340,104,649
ACC0413,2025-09,111,332,107,468,73,1525,82,736
ACC0413,2025-10,105,473,115,437,70,1411,84,778
ACC0413,2025-11,136,454,143,576,86,1500,132,670
ACC0413,2025-12,130,446,131,571,82,1469,121,741
ACC0414,2024-11,9,63,13,35,11,87,18,112
ACC0414,2024-12,9,78,14,38,11,100,19,114
ACC0414,2025-01,11,80,16,39,11,96,16,125
ACC0414,2025-02,10,79,16,41,9,93,20,111
ACC0414,2025-03,10,61,14,35,11,97,18,109
ACC0414,2025-04,10,69,12,31,10,97,19,117
ACC0414,2025-05,10,70,14,37,10,101,15,98
ACC0414,2025-06,8,63,13,36,10,92,17,111
ACC0414,2025-07,9,64,13,36,9,92,18,106
ACC0414,2025-08,9,59,12,37,9,104,16,100
ACC0414,2025-09,9,73,15,34,11,82,16,84
ACC0414,2025-10,11,71,15,46,12,96,17,107
ACC0414,2025-11,12,76,16,37,11,111,20,112
ACC0414,2025-12,9,72,16,36,12,114,21,119
ACC0415,2024-09,12,82,20,56,7,79,19,108
ACC0415,2024-10,13,98,19,58,6,78,21,121
ACC0415,2024-11,15,90,21,55,7,88,18,102
ACC0415,2024-12,14,115,21,60,6,106,22,131
ACC0415,2025-01,15,120,23,60,9,87,25,116
ACC0415,2025-02,15,105,22,63,7,89,23,121
ACC0415,2025-03,14,117,23,68,7,100,21,116
ACC0415,2025-04,13,100,24,55,7,80,20,100
ACC0415,2025-05,13,94,19,58,9,85,18,98
ACC0415,2025-06,13,101,21,42,6,84,20,112
ACC0415,2025-07,12,90,19,45,5,85,18,103
ACC0415,2025-08,10,96,17,50,7,80,19,101
ACC0415,2025-09,12,97,21,50,7,68,20,103
ACC0415,2025-10,13,103,23,51,8,91,25,116
ACC0415,2025-11,12,104,25,60,8,95,21,105
ACC0415,2025-12,14,104,24,56,9,90,21,126
ACC0416,2024-03,104,709,162,454,85,1658,177,753
ACC0416,2024-04,95,578,148,435,66,1626,152,642
ACC0416,2024-05,99,598,141,376,64,1586,154,747
ACC0416,2024-06,97,545,117,465,67,1330,144,752
ACC0416,2024-07,99,500,129,427,66,1446,135,729
ACC0416,2024-08,84,660,111,524,71,1611,135,823
ACC0416,2024-09,86,598,122,451,75,1450,162,657
ACC0416,2024-10,104,583,172,454,77,1618,165,917
ACC0416,2024-11,105,661,158,533,75,1618,162,870
ACC0416,2024-12,96,747,175,564,88,1605,176,858
ACC0416,2025-01,104,628,160,511,82,1967,181,820
ACC0416,2025-02,115,740,154,579,81,1982,164,888
ACC0416,2025-03,112,663,149,492,75,1784,185,854
ACC0416,2025-04,99,624,142,411,74,1764,136,744
ACC0416,2025-05,88,608,135,508,76,1294,145,674
ACC0416,2025-06,88,664,127,423,71,1467,168,576
ACC0416,2025-07,98,561,149,393,74,1463,150,717
ACC0416,2025-08,100,670,122,455,65,1585,140,685
ACC0416,2025-09,96,735,159,505,80,1809,149,869
ACC0416,2025-10,98,681,153,506,81,1624,170,806
ACC0416,2025-11,120,643,143,553,96,1695,175,846
ACC0416,2025-12,111,606,189,553,83,1756,192,913
ACC0417,2024-02,46,223,65,157,22,482,69,277
ACC0417,2024-03,49,267,57,173,20,541,77,310
ACC0417,2024-04,46,250,53,138,19,532,72,235
ACC0417,2024-05,46,221,44,156,17,595,67,236
ACC0417,2024-06,40,234,52,135,19,463,66,241
ACC0417,2024-07,36,245,49,144,17,431,67,207
ACC0417,2024-08,39,232,52,141,25,519,66,219
ACC0417,2024-09,41,250,51,146,23,500,80,248
ACC0417,2024-10,45,286,50,135,22,625,79,244
ACC0417,2024-11,51,250,51,167,24,565,69,276
ACC0417,2024-12,53,303,67,168,24,705,77,301
ACC0417,2025-01,45,284,66,191,25,550,70,255
ACC0417,2025-02,49,338,62,167,25,590,84,270
ACC0417,2025-03,54,300,61,171,24,633,94,247
ACC0417,2025-04,47,274,63,147,24,463,85,251
ACC0417,2025-05,48,275,57,154,22,566,72,227
ACC0417,2025-06,43,256,47,158,21,541,76,268
ACC0417,2025-07,43,281,52,139,20,529,65,192
ACC0417,2025-08,42,270,57,132,21,489,78,220
ACC0417,2025-09,43,289,47,161,23,549,84,240
ACC0417,2025-10,54,264,61,174,19,596,76,281
ACC0417,2025-11,45,282,60,181,26,592,92,277
ACC0417,2025-12,54,276,66,175,26,693,77,298
ACC0418,2024-08,101,549,99,273,64,1445,116,492
ACC0418,2024-09,100,545,112,286,70,1642,156,511
ACC0418,2024-10,102,664,112,362,69,1657,139,462
ACC0418,2024-11,112,586,128,400,68,1274,153,551
ACC0418,2024-12,99,625,118,379,90,1906,166,630
ACC0418,2025-01,121,641,110,358,80,1791,161,554
ACC0418,2025-02,92,493,118,285,60,1291,128,469
ACC0418,2025-03,83,424,80,240,53,1295,100,391
ACC0418,2025-04,59,366,59,208,41,857,98,274
ACC0418,2025-05,43,361,65,219,45,848,81,226
ACC0418,2025-06,61,334,70,232,39,1071,101,289
ACC0418,2025-07,66,366,81,216,51,945,94,357
ACC0418,2025-08,74,412,93,265,61,995,113,341
ACC0418,2025-09,91,467,88,279,56,1306,114,427
ACC0418,2025-10,94,565,102,320,71,1220,150,460
ACC0418,2025-11,113,556,107,345,81,1713,160,591
ACC0418,2025-12,105,644,129,374,72,1462,173,519
ACC0419,2024-01,87,571,151,311,50,1507,132,572
ACC0419,2024-02,90,517,172,271,49,1436,126,550
ACC0419,2024-03,86,393,147,274,43,1203,142,568
ACC0419,2024-04,87,455,133,274,43,1410,128,594
ACC0419,2024-05,83,470,122,256,44,1260,133,478
ACC0419,2024-06,89,477,122,251,45,1125,137,491
ACC0419,2024-07,76,437,133,232,39,1299,114,451
ACC0419,2024-08,68,459,147,271,39,1227,120,453
ACC0419,2024-09,86,449,129,286,41,1258,111,548
ACC0419,2024-10,93,493,156,289,40,1266,125,641
ACC0419,2024-11,88,530,172,277,39,1334,150,550
ACC0419,2024-12,88,504,164,340,46,1318,140,609
ACC0419,2025-01,105,631,161,309,57,1539,130,593
ACC0419,2025-02,90,620,179,286,54,1569,145,583
ACC0419,2025-03,85,547,153,333,47,1274,139,610
ACC0419,2025-04,83,509,141,332,44,1632,154,580
ACC0419,2025-05,89,487,142,263,45,1284,126,556
ACC0419,2025-06,80,445,153,242,37,1355,118,547
ACC0419,2025-07,90,427,145,284,47,1351,124,557
ACC0419,2025-08,78,451,140,274,40,1244,132,554
ACC0419,2025-09,92,500,167,277,51,1387,127,576
ACC0419,2025-10,97,467,155,337,46,1393,139,573
ACC0419,2025-11,99,524,152,317,44,1380,155,575
ACC0419,2025-12,105,592,152,356,56,1617,151,641
ACC0420,2024-04,12,72,18,55,10,90,22,92
ACC0420,2024-05,12,79,18,52,9,82,20,96
ACC0420,2024-06,12,67,16,52,8,82,22,81
ACC0420,2024-07,11,76,14,58,8,83,18,93
ACC0420,2024-08,11,84,19,53,9,73,22,92
ACC0420,2024-09,13,76,19,53,10,90,20,108
ACC0420,2024-10,13,94,17,59,9,87,20,88
ACC0420,2024-11,15,78,20,56,11,88,24,106
ACC0420,2024-12,13,84,22,66,11,92,24,104
ACC0420,2025-01,14,102,20,67,11,100,24,109
ACC0420,2025-02,15,103,22,73,11,104,24,120
ACC0420,2025-03,15,92,22,53,12,95,22,115
ACC0420,2025-04,15,91,20,56,10,101,25,109
ACC0420,2025-05,13,84,17,56,11,95,23,107
ACC0420,2025-06,13,95,21,57,10,87,22,93
ACC0420,2025-07,14,71,19,65,9,105,22,99
ACC0420,2025-08,16,83,22,63,10,98,23,109
ACC0420,2025-09,14,82,19,69,12,88,22,115
ACC0420,2025-10,15,103,19,68,11,103,22,114
ACC0420,2025-11,15,101,23,68,13,94,31,142
ACC0420,2025-12,17,111,24,68,12,119,30,128
ACC0421,2024-02,12,77,24,44,7,160,27,140
ACC0421,2024-03,12,64,24,41,7,119,28,137
ACC0421,2024-04,14,84,23,35,7,141,28,124
ACC0421,2024-05,11,68,19,40,6,122,27,111
ACC0421,2024-06,12,64,21,34,7,114,28,116
ACC0421,2024-07,10,70,20,35,6,112,24,117
ACC0422,2024-12,32,272,47,113,20,386,48,357
ACC0422,2025-01,41,256,37,126,25,446,53,409
ACC0422,2025-02,34,292,46,116,22,414,55,357
ACC0422,2025-03,36,277,43,121,22,371,48,370
ACC0422,2025-04,38,274,47,120,20,407,51,349
ACC0422,2025-05,31,251,37,116,19,365,51,328
ACC0422,2025-06,33,257,37,113,17,330,45,321
ACC0422,2025-07,34,222,37,101,19,351,44,312
ACC0422,2025-08,32,250,31,113,18,390,43,317
ACC0422,2025-09,36,238,34,97,20,356,48,352
ACC0422,2025-10,35,238,38,116,22,340,53,379
ACC0422,2025-11,33,349,39,124,21,371,54,368
ACC0422,2025-12,37,294,47,114,25,445,53,333
ACC0423,2024-02,9,81,25,57,10,170,23,107
ACC0423,2024-03,10,92,22,61,9,150,26,91
ACC0423,2024-04,10,99,23,47,9,164,23,99
ACC0423,2024-05,8,98,21,53,9,149,21,102
ACC0423,2024-06,7,88,21,54,8,155,20,100
ACC0423,2024-07,8,79,22,45,8,141,21,92
ACC0423,2024-08,8,103,21,57,8,125,19,87
ACC0423,2024-09,8,103,19,46,9,132,21,97
ACC0423,2024-10,9,95,24,60,10,170,22,92
ACC0423,2024-11,11,115,24,65,10,146,24,108
ACC0423,2024-12,11,104,24,60,12,160,26,100
ACC0423,2025-01,11,93,24,69,10,150,25,124
ACC0423,2025-02,12,95,28,70,11,162,25,109
ACC0423,2025-03,10,114,26,64,10,149,29,107
ACC0423,2025-04,10,109,21,62,10,150,22,116
ACC0423,2025-05,10,99,21,60,9,125,24,111
ACC0423,2025-06,11,94,22,60,8,138,20,97
ACC0423,2025-07,10,90,20,56,9,128,21,106
ACC0423,2025-08,9,90,22,53,10,150,18,89
ACC0423,2025-09,10,81,26,59,9,170,24,108
ACC0423,2025-10,11,126,26,62,10,162,25,94
ACC0423,2025-11,10,88,28,72,9,184,23,111
ACC0423,2025-12,12,108,27,64,12,190,27,116
ACC0424,2024-01,13,108,22,46,9,135,26,107
ACC0424,2024-02,14,98,21,56,12,142,23,105
ACC0424,2024-03,13,106,23,52,10,142,26,110
ACC0424,2024-04,13,106,17,49,9,151,22,101
ACC0424,2024-05,11,87,17,45,9,135,23,98
ACC0424,2024-06,9,89,18,46,9,144,18,99
ACC0424,2024-07,11,89,18,41,10,128,22,97
ACC0424,2024-08,12,90,18,46,9,116,22,100
ACC0424,2024-09,11,89,21,50,10,128,22,100
ACC0424,2024-10,11,95,19,47,10,132,25,118
ACC0424,2024-11,14,104,21,51,12,139,23,113
ACC0424,2024-12,13,97,23,58,11,136,29,131
ACC0424,2025-01,11,102,20,54,10,129,24,122
ACC0424,2025-02,13,112,21,56,13,149,30,122
ACC0424,2025-03,12,104,21,58,11,132,28,113
ACC0424,2025-04,11,89,23,49,12,151,27,117
ACC0424,2025-05,12,103,19,51,11,142,25,114
ACC0424,2025-06,11,93,18,50,12,134,25,104
ACC0424,2025-07,12,107,19,45,10,134,21,107
ACC0424,2025-08,12,97,20,43,11,138,23,111
ACC0424,2025-09,13,106,20,45,12,144,28,122
ACC0424,2025-10,12,104,23,51,11,142,26,103
ACC0424,2025-11,14,115,23,50,12,157,31,125
ACC0424,2025-12,16,107,24,52,12,175,32,120
ACC0425,2024-12,11,76,19,39,9,104,18,88
ACC0425,2025-01,11,80,19,40,11,116,19,79
ACC0425,2025-02,12,75,15,41,10,120,18,77
ACC0425,2025-03,12,73,19,43,10,115,20,79
ACC0425,2025-04,12,72,16,45,11,110,16,79
ACC0425,2025-05,12,71,17,41,10,101,19,80
ACC0425,2025-06,6,38,8,22,5,53,9,42
ACC0426,2024-10,40,252,31,172,21,559,55,281
ACC0426,2024-11,35,262,38,190,26,562,62,324
ACC0426,2024-12,41,255,38,181,23,489,63,325
ACC0426,2025-01,38,299,41,190,24,546,76,304
ACC0426,2025-02,37,312,38,177,22,594,69,385
ACC0426,2025-03,38,269,42,187,22,649,55,344
ACC0426,2025-04,43,287,31,171,21,519,59,309
ACC0426,2025-05,38,255,35,171,20,539,62,301
ACC0426,2025-06,36,265,34,184,22,501,54,288
ACC0426,2025-07,36,258,35,166,22,536,55,336
ACC0426,2025-08,36,256,27,193,22,597,59,302
ACC0426,2025-09,42,268,36,180,20,583,60,326
ACC0426,2025-10,36,232,35,176,25,609,78,340
ACC0426,2025-11,38,278,41,218,30,600,74,336
ACC0426,2025-12,40,345,43,218,27,569,86,399
ACC0427,2024-01,73,505,93,491,51,1352,196,623
ACC0427,2024-02,69,499,89,441,46,1101,196,574
ACC0427,2024-03,68,507,91,454,52,1259,198,745
ACC0427,2024-04,63,441,76,438,54,1386,191,638
ACC0427,2024-05,61,426,89,418,48,1082,172,605
ACC0427,2024-06,59,389,89,401,50,1040,178,557
ACC0427,2024-07,61,363,85,346,43,1110,159,515
ACC0427,2024-08,51,430,83,398,44,1183,164,608
ACC0427,2024-09,62,372,85,410,49,1189,187,646
ACC0427,2024-10,61,498,90,439,53,1208,220,649
ACC0427,2024-11,76,500,102,404,52,1436,199,709
ACC0427,2024-12,66,462,98,469,58,1299,238,752
ACC0427,2025-01,79,557,103,442,58,1473,216,775
ACC0427,2025-02,73,509,90,504,56,1530,201,718
ACC0427,2025-03,69,487,111,474,53,1329,195,785
ACC0427,2025-04,63,518,108,475,47,1334,219,633
ACC0427,2025-05,60,465,98,344,50,1173,206,587
ACC0427,2025-06,71,444,82,389,45,1199,176,530
ACC0427,2025-07,66,446,90,404,46,1036,203,556
ACC0427,2025-08,54,450,93,392,51,1330,184,574
ACC0427,2025-09,62,454,90,431,53,1298,162,612
ACC0427,2025-10,79,504,100,495,53,1391,200,679
ACC0427,2025-11,71,479,114,509,54,1510,239,739
ACC0427,2025-12,82,613,124,495,56,1553,223,722
ACC0428,2024-02,15,118,19,41,6,107,27,133
ACC0428,2024-03,13,115,20,43,6,116,24,103
ACC0428,2024-04,13,109,19,46,7,98,22,114
ACC0428,2024-05,10,123,17,41,5,93,22,105
ACC0428,2024-06,11,96,16,41,6,99,23,85
ACC0428,2024-07,12,98,18,36,6,94,26,102
ACC0428,2024-08,12,110,19,42,6,93,22,110
ACC0428,2024-09,12,111,17,42,6,100,28,108
ACC0428,2024-10,13,117,17,45,6,129,30,135
ACC0428,2024-11,14,105,21,51,7,106,26,130
ACC0428,2024-12,15,120,19,52,7,144,26,137
ACC0428,2025-01,14,112,22,55,7,134,30,131
ACC0428,2025-02,15,119,22,54,7,121,28,118
ACC0428,2025-03,13,118,20,50,7,116,33,132
ACC0428,2025-04,13,118,19,49,7,123,28,107
ACC0428,2025-05,14,141,20,44,7,108,25,119
ACC0428,2025-06,13,100,22,45,6,112,23,119
ACC0428,2025-07,12,136,16,50,8,123,22,123
ACC0428,2025-08,16,120,20,46,7,116,25,117
ACC0428,2025-09,14,125,20,50,7,115,29,121
ACC0428,2025-10,14,135,21,53,7,135,33,146
ACC0428,2025-11,16,142,23,55,7,138,31,154
ACC0428,2025-12,20,138,23,55,7,123,37,145
ACC0429,2024-02,11,96,15,64,9,106,25,114
ACC0429,2024-03,13,97,17,55,10,113,22,108
ACC0429,2024-04,11,101,18,51,7,104,24,100
ACC0429,2024-05,10,81,16,46,9,95,18,96
ACC0429,2024-06,11,103,16,50,8,80,18,94
ACC0429,2024-07,11,97,15,50,7,74,19,102
ACC0429,2024-08,11,86,14,40,8,91,21,105
ACC0429,2024-09,11,94,15,51,8,91,20,99
ACC0429,2024-10,12,104,16,67,7,93,19,114
ACC0429,2024-11,12,98,18,59,8,121,24,105
ACC0429,2024-12,12,103,19,56,10,121,24,139
ACC0429,2025-01,13,109,17,60,10,106,26,142
ACC0429,2025-02,11,109,18,66,9,106,22,119
ACC0429,2025-03,12,107,18,56,10,101,23,116
ACC0429,2025-04,12,101,18,61,7,87,23,93
ACC0429,2025-05,12,101,14,54,8,86,22,115
ACC0429,2025-06,11,101,15,55,8,88,21,110
ACC0429,2025-07,11,98,15,52,9,100,20,109
ACC0429,2025-08,10,91,14,51,8,97,18,114
ACC0429,2025-09,12,94,15,55,9,106,23,102
ACC0429,2025-10,13,101,17,59,9,95,23,117
ACC0429,2025-11,13,97,18,74,9,112,24,120
ACC0429,2025-12,11,117,18,64,11,122,25,112
ACC0430,2024-09,85,372,108,312,43,1383,122,558
ACC0430,2024-10,108,358,104,392,43,1429,134,619
ACC0430,2024-11,100,369,134,376,45,1475,160,662
ACC0430,2024-12,113,473,130,361,46,1676,156,701
ACC0430,2025-01,94,482,159,346,49,1883,149,668
ACC0430,2025-02,114,412,123,384,63,1784,149,673
ACC0430,2025-03,100,438,110,376,49,1687,159,659
ACC0430,2025-04,102,431,132,351,56,1689,127,636
ACC0430,2025-05,103,408,102,393,47,1697,149,550
ACC0430,2025-06,106,396,121,310,46,1551,131,600
ACC0430,2025-07,88,429,122,325,42,1428,112,585
ACC0430,2025-08,96,382,109,358,42,1432,143,588
ACC0430,2025-09,108,386,124,361,44,1798,153,659
ACC0430,2025-10,99,525,139,397,49,1696,146,630
ACC0430,2025-11,115,514,140,460,56,1522,169,698
ACC0430,2025-12,108,488,136,454,58,1492,192,645
ACC0431,2024-08,26,209,40,97,16,357,65,292
ACC0431,2024-09,29,196,45,111,15,369,55,289
ACC0431,2024-10,31,243,38,107,16,504,53,292
ACC0431,2024-11,27,247,46,108,17,537,60,295
ACC0431,2024-12,27,233,46,112,14,488,62,312
ACC0431,2025-01,31,225,36,116,14,468,58,251
ACC0431,2025-02,23,223,30,94,14,436,49,223
ACC0431,2025-03,23,182,33,96,12,389,45,233
ACC0431,2025-04,20,149,27,78,10,341,37,178
ACC0431,2025-05,18,130,26,63,8,327,30,159
ACC0431,2025-06,17,115,19,58,7,229,31,137
ACC0431,2025-07,14,107,18,53,6,214,27,144
ACC0431,2025-08,11,86,16,47,6,198,26,110
ACC0431,2025-09,13,92,17,49,6,206,21,100
ACC0431,2025-10,10,89,19,41,7,184,20,110
ACC0431,2025-11,12,76,14,38,6,179,23,110
ACC0431,2025-12,9,77,13,39,5,162,21,102
ACC0432,2024-06,13,67,16,45,9,96,22,80
ACC0432,2024-07,12,56,12,36,8,76,22,88
ACC0432,2024-08,14,61,13,41,10,92,24,87
ACC0432,2024-09,13,61,12,47,8,87,20,84
ACC0432,2024-10,13,69,14,50,10,97,26,103
ACC0432,2024-11,13,78,17,57,9,119,31,98
ACC0432,2024-12,13,69,16,54,10,115,29,104
ACC0432,2025-01,14,63,14,49,8,91,23,85
ACC0432,2025-02,11,49,10,35,6,84,20,73
ACC0432,2025-03,9,40,9,32,6,70,16,59
ACC0432,2025-04,8,39,9,33,5,59,13,49
ACC0432,2025-05,8,47,9,32,5,63,13,63
ACC0432,2025-06,10,37,8,34,6,58,18,62
ACC0432,2025-07,9,45,9,34,7,71,20,59
ACC0432,2025-08,10,51,11,39,7,75,19,70
ACC0432,2025-09,12,60,14,45,8,83,23,74
ACC0432,2025-10,14,67,12,41,9,100,20,80
ACC0432,2025-11,14,73,15,65,9,111,26,83
ACC0432,2025-12,15,69,18,54,9,120,26,101
ACC0433,2024-03,43,194,33,111,28,439,41,330
ACC0433,2024-04,40,173,34,112,31,486,43,307
ACC0433,2024-05,40,182,31,97,26,380,40,324
ACC0433,2024-06,35,185,37,88,28,404,39,307
ACC0433,2024-07,38,188,31,93,30,393,36,314
ACC0433,2024-08,43,187,36,96,24,357,43,323
ACC0433,2024-09,39,203,34,89,29,397,40,295
ACC0433,2024-10,37,212,38,104,29,485,41,321
ACC0434,2024-07,42,222,49,124,26,523,42,236
ACC0434,2024-08,37,208,44,162,25,509,41,212
ACC0434,2024-09,35,247,46,156,24,530,42,208
ACC0434,2024-10,41,257,50,157,31,542,46,223
ACC0434,2024-11,51,255,56,154,29,679,45,212
ACC0434,2024-12,58,265,60,163,34,505,54,291
ACC0434,2025-01,55,301,52,161,30,735,62,262
ACC0434,2025-02,49,303,52,168,31,507,52,236
ACC0434,2025-03,53,286,63,180,32,583,55,239
ACC0434,2025-04,48,287,50,184,30,604,51,228
ACC0434,2025-05,52,256,58,164,30,588,49,235
ACC0434,2025-06,47,287,45,145,30,518,40,227
ACC0434,2025-07,47,246,57,145,30,619,46,250
ACC0434,2025-08,47,256,49,145,31,547,44,187
ACC0434,2025-09,48,307,53,131,32,566,57,230
ACC0434,2025-10,54,285,65,177,31,609,52,244
ACC0434,2025-11,52,278,54,173,33,712,57,241
ACC0434,2025-12,64,316,55,177,31,660,60,246
ACC0435,2024-03,13,95,17,38,10,93,19,101
ACC0435,2024-04,12,86,18,39,10,91,20,106
ACC0435,2024-05,12,74,16,39,9,96,19,111
ACC0435,2024-06,12,81,15,33,9,84,20,115
ACC0435,2024-07,10,84,17,38,8,75,19,82
ACC0435,2024-08,12,76,16,32,10,93,17,81
ACC0435,2024-09,10,84,16,38,9,87,18,112
ACC0435,2024-10,11,83,17,40,10,87,21,95
ACC0435,2024-11,13,92,20,38,10,114,22,116
ACC0435,2024-12,13,107,19,44,11,115,23,110
ACC0435,2025-01,13,97,22,45,10,101,21,122
ACC0435,2025-02,13,98,18,43,10,96,23,131
ACC0435,2025-03,14,90,20,42,10,108,25,122
ACC0435,2025-04,13,84,18,45,11,91,22,124
ACC0435,2025-05,12,98,16,37,8,92,20,86
ACC0435,2025-06,12,90,19,36,9,99,22,108
ACC0435,2025-07,12,72,16,39,9,90,20,110
ACC0435,2025-08,11,84,16,32,9,90,22,98
ACC0435,2025-09,12,80,15,42,8,78,20,131
ACC0435,2025-10,13,97,19,37,10,107,21,109
ACC0435,2025-11,14,95,19,41,12,95,23,103
ACC0435,2025-12,15,103,18,54,11,121,25,128
ACC0436,2024-08,96,480,110,247,44,1292,179,533
ACC0436,2024-09,86,476,108,301,44,1333,179,509
ACC0436,2024-10,97,470,113,276,42,1930,212,590
ACC0436,2024-11,81,475,109,346,48,1574,196,686
ACC0436,2024-12,101,529,137,292,47,1810,197,688
ACC0436,2025-01,87,562,111,317,48,1816,184,679
ACC0436,2025-02,116,499,129,349,54,1855,219,671
ACC0436,2025-03,106,502,114,317,48,1831,206,706
ACC0436,2025-04,109,445,119,318,46,1827,206,669
ACC0436,2025-05,92,446,122,273,42,1880,201,482
ACC0436,2025-06,78,441,104,241,34,1457,171,502
ACC0436,2025-07,87,478,107,308,43,1923,189,611
ACC0436,2025-08,86,440,109,259,46,1601,218,502
ACC0436,2025-09,85,463,119,289,43,1608,167,616
ACC0436,2025-10,109,402,116,284,46,1615,177,604
ACC0436,2025-11,114,554,128,332,51,1957,216,655
ACC0436,2025-12,96,551,140,367,50,1658,233,746
ACC0437,2024-09,9,62,17,56,6,73,19,101
ACC0437,2024-10,10,69,17,55,7,91,19,112
ACC0437,2024-11,10,76,20,64,7,84,21,116
ACC0437,2024-12,10,87,21,58,7,90,22,141
ACC0437,2025-01,10,73,22,49,8,102,22,123
ACC0437,2025-02,12,76,21,61,6,117,19,129
ACC0437,2025-03,10,74,18,59,7,78,21,127
ACC0437,2025-04,11,72,20,53,7,80,19,120
ACC0437,2025-05,9,72,19,47,8,91,17,106
ACC0437,2025-06,9,71,14,47,5,94,19,105
ACC0437,2025-07,9,55,16,51,6,84,18,102
ACC0437,2025-08,8,72,17,47,6,82,17,114
ACC0437,2025-09,8,75,19,52,6,87,20,121
ACC0437,2025-10,9,92,21,58,6,89,24,118
ACC0437,2025-11,11,91,23,50,7,99,20,121
ACC0437,2025-12,11,91,21,68,7,104,24,128
ACC0438,2024-11,15,65,18,53,10,132,27,77
ACC0438,2024-12,14,93,14,48,10,130,26,61
ACC0438,2025-01,13,80,13,50,8,120,25,71
ACC0438,2025-02,12,72,12,52,9,164,26,66
ACC0438,2025-03,11,62,13,49,7,119,19,63
ACC0438,2025-04,8,58,11,37,7,99,23,49
ACC0438,2025-05,8,53,8,29,6,77,16,48
ACC0438,2025-06,7,44,6,23,4,84,14,38
ACC0438,2025-07,6,40,6,22,3,63,12,31
ACC0438,2025-08,5,32,5,15,3,60,10,34
ACC0439,2024-01,11,79,19,62,10,135,23,101
ACC0439,2024-02,12,61,20,61,10,137,26,107
ACC0439,2024-03,9,66,18,66,9,122,23,94
ACC0439,2024-04,11,53,18,53,9,126,21,92
ACC0439,2024-05,9,63,15,55,10,118,19,97
ACC0439,2024-06,9,55,18,45,7,128,22,86
ACC0439,2024-07,9,53,15,42,8,135,18,88
ACC0439,2024-08,9,54,17,44,10,118,18,93
ACC0439,2024-09,8,44,16,47,8,117,16,91
ACC0439,2024-10,7,53,15,42,7,110,19,90
ACC0439,2024-11,9,54,17,41,7,114,17,65
ACC0439,2024-12,8,41,12,37,6,108,17,72
ACC0439,2025-01,7,37,13,37,6,92,15,63
ACC0439,2025-02,7,43,11,33,7,90,14,66
ACC0439,2025-03,7,50,12,36,7,99,16,72
ACC0439,2025-04,6,46,15,38,7,94,16,74
ACC0439,2025-05,6,49,12,32,6,99,17,70
ACC0439,2025-06,8,40,15,33,7,101,17,64
ACC0439,2025-07,8,49,15,41,7,102,17,67
ACC0439,2025-08,9,52,14,47,8,88,18,86
ACC0439,2025-09,9,60,17,43,10,92,19,82
ACC0439,2025-10,12,48,16,51,10,149,21,97
ACC0439,2025-11,12,57,19,56,11,157,24,112
ACC0439,2025-12,12,75,22,50,10,156,23,109
ACC0440,2024-04,14,85,22,60,11,106,19,119
ACC0440,2024-05,14,88,21,52,9,105,17,121
ACC0440,2024-06,13,81,22,55,10,99,17,121
ACC0440,2024-07,14,81,21,57,9,94,17,113
ACC0440,2024-08,16,78,23,62,9,91,16,127
ACC0440,2024-09,16,83,22,55,10,99,20,137
ACC0440,2024-10,15,84,25,63,10,110,18,127
ACC0440,2024-11,15,84,25,62,10,126,17,125
ACC0440,2024-12,17,89,24,67,10,110,20,127
ACC0440,2025-01,15,102,26,62,11,113,18,133
ACC0440,2025-02,16,94,26,62,10,118,20,133
ACC0440,2025-03,16,93,23,68,10,105,20,134
ACC0440,2025-04,16,91,24,65,9,99,21,126
ACC0440,2025-05,16,85,24,60,9,113,18,127
ACC0440,2025-06,16,79,25,63,10,116,18,117
ACC0440,2025-07,15,83,23,62,10,120,19,109
ACC0440,2025-08,18,87,23,66,9,106,18,128
ACC0440,2025-09,8,49,11,34,6,57,11,70
ACC0441,2024-07,14,97,12,47,5,90,19,96
ACC0441,2024-08,11,117,13,61,5,85,20,85
ACC0441,2024-09,14,105,13,58,5,91,24,82
ACC0441,2024-10,17,110,12,69,6,100,20,93
ACC0441,2024-11,16,115,14,64,6,91,23,100
ACC0441,2024-12,16,128,15,71,6,110,22,106
ACC0441,2025-01,21,133,17,69,7,110,29,102
ACC0441,2025-02,18,110,15,67,7,104,27,111
ACC0441,2025-03,18,132,17,68,7,120,25,100
ACC0441,2025-04,16,117,15,64,7,96,24,105
ACC0441,2025-05,15,105,15,56,6,100,23,84
ACC0441,2025-06,14,116,15,51,5,101,22,80
ACC0441,2025-07,17,130,14,65,6,93,22,102
ACC0441,2025-08,14,123,16,58,7,75,22,99
ACC0441,2025-09,16,122,16,67,6,97,24,101
ACC0441,2025-10,16,130,17,63,7,109,25,101
ACC0441,2025-11,18,123,17,74,8,102,30,102
ACC0441,2025-12,19,149,15,75,7,123,26,115
ACC0442,2024-08,105,457,98,468,43,1199,85,704
ACC0442,2024-09,106,530,113,442,40,1417,111,651
ACC0442,2024-10,123,539,110,520,39,1430,95,758
ACC0442,2024-11,116,557,134,515,45,1464,111,712
ACC0442,2024-12,118,559,124,562,46,1579,107,776
ACC0442,2025-01,121,711,127,492,47,1593,119,839
ACC0442,2025-02,126,605,129,510,52,1556,108,896
ACC0442,2025-03,123,543,112,553,45,1573,114,837
ACC0442,2025-04,124,569,112,459,45,1296,103,827
ACC0442,2025-05,106,581,125,452,43,1138,108,771
ACC0442,2025-06,104,509,113,461,40,1255,93,722
ACC0442,2025-07,103,418,108,459,37,1330,101,800
ACC0442,2025-08,109,511,116,496,43,1217,105,817
ACC0442,2025-09,97,518,122,470,53,1260,103,820
ACC0442,2025-10,124,551,109,632,42,1530,114,740
ACC0442,2025-11,142,517,127,595,46,1564,133,921
ACC0442,2025-12,128,631,154,522,46,1588,115,916
ACC0443,2024-06,8,59,16,50,10,153,23,61
ACC0443,2024-07,7,70,17,46,8,136,21,59
ACC0443,2024-08,8,65,18,49,8,139,16,61
ACC0443,2024-09,7,67,21,50,8,134,19,69
ACC0443,2024-10,10,69,20,65,9,166,24,67
ACC0443,2024-11,8,63,21,61,9,148,19,80
ACC0443,2024-12,9,81,19,56,9,146,24,60
ACC0443,2025-01,8,58,17,50,7,159,19,56
ACC0443,2025-02,8,57,16,40,7,128,17,54
ACC0443,2025-03,6,44,12,37,6,93,15,55
ACC0443,2025-04,6,47,11,31,6,92,13,47
ACC0443,2025-05,5,49,12,31,6,103,17,47
ACC0443,2025-06,6,46,13,37,7,106,15,44
ACC0443,2025-07,6,50,15,36,7,108,16,52
ACC0443,2025-08,6,54,15,47,7,124,16,39
ACC0443,2025-09,8,70,17,44,7,132,19,65
ACC0443,2025-10,8,75,16,54,8,136,19,78
ACC0443,2025-11,10,71,20,59,10,167,18,87
ACC0443,2025-12,9,86,21,48,11,167,25,79
ACC0444,2024-02,26,161,51,162,29,355,50,251
ACC0444,2024-03,27,164,46,175,28,375,52,305
ACC0444,2024-04,27,152,44,155,24,373,47,238
ACC0444,2024-05,24,141,39,171,26,313,47,190
ACC0444,2024-06,25,146,41,151,30,277,41,229
ACC0444,2024-07,23,151,43,147,23,338,40,225
ACC0444,2024-08,26,135,34,172,25,299,45,205
ACC0444,2024-09,23,157,41,170,25,293,49,226
ACC0444,2024-10,29,179,50,154,27,310,57,239
ACC0444,2024-11,30,160,45,161,28,337,58,275
ACC0444,2024-12,30,163,55,197,28,371,51,270
ACC0444,2025-01,28,144,50,212,33,444,53,283
ACC0444,2025-02,31,195,54,201,29,431,59,296
ACC0444,2025-03,28,180,44,190,28,361,57,292
ACC0444,2025-04,28,146,45,198,24,326,60,256
ACC0444,2025-05,29,156,44,161,29,350,58,206
ACC0444,2025-06,23,150,44,159,26,345,53,235
ACC0444,2025-07,28,157,42,152,25,333,51,243
ACC0444,2025-08,25,139,42,176,28,343,52,236
ACC0444,2025-09,31,170,41,179,25,371,51,254
ACC0444,2025-10,29,170,49,198,32,406,55,243
ACC0444,2025-11,29,183,50,218,27,396,61,288
ACC0444,2025-12,32,203,48,252,26,422,65,299
ACC0445,2024-11,14,83,13,42,10,127,21,125
ACC0445,2024-12,13,74,15,43,12,124,27,168
ACC0445,2025-01,15,85,16,43,11,127,25,142
ACC0445,2025-02,12,89,13,43,10,121,24,133
ACC0445,2025-03,14,81,13,42,11,113,23,133
ACC0445,2025-04,13,87,15,38,10,115,26,125
ACC0445,2025-05,12,68,11,41,9,106,22,117
ACC0445,2025-06,11,74,10,39,9,110,23,100
ACC0445,2025-07,11,66,12,37,10,102,26,112
ACC0445,2025-08,14,71,14,35,10,107,19,101
ACC0445,2025-09,12,76,13,34,9,127,21,131
ACC0445,2025-10,15,71,15,36,11,118,26,120
ACC0445,2025-11,15,79,15,42,11,113,28,129
ACC0445,2025-12,16,76,14,47,11,133,27,128
ACC0446,2024-10,33,148,47,120,20,540,70,337
ACC0446,2024-11,31,185,60,149,20,676,65,347
ACC0446,2024-12,37,165,58,153,19,669,78,306
ACC0446,2025-01,36,161,55,158,22,701,80,401
ACC0446,2025-02,30,157,51,154,19,662,62,337
ACC0446,2025-03,28,127,48,125,20,491,61,210
ACC0446,2025-04,22,130,37,101,14,488,44,233
ACC0446,2025-05,19,111,28,66,12,371,34,171
ACC0446,2025-06,18,86,27,70,11,378,41,196
ACC0446,2025-07,22,94,34,99,12,396,42,192
ACC0446,2025-08,20,94,37,101,15,377,43,214
ACC0446,2025-09,24,129,44,112,15,454,45,251
ACC0446,2025-10,26,135,46,142,19,565,55,308
ACC0446,2025-11,33,170,51,126,22,633,74,327
ACC0446,2025-12,35,165,58,169,23,673,71,312
ACC0447,2024-12,12,84,13,39,11,128,28,105
ACC0447,2025-01,11,110,15,29,10,110,28,100
ACC0447,2025-02,10,99,13,35,11,119,24,92
ACC0447,2025-03,8,101,14,27,9,85,24,87
ACC0447,2025-04,7,80,12,27,8,75,19,82
ACC0447,2025-05,6,73,10,23,6,71,17,73
ACC0447,2025-06,5,57,9,23,6,75,14,63
ACC0447,2025-07,5,57,9,20,6,67,16,47
ACC0447,2025-08,5,53,7,19,5,56,13,48
ACC0447,2025-09,5,50,7,18,5,60,13,46
ACC0447,2025-10,4,51,7,19,4,52,12,46
ACC0447,2025-11,4,45,7,14,4,52,11,43
ACC0447,2025-12,3,43,7,15,4,51,10,43
ACC0448,2024-11,10,92,19,55,9,101,22,72
ACC0448,2024-12,10,94,19,57,10,99,21,84
ACC0448,2025-01,10,86,19,60,10,104,20,83
ACC0448,2025-02,12,103,19,65,9,112,21,81
ACC0448,2025-03,9,84,19,59,9,103,20,78
ACC0448,2025-04,10,90,19,56,9,95,19,79
ACC0448,2025-05,10,100,18,58,9,94,18,76
ACC0448,2025-06,5,46,11,30,5,55,10,44
ACC0449,2024-04,9,96,14,30,7,115,17,90
ACC0449,2024-05,9,98,11,30,7,106,19,90
ACC0449,2024-06,9,100,13,26,6,108,18,94
ACC0449,2024-07,9,97,11,29,6,119,19,84
ACC0449,2024-08,9,88,10,27,7,126,17,80
ACC0449,2024-09,10,112,13,32,7,114,20,96
ACC0449,2024-10,9,104,14,30,8,146,18,100
ACC0449,2024-11,10,102,15,36,9,113,21,96
ACC0449,2024-12,11,96,16,36,9,108,24,112
ACC0449,2025-01,11,106,15,34,8,135,22,98
ACC0449,2025-02,10,117,16,38,8,119,19,97
ACC0449,2025-03,10,101,15,39,9,130,23,104
ACC0449,2025-04,9,110,15,35,8,115,19,103
ACC0449,2025-05,10,86,14,29,7,124,19,91
ACC0449,2025-06,10,90,15,33,6,117,19,90
ACC0449,2025-07,9,110,13,30,7,111,18,85
ACC0449,2025-08,9,94,15,37,6,108,19,85
ACC0449,2025-09,8,100,13,31,8,126,18,89
ACC0449,2025-10,11,100,16,35,8,98,17,92
ACC0449,2025-11,11,120,15,39,9,137,25,108
ACC0449,2025-12,9,124,14,36,9,157,22,104
ACC0450,2024-03,80,454,140,399,40,1203,113,907
ACC0450,2024-04,90,420,120,377,42,1294,123,847
ACC0450,2024-05,77,441,112,381,42,1215,120,778
ACC0450,2024-06,68,436,119,348,38,1227,118,811
ACC0450,2024-07,74,416,123,331,42,1236,114,854
ACC0450,2024-08,80,413,122,345,41,1265,135,813
ACC0450,2024-09,87,448,109,372,38,1200,125,836
ACC0450,2024-10,87,456,134,335,45,1292,116,916
ACC0450,2024-11,91,463,127,392,47,1387,131,867
ACC0450,2024-12,89,492,123,432,46,1210,135,885
ACC0450,2025-01,88,476,142,373,48,1315,127,849
ACC0450,2025-02,88,440,125,440,43,1429,146,912
ACC0450,2025-03,91,478,124,369,46,1177,147,923
ACC0450,2025-04,80,417,123,376,45,1443,134,940
ACC0450,2025-05,91,427,108,371,44,1234,136,762
ACC0450,2025-06,86,430,130,366,46,1168,124,871
ACC0450,2025-07,80,448,126,356,46,1234,116,836
ACC0450,2025-08,75,424,121,357,38,1337,128,888
ACC0450,2025-09,84,417,108,387,46,1264,125,924
ACC0450,2025-10,51,268,77,233,26,720,86,500
ACC0451,2024-07,68,490,88,392,37,1349,80,626
ACC0451,2024-08,83,539,97,346,39,1413,91,642
ACC0451,2024-09,85,549,108,399,42,1495,91,595
ACC0451,2024-10,84,517,102,433,42,1947,102,710
ACC0451,2024-11,70,593,99,379,48,1853,109,761
ACC0451,2024-12,94,666,110,472,47,1731,122,770
ACC0451,2025-01,103,569,108,499,47,1767,99,674
ACC0451,2025-02,80,674,135,475,51,1720,112,843
ACC0451,2025-03,84,567,106,410,49,1786,106,712
ACC0451,2025-04,72,564,96,399,48,1489,108,717
ACC0451,2025-05,75,523,99,401,43,1563,106,579
ACC0451,2025-06,82,533,92,337,41,1234,104,522
ACC0451,2025-07,84,524,95,364,41,1294,102,609
ACC0451,2025-08,76,559,105,392,37,1631,111,677
ACC0451,2025-09,76,589,100,393,43,1605,103,637
ACC0451,2025-10,89,616,112,462,44,1781,102,778
ACC0451,2025-11,100,619,102,475,51,1685,128,675
ACC0451,2025-12,92,679,112,447,55,1900,117,879
ACC0452,2024-06,10,72,21,51,7,92,16,123
ACC0452,2024-07,9,58,22,47,6,96,16,96
ACC0452,2024-08,9,79,23,51,5,98,15,107
ACC0452,2024-09,10,67,22,63,7,107,18,118
ACC0452,2024-10,8,80,24,56,7,102,16,127
ACC0452,2024-11,10,81,25,64,7,110,20,132
ACC0452,2024-12,10,87,29,65,7,95,20,128
ACC0452,2025-01,10,87,29,69,7,124,22,139
ACC0452,2025-02,10,91,27,68,7,95,22,121
ACC0452,2025-03,11,93,28,73,7,116,22,136
ACC0452,2025-04,10,90,28,58,7,111,22,136
ACC0452,2025-05,9,72,30,62,6,111,22,134
ACC0452,2025-06,10,80,24,63,7,95,19,113
ACC0452,2025-07,10,83,24,57,7,108,19,131
ACC0452,2025-08,10,80,23,61,6,79,19,123
ACC0452,2025-09,10,81,27,64,7,111,20,140
ACC0452,2025-10,11,82,27,66,8,116,20,130
ACC0452,2025-11,12,86,30,59,9,114,26,147
ACC0452,2025-12,10,99,31,72,9,132,24,153
ACC0453,2024-12,32,166,45,113,19,580,71,335
ACC0453,2025-01,29,182,51,94,20,566,68,342
ACC0453,2025-02,29,193,47,104,18,626,83,323
ACC0453,2025-03,23,171,42,111,19,620,57,326
ACC0453,2025-04,20,160,36,91,17,520,68,235
ACC0453,2025-05,20,99,34,74,14,418,44,217
ACC0453,2025-06,13,87,25,58,10,297,33,158
ACC0453,2025-07,17,100,28,44,11,370,37,156
ACC0453,2025-08,17,113,28,67,13,381,39,172
ACC0453,2025-09,16,118,33,80,15,430,42,254
ACC0453,2025-10,23,131,40,92,17,491,56,306
ACC0453,2025-11,25,196,46,104,20,547,63,279
ACC0453,2025-12,31,160,44,114,20,605,63,370
ACC0454,2024-08,77,411,136,347,48,1456,126,583
ACC0454,2024-09,76,517,124,334,51,1430,154,552
ACC0454,2024-10,68,474,145,371,60,1628,154,615
ACC0454,2024-11,76,530,150,377,57,1660,175,589
ACC0454,2024-12,94,514,157,373,66,2055,202,665
ACC0454,2025-01,101,537,158,429,62,1713,182,596
ACC0454,2025-02,86,607,129,404,61,1682,162,647
ACC0454,2025-03,83,519,129,401,55,1633,198,584
ACC0454,2025-04,75,583,123,295,48,1808,161,523
ACC0454,2025-05,71,497,149,355,55,1575,184,543
ACC0454,2025-06,75,503,147,326,45,1703,150,523
ACC0454,2025-07,65,520,116,329,51,1592,140,526
ACC0454,2025-08,84,541,142,377,51,1587,139,601
ACC0454,2025-09,74,529,137,330,50,1759,163,575
ACC0454,2025-10,81,521,142,378,58,1984,177,678
ACC0454,2025-11,90,532,169,404,62,1777,188,657
ACC0454,2025-12,93,560,172,430,55,1886,175,694
ACC0455,2024-11,35,239,39,98,21,414,72,287
ACC0455,2024-12,32,202,39,103,22,340,75,338
ACC0455,2025-01,32,246,43,109,20,425,71,378
ACC0455,2025-02,32,236,46,89,19,412,79,356
ACC0455,2025-03,34,230,43,109,23,361,72,321
ACC0455,2025-04,31,246,37,97,20,374,75,288
ACC0455,2025-05,28,209,38,105,19,363,82,329
ACC0455,2025-06,26,188,32,93,18,354,61,303
ACC0455,2025-07,32,219,39,94,15,341,66,325
ACC0455,2025-08,28,193,34,88,17,335,77,274
ACC0455,2025-09,32,204,44,97,19,387,81,312
ACC0455,2025-10,30,225,42,91,22,403,78,318
ACC0455,2025-11,35,266,43,99,20,415,78,342
ACC0455,2025-12,37,241,49,112,23,380,83,359
ACC0456,2024-12,34,236,45,134,20,461,52,284
ACC0456,2025-01,40,293,44,117,21,449,46,323
ACC0456,2025-02,35,265,37,122,20,376,49,340
ACC0456,2025-03,38,256,39,134,18,479,49,310
ACC0456,2025-04,35,248,39,130,17,465,45,333
ACC0456,2025-05,32,254,39,116,17,361,41,304
ACC0456,2025-06,32,234,41,123,17,406,40,261
ACC0456,2025-07,35,242,38,114,15,449,44,277
ACC0456,2025-08,36,261,41,128,14,417,38,320
ACC0456,2025-09,41,219,39,116,16,370,52,271
ACC0456,2025-10,37,274,51,105,18,374,48,358
ACC0456,2025-11,37,292,45,135,17,429,51,283
ACC0456,2025-12,50,288,49,127,21,427,49,312
ACC0457,2024-01,41,291,33,118,29,464,52,240
ACC0457,2024-02,43,247,37,106,28,488,47,246
ACC0457,2024-03,33,210,36,113,30,391,42,203
ACC0457,2024-04,31,236,28,88,21,420,47,167
ACC0457,2024-05,24,200,28,104,19,302,34,179
ACC0457,2024-06,26,181,28,79,19,280,37,151
ACC0457,2024-07,21,178,25,87,18,269,37,154
ACC0457,2024-08,19,182,21,88,15,260,31,156
ACC0457,2024-09,20,160,24,69,15,232,32,143
ACC0457,2024-10,25,184,23,70,15,253,35,149
ACC0457,2024-11,17,142,18,71,17,269,29,137
ACC0457,2024-12,20,161,23,66,17,227,31,115
ACC0457,2025-01,17,150,17,65,15,235,26,108
ACC0457,2025-02,17,115,19,58,12,225,21,121
ACC0457,2025-03,15,121,13,49,11,180,20,105
ACC0457,2025-04,15,98,14,43,10,141,19,83
ACC0457,2025-05,10,76,12,35,9,119,15,64
ACC0457,2025-06,10,74,10,30,6,114,12,53
ACC0457,2025-07,9,69,8,25,6,99,11,48
ACC0457,2025-08,7,60,9,24,5,97,11,48
ACC0457,2025-09,6,47,7,22,5,76,10,44
ACC0457,2025-10,6,46,6,23,4,72,9,43
ACC0457,2025-11,6,40,7,18,3,70,7,31
ACC0457,2025-12,5,38,5,16,4,62,7,28
ACC0458,2024-05,85,543,97,297,38,1566,193,491
ACC0458,2024-06,62,396,62,254,32,1313,184,527
ACC0458,2024-07,65,419,75,236,29,1307,162,561
ACC0458,2024-08,72,457,65,196,34,1402,144,511
ACC0458,2024-09,73,423,71,258,31,1232,151,528
ACC0458,2024-10,76,491,60,195,30,1360,133,499
ACC0458,2024-11,68,424,60,227,26,1236,163,504
ACC0458,2024-12,60,438,55,215,23,1168,140,474
ACC0458,2025-01,49,448,51,185,23,1127,106,337
ACC0458,2025-02,51,236,42,155,20,840,103,349
ACC0458,2025-03,44,301,34,95,15,799,87,308
ACC0458,2025-04,34,273,29,119,14,652,77,260
ACC0458,2025-05,31,200,24,85,11,595,61,271
ACC0458,2025-06,24,172,22,76,8,457,48,198
ACC0458,2025-07,21,134,16,62,7,329,42,152
ACC0458,2025-08,16,126,13,49,6,350,35,154
ACC0459,2024-10,14,90,15,57,6,90,26,71
ACC0459,2024-11,13,92,20,45,7,105,25,95
ACC0459,2024-12,14,110,19,58,6,106,36,102
ACC0459,2025-01,15,103,20,68,6,86,34,110
ACC0459,2025-02,14,99,19,63,7,113,30,70
ACC0459,2025-03,15,80,15,50,6,88,28,84
ACC0459,2025-04,9,75,14,35,4,76,18,55
ACC0459,2025-05,8,52,9,37,3,58,13,47
ACC0459,2025-06,7,54,11,32,4,55,14,55
ACC0459,2025-07,8,54,10,34,4,64,15,55
ACC0459,2025-08,10,66,12,40,4,76,22,52
ACC0459,2025-09,12,81,15,52,5,72,21,69
ACC0459,2025-10,11,80,18,51,5,82,24,64
ACC0459,2025-11,16,85,19,57,7,113,32,94
ACC0459,2025-12,14,105,17,61,6,93,29,89
ACC0460,2024-02,38,176,34,122,27,396,66,283
ACC0460,2024-03,32,154,36,117,26,395,61,280
ACC0460,2024-04,34,168,34,123,26,403,68,250
ACC0460,2024-05,35,171,31,110,24,398,65,282
ACC0460,2024-06,29,163,31,105,24,391,66,284
ACC0460,2024-07,31,170,32,117,25,387,69,265
ACC0460,2024-08,32,174,30,110,24,433,61,289
ACC0460,2024-09,33,158,33,116,25,383,62,270
ACC0460,2024-10,37,162,32,118,25,395,71,278
ACC0460,2024-11,39,178,34,113,26,455,67,293
ACC0460,2024-12,20,97,19,67,13,248,37,184
ACC0461,2024-07,11,56,19,28,7,132,16,68
ACC0461,2024-08,11,66,19,31,8,134,16,67
ACC0461,2024-09,11,61,19,32,8,131,16,71
ACC0461,2024-10,11,60,21,34,8,145,18,61
ACC0461,2024-11,12,63,20,33,8,151,18,62
ACC0461,2024-12,12,62,20,31,8,144,20,72
ACC0461,2025-01,11,73,21,34,9,156,19,71
ACC0461,2025-02,13,69,22,35,8,153,17,71
ACC0461,2025-03,13,68,20,35,9,140,17,79
ACC0461,2025-04,10,70,20,31,8,149,19,63
ACC0461,2025-05,11,59,19,36,9,150,16,68
ACC0461,2025-06,12,59,18,30,8,145,18,62
ACC0461,2025-07,12,60,19,37,7,142,18,66
ACC0461,2025-08,11,66,19,32,9,127,17,68
ACC0461,2025-09,7,37,10,20,5,79,11,38
ACC0462,2024-02,41,197,52,131,31,665,71,307
ACC0462,2024-03,33,195,41,132,31,656,72,319
ACC0462,2024-04,40,166,46,112,29,680,75,273
ACC0462,2024-05,34,171,34,119,27,496,68,306
ACC0462,2024-06,28,179,38,106,29,529,65,300
ACC0462,2024-07,35,180,37,114,27,572,62,293
ACC0462,2024-08,32,143,40,115,30,544,60,306
ACC0462,2024-09,45,189,44,128,27,661,62,369
ACC0462,2024-10,38,171,47,120,26,686,64,323
ACC0462,2024-11,37,207,46,136,33,652,79,339
ACC0462,2024-12,42,211,40,130,29,656,76,352
ACC0462,2025-01,42,229,48,116,28,813,81,390
ACC0462,2025-02,43,226,55,128,30,622,68,393
ACC0462,2025-03,41,180,46,125,32,690,76,378
ACC0462,2025-04,45,160,50,139,24,658,76,308
ACC0462,2025-05,34,192,42,121,28,588,70,328
ACC0462,2025-06,38,152,40,119,29,636,63,294
ACC0462,2025-07,38,201,41,114,30,590,75,297
ACC0462,2025-08,36,177,40,93,30,529,67,347
ACC0462,2025-09,39,175,48,104,26,692,73,334
ACC0462,2025-10,46,192,47,130,29,696,88,318
ACC0462,2025-11,42,224,52,132,34,740,67,337
ACC0462,2025-12,45,227,45,144,37,615,62,393
ACC0463,2024-08,83,583,81,402,53,944,179,723
ACC0463,2024-09,73,658,75,445,57,959,159,705
ACC0463,2024-10,84,476,66,395,58,1054,172,737
ACC0463,2024-11,88,587,83,548,60,1210,168,731
ACC0463,2024-12,98,627,82,490,53,1131,194,782
ACC0463,2025-01,94,602,76,392,48,966,159,796
ACC0463,2025-02,67,463,70,386,42,939,163,690
ACC0463,2025-03,74,491,68,334,48,796,140,546
ACC0463,2025-04,59,406,57,264,39,774,128,496
ACC0463,2025-05,41,331,52,283,37,550,91,393
ACC0463,2025-06,41,301,41,224,30,610,90,313
ACC0463,2025-07,40,283,40,220,26,420,73,373
ACC0463,2025-08,38,224,38,173,26,484,77,328
ACC0463,2025-09,37,222,33,181,25,460,69,244
ACC0463,2025-10,28,200,31,150,21,435,59,254
ACC0463,2025-11,31,240,31,148,22,433,64,303
ACC0463,2025-12,28,182,26,144,19,373,52,289
ACC0464,2024-04,39,264,51,101,27,514,68,333
ACC0464,2024-05,39,283,49,115,24,490,68,283
ACC0464,2024-06,37,236,45,109,26,408,65,270
ACC0464,2024-07,31,216,56,99,22,480,53,282
ACC0464,2024-08,33,238,54,99,24,429,69,297
ACC0464,2024-09,39,278,46,119,25,466,60,274
ACC0464,2024-10,37,253,49,112,24,527,56,280
ACC0464,2024-11,39,289,57,136,22,483,71,310
ACC0464,2024-12,44,288,52,119,30,486,69,285
ACC0464,2025-01,45,332,58,130,23,563,84,359
ACC0464,2025-02,42,300,52,142,27,501,74,370
ACC0464,2025-03,46,314,61,128,23,444,69,284
ACC0464,2025-04,41,278,53,126,25,456,71,319
ACC0464,2025-05,37,287,51,111,22,442,69,292
ACC0464,2025-06,41,268,51,104,22,453,70,256
ACC0464,2025-07,44,262,49,122,25,466,61,286
ACC0464,2025-08,37,263,49,107,24,441,60,225
ACC0464,2025-09,41,302,57,121,27,468,70,253
ACC0464,2025-10,40,330,59,132,23,531,70,323
ACC0464,2025-11,40,346,57,126,25,487,75,334
ACC0464,2025-12,39,329,69,132,31,517,94,336
ACC0465,2024-03,8,97,17,35,10,116,20,114
ACC0465,2024-04,9,93,13,32,11,120,20,90
ACC0465,2024-05,8,83,16,37,9,122,19,99
ACC0465,2024-06,10,90,16,32,9,131,19,107
ACC0465,2024-07,9,93,14,32,9,116,18,97
ACC0465,2024-08,9,88,17,35,10,104,18,108
ACC0465,2024-09,9,101,15,34,10,119,19,101
ACC0465,2024-10,9,99,14,33,10,137,21,104
ACC0465,2024-11,9,104,18,35,11,122,19,113
ACC0465,2024-12,9,107,18,33,11,133,20,112
ACC0465,2025-01,12,104,18,41,11,138,21,121
ACC0465,2025-02,12,92,18,38,11,139,21,111
ACC0465,2025-03,10,97,18,42,12,139,17,112
ACC0465,2025-04,5,52,9,21,6,72,11,62
ACC0466,2024-05,21,191,52,89,22,360,43,299
ACC0466,2024-06,20,223,40,88,21,278,46,253
ACC0466,2024-07,24,210,43,94,18,316,48,245
ACC0466,2024-08,20,210,44,88,20,292,46,239
ACC0466,2024-09,23,207,40,79,20,354,46,248
ACC0466,2024-10,27,274,48,101,20,355,43,297
ACC0466,2024-11,26,242,50,116,19,377,51,321
ACC0466,2024-12,30,247,51,114,25,350,48,251
ACC0466,2025-01,29,272,56,116,24,367,57,301
ACC0466,2025-02,26,265,49,121,24,340,57,291
ACC0466,2025-03,30,288,50,107,22,375,45,272
ACC0466,2025-04,24,227,57,108,22,407,52,285
ACC0466,2025-05,26,238,53,108,23,362,48,266
ACC0466,2025-06,25,254,38,105,19,375,41,234
ACC0466,2025-07,24,228,45,80,19,329,38,214
ACC0467,2024-04,102,576,97,409,46,1003,138,531
ACC0467,2024-05,112,669,89,415,42,1109,153,569
ACC0467,2024-06,114,511,80,421,43,1042,152,610
ACC0467,2024-07,96,703,85,423,45,963,140,418
ACC0467,2024-08,104,582,96,371,41,1027,141,584
ACC0467,2024-09,109,657,80,410,46,1046,139,540
ACC0467,2024-10,115,742,92,407,44,1158,164,570
ACC0467,2024-11,105,699,104,398,47,1170,164,579
ACC0467,2024-12,126,653,100,478,41,1179,148,617
ACC0467,2025-01,124,684,92,477,48,1313,176,624
ACC0467,2025-02,125,655,94,478,49,1055,145,633
ACC0467,2025-03,116,667,93,444,47,1176,158,572
ACC0467,2025-04,111,627,94,440,41,1100,145,580
ACC0467,2025-05,103,617,81,387,43,1104,155,554
ACC0467,2025-06,103,645,100,421,41,1110,139,552
ACC0467,2025-07,110,693,92,420,49,1079,152,586
ACC0467,2025-08,113,628,86,420,41,1108,151,613
ACC0467,2025-09,64,347,47,236,25,602,83,344
ACC0468,2024-01,32,163,39,154,24,482,44,310
ACC0468,2024-02,32,174,33,149,18,430,49,295
ACC0468,2024-03,31,149,34,137,22,492,38,274
ACC0468,2024-04,34,165,26,129,17,421,42,258
ACC0468,2024-05,25,111,29,116,15,348,30,254
ACC0468,2024-06,23,120,21,101,14,339,33,209
ACC0468,2024-07,25,118,22,108,15,266,30,187
ACC0468,2024-08,21,105,21,91,12,294,30,197
ACC0468,2024-09,20,97,20,80,13,292,28,199
ACC0468,2024-10,19,107,20,97,12,323,28,169
ACC0468,2024-11,23,106,23,90,13,267,27,178
ACC0468,2024-12,17,98,21,81,10,243,28,191
ACC0468,2025-01,18,96,19,85,10,226,29,147
ACC0468,2025-02,16,90,20,71,9,191,23,139
ACC0468,2025-03,14,71,12,63,8,196,21,115
ACC0468,2025-04,12,57,13,50,8,145,16,117
ACC0468,2025-05,9,55,9,48,6,134,15,86
ACC0468,2025-06,9,42,9,33,5,102,11,88
ACC0468,2025-07,7,38,7,34,5,95,11,70
ACC0468,2025-08,7,33,7,31,4,85,9,63
ACC0468,2025-09,7,32,7,28,5,80,9,57
ACC0468,2025-10,6,31,5,24,4,74,8,43
ACC0468,2025-11,5,29,5,23,3,73,7,52
ACC0468,2025-12,5,22,5,21,3,64,7,40
ACC0469,2024-11,13,106,19,34,8,90,19,78
ACC0469,2024-12,11,122,17,32,8,103,21,85
ACC0469,2025-01,12,128,17,37,6,93,19,85
ACC0469,2025-02,14,120,18,32,8,106,19,71
ACC0469,2025-03,14,102,16,36,7,97,19,72
ACC0469,2025-04,14,97,17,36,7,77,21,61
ACC0469,2025-05,11,84,16,32,8,93,19,70
ACC0469,2025-06,11,102,14,35,7,82,17,84
ACC0469,2025-07,11,83,15,30,7,80,16,67
ACC0469,2025-08,12,93,14,29,7,77,17,66
ACC0469,2025-09,12,89,17,35,7,75,20,73
ACC0469,2025-10,14,103,15,34,8,99,19,82
ACC0469,2025-11,13,112,21,35,8,89,21,74
ACC0469,2025-12,14,113,21,35,8,114,19,93
ACC0470,2024-01,33,237,46,100,17,469,77,223
ACC0470,2024-02,33,221,35,99,18,522,79,214
ACC0470,2024-03,28,196,34,91,14,436,60,178
ACC0470,2024-04,26,185,40,77,16,383,63,176
ACC0470,2024-05,24,157,31,75,14,433,67,142
ACC0470,2024-06,24,155,31,67,9,390,49,160
ACC0470,2024-07,19,141,27,62,10,344,48,164
ACC0470,2024-08,20,148,25,56,11,308,42,170
ACC0470,2024-09,17,135,21,56,10,284,54,137
ACC0470,2024-10,19,139,19,44,9,312,45,144
ACC0470,2024-11,17,155,20,41,8,193,43,116
ACC0470,2024-12,11,121,20,39,8,249,35,127
ACC0470,2025-01,15,119,15,33,7,213,34,99
ACC0470,2025-02,10,94,13,33,5,181,26,91
ACC0470,2025-03,9,70,9,25,4,155,20,77
ACC0470,2025-04,6,62,8,14,3,104,18,64
ACC0470,2025-05,6,48,6,14,2,107,14,44
ACC0470,2025-06,5,36,5,9,2,73,11,36
ACC0470,2025-07,3,28,3,8,1,51,9,37
ACC0471,2024-05,50,185,42,119,22,489,42,241
ACC0471,2024-06,49,199,40,118,25,469,40,263
ACC0471,2024-07,44,181,43,146,25,450,40,238
ACC0471,2024-08,48,191,48,129,24,484,41,237
ACC0471,2024-09,45,199,51,155,25,467,51,269
ACC0471,2024-10,60,238,49,149,27,562,47,330
ACC0471,2024-11,50,254,54,155,31,489,55,296
ACC0471,2024-12,54,306,58,173,34,593,52,316
ACC0471,2025-01,59,257,65,143,30,602,55,364
ACC0471,2025-02,59,257,59,177,34,642,62,360
ACC0471,2025-03,54,248,58,177,34,622,52,380
ACC0471,2025-04,62,279,54,184,25,526,64,331
ACC0471,2025-05,60,242,49,171,28,637,59,355
ACC0471,2025-06,65,261,59,144,28,651,53,324
ACC0471,2025-07,62,253,54,164,27,623,56,337
ACC0471,2025-08,62,250,61,197,32,564,67,369
ACC0471,2025-09,70,264,61,189,33,694,63,422
ACC0471,2025-10,74,293,73,201,41,621,63,405
ACC0471,2025-11,70,305,73,185,40,693,76,476
ACC0471,2025-12,79,352,65,231,42,810,76,413
ACC0472,2024-05,15,85,20,27,5,102,18,119
ACC0472,2024-06,15,83,16,29,5,80,14,119
ACC0472,2024-07,14,73,16,26,5,94,15,121
ACC0472,2024-08,11,71,15,22,5,76,12,84
ACC0472,2024-09,9,62,13,24,5,76,10,96
ACC0472,2024-10,10,68,11,18,4,72,11,74
ACC0473,2024-09,94,502,98,424,51,1234,108,665
ACC0473,2024-10,109,489,95,454,66,1324,115,644
ACC0473,2024-11,107,600,107,523,64,1273,111,688
ACC0473,2024-12,104,506,125,616,70,1531,119,748
ACC0473,2025-01,125,436,126,593,70,1457,122,718
ACC0473,2025-02,113,512,113,572,69,1375,136,755
ACC0473,2025-03,114,556,93,457,69,1463,115,649
ACC0473,2025-04,120,540,99,460,60,1499,115,595
ACC0473,2025-05,98,461,100,412,50,1236,98,599
ACC0473,2025-06,93,445,91,459,58,1321,108,655
ACC0473,2025-07,102,499,102,501,63,1301,111,608
ACC0473,2025-08,91,476,91,432,60,1311,107,693
ACC0473,2025-09,88,540,100,430,57,1395,114,672
ACC0473,2025-10,107,524,109,565,65,1400,124,650
ACC0473,2025-11,105,586,107,565,59,1446,112,733
ACC0473,2025-12,123,613,107,595,78,1417,141,776
ACC0474,2024-03,14,110,13,46,7,107,30,140
ACC0474,2024-04,13,111,13,47,8,84,29,133
ACC0474,2024-05,13,94,15,50,8,84,24,109
ACC0474,2024-06,13,84,12,45,8,84,26,106
ACC0474,2024-07,12,85,12,44,7,92,23,111
ACC0474,2024-08,15,91,13,46,7,80,23,115
ACC0474,2024-09,16,93,13,55,8,92,26,117
ACC0474,2024-10,14,118,14,45,8,89,28,132
ACC0474,2024-11,17,125,15,58,10,99,31,134
ACC0474,2024-12,15,139,17,57,9,112,35,150
ACC0474,2025-01,18,124,14,69,9,111,30,178
ACC0474,2025-02,16,133,17,58,11,102,31,156
ACC0474,2025-03,16,103,14,58,9,90,33,137
ACC0474,2025-04,14,111,18,61,9,98,30,112
ACC0474,2025-05,15,104,15,39,8,80,29,125
ACC0474,2025-06,13,110,13,50,7,84,29,123
ACC0474,2025-07,15,99,14,46,9,95,25,129
ACC0474,2025-08,13,109,12,43,9,86,29,142
ACC0474,2025-09,14,115,14,52,8,89,25,134
ACC0474,2025-10,15,127,16,47,11,89,32,135
ACC0474,2025-11,16,133,14,47,9,76,35,139
ACC0474,2025-12,16,132,16,66,10,121,32,136
ACC0475,2024-08,11,69,11,42,6,116,27,82
ACC0475,2024-09,10,78,14,42,6,127,28,74
ACC0475,2024-10,13,76,13,41,7,134,25,85
ACC0475,2024-11,13,90,15,54,8,150,29,92
ACC0475,2024-12,13,101,15,48,8,166,30,104
ACC0475,2025-01,13,93,15,51,7,168,32,92
ACC0475,2025-02,13,91,15,55,8,156,33,109
ACC0475,2025-03,13,97,15,48,7,160,25,112
ACC0475,2025-04,12,83,13,47,6,137,30,102
ACC0475,2025-05,11,81,12,55,6,111,28,92
ACC0475,2025-06,14,76,12,44,6,142,22,79
ACC0475,2025-07,10,81,14,43,7,136,28,88
ACC0475,2025-08,11,83,14,45,6,126,27,85
ACC0475,2025-09,12,89,14,43,7,139,30,99
ACC0475,2025-10,13,95,15,59,7,153,31,92
ACC0475,2025-11,12,95,16,55,8,134,31,105
ACC0475,2025-12,15,111,16,57,8,161,31,107
ACC0476,2024-09,9,76,20,33,10,104,25,74
ACC0476,2024-10,9,90,16,39,10,127,23,67
ACC0476,2024-11,10,76,19,37,10,125,24,82
ACC0476,2024-12,11,78,20,36,11,131,24,99
ACC0476,2025-01,11,83,21,39,12,130,25,90
ACC0476,2025-02,10,81,24,31,10,126,26,86
ACC0476,2025-03,9,82,18,41,12,130,29,84
ACC0476,2025-04,9,67,20,34,10,142,20,70
ACC0476,2025-05,9,78,19,35,11,116,25,85
ACC0476,2025-06,9,70,17,32,10,108,24,71
ACC0476,2025-07,8,76,18,27,9,121,23,64
ACC0476,2025-08,8,76,18,29,10,107,23,81
ACC0476,2025-09,9,79,20,36,11,113,27,89
ACC0476,2025-10,9,86,22,33,11,133,30,87
ACC0476,2025-11,10,81,20,35,10,109,26,89
ACC0476,2025-12,10,93,20,42,12,151,29,75
ACC0477,2024-11,38,292,33,126,22,581,61,258
ACC0477,2024-12,44,305,43,138,23,634,78,257
ACC0477,2025-01,45,291,39,145,22,595,75,268
ACC0477,2025-02,43,302,39,137,26,564,76,283
ACC0477,2025-03,47,303,42,147,26,714,75,264
ACC0477,2025-04,43,275,42,151,25,567,75,296
ACC0477,2025-05,39,312,43,136,21,575,63,294
ACC0477,2025-06,46,281,40,131,24,678,72,276
ACC0477,2025-07,41,293,45,149,24,636,74,282
ACC0477,2025-08,41,294,42,143,23,732,74,262
ACC0477,2025-09,44,373,45,171,28,671,79,312
ACC0477,2025-10,54,336,49,160,29,806,84,293
ACC0477,2025-11,55,360,55,175,35,758,92,378
ACC0477,2025-12,59,357,45,168,33,806,90,341
ACC0478,2024-09,28,186,33,95,30,535,55,210
ACC0478,2024-10,29,179,33,101,26,544,54,228
ACC0478,2024-11,29,195,33,90,29,543,51,232
ACC0478,2024-12,29,174,35,99,29,564,54,254
ACC0478,2025-01,28,192,36,109,29,620,56,251
ACC0478,2025-02,27,188,37,108,31,588,54,228
ACC0478,2025-03,28,176,35,108,31,553,55,232
ACC0478,2025-04,28,176,39,98,29,538,62,241
ACC0478,2025-05,16,91,20,51,15,318,29,123
ACC0479,2024-09,13,87,21,53,9,96,30,91
ACC0479,2024-10,13,84,24,51,9,89,26,79
ACC0479,2024-11,13,82,22,51,9,89,26,92
ACC0479,2024-12,14,79,22,48,9,96,28,93
ACC0479,2025-01,14,89,26,54,10,94,28,80
ACC0479,2025-02,15,95,22,58,9,97,31,82
ACC0479,2025-03,15,80,25,50,8,96,31,95
ACC0479,2025-04,13,91,22,56,8,100,29,86
ACC0479,2025-05,14,84,21,51,9,90,29,82
ACC0479,2025-06,14,78,23,49,9,91,27,81
ACC0479,2025-07,14,80,23,47,8,95,31,89
ACC0479,2025-08,13,89,21,50,9,97,30,75
ACC0479,2025-09,14,79,23,54,10,97,30,86
ACC0479,2025-10,8,46,13,28,5,52,15,44
ACC0480,2024-04,8,123,12,35,8,140,21,95
ACC0480,2024-05,9,105,13,34,9,148,17,108
ACC0480,2024-06,8,104,13,30,9,146,21,90
ACC0480,2024-07,9,101,14,33,9,139,22,100
ACC0480,2024-08,11,112,13,31,9,152,21,99
ACC0480,2024-09,10,108,17,36,9,161,23,112
ACC0480,2024-10,10,122,17,37,12,169,24,103
ACC0480,2024-11,11,125,18,43,11,145,22,128
ACC0480,2024-12,12,150,16,43,12,173,29,129
ACC0480,2025-01,13,143,20,46,12,182,29,139
ACC0480,2025-02,12,147,19,42,11,161,31,118
ACC0480,2025-03,12,167,20,45,12,177,28,143
ACC0480,2025-04,12,138,18,45,12,184,24,134
ACC0480,2025-05,11,147,19,37,12,175,27,158
ACC0480,2025-06,12,127,19,43,12,188,26,132
ACC0480,2025-07,11,146,18,43,11,188,30,160
ACC0480,2025-08,13,159,17,46,10,176,29,137
ACC0480,2025-09,13,147,20,52,12,199,31,142
ACC0480,2025-10,14,172,23,59,13,214,30,157
ACC0480,2025-11,16,178,21,56,15,218,36,164
ACC0480,2025-12,16,183,24,62,15,241,36,197
ACC0481,2024-02,67,510,120,494,72,2117,148,683
ACC0481,2024-03,77,468,127,514,76,1904,136,658
ACC0481,2024-04,64,472,117,511,74,1614,119,697
ACC0481,2024-05,63,477,118,430,68,1866,125,812
ACC0481,2024-06,66,441,123,470,71,1903,139,729
ACC0481,2024-07,69,437,117,494,84,1647,124,722
ACC0481,2024-08,75,447,124,432,78,1963,150,656
ACC0481,2024-09,84,485,137,553,78,2141,157,773
ACC0481,2024-10,85,561,137,566,89,2075,173,775
ACC0481,2024-11,78,646,143,586,90,2199,150,864
ACC0481,2024-12,101,529,142,671,96,2113,182,951
ACC0481,2025-01,95,583,177,683,94,2487,167,998
ACC0481,2025-02,103,651,169,656,95,2648,193,978
ACC0481,2025-03,87,699,146,765,96,2503,194,1008
ACC0481,2025-04,95,617,174,668,99,2436,198,973
ACC0481,2025-05,86,527,154,651,97,2378,171,1017
ACC0481,2025-06,90,553,179,650,100,2404,184,1008
ACC0481,2025-07,95,614,154,583,100,2412,189,906
ACC0481,2025-08,92,621,186,674,106,2230,205,1048
ACC0481,2025-09,103,741,175,741,108,2825,201,1083
ACC0481,2025-10,111,700,181,706,111,2983,206,1076
ACC0481,2025-11,115,810,186,852,116,3724,230,1238
ACC0481,2025-12,120,808,209,730,129,3574,264,1265
ACC0482,2024-11,16,112,22,36,7,148,22,115
ACC0482,2024-12,19,127,20,41,9,178,22,103
ACC0482,2025-01,18,125,23,43,9,183,25,135
ACC0482,2025-02,18,122,20,43,8,172,25,117
ACC0482,2025-03,17,121,22,37,8,160,23,107
ACC0482,2025-04,14,114,21,35,8,150,21,92
ACC0482,2025-05,16,107,18,41,7,136,21,96
ACC0482,2025-06,15,92,22,36,8,139,20,95
ACC0482,2025-07,15,107,19,31,8,126,17,93
ACC0482,2025-08,16,90,20,33,7,119,20,101
ACC0482,2025-09,15,111,20,37,8,150,22,95
ACC0482,2025-10,14,102,25,41,9,147,20,120
ACC0482,2025-11,17,114,24,41,9,161,23,110
ACC0482,2025-12,18,134,26,37,9,181,21,129
ACC0483,2024-02,36,260,55,169,19,613,70,216
ACC0483,2024-03,35,244,53,178,20,558,66,208
ACC0483,2024-04,36,261,49,161,16,591,69,209
ACC0483,2024-05,35,244,52,168,17,629,62,194
ACC0483,2024-06,32,235,54,145,17,576,72,190
ACC0483,2024-07,37,252,55,146,15,581,63,188
ACC0483,2024-08,38,289,49,137,18,552,67,175
ACC0483,2024-09,37,295,51,162,16,538,74,200
ACC0483,2024-10,37,276,55,157,19,665,68,233
ACC0483,2024-11,39,291,51,173,18,609,72,231
ACC0483,2024-12,34,294,54,151,19,629,66,232
ACC0483,2025-01,38,270,56,160,18,634,70,239
ACC0483,2025-02,39,291,57,148,18,636,68,218
ACC0483,2025-03,38,301,53,145,20,626,67,222
ACC0483,2025-04,37,248,57,159,18,603,77,201
ACC0483,2025-05,19,165,32,84,11,378,33,115
ACC0484,2024-03,17,89,14,49,8,132,21,140
ACC0484,2024-04,17,79,14,44,7,134,20,108
ACC0484,2024-05,14,75,13,44,7,116,19,141
ACC0484,2024-06,15,85,11,37,7,148,18,98
ACC0484,2024-07,15,74,12,38,5,118,18,110
ACC0484,2024-08,13,78,14,42,7,140,20,106
ACC0484,2024-09,16,91,12,41,7,119,20,131
ACC0484,2024-10,16,90,14,42,7,166,20,126
ACC0484,2024-11,16,99,14,44,7,183,21,113
ACC0484,2024-12,18,91,15,49,8,173,22,123
ACC0484,2025-01,17,93,13,49,7,168,22,147
ACC0484,2025-02,18,105,12,51,7,167,23,137
ACC0484,2025-03,17,97,14,48,7,152,25,133
ACC0484,2025-04,16,102,13,42,7,152,20,133
ACC0484,2025-05,16,89,12,43,7,137,21,104
ACC0484,2025-06,15,89,13,44,6,137,21,122
ACC0484,2025-07,15,87,13,46,7,133,18,118
ACC0484,2025-08,14,73,14,48,6,141,20,114
ACC0484,2025-09,16,78,15,47,8,145,22,116
ACC0484,2025-10,18,87,13,49,8,135,23,129
ACC0484,2025-11,16,91,15,47,8,176,24,126
ACC0484,2025-12,19,115,16,54,8,176,23,162
ACC0485,2024-02,14,84,18,61,10,119,26,86
ACC0485,2024-03,14,80,15,49,8,122,23,70
ACC0485,2024-04,12,68,15,52,9,111,26,87
ACC0485,2024-05,12,64,14,50,9,102,23,76
ACC0485,2024-06,9,68,14,49,8,119,22,78
ACC0485,2024-07,12,69,13,45,9,107,19,70
ACC0485,2024-08,10,71,13,49,8,97,23,72
ACC0485,2024-09,13,68,12,58,8,112,21,82
ACC0485,2024-10,13,84,17,64,9,97,23,87
ACC0485,2024-11,12,82,18,51,9,133,26,86
ACC0485,2024-12,14,82,18,68,9,135,29,90
ACC0485,2025-01,14,78,18,64,11,128,29,95
ACC0485,2025-02,13,90,17,58,10,141,27,97
ACC0485,2025-03,13,83,18,60,11,122,28,106
ACC0485,2025-04,12,77,14,52,9,110,26,87
ACC0485,2025-05,12,67,18,47,10,119,25,84
ACC0485,2025-06,11,72,15,49,8,121,22,88
ACC0485,2025-07,12,76,11,56,8,111,21,81
ACC0485,2025-08,12,77,15,50,9,108,25,84
ACC0485,2025-09,13,65,13,61,9,118,24,80
ACC0485,2025-10,13,81,16,54,11,121,30,92
ACC0485,2025-11,13,78,17,64,11,142,24,97
ACC0485,2025-12,13,91,18,59,11,110,26,113
ACC0486,2024-10,42,259,29,122,21,589,46,205
ACC0486,2024-11,40,292,34,134,20,734,53,208
ACC0486,2024-12,43,284,39,144,21,701,54,254
ACC0486,2025-01,48,323,40,124,27,697,48,223
ACC0486,2025-02,55,317,41,141,27,706,57,220
ACC0486,2025-03,48,300,41,151,26,647,62,214
ACC0486,2025-04,39,293,40,137,25,679,61,255
ACC0486,2025-05,49,251,34,135,23,653,56,237
ACC0486,2025-06,45,299,37,145,24,692,55,218
ACC0486,2025-07,42,263,39,142,25,665,57,200
ACC0486,2025-08,41,317,39,149,26,546,64,242
ACC0486,2025-09,57,271,44,130,26,721,63,258
ACC0486,2025-10,54,322,43,172,30,793,62,263
ACC0486,2025-11,55,361,46,164,30,826,68,271
ACC0486,2025-12,57,389,52,181,31,736,74,310
ACC0487,2024-02,14,99,20,36,9,159,28,88
ACC0487,2024-03,16,125,17,30,8,135,22,91
ACC0487,2024-04,13,82,16,30,7,116,24,78
ACC0487,2024-05,13,72,15,26,6,114,24,67
ACC0487,2024-06,12,67,12,29,5,116,21,69
ACC0487,2024-07,10,73,12,24,5,104,20,74
ACC0487,2024-08,11,73,11,19,6,104,16,63
ACC0487,2024-09,9,65,12,23,4,95,12,63
ACC0487,2024-10,9,65,10,19,3,96,15,68
ACC0487,2024-11,8,59,9,17,3,94,15,64
ACC0487,2024-12,7,52,8,15,3,65,14,55
ACC0487,2025-01,6,54,7,14,4,69,12,44
ACC0487,2025-02,7,41,6,10,3,55,11,43
ACC0487,2025-03,5,37,6,10,2,45,9,41
ACC0487,2025-04,4,30,4,7,2,43,7,28
ACC0487,2025-05,2,23,3,6,1,28,5,22
ACC0487,2025-06,2,21,2,4,1,21,4,21
ACC0488,2024-09,63,679,107,413,72,1442,145,835
ACC0488,2024-10,74,691,112,415,70,1632,154,844
ACC0488,2024-11,73,737,114,443,74,1683,176,854
ACC0488,2024-12,70,780,136,432,70,1775,173,907
ACC0488,2025-01,72,678,160,506,63,1894,204,727
ACC0488,2025-02,87,688,155,506,78,1751,164,858
ACC0488,2025-03,64,611,135,497,74,1501,184,860
ACC0488,2025-04,63,613,123,426,73,1530,156,926
ACC0488,2025-05,73,683,110,434,64,1525,173,676
ACC0488,2025-06,51,587,118,409,66,1493,153,727
ACC0488,2025-07,68,565,112,414,62,1238,161,791
ACC0488,2025-08,63,591,117,464,66,1387,158,819
ACC0488,2025-09,67,667,114,431,55,1597,156,781
ACC0488,2025-10,77,751,136,443,78,1802,196,923
ACC0488,2025-11,77,822,140,573,84,1714,175,816
ACC0488,2025-12,86,841,158,531,87,2037,193,988
ACC0489,2024-01,44,166,49,145,29,661,69,251
ACC0489,2024-02,42,152,47,126,26,632,67,297
ACC0489,2024-03,45,164,50,133,26,607,61,244
ACC0489,2024-04,39,146,52,124,26,581,69,247
ACC0489,2024-05,35,147,52,117,26,533,65,273
ACC0489,2024-06,39,149,46,124,24,543,73,262
ACC0489,2024-07,45,152,47,123,24,570,73,259
ACC0489,2024-08,40,144,46,107,28,553,65,243
ACC0489,2024-09,23,89,24,78,15,325,40,137
ACC0490,2024-10,13,116,19,51,10,89,17,112
ACC0490,2024-11,13,108,18,45,8,101,17,119
ACC0490,2024-12,12,117,17,61,9,105,16,116
ACC0490,2025-01,12,106,18,46,9,98,16,114
ACC0490,2025-02,10,109,15,44,7,91,13,103
ACC0490,2025-03,9,97,13,37,6,65,16,70
ACC0490,2025-04,8,83,9,29,5,48,10,66
ACC0490,2025-05,7,78,9,27,4,54,10,62
ACC0490,2025-06,5,60,8,19,4,48,9,64
ACC0490,2025-07,4,46,7,20,3,34,6,48
ACC0491,2024-02,49,348,45,125,27,536,80,324
ACC0491,2024-03,43,307,46,111,30,515,70,313
ACC0491,2024-04,47,256,46,109,25,468,58,273
ACC0491,2024-05,37,234,42,109,28,530,65,264
ACC0491,2024-06,41,215,41,86,25,455,50,298
ACC0491,2024-07,42,282,37,104,22,451,61,319
ACC0491,2024-08,37,246,40,104,26,441,58,295
ACC0491,2024-09,42,260,39,105,26,402,58,242
ACC0491,2024-10,35,243,33,93,22,434,54,209
ACC0491,2024-11,34,213,33,103,20,412,55,227
ACC0491,2024-12,40,218,28,80,20,352,41,243
ACC0491,2025-01,30,171,30,79,17,334,43,230
ACC0491,2025-02,27,161,26,72,16,344,34,171
ACC0491,2025-03,30,169,27,66,18,373,45,191
ACC0491,2025-04,34,188,25,75,20,357,47,201
ACC0491,2025-05,30,175,31,63,17,355,43,195
ACC0491,2025-06,32,180,35,69,20,369,46,178
ACC0491,2025-07,35,213,29,95,20,366,38,209
ACC0491,2025-08,33,219,35,84,20,437,53,220
ACC0491,2025-09,41,222,38,103,26,529,54,254
ACC0491,2025-10,42,243,41,106,24,472,62,276
ACC0491,2025-11,50,304,49,125,32,566,71,333
ACC0491,2025-12,50,324,42,119,28,515,77,389
ACC0492,2024-12,26,215,44,131,28,596,75,311
ACC0492,2025-01,30,208,48,118,23,603,81,340
ACC0492,2025-02,29,210,47,122,26,532,73,380
ACC0492,2025-03,27,212,55,111,26,567,77,343
ACC0492,2025-04,29,206,44,115,23,551,75,350
ACC0492,2025-05,28,193,48,111,25,532,71,334
ACC0492,2025-06,24,206,42,123,24,595,75,349
ACC0492,2025-07,14,97,27,61,15,319,39,168
ACC0493,2024-01,35,188,46,146,30,544,50,203
ACC0493,2024-02,42,230,43,122,27,668,55,224
ACC0493,2024-03,44,229,45,111,26,685,54,217
ACC0493,2024-04,33,236,42,112,24,599,57,191
ACC0493,2024-05,38,239,31,107,26,519,43,217
ACC0493,2024-06,37,224,38,99,25,495,42,203
ACC0493,2024-07,37,213,38,96,22,521,45,187
ACC0493,2024-08,34,182,41,133,22,551,40,176
ACC0493,2024-09,37,215,42,101,23,595,46,177
ACC0493,2024-10,49,271,39,119,27,560,44,181
ACC0493,2024-11,41,261,35,137,32,593,51,216
ACC0493,2024-12,40,279,46,146,31,632,49,198
ACC0493,2025-01,41,232,42,122,35,645,54,205
ACC0493,2025-02,42,213,44,112,31,710,60,221
ACC0493,2025-03,41,247,45,106,32,712,50,219
ACC0493,2025-04,37,210,42,135,26,586,54,205
ACC0493,2025-05,41,257,40,131,25,620,50,197
ACC0493,2025-06,34,236,38,127,25,528,45,197
ACC0493,2025-07,38,198,37,108,25,611,49,181
ACC0493,2025-08,35,226,42,109,24,567,47,226
ACC0493,2025-09,39,261,41,129,32,622,50,184
ACC0493,2025-10,42,234,41,108,31,686,53,189
ACC0494,2024-01,131,767,97,490,71,1671,121,843
ACC0494,2024-02,115,693,99,507,78,1644,121,737
ACC0494,2024-03,122,679,110,536,71,1646,123,632
ACC0494,2024-04,121,664,103,526,66,1617,121,553
ACC0494,2024-05,111,544,81,414,74,1534,114,624
ACC0494,2024-06,113,590,89,422,61,1338,106,706
ACC0494,2024-07,120,609,90,505,58,1320,97,712
ACC0494,2024-08,107,580,89,461,67,1463,94,593
ACC0494,2024-09,104,671,99,478,67,1610,109,714
ACC0494,2024-10,114,586,89,477,75,1617,104,698
ACC0494,2024-11,123,657,111,520,65,1790,129,829
ACC0494,2024-12,137,853,87,515,76,1704,156,730
ACC0494,2025-01,128,781,107,618,77,1693,130,798
ACC0494,2025-02,140,706,101,566,70,1654,124,655
ACC0494,2025-03,142,741,99,472,81,1792,126,794
ACC0494,2025-04,111,755,101,549,74,1503,131,802
ACC0494,2025-05,96,627,84,498,71,1510,117,689
ACC0494,2025-06,94,710,96,522,64,1450,117,699
ACC0494,2025-07,110,608,92,475,71,1541,111,726
ACC0494,2025-08,123,666,101,543,75,1515,96,829
ACC0494,2025-09,118,714,103,499,68,1522,100,760
ACC0494,2025-10,132,704,103,552,81,1654,125,875
ACC0494,2025-11,122,666,93,605,88,1666,126,819
ACC0494,2025-12,160,745,99,627,71,1700,141,826
ACC0495,2024-07,6,73,13,38,9,74,21,55
ACC0495,2024-08,7,61,13,39,7,78,23,66
ACC0495,2024-09,8,67,13,44,9,76,26,70
ACC0495,2024-10,9,78,14,37,9,90,27,76
ACC0495,2024-11,9,73,14,41,9,102,26,69
ACC0495,2024-12,8,87,14,43,9,105,26,85
ACC0495,2025-01,9,69,13,44,7,89,25,64
ACC0495,2025-02,8,62,10,37,8,59,21,67
ACC0495,2025-03,7,46,8,29,6,66,17,48
ACC0495,2025-04,6,47,7,26,5,48,13,41
ACC0495,2025-05,5,40,8,25,6,52,17,43
ACC0495,2025-06,5,44,9,25,5,54,16,48
ACC0495,2025-07,6,52,10,28,7,64,17,49
ACC0495,2025-08,6,56,11,33,7,73,20,53
ACC0495,2025-09,7,63,9,35,8,78,22,50
ACC0495,2025-10,9,68,13,34,8,88,25,63
ACC0495,2025-11,9,73,13,50,11,92,25,67
ACC0495,2025-12,11,78,14,46,9,110,25,69
ACC0496,2024-12,10,86,28,43,7,130,23,128
ACC0496,2025-01,10,90,22,44,8,103,30,133
ACC0496,2025-02,10,107,23,44,6,128,29,126
ACC0496,2025-03,9,90,20,41,7,115,28,125
ACC0496,2025-04,7,62,18,30,5,95,19,105
ACC0496,2025-05,7,55,13,28,4,80,21,81
ACC0496,2025-06,6,51,12,25,4,63,14,89
ACC0496,2025-07,5,45,9,22,3,63,13,74
ACC0496,2025-08,4,49,9,18,3,49,11,67
ACC0496,2025-09,3,38,7,16,2,50,12,60
ACC0497,2024-08,91,541,109,491,52,1124,132,383
ACC0497,2024-09,94,490,113,463,58,1284,134,450
ACC0497,2024-10,91,652,131,551,69,1383,112,476
ACC0497,2024-11,91,615,122,522,64,1411,152,526
ACC0497,2024-12,93,714,129,605,69,1779,154,586
ACC0497,2025-01,103,705,137,599,71,1459,139,522
ACC0497,2025-02,119,748,136,565,73,1547,151,614
ACC0497,2025-03,108,837,135,593,83,1486,154,583
ACC0497,2025-04,110,669,134,548,67,1492,172,607
ACC0497,2025-05,116,690,128,599,67,1572,175,613
ACC0497,2025-06,107,682,131,591,65,1633,130,510
ACC0497,2025-07,111,785,117,657,67,1660,159,494
ACC0497,2025-08,103,689,129,640,77,1600,165,602
ACC0497,2025-09,125,853,132,636,80,1665,179,638
ACC0497,2025-10,131,845,171,641,85,1639,168,600
ACC0497,2025-11,128,866,166,724,83,1865,202,652
ACC0497,2025-12,145,891,177,747,91,2014,208,737
ACC0498,2024-05,10,67,25,42,10,112,18,102
ACC0498,2024-06,10,64,19,38,10,111,18,97
ACC0498,2024-07,10,66,20,40,9,114,18,101
ACC0498,2024-08,9,65,23,39,9,101,19,92
ACC0498,2024-09,10,68,24,41,10,104,20,92
ACC0498,2024-10,10,71,25,42,10,115,18,101
ACC0498,2024-11,12,67,25,43,10,127,19,105
ACC0498,2024-12,6,43,13,24,5,71,10,60
ACC0499,2024-07,72,526,88,423,63,906,128,731
ACC0499,2024-08,75,486,91,472,63,987,145,716
ACC0499,2024-09,71,547,96,504,68,1087,174,773
ACC0499,2024-10,72,620,106,505,76,967,179,825
ACC0499,2024-11,81,638,117,551,75,1245,196,888
ACC0499,2024-12,93,687,108,596,78,1234,193,909
ACC0499,2025-01,92,643,115,639,82,1294,182,893
ACC0499,2025-02,98,803,122,633,75,1177,203,980
ACC0499,2025-03,89,675,108,541,86,1265,165,822
ACC0499,2025-04,90,746,128,563,87,1229,187,951
ACC0499,2025-05,94,715,103,586,84,1316,194,1016
ACC0499,2025-06,81,767,107,606,80,1184,187,953
ACC0499,2025-07,91,592,119,649,74,1190,191,870
ACC0499,2025-08,91,730,111,619,77,1268,213,1016
ACC0499,2025-09,101,746,130,732,90,1154,210,1080
ACC0499,2025-10,112,865,145,731,93,1515,214,1063
ACC0499,2025-11,104,899,160,793,92,1408,257,1180
ACC0499,2025-12,129,938,151,810,98,1525,255,1210
ACC0500,2024-11,13,110,23,38,8,109,27,103
ACC0500,2024-12,13,111,25,40,7,102,21,86
ACC0500,2025-01,13,98,22,32,7,109,24,84
ACC0500,2025-02,10,108,18,31,6,85,21,79
ACC0500,2025-03,9,95,16,27,5,89,20,80
ACC0500,2025-04,7,82,14,18,4,64,16,68
ACC0500,2025-05,7,65,11,18,3,59,13,45
